<?xml version="1.0" encoding="UTF-8" standalone="no"?>
<!DOCTYPE log SYSTEM "logger.dtd">
<log>
<record>
  <date>2026-06-03T14:23:29.110645Z</date>
  <millis>1780496609110</millis>
  <nanos>645000</nanos>
  <sequence>0</sequence>
  <level>START</level>
  <class>com.kms.katalon.core.logging.XmlKeywordLogger</class>
  <method>startSuite</method>
  <thread>1</thread>
  <message>Start Test Suite : Test Suites/Carrello</message>
  <nestedLevel>0</nestedLevel>
  <escapedJava>false</escapedJava>
  <property name="rerunTestFailImmediately">true</property>
  <property name="retryCount">3</property>
  <property name="name">Carrello</property>
  <property name="description"></property>
  <property name="id">Test Suites/Carrello</property>
</record>
<record>
  <date>2026-06-03T14:23:29.125334900Z</date>
  <millis>1780496609125</millis>
  <nanos>334900</nanos>
  <sequence>1</sequence>
  <level>RUN_DATA</level>
  <class>com.kms.katalon.core.logging.XmlKeywordLogger</class>
  <method>logMessage</method>
  <thread>1</thread>
  <message>userFullName = Gianfranco Barba</message>
  <nestedLevel>0</nestedLevel>
  <escapedJava>false</escapedJava>
  <property name="userFullName">Gianfranco Barba</property>
</record>
<record>
  <date>2026-06-03T14:23:29.126334100Z</date>
  <millis>1780496609126</millis>
  <nanos>334100</nanos>
  <sequence>2</sequence>
  <level>RUN_DATA</level>
  <class>com.kms.katalon.core.logging.XmlKeywordLogger</class>
  <method>logMessage</method>
  <thread>1</thread>
  <message>projectName = Vaporant-Baseline</message>
  <nestedLevel>0</nestedLevel>
  <escapedJava>false</escapedJava>
  <property name="projectName">Vaporant-Baseline</property>
</record>
<record>
  <date>2026-06-03T14:23:29.126334100Z</date>
  <millis>1780496609126</millis>
  <nanos>334100</nanos>
  <sequence>3</sequence>
  <level>RUN_DATA</level>
  <class>com.kms.katalon.core.logging.XmlKeywordLogger</class>
  <method>logMessage</method>
  <thread>1</thread>
  <message>hostName = gianf - Gianfranco</message>
  <nestedLevel>0</nestedLevel>
  <escapedJava>false</escapedJava>
  <property name="hostName">gianf - Gianfranco</property>
</record>
<record>
  <date>2026-06-03T14:23:29.126334100Z</date>
  <millis>1780496609126</millis>
  <nanos>334100</nanos>
  <sequence>4</sequence>
  <level>RUN_DATA</level>
  <class>com.kms.katalon.core.logging.XmlKeywordLogger</class>
  <method>logMessage</method>
  <thread>1</thread>
  <message>os = Windows 11 64bit</message>
  <nestedLevel>0</nestedLevel>
  <escapedJava>false</escapedJava>
  <property name="os">Windows 11 64bit</property>
</record>
<record>
  <date>2026-06-03T14:23:29.126967Z</date>
  <millis>1780496609126</millis>
  <nanos>967000</nanos>
  <sequence>5</sequence>
  <level>RUN_DATA</level>
  <class>com.kms.katalon.core.logging.XmlKeywordLogger</class>
  <method>logMessage</method>
  <thread>1</thread>
  <message>hostAddress = 26.38.161.220</message>
  <nestedLevel>0</nestedLevel>
  <escapedJava>false</escapedJava>
  <property name="hostAddress">26.38.161.220</property>
</record>
<record>
  <date>2026-06-03T14:23:29.127924800Z</date>
  <millis>1780496609127</millis>
  <nanos>924800</nanos>
  <sequence>6</sequence>
  <level>RUN_DATA</level>
  <class>com.kms.katalon.core.logging.XmlKeywordLogger</class>
  <method>logMessage</method>
  <thread>1</thread>
  <message>katalonVersion = 11.2.0.0</message>
  <nestedLevel>0</nestedLevel>
  <escapedJava>false</escapedJava>
  <property name="katalonVersion">11.2.0.0</property>
</record>
<record>
  <date>2026-06-03T14:23:29.224913800Z</date>
  <millis>1780496609224</millis>
  <nanos>913800</nanos>
  <sequence>7</sequence>
  <level>START</level>
  <class>com.kms.katalon.core.logging.XmlKeywordLogger</class>
  <method>startTest</method>
  <thread>1</thread>
  <message>Start Test Case : Test Cases/Carrello/TC_5.1_1</message>
  <nestedLevel>1</nestedLevel>
  <escapedJava>false</escapedJava>
  <property name="remainingRetryCount">3</property>
  <property name="origin"></property>
  <property name="name">Test Cases/Carrello/TC_5.1_1</property>
  <property name="description">Visualizzare il carrello contenente prodotti
Aggiungi → apri carrello → verifica</property>
  <property name="iteration"></property>
  <property name="id">Test Cases/Carrello/TC_5.1_1</property>
  <property name="source">C:\Users\gianf\Documents\Vaporant-IGES\StorageSession\testing\katalon\Vaporant-Baseline\Test Cases\Carrello\TC_5.1_1.tc</property>
  <property name="tag"></property>
  <property name="isOptional">false</property>
  <property name="uuid">89dda4fb-90e4-41c4-aaba-6c33552b3190</property>
  <property name="currentRetryCount">0</property>
</record>
<record>
  <date>2026-06-03T14:23:29.249075400Z</date>
  <millis>1780496609249</millis>
  <nanos>75400</nanos>
  <sequence>9</sequence>
  <level>RUN_DATA</level>
  <class>com.kms.katalon.core.logging.XmlKeywordLogger</class>
  <method>logMessage</method>
  <thread>1</thread>
  <message>executionBindingVariables = []</message>
  <nestedLevel>1</nestedLevel>
  <escapedJava>false</escapedJava>
  <property name="executionBindingVariables">[]</property>
</record>
<record>
  <date>2026-06-03T14:23:29.431209700Z</date>
  <millis>1780496609431</millis>
  <nanos>209700</nanos>
  <sequence>10</sequence>
  <level>START</level>
  <class>com.kms.katalon.core.logging.XmlKeywordLogger</class>
  <method>startKeyword</method>
  <thread>1</thread>
  <message>Start action : openBrowser(&amp;quot;&amp;quot;)</message>
  <nestedLevel>1</nestedLevel>
  <escapedJava>false</escapedJava>
  <property name="startLine">5</property>
  <property name="stepIndex">1</property>
</record>
<record>
  <date>2026-06-03T14:23:29.669367Z</date>
  <millis>1780496609669</millis>
  <nanos>367000</nanos>
  <sequence>13</sequence>
  <level>INFO</level>
  <class>com.kms.katalon.core.logging.XmlKeywordLogger</class>
  <method>logMessage</method>
  <thread>1</thread>
  <message>Starting &amp;apos;Chrome&amp;apos; driver</message>
  <nestedLevel>1</nestedLevel>
  <escapedJava>false</escapedJava>
</record>
<record>
  <date>2026-06-03T14:23:29.712113600Z</date>
  <millis>1780496609712</millis>
  <nanos>113600</nanos>
  <sequence>14</sequence>
  <level>INFO</level>
  <class>com.kms.katalon.core.logging.XmlKeywordLogger</class>
  <method>logMessage</method>
  <thread>1</thread>
  <message>Action delay is set to 0 milliseconds</message>
  <nestedLevel>1</nestedLevel>
  <escapedJava>false</escapedJava>
</record>
<record>
  <date>2026-06-03T14:23:31.194377100Z</date>
  <millis>1780496611194</millis>
  <nanos>377100</nanos>
  <sequence>16</sequence>
  <level>RUN_DATA</level>
  <class>com.kms.katalon.core.logging.XmlKeywordLogger</class>
  <method>logMessage</method>
  <thread>1</thread>
  <message>sessionId = cb22f869974c698d49db755de52d1bc5</message>
  <nestedLevel>1</nestedLevel>
  <escapedJava>false</escapedJava>
  <property name="sessionId">cb22f869974c698d49db755de52d1bc5</property>
</record>
<record>
  <date>2026-06-03T14:23:31.198935100Z</date>
  <millis>1780496611198</millis>
  <nanos>935100</nanos>
  <sequence>17</sequence>
  <level>RUN_DATA</level>
  <class>com.kms.katalon.core.logging.XmlKeywordLogger</class>
  <method>logMessage</method>
  <thread>1</thread>
  <message>browser = Chrome 148.0.7778.179</message>
  <nestedLevel>1</nestedLevel>
  <escapedJava>false</escapedJava>
  <property name="browser">Chrome 148.0.7778.179</property>
</record>
<record>
  <date>2026-06-03T14:23:31.199935700Z</date>
  <millis>1780496611199</millis>
  <nanos>935700</nanos>
  <sequence>18</sequence>
  <level>RUN_DATA</level>
  <class>com.kms.katalon.core.logging.XmlKeywordLogger</class>
  <method>logMessage</method>
  <thread>1</thread>
  <message>platform = Windows 11</message>
  <nestedLevel>1</nestedLevel>
  <escapedJava>false</escapedJava>
  <property name="platform">Windows 11</property>
</record>
<record>
  <date>2026-06-03T14:23:31.199935700Z</date>
  <millis>1780496611199</millis>
  <nanos>935700</nanos>
  <sequence>19</sequence>
  <level>RUN_DATA</level>
  <class>com.kms.katalon.core.logging.XmlKeywordLogger</class>
  <method>logMessage</method>
  <thread>1</thread>
  <message>seleniumVersion = 4.39.0</message>
  <nestedLevel>1</nestedLevel>
  <escapedJava>false</escapedJava>
  <property name="seleniumVersion">4.39.0</property>
</record>
<record>
  <date>2026-06-03T14:23:31.205936700Z</date>
  <millis>1780496611205</millis>
  <nanos>936700</nanos>
  <sequence>20</sequence>
  <level>RUN_DATA</level>
  <class>com.kms.katalon.core.logging.XmlKeywordLogger</class>
  <method>logMessage</method>
  <thread>1</thread>
  <message>proxyInformation = ProxyInformation { proxyOption=NO_PROXY, proxyServerType=HTTP, username=, password=********, proxyServerAddress=, proxyServerPort=0, executionList=&amp;quot;&amp;quot;, isApplyToDesiredCapabilities=true }</message>
  <nestedLevel>1</nestedLevel>
  <escapedJava>false</escapedJava>
  <property name="proxyInformation">ProxyInformation { proxyOption=NO_PROXY, proxyServerType=HTTP, username=, password=********, proxyServerAddress=, proxyServerPort=0, executionList=&quot;&quot;, isApplyToDesiredCapabilities=true }</property>
</record>
<record>
  <date>2026-06-03T14:23:31.236706400Z</date>
  <millis>1780496611236</millis>
  <nanos>706400</nanos>
  <sequence>21</sequence>
  <level>PASSED</level>
  <class>com.kms.katalon.core.logging.XmlKeywordLogger</class>
  <method>logMessage</method>
  <thread>1</thread>
  <message>Browser is opened with url: &amp;apos;&amp;apos;</message>
  <nestedLevel>1</nestedLevel>
  <escapedJava>false</escapedJava>
  <property name="testops-method-name">com.kms.katalon.core.webui.keyword.builtin.OpenBrowserKeyword.openBrowser</property>
  <property name="testops-execution-stacktrace"></property>
</record>
<record>
  <date>2026-06-03T14:23:31.238704400Z</date>
  <millis>1780496611238</millis>
  <nanos>704400</nanos>
  <sequence>22</sequence>
  <level>END</level>
  <class>com.kms.katalon.core.logging.XmlKeywordLogger</class>
  <method>endKeyword</method>
  <thread>1</thread>
  <message>End action : openBrowser(&amp;quot;&amp;quot;)</message>
  <nestedLevel>1</nestedLevel>
  <escapedJava>false</escapedJava>
</record>
<record>
  <date>2026-06-03T14:23:31.239311800Z</date>
  <millis>1780496611239</millis>
  <nanos>311800</nanos>
  <sequence>23</sequence>
  <level>START</level>
  <class>com.kms.katalon.core.logging.XmlKeywordLogger</class>
  <method>startKeyword</method>
  <thread>1</thread>
  <message>Start action : navigateToUrl(base + &amp;quot;cart?action=addC&amp;amp;id=2&amp;quot;)</message>
  <nestedLevel>1</nestedLevel>
  <escapedJava>false</escapedJava>
  <property name="startLine">6</property>
  <property name="stepIndex">2</property>
</record>
<record>
  <date>2026-06-03T14:23:32.533998900Z</date>
  <millis>1780496612533</millis>
  <nanos>998900</nanos>
  <sequence>27</sequence>
  <level>PASSED</level>
  <class>com.kms.katalon.core.logging.XmlKeywordLogger</class>
  <method>logMessage</method>
  <thread>1</thread>
  <message>Navigate to &amp;apos;http://localhost:8080/Vaporant_IGES_war_exploded/cart?action=addC&amp;amp;id=2&amp;apos; successfully</message>
  <nestedLevel>1</nestedLevel>
  <escapedJava>false</escapedJava>
  <property name="testops-method-name">com.kms.katalon.core.webui.keyword.builtin.NavigateToUrlKeyword.navigateToUrl</property>
  <property name="testops-execution-stacktrace"></property>
</record>
<record>
  <date>2026-06-03T14:23:32.534998100Z</date>
  <millis>1780496612534</millis>
  <nanos>998100</nanos>
  <sequence>28</sequence>
  <level>END</level>
  <class>com.kms.katalon.core.logging.XmlKeywordLogger</class>
  <method>endKeyword</method>
  <thread>1</thread>
  <message>End action : navigateToUrl(base + &amp;quot;cart?action=addC&amp;amp;id=2&amp;quot;)</message>
  <nestedLevel>1</nestedLevel>
  <escapedJava>false</escapedJava>
</record>
<record>
  <date>2026-06-03T14:23:32.535997700Z</date>
  <millis>1780496612535</millis>
  <nanos>997700</nanos>
  <sequence>29</sequence>
  <level>START</level>
  <class>com.kms.katalon.core.logging.XmlKeywordLogger</class>
  <method>startKeyword</method>
  <thread>1</thread>
  <message>Start action : navigateToUrl(base + &amp;quot;CartView.jsp&amp;quot;)</message>
  <nestedLevel>1</nestedLevel>
  <escapedJava>false</escapedJava>
  <property name="startLine">7</property>
  <property name="stepIndex">3</property>
</record>
<record>
  <date>2026-06-03T14:23:32.570683900Z</date>
  <millis>1780496612570</millis>
  <nanos>683900</nanos>
  <sequence>33</sequence>
  <level>PASSED</level>
  <class>com.kms.katalon.core.logging.XmlKeywordLogger</class>
  <method>logMessage</method>
  <thread>1</thread>
  <message>Navigate to &amp;apos;http://localhost:8080/Vaporant_IGES_war_exploded/CartView.jsp&amp;apos; successfully</message>
  <nestedLevel>1</nestedLevel>
  <escapedJava>false</escapedJava>
  <property name="testops-method-name">com.kms.katalon.core.webui.keyword.builtin.NavigateToUrlKeyword.navigateToUrl</property>
  <property name="testops-execution-stacktrace"></property>
</record>
<record>
  <date>2026-06-03T14:23:32.572683500Z</date>
  <millis>1780496612572</millis>
  <nanos>683500</nanos>
  <sequence>34</sequence>
  <level>END</level>
  <class>com.kms.katalon.core.logging.XmlKeywordLogger</class>
  <method>endKeyword</method>
  <thread>1</thread>
  <message>End action : navigateToUrl(base + &amp;quot;CartView.jsp&amp;quot;)</message>
  <nestedLevel>1</nestedLevel>
  <escapedJava>false</escapedJava>
</record>
<record>
  <date>2026-06-03T14:23:32.573507800Z</date>
  <millis>1780496612573</millis>
  <nanos>507800</nanos>
  <sequence>35</sequence>
  <level>START</level>
  <class>com.kms.katalon.core.logging.XmlKeywordLogger</class>
  <method>startKeyword</method>
  <thread>1</thread>
  <message>Start action : takeScreenshot()</message>
  <nestedLevel>1</nestedLevel>
  <escapedJava>false</escapedJava>
  <property name="startLine">8</property>
  <property name="stepIndex">4</property>
</record>
<record>
  <date>2026-06-03T14:23:33.110393800Z</date>
  <millis>1780496613110</millis>
  <nanos>393800</nanos>
  <sequence>38</sequence>
  <level>PASSED</level>
  <class>com.kms.katalon.core.logging.XmlKeywordLogger</class>
  <method>logMessage</method>
  <thread>1</thread>
  <message>Taking screenshot successfully</message>
  <nestedLevel>1</nestedLevel>
  <escapedJava>false</escapedJava>
  <property name="attachment">1780496612591.png</property>
  <property name="testops-method-name">com.kms.katalon.core.webui.keyword.builtin.TakeScreenshotKeyword.takeScreenshot</property>
  <property name="testops-execution-stacktrace"></property>
</record>
<record>
  <date>2026-06-03T14:23:33.112351900Z</date>
  <millis>1780496613112</millis>
  <nanos>351900</nanos>
  <sequence>39</sequence>
  <level>END</level>
  <class>com.kms.katalon.core.logging.XmlKeywordLogger</class>
  <method>endKeyword</method>
  <thread>1</thread>
  <message>End action : takeScreenshot()</message>
  <nestedLevel>1</nestedLevel>
  <escapedJava>false</escapedJava>
</record>
<record>
  <date>2026-06-03T14:23:33.112351900Z</date>
  <millis>1780496613112</millis>
  <nanos>351900</nanos>
  <sequence>40</sequence>
  <level>START</level>
  <class>com.kms.katalon.core.logging.XmlKeywordLogger</class>
  <method>startKeyword</method>
  <thread>1</thread>
  <message>Start action : verifyTextPresent(&amp;quot;kiwi&amp;quot;, false)</message>
  <nestedLevel>1</nestedLevel>
  <escapedJava>false</escapedJava>
  <property name="startLine">9</property>
  <property name="stepIndex">5</property>
</record>
<record>
  <date>2026-06-03T14:23:33.367384600Z</date>
  <millis>1780496613367</millis>
  <nanos>384600</nanos>
  <sequence>44</sequence>
  <level>PASSED</level>
  <class>com.kms.katalon.core.logging.XmlKeywordLogger</class>
  <method>logMessage</method>
  <thread>1</thread>
  <message>Text &amp;apos;kiwi&amp;apos; is present on page </message>
  <nestedLevel>1</nestedLevel>
  <escapedJava>false</escapedJava>
  <property name="testops-is-assertion">true</property>
  <property name="testops-method-name">com.kms.katalon.core.webui.keyword.builtin.VerifyTextPresentKeyword.verifyTextPresent</property>
  <property name="testops-execution-stacktrace"></property>
</record>
<record>
  <date>2026-06-03T14:23:33.368261700Z</date>
  <millis>1780496613368</millis>
  <nanos>261700</nanos>
  <sequence>45</sequence>
  <level>END</level>
  <class>com.kms.katalon.core.logging.XmlKeywordLogger</class>
  <method>endKeyword</method>
  <thread>1</thread>
  <message>End action : verifyTextPresent(&amp;quot;kiwi&amp;quot;, false)</message>
  <nestedLevel>1</nestedLevel>
  <escapedJava>false</escapedJava>
</record>
<record>
  <date>2026-06-03T14:23:33.368261700Z</date>
  <millis>1780496613368</millis>
  <nanos>261700</nanos>
  <sequence>46</sequence>
  <level>START</level>
  <class>com.kms.katalon.core.logging.XmlKeywordLogger</class>
  <method>startKeyword</method>
  <thread>1</thread>
  <message>Start action : verifyTextPresent(&amp;quot;79.99&amp;quot;, false)</message>
  <nestedLevel>1</nestedLevel>
  <escapedJava>false</escapedJava>
  <property name="startLine">10</property>
  <property name="stepIndex">6</property>
</record>
<record>
  <date>2026-06-03T14:23:33.619111900Z</date>
  <millis>1780496613619</millis>
  <nanos>111900</nanos>
  <sequence>50</sequence>
  <level>PASSED</level>
  <class>com.kms.katalon.core.logging.XmlKeywordLogger</class>
  <method>logMessage</method>
  <thread>1</thread>
  <message>Text &amp;apos;79.99&amp;apos; is present on page </message>
  <nestedLevel>1</nestedLevel>
  <escapedJava>false</escapedJava>
  <property name="testops-is-assertion">true</property>
  <property name="testops-method-name">com.kms.katalon.core.webui.keyword.builtin.VerifyTextPresentKeyword.verifyTextPresent</property>
  <property name="testops-execution-stacktrace"></property>
</record>
<record>
  <date>2026-06-03T14:23:33.620112800Z</date>
  <millis>1780496613620</millis>
  <nanos>112800</nanos>
  <sequence>51</sequence>
  <level>END</level>
  <class>com.kms.katalon.core.logging.XmlKeywordLogger</class>
  <method>endKeyword</method>
  <thread>1</thread>
  <message>End action : verifyTextPresent(&amp;quot;79.99&amp;quot;, false)</message>
  <nestedLevel>1</nestedLevel>
  <escapedJava>false</escapedJava>
</record>
<record>
  <date>2026-06-03T14:23:33.620112800Z</date>
  <millis>1780496613620</millis>
  <nanos>112800</nanos>
  <sequence>52</sequence>
  <level>START</level>
  <class>com.kms.katalon.core.logging.XmlKeywordLogger</class>
  <method>startKeyword</method>
  <thread>1</thread>
  <message>Start action : closeBrowser()</message>
  <nestedLevel>1</nestedLevel>
  <escapedJava>false</escapedJava>
  <property name="startLine">11</property>
  <property name="stepIndex">7</property>
</record>
<record>
  <date>2026-06-03T14:23:33.757975400Z</date>
  <millis>1780496613757</millis>
  <nanos>975400</nanos>
  <sequence>55</sequence>
  <level>PASSED</level>
  <class>com.kms.katalon.core.logging.XmlKeywordLogger</class>
  <method>logMessage</method>
  <thread>1</thread>
  <message>Browser is closed</message>
  <nestedLevel>1</nestedLevel>
  <escapedJava>false</escapedJava>
  <property name="testops-method-name">com.kms.katalon.core.webui.keyword.builtin.CloseBrowserKeyword.closeBrowser</property>
  <property name="testops-execution-stacktrace"></property>
</record>
<record>
  <date>2026-06-03T14:23:33.757975400Z</date>
  <millis>1780496613757</millis>
  <nanos>975400</nanos>
  <sequence>56</sequence>
  <level>END</level>
  <class>com.kms.katalon.core.logging.XmlKeywordLogger</class>
  <method>endKeyword</method>
  <thread>1</thread>
  <message>End action : closeBrowser()</message>
  <nestedLevel>1</nestedLevel>
  <escapedJava>false</escapedJava>
</record>
<record>
  <date>2026-06-03T14:23:33.758989300Z</date>
  <millis>1780496613758</millis>
  <nanos>989300</nanos>
  <sequence>57</sequence>
  <level>PASSED</level>
  <class>com.kms.katalon.core.logging.XmlKeywordLogger</class>
  <method>logMessage</method>
  <thread>1</thread>
  <message>Test Cases/Carrello/TC_5.1_1</message>
  <nestedLevel>1</nestedLevel>
  <escapedJava>false</escapedJava>
</record>
<record>
  <date>2026-06-03T14:23:33.758989300Z</date>
  <millis>1780496613758</millis>
  <nanos>989300</nanos>
  <sequence>58</sequence>
  <level>END</level>
  <class>com.kms.katalon.core.logging.XmlKeywordLogger</class>
  <method>endTest</method>
  <thread>1</thread>
  <message>End Test Case : Test Cases/Carrello/TC_5.1_1</message>
  <nestedLevel>0</nestedLevel>
  <escapedJava>false</escapedJava>
  <property name="executionBindingVariables">[]</property>
  <property name="applitools">false</property>
  <property name="remainingRetryCount">3</property>
  <property name="executedKeywords">{
  &quot;WebUI.closeBrowser&quot;: 1,
  &quot;WebUI.takeScreenshot&quot;: 1,
  &quot;WebUI.verifyTextPresent&quot;: 2,
  &quot;WebUI.navigateToUrl&quot;: 2,
  &quot;WebUI.openBrowser&quot;: 1
}</property>
  <property name="currentRetryCount">0</property>
  <property name="keywordsUsage">{
  &quot;web_ui&quot;: true,
  &quot;web_service&quot;: false,
  &quot;cucumber&quot;: false,
  &quot;builtin&quot;: false,
  &quot;mobile&quot;: false,
  &quot;windows&quot;: false,
  &quot;testng&quot;: false
}</property>
</record>
<record>
  <date>2026-06-03T14:23:33.762986800Z</date>
  <millis>1780496613762</millis>
  <nanos>986800</nanos>
  <sequence>59</sequence>
  <level>START</level>
  <class>com.kms.katalon.core.logging.XmlKeywordLogger</class>
  <method>startTest</method>
  <thread>1</thread>
  <message>Start Test Case : Test Cases/Carrello/TC_5.1_2</message>
  <nestedLevel>1</nestedLevel>
  <escapedJava>false</escapedJava>
  <property name="remainingRetryCount">3</property>
  <property name="origin"></property>
  <property name="name">Test Cases/Carrello/TC_5.1_2</property>
  <property name="description">Visualizzare il carrello vuoto
Aggiungi → apri carrello → verifica</property>
  <property name="iteration"></property>
  <property name="id">Test Cases/Carrello/TC_5.1_2</property>
  <property name="source">C:\Users\gianf\Documents\Vaporant-IGES\StorageSession\testing\katalon\Vaporant-Baseline\Test Cases\Carrello\TC_5.1_2.tc</property>
  <property name="tag"></property>
  <property name="isOptional">false</property>
  <property name="uuid">a90db8b8-1dce-4bca-98fb-872932dba2be</property>
  <property name="currentRetryCount">0</property>
</record>
<record>
  <date>2026-06-03T14:23:33.767251400Z</date>
  <millis>1780496613767</millis>
  <nanos>251400</nanos>
  <sequence>61</sequence>
  <level>RUN_DATA</level>
  <class>com.kms.katalon.core.logging.XmlKeywordLogger</class>
  <method>logMessage</method>
  <thread>1</thread>
  <message>executionBindingVariables = []</message>
  <nestedLevel>1</nestedLevel>
  <escapedJava>false</escapedJava>
  <property name="executionBindingVariables">[]</property>
</record>
<record>
  <date>2026-06-03T14:23:33.788250400Z</date>
  <millis>1780496613788</millis>
  <nanos>250400</nanos>
  <sequence>62</sequence>
  <level>START</level>
  <class>com.kms.katalon.core.logging.XmlKeywordLogger</class>
  <method>startKeyword</method>
  <thread>1</thread>
  <message>Start action : openBrowser(&amp;quot;&amp;quot;)</message>
  <nestedLevel>1</nestedLevel>
  <escapedJava>false</escapedJava>
  <property name="startLine">5</property>
  <property name="stepIndex">1</property>
</record>
<record>
  <date>2026-06-03T14:23:33.789257800Z</date>
  <millis>1780496613789</millis>
  <nanos>257800</nanos>
  <sequence>65</sequence>
  <level>INFO</level>
  <class>com.kms.katalon.core.logging.XmlKeywordLogger</class>
  <method>logMessage</method>
  <thread>1</thread>
  <message>Starting &amp;apos;Chrome&amp;apos; driver</message>
  <nestedLevel>1</nestedLevel>
  <escapedJava>false</escapedJava>
</record>
<record>
  <date>2026-06-03T14:23:33.791227700Z</date>
  <millis>1780496613791</millis>
  <nanos>227700</nanos>
  <sequence>66</sequence>
  <level>INFO</level>
  <class>com.kms.katalon.core.logging.XmlKeywordLogger</class>
  <method>logMessage</method>
  <thread>1</thread>
  <message>Action delay is set to 0 milliseconds</message>
  <nestedLevel>1</nestedLevel>
  <escapedJava>false</escapedJava>
</record>
<record>
  <date>2026-06-03T14:23:34.492909900Z</date>
  <millis>1780496614492</millis>
  <nanos>909900</nanos>
  <sequence>70</sequence>
  <level>FAILED</level>
  <class>com.kms.katalon.core.logging.XmlKeywordLogger</class>
  <method>logMessage</method>
  <thread>1</thread>
  <message>Unable to open browser with url: &amp;apos;&amp;apos; (Root cause: com.kms.katalon.core.exception.StepFailedException: Unable to open browser with url: &amp;apos;&amp;apos;
	at com.kms.katalon.core.webui.keyword.internal.WebUIKeywordMain.stepFailed(WebUIKeywordMain.groovy:177)
	at com.kms.katalon.core.webui.keyword.internal.WebUIKeywordMain.runKeyword(WebUIKeywordMain.groovy:49)
	at com.kms.katalon.core.webui.keyword.builtin.OpenBrowserKeyword.openBrowser(OpenBrowserKeyword.groovy:69)
	at com.kms.katalon.core.webui.keyword.builtin.OpenBrowserKeyword.execute(OpenBrowserKeyword.groovy:41)
	at com.kms.katalon.core.keyword.internal.KeywordExecutor.executeKeywordForPlatform(KeywordExecutor.groovy:103)
	at com.kms.katalon.core.webui.keyword.WebUiBuiltInKeywords.openBrowser(WebUiBuiltInKeywords.groovy:63)
	at TC_5.1_2.run(TC_5.1_2:5)
	at com.kms.katalon.core.main.ScriptEngine.run(ScriptEngine.java:203)
	at com.kms.katalon.core.main.ScriptEngine.runScriptAsRawText(ScriptEngine.java:115)
	at com.kms.katalon.core.main.TestCaseExecutor.runScript(TestCaseExecutor.java:506)
	at com.kms.katalon.core.main.TestCaseExecutor.doExecute(TestCaseExecutor.java:497)
	at com.kms.katalon.core.main.TestCaseExecutor.processExecutionPhase(TestCaseExecutor.java:476)
	at com.kms.katalon.core.main.TestCaseExecutor.accessMainPhase(TestCaseExecutor.java:468)
	at com.kms.katalon.core.main.TestCaseExecutor.execute(TestCaseExecutor.java:334)
	at com.kms.katalon.core.common.CommonExecutor.accessTestCaseMainPhase(CommonExecutor.java:71)
	at com.kms.katalon.core.main.TestSuiteExecutor.accessTestSuiteMainPhase(TestSuiteExecutor.java:153)
	at com.kms.katalon.core.main.TestSuiteExecutor.execute(TestSuiteExecutor.java:110)
	at com.kms.katalon.core.main.TestCaseMain.startTestSuite(TestCaseMain.java:206)
	at S0603_1.run(S0603_1.groovy:40)
	at java.base/jdk.internal.reflect.DirectMethodHandleAccessor.invoke(DirectMethodHandleAccessor.java:103)
Caused by: org.openqa.selenium.SessionNotCreatedException: Could not start a new session. Response code 500. Message: session not created
from disconnected: unable to connect to renderer 
Host info: host: &amp;apos;GIANFRANCO&amp;apos;, ip: &amp;apos;26.38.161.220&amp;apos;
Build info: version: &amp;apos;4.39.0&amp;apos;, revision: &amp;apos;126f156aee&amp;apos;
System info: os.name: &amp;apos;Windows 11&amp;apos;, os.arch: &amp;apos;amd64&amp;apos;, os.version: &amp;apos;10.0&amp;apos;, java.version: &amp;apos;21.0.9&amp;apos;
Driver info: com.kms.katalon.selenium.driver.CChromeDriver
Command: [null, newSession {capabilities=[Capabilities {browserName: chrome, goog:chromeOptions: {args: [disable-features=DisableLoa...], extensions: []}, unhandledPromptBehavior: {alert: ignore, beforeUnload: ignore, confirm: ignore, default: ignore, file: ignore, prompt: ignore}, webSocketUrl: true}]}]
	at org.openqa.selenium.remote.ProtocolHandshake.createSession(ProtocolHandshake.java:114)
	at org.openqa.selenium.remote.ProtocolHandshake.createSession(ProtocolHandshake.java:75)
	at org.openqa.selenium.remote.ProtocolHandshake.createSession(ProtocolHandshake.java:61)
	at org.openqa.selenium.remote.HttpCommandExecutor.execute(HttpCommandExecutor.java:187)
	at org.openqa.selenium.remote.service.DriverCommandExecutor.invokeExecute(DriverCommandExecutor.java:216)
	at org.openqa.selenium.remote.service.DriverCommandExecutor.execute(DriverCommandExecutor.java:174)
	at org.openqa.selenium.remote.RemoteWebDriver.execute(RemoteWebDriver.java:561)
	at org.openqa.selenium.remote.RemoteWebDriver.startSession(RemoteWebDriver.java:250)
	at org.openqa.selenium.remote.RemoteWebDriver.&amp;lt;init&amp;gt;(RemoteWebDriver.java:178)
	at org.openqa.selenium.chromium.ChromiumDriver.&amp;lt;init&amp;gt;(ChromiumDriver.java:109)
	at org.openqa.selenium.chrome.ChromeDriver.&amp;lt;init&amp;gt;(ChromeDriver.java:88)
	at org.openqa.selenium.chrome.ChromeDriver.&amp;lt;init&amp;gt;(ChromeDriver.java:83)
	at org.openqa.selenium.chrome.ChromeDriver.&amp;lt;init&amp;gt;(ChromeDriver.java:72)
	at com.kms.katalon.selenium.driver.CChromeDriver.&amp;lt;init&amp;gt;(CChromeDriver.java:15)
	at com.kms.katalon.core.webui.driver.chrome.ChromeDriverBuilder.createDriver(ChromeDriverBuilder.java:60)
	at com.kms.katalon.core.webui.driver.AbstractDriverBuilder.build(AbstractDriverBuilder.java:53)
	at com.kms.katalon.core.webui.driver.DriverFactory.startNewBrowser(DriverFactory.java:248)
	at com.kms.katalon.core.webui.driver.DriverFactory.openWebDriver(DriverFactory.java:147)
	at com.kms.katalon.core.webui.keyword.builtin.OpenBrowserKeyword$_openBrowser_closure1.doCall(OpenBrowserKeyword.groovy:48)
	at com.kms.katalon.core.webui.keyword.builtin.OpenBrowserKeyword$_openBrowser_closure1.call(OpenBrowserKeyword.groovy)
	at com.kms.katalon.core.webui.keyword.internal.WebUIKeywordMain.runKeyword(WebUIKeywordMain.groovy:41)
	at com.kms.katalon.core.webui.keyword.builtin.OpenBrowserKeyword.openBrowser(OpenBrowserKeyword.groovy:69)
	at com.kms.katalon.core.webui.keyword.builtin.OpenBrowserKeyword.execute(OpenBrowserKeyword.groovy:41)
	at com.kms.katalon.core.keyword.internal.KeywordExecutor.executeKeywordForPlatform(KeywordExecutor.groovy:103)
	at com.kms.katalon.core.webui.keyword.WebUiBuiltInKeywords.openBrowser(WebUiBuiltInKeywords.groovy:63)
	at Script1780477834854.run(Script1780477834854.groovy:5)
	... 13 more
)</message>
  <nestedLevel>1</nestedLevel>
  <escapedJava>false</escapedJava>
  <property name="failed.exception.class">org.openqa.selenium.SessionNotCreatedException</property>
  <property name="failed.exception.stacktrace">org.openqa.selenium.SessionNotCreatedException: Could not start a new session. Response code 500. Message: session not created
from disconnected: unable to connect to renderer 
Host info: host: &apos;GIANFRANCO&apos;, ip: &apos;26.38.161.220&apos;
Build info: version: &apos;4.39.0&apos;, revision: &apos;126f156aee&apos;
System info: os.name: &apos;Windows 11&apos;, os.arch: &apos;amd64&apos;, os.version: &apos;10.0&apos;, java.version: &apos;21.0.9&apos;
Driver info: com.kms.katalon.selenium.driver.CChromeDriver
Command: [null, newSession {capabilities=[Capabilities {browserName: chrome, goog:chromeOptions: {args: [disable-features=DisableLoa...], extensions: []}, unhandledPromptBehavior: {alert: ignore, beforeUnload: ignore, confirm: ignore, default: ignore, file: ignore, prompt: ignore}, webSocketUrl: true}]}]
	at org.openqa.selenium.remote.ProtocolHandshake.createSession(ProtocolHandshake.java:114)
	at org.openqa.selenium.remote.ProtocolHandshake.createSession(ProtocolHandshake.java:75)
	at org.openqa.selenium.remote.ProtocolHandshake.createSession(ProtocolHandshake.java:61)
	at org.openqa.selenium.remote.HttpCommandExecutor.execute(HttpCommandExecutor.java:187)
	at org.openqa.selenium.remote.service.DriverCommandExecutor.invokeExecute(DriverCommandExecutor.java:216)
	at org.openqa.selenium.remote.service.DriverCommandExecutor.execute(DriverCommandExecutor.java:174)
	at org.openqa.selenium.remote.RemoteWebDriver.execute(RemoteWebDriver.java:561)
	at org.openqa.selenium.remote.RemoteWebDriver.startSession(RemoteWebDriver.java:250)
	at org.openqa.selenium.remote.RemoteWebDriver.&lt;init&gt;(RemoteWebDriver.java:178)
	at org.openqa.selenium.chromium.ChromiumDriver.&lt;init&gt;(ChromiumDriver.java:109)
	at org.openqa.selenium.chrome.ChromeDriver.&lt;init&gt;(ChromeDriver.java:88)
	at org.openqa.selenium.chrome.ChromeDriver.&lt;init&gt;(ChromeDriver.java:83)
	at org.openqa.selenium.chrome.ChromeDriver.&lt;init&gt;(ChromeDriver.java:72)
	at com.kms.katalon.selenium.driver.CChromeDriver.&lt;init&gt;(CChromeDriver.java:15)
	at com.kms.katalon.core.webui.driver.chrome.ChromeDriverBuilder.createDriver(ChromeDriverBuilder.java:60)
	at com.kms.katalon.core.webui.driver.AbstractDriverBuilder.build(AbstractDriverBuilder.java:53)
	at com.kms.katalon.core.webui.driver.DriverFactory.startNewBrowser(DriverFactory.java:248)
	at com.kms.katalon.core.webui.driver.DriverFactory.openWebDriver(DriverFactory.java:147)
	at com.kms.katalon.core.webui.keyword.builtin.OpenBrowserKeyword$_openBrowser_closure1.doCall(OpenBrowserKeyword.groovy:48)
	at com.kms.katalon.core.webui.keyword.builtin.OpenBrowserKeyword$_openBrowser_closure1.call(OpenBrowserKeyword.groovy)
	at com.kms.katalon.core.webui.keyword.internal.WebUIKeywordMain.runKeyword(WebUIKeywordMain.groovy:41)
	at com.kms.katalon.core.webui.keyword.builtin.OpenBrowserKeyword.openBrowser(OpenBrowserKeyword.groovy:69)
	at com.kms.katalon.core.webui.keyword.builtin.OpenBrowserKeyword.execute(OpenBrowserKeyword.groovy:41)
	at com.kms.katalon.core.keyword.internal.KeywordExecutor.executeKeywordForPlatform(KeywordExecutor.groovy:103)
	at com.kms.katalon.core.webui.keyword.WebUiBuiltInKeywords.openBrowser(WebUiBuiltInKeywords.groovy:63)
	at TC_5.1_2.run(TC_5.1_2:5)
	at com.kms.katalon.core.main.ScriptEngine.run(ScriptEngine.java:203)
	at com.kms.katalon.core.main.ScriptEngine.runScriptAsRawText(ScriptEngine.java:115)
	at com.kms.katalon.core.main.TestCaseExecutor.runScript(TestCaseExecutor.java:506)
	at com.kms.katalon.core.main.TestCaseExecutor.doExecute(TestCaseExecutor.java:497)
	at com.kms.katalon.core.main.TestCaseExecutor.processExecutionPhase(TestCaseExecutor.java:476)
	at com.kms.katalon.core.main.TestCaseExecutor.accessMainPhase(TestCaseExecutor.java:468)
	at com.kms.katalon.core.main.TestCaseExecutor.execute(TestCaseExecutor.java:334)
	at com.kms.katalon.core.common.CommonExecutor.accessTestCaseMainPhase(CommonExecutor.java:71)
	at com.kms.katalon.core.main.TestSuiteExecutor.accessTestSuiteMainPhase(TestSuiteExecutor.java:153)
	at com.kms.katalon.core.main.TestSuiteExecutor.execute(TestSuiteExecutor.java:110)
	at com.kms.katalon.core.main.TestCaseMain.startTestSuite(TestCaseMain.java:206)
	at S0603_1.run(S0603_1.groovy:40)
	at java.base/jdk.internal.reflect.DirectMethodHandleAccessor.invoke(DirectMethodHandleAccessor.java:103)
</property>
  <property name="failed.exception.message">Could not start a new session. Response code 500. Message: session not created
from disconnected: unable to connect to renderer 
Host info: host: &apos;GIANFRANCO&apos;, ip: &apos;26.38.161.220&apos;
Build info: version: &apos;4.39.0&apos;, revision: &apos;126f156aee&apos;
System info: os.name: &apos;Windows 11&apos;, os.arch: &apos;amd64&apos;, os.version: &apos;10.0&apos;, java.version: &apos;21.0.9&apos;
Driver info: com.kms.katalon.selenium.driver.CChromeDriver
Command: [null, newSession {capabilities=[Capabilities {browserName: chrome, goog:chromeOptions: {args: [disable-features=DisableLoa...], extensions: []}, unhandledPromptBehavior: {alert: ignore, beforeUnload: ignore, confirm: ignore, default: ignore, file: ignore, prompt: ignore}, webSocketUrl: true}]}]</property>
</record>
<record>
  <date>2026-06-03T14:23:34.494905200Z</date>
  <millis>1780496614494</millis>
  <nanos>905200</nanos>
  <sequence>73</sequence>
  <level>END</level>
  <class>com.kms.katalon.core.logging.XmlKeywordLogger</class>
  <method>endKeyword</method>
  <thread>1</thread>
  <message>End action : openBrowser(&amp;quot;&amp;quot;)</message>
  <nestedLevel>1</nestedLevel>
  <escapedJava>false</escapedJava>
</record>
<record>
  <date>2026-06-03T14:23:34.496018900Z</date>
  <millis>1780496614496</millis>
  <nanos>18900</nanos>
  <sequence>76</sequence>
  <level>FAILED</level>
  <class>com.kms.katalon.core.logging.XmlKeywordLogger</class>
  <method>logMessage</method>
  <thread>1</thread>
  <message>Test Cases/Carrello/TC_5.1_2 FAILED.
Reason:
com.kms.katalon.core.exception.StepFailedException: Unable to open browser with url: &amp;apos;&amp;apos;
	at com.kms.katalon.core.webui.keyword.internal.WebUIKeywordMain.stepFailed(WebUIKeywordMain.groovy:177)
	at com.kms.katalon.core.webui.keyword.internal.WebUIKeywordMain.runKeyword(WebUIKeywordMain.groovy:49)
	at com.kms.katalon.core.webui.keyword.builtin.OpenBrowserKeyword.openBrowser(OpenBrowserKeyword.groovy:69)
	at com.kms.katalon.core.webui.keyword.builtin.OpenBrowserKeyword.execute(OpenBrowserKeyword.groovy:41)
	at com.kms.katalon.core.keyword.internal.KeywordExecutor.executeKeywordForPlatform(KeywordExecutor.groovy:103)
	at com.kms.katalon.core.webui.keyword.WebUiBuiltInKeywords.openBrowser(WebUiBuiltInKeywords.groovy:63)
	at TC_5.1_2.run(TC_5.1_2:5)
	at com.kms.katalon.core.main.ScriptEngine.run(ScriptEngine.java:203)
	at com.kms.katalon.core.main.ScriptEngine.runScriptAsRawText(ScriptEngine.java:115)
	at com.kms.katalon.core.main.TestCaseExecutor.runScript(TestCaseExecutor.java:506)
	at com.kms.katalon.core.main.TestCaseExecutor.doExecute(TestCaseExecutor.java:497)
	at com.kms.katalon.core.main.TestCaseExecutor.processExecutionPhase(TestCaseExecutor.java:476)
	at com.kms.katalon.core.main.TestCaseExecutor.accessMainPhase(TestCaseExecutor.java:468)
	at com.kms.katalon.core.main.TestCaseExecutor.execute(TestCaseExecutor.java:334)
	at com.kms.katalon.core.common.CommonExecutor.accessTestCaseMainPhase(CommonExecutor.java:71)
	at com.kms.katalon.core.main.TestSuiteExecutor.accessTestSuiteMainPhase(TestSuiteExecutor.java:153)
	at com.kms.katalon.core.main.TestSuiteExecutor.execute(TestSuiteExecutor.java:110)
	at com.kms.katalon.core.main.TestCaseMain.startTestSuite(TestCaseMain.java:206)
	at S0603_1.run(S0603_1.groovy:40)
	at java.base/jdk.internal.reflect.DirectMethodHandleAccessor.invoke(DirectMethodHandleAccessor.java:103)
Caused by: org.openqa.selenium.SessionNotCreatedException: Could not start a new session. Response code 500. Message: session not created
from disconnected: unable to connect to renderer 
Host info: host: &amp;apos;GIANFRANCO&amp;apos;, ip: &amp;apos;26.38.161.220&amp;apos;
Build info: version: &amp;apos;4.39.0&amp;apos;, revision: &amp;apos;126f156aee&amp;apos;
System info: os.name: &amp;apos;Windows 11&amp;apos;, os.arch: &amp;apos;amd64&amp;apos;, os.version: &amp;apos;10.0&amp;apos;, java.version: &amp;apos;21.0.9&amp;apos;
Driver info: com.kms.katalon.selenium.driver.CChromeDriver
Command: [null, newSession {capabilities=[Capabilities {browserName: chrome, goog:chromeOptions: {args: [disable-features=DisableLoa...], extensions: []}, unhandledPromptBehavior: {alert: ignore, beforeUnload: ignore, confirm: ignore, default: ignore, file: ignore, prompt: ignore}, webSocketUrl: true}]}]
	at org.openqa.selenium.remote.ProtocolHandshake.createSession(ProtocolHandshake.java:114)
	at org.openqa.selenium.remote.ProtocolHandshake.createSession(ProtocolHandshake.java:75)
	at org.openqa.selenium.remote.ProtocolHandshake.createSession(ProtocolHandshake.java:61)
	at org.openqa.selenium.remote.HttpCommandExecutor.execute(HttpCommandExecutor.java:187)
	at org.openqa.selenium.remote.service.DriverCommandExecutor.invokeExecute(DriverCommandExecutor.java:216)
	at org.openqa.selenium.remote.service.DriverCommandExecutor.execute(DriverCommandExecutor.java:174)
	at org.openqa.selenium.remote.RemoteWebDriver.execute(RemoteWebDriver.java:561)
	at org.openqa.selenium.remote.RemoteWebDriver.startSession(RemoteWebDriver.java:250)
	at org.openqa.selenium.remote.RemoteWebDriver.&amp;lt;init&amp;gt;(RemoteWebDriver.java:178)
	at org.openqa.selenium.chromium.ChromiumDriver.&amp;lt;init&amp;gt;(ChromiumDriver.java:109)
	at org.openqa.selenium.chrome.ChromeDriver.&amp;lt;init&amp;gt;(ChromeDriver.java:88)
	at org.openqa.selenium.chrome.ChromeDriver.&amp;lt;init&amp;gt;(ChromeDriver.java:83)
	at org.openqa.selenium.chrome.ChromeDriver.&amp;lt;init&amp;gt;(ChromeDriver.java:72)
	at com.kms.katalon.selenium.driver.CChromeDriver.&amp;lt;init&amp;gt;(CChromeDriver.java:15)
	at com.kms.katalon.core.webui.driver.chrome.ChromeDriverBuilder.createDriver(ChromeDriverBuilder.java:60)
	at com.kms.katalon.core.webui.driver.AbstractDriverBuilder.build(AbstractDriverBuilder.java:53)
	at com.kms.katalon.core.webui.driver.DriverFactory.startNewBrowser(DriverFactory.java:248)
	at com.kms.katalon.core.webui.driver.DriverFactory.openWebDriver(DriverFactory.java:147)
	at com.kms.katalon.core.webui.keyword.builtin.OpenBrowserKeyword$_openBrowser_closure1.doCall(OpenBrowserKeyword.groovy:48)
	at com.kms.katalon.core.webui.keyword.builtin.OpenBrowserKeyword$_openBrowser_closure1.call(OpenBrowserKeyword.groovy)
	at com.kms.katalon.core.webui.keyword.internal.WebUIKeywordMain.runKeyword(WebUIKeywordMain.groovy:41)
	... 18 more
</message>
  <exception>
    <message>com.kms.katalon.core.exception.StepFailedException: Unable to open browser with url: ''</message>
    <frame>
      <class>com.kms.katalon.core.logging.XmlKeywordLogger</class>
      <method>logMessage</method>
      <line>516</line>
    </frame>
    <frame>
      <class>com.kms.katalon.core.logging.KeywordLogger</class>
      <method>logMessage</method>
      <line>475</line>
    </frame>
    <frame>
      <class>com.kms.katalon.core.main.TestCaseExecutor</class>
      <method>logError</method>
      <line>619</line>
    </frame>
    <frame>
      <class>com.kms.katalon.core.main.TestCaseExecutor</class>
      <method>onExecutionError</method>
      <line>189</line>
    </frame>
    <frame>
      <class>com.kms.katalon.core.main.TestCaseExecutor</class>
      <method>processExecutionPhase</method>
      <line>486</line>
    </frame>
    <frame>
      <class>com.kms.katalon.core.main.TestCaseExecutor</class>
      <method>accessMainPhase</method>
      <line>468</line>
    </frame>
    <frame>
      <class>com.kms.katalon.core.main.TestCaseExecutor</class>
      <method>execute</method>
      <line>334</line>
    </frame>
    <frame>
      <class>com.kms.katalon.core.common.CommonExecutor</class>
      <method>accessTestCaseMainPhase</method>
      <line>71</line>
    </frame>
    <frame>
      <class>com.kms.katalon.core.main.TestSuiteExecutor</class>
      <method>accessTestSuiteMainPhase</method>
      <line>153</line>
    </frame>
    <frame>
      <class>com.kms.katalon.core.main.TestSuiteExecutor</class>
      <method>execute</method>
      <line>110</line>
    </frame>
    <frame>
      <class>com.kms.katalon.core.main.TestCaseMain</class>
      <method>startTestSuite</method>
      <line>206</line>
    </frame>
    <frame>
      <class>org.codehaus.groovy.vmplugin.v8.IndyInterface</class>
      <method>fromCache</method>
      <line>318</line>
    </frame>
    <frame>
      <class>S0603_1</class>
      <method>run</method>
      <line>40</line>
    </frame>
    <frame>
      <class>groovy.lang.GroovyShell</class>
      <method>runScriptOrMainOrTestOrRunnable</method>
      <line>254</line>
    </frame>
    <frame>
      <class>groovy.lang.GroovyShell</class>
      <method>run</method>
      <line>360</line>
    </frame>
    <frame>
      <class>groovy.lang.GroovyShell</class>
      <method>run</method>
      <line>349</line>
    </frame>
    <frame>
      <class>groovy.ui.GroovyMain</class>
      <method>processOnce</method>
      <line>652</line>
    </frame>
    <frame>
      <class>groovy.ui.GroovyMain</class>
      <method>run</method>
      <line>398</line>
    </frame>
    <frame>
      <class>groovy.ui.GroovyMain</class>
      <method>access$1400</method>
      <line>68</line>
    </frame>
    <frame>
      <class>groovy.ui.GroovyMain$GroovyCommand</class>
      <method>process</method>
      <line>322</line>
    </frame>
    <frame>
      <class>groovy.ui.GroovyMain</class>
      <method>processArgs</method>
      <line>142</line>
    </frame>
    <frame>
      <class>groovy.ui.GroovyMain</class>
      <method>main</method>
      <line>115</line>
    </frame>
    <frame>
      <class>jdk.internal.reflect.DirectMethodHandleAccessor</class>
      <method>invoke</method>
      <line>103</line>
    </frame>
    <frame>
      <class>java.lang.reflect.Method</class>
      <method>invoke</method>
      <line>580</line>
    </frame>
    <frame>
      <class>org.codehaus.groovy.tools.GroovyStarter</class>
      <method>rootLoader</method>
      <line>117</line>
    </frame>
    <frame>
      <class>org.codehaus.groovy.tools.GroovyStarter</class>
      <method>main</method>
      <line>39</line>
    </frame>
  </exception>
  <nestedLevel>0</nestedLevel>
  <escapedJava>false</escapedJava>
  <property name="failed.exception.stacktrace">org.openqa.selenium.SessionNotCreatedException: Could not start a new session. Response code 500. Message: session not created
from disconnected: unable to connect to renderer 
Host info: host: &apos;GIANFRANCO&apos;, ip: &apos;26.38.161.220&apos;
Build info: version: &apos;4.39.0&apos;, revision: &apos;126f156aee&apos;
System info: os.name: &apos;Windows 11&apos;, os.arch: &apos;amd64&apos;, os.version: &apos;10.0&apos;, java.version: &apos;21.0.9&apos;
Driver info: com.kms.katalon.selenium.driver.CChromeDriver
Command: [null, newSession {capabilities=[Capabilities {browserName: chrome, goog:chromeOptions: {args: [disable-features=DisableLoa...], extensions: []}, unhandledPromptBehavior: {alert: ignore, beforeUnload: ignore, confirm: ignore, default: ignore, file: ignore, prompt: ignore}, webSocketUrl: true}]}]
	at org.openqa.selenium.remote.ProtocolHandshake.createSession(ProtocolHandshake.java:114)
	at org.openqa.selenium.remote.ProtocolHandshake.createSession(ProtocolHandshake.java:75)
	at org.openqa.selenium.remote.ProtocolHandshake.createSession(ProtocolHandshake.java:61)
	at org.openqa.selenium.remote.HttpCommandExecutor.execute(HttpCommandExecutor.java:187)
	at org.openqa.selenium.remote.service.DriverCommandExecutor.invokeExecute(DriverCommandExecutor.java:216)
	at org.openqa.selenium.remote.service.DriverCommandExecutor.execute(DriverCommandExecutor.java:174)
	at org.openqa.selenium.remote.RemoteWebDriver.execute(RemoteWebDriver.java:561)
	at org.openqa.selenium.remote.RemoteWebDriver.startSession(RemoteWebDriver.java:250)
	at org.openqa.selenium.remote.RemoteWebDriver.&lt;init&gt;(RemoteWebDriver.java:178)
	at org.openqa.selenium.chromium.ChromiumDriver.&lt;init&gt;(ChromiumDriver.java:109)
	at org.openqa.selenium.chrome.ChromeDriver.&lt;init&gt;(ChromeDriver.java:88)
	at org.openqa.selenium.chrome.ChromeDriver.&lt;init&gt;(ChromeDriver.java:83)
	at org.openqa.selenium.chrome.ChromeDriver.&lt;init&gt;(ChromeDriver.java:72)
	at com.kms.katalon.selenium.driver.CChromeDriver.&lt;init&gt;(CChromeDriver.java:15)
	at com.kms.katalon.core.webui.driver.chrome.ChromeDriverBuilder.createDriver(ChromeDriverBuilder.java:60)
	at com.kms.katalon.core.webui.driver.AbstractDriverBuilder.build(AbstractDriverBuilder.java:53)
	at com.kms.katalon.core.webui.driver.DriverFactory.startNewBrowser(DriverFactory.java:248)
	at com.kms.katalon.core.webui.driver.DriverFactory.openWebDriver(DriverFactory.java:147)
	at com.kms.katalon.core.webui.keyword.builtin.OpenBrowserKeyword$_openBrowser_closure1.doCall(OpenBrowserKeyword.groovy:48)
	at com.kms.katalon.core.webui.keyword.builtin.OpenBrowserKeyword$_openBrowser_closure1.call(OpenBrowserKeyword.groovy)
	at com.kms.katalon.core.webui.keyword.internal.WebUIKeywordMain.runKeyword(WebUIKeywordMain.groovy:41)
	at com.kms.katalon.core.webui.keyword.builtin.OpenBrowserKeyword.openBrowser(OpenBrowserKeyword.groovy:69)
	at com.kms.katalon.core.webui.keyword.builtin.OpenBrowserKeyword.execute(OpenBrowserKeyword.groovy:41)
	at com.kms.katalon.core.keyword.internal.KeywordExecutor.executeKeywordForPlatform(KeywordExecutor.groovy:103)
	at com.kms.katalon.core.webui.keyword.WebUiBuiltInKeywords.openBrowser(WebUiBuiltInKeywords.groovy:63)
	at TC_5.1_2.run(TC_5.1_2:5)
	at com.kms.katalon.core.main.ScriptEngine.run(ScriptEngine.java:203)
	at com.kms.katalon.core.main.ScriptEngine.runScriptAsRawText(ScriptEngine.java:115)
	at com.kms.katalon.core.main.TestCaseExecutor.runScript(TestCaseExecutor.java:506)
	at com.kms.katalon.core.main.TestCaseExecutor.doExecute(TestCaseExecutor.java:497)
	at com.kms.katalon.core.main.TestCaseExecutor.processExecutionPhase(TestCaseExecutor.java:476)
	at com.kms.katalon.core.main.TestCaseExecutor.accessMainPhase(TestCaseExecutor.java:468)
	at com.kms.katalon.core.main.TestCaseExecutor.execute(TestCaseExecutor.java:334)
	at com.kms.katalon.core.common.CommonExecutor.accessTestCaseMainPhase(CommonExecutor.java:71)
	at com.kms.katalon.core.main.TestSuiteExecutor.accessTestSuiteMainPhase(TestSuiteExecutor.java:153)
	at com.kms.katalon.core.main.TestSuiteExecutor.execute(TestSuiteExecutor.java:110)
	at com.kms.katalon.core.main.TestCaseMain.startTestSuite(TestCaseMain.java:206)
	at S0603_1.run(S0603_1.groovy:40)
	at java.base/jdk.internal.reflect.DirectMethodHandleAccessor.invoke(DirectMethodHandleAccessor.java:103)
</property>
  <property name="failed.exception.class">org.openqa.selenium.SessionNotCreatedException</property>
  <property name="failed.exception.message">Could not start a new session. Response code 500. Message: session not created
from disconnected: unable to connect to renderer 
Host info: host: &apos;GIANFRANCO&apos;, ip: &apos;26.38.161.220&apos;
Build info: version: &apos;4.39.0&apos;, revision: &apos;126f156aee&apos;
System info: os.name: &apos;Windows 11&apos;, os.arch: &apos;amd64&apos;, os.version: &apos;10.0&apos;, java.version: &apos;21.0.9&apos;
Driver info: com.kms.katalon.selenium.driver.CChromeDriver
Command: [null, newSession {capabilities=[Capabilities {browserName: chrome, goog:chromeOptions: {args: [disable-features=DisableLoa...], extensions: []}, unhandledPromptBehavior: {alert: ignore, beforeUnload: ignore, confirm: ignore, default: ignore, file: ignore, prompt: ignore}, webSocketUrl: true}]}]</property>
</record>
<record>
  <date>2026-06-03T14:23:34.497010Z</date>
  <millis>1780496614497</millis>
  <nanos>10000</nanos>
  <sequence>78</sequence>
  <level>END</level>
  <class>com.kms.katalon.core.logging.XmlKeywordLogger</class>
  <method>endTest</method>
  <thread>1</thread>
  <message>End Test Case : Test Cases/Carrello/TC_5.1_2</message>
  <nestedLevel>0</nestedLevel>
  <escapedJava>false</escapedJava>
  <property name="executionBindingVariables">[]</property>
  <property name="applitools">false</property>
  <property name="remainingRetryCount">3</property>
  <property name="executedKeywords">{
  &quot;WebUI.openBrowser&quot;: 1
}</property>
  <property name="currentRetryCount">0</property>
  <property name="keywordsUsage">{
  &quot;web_ui&quot;: true,
  &quot;web_service&quot;: false,
  &quot;cucumber&quot;: false,
  &quot;builtin&quot;: false,
  &quot;mobile&quot;: false,
  &quot;windows&quot;: false,
  &quot;testng&quot;: false
}</property>
</record>
<record>
  <date>2026-06-03T14:23:34.500011300Z</date>
  <millis>1780496614500</millis>
  <nanos>11300</nanos>
  <sequence>79</sequence>
  <level>START</level>
  <class>com.kms.katalon.core.logging.XmlKeywordLogger</class>
  <method>startTest</method>
  <thread>1</thread>
  <message>Start Test Case : Test Cases/Carrello/TC_5.1_2</message>
  <nestedLevel>1</nestedLevel>
  <escapedJava>false</escapedJava>
  <property name="remainingRetryCount">2</property>
  <property name="origin"></property>
  <property name="name">Test Cases/Carrello/TC_5.1_2</property>
  <property name="description">Visualizzare il carrello vuoto
Aggiungi → apri carrello → verifica</property>
  <property name="iteration"></property>
  <property name="id">Test Cases/Carrello/TC_5.1_2</property>
  <property name="source">C:\Users\gianf\Documents\Vaporant-IGES\StorageSession\testing\katalon\Vaporant-Baseline\Test Cases\Carrello\TC_5.1_2.tc</property>
  <property name="tag"></property>
  <property name="isOptional">false</property>
  <property name="uuid">a90db8b8-1dce-4bca-98fb-872932dba2be</property>
  <property name="currentRetryCount">1</property>
</record>
<record>
  <date>2026-06-03T14:23:34.505027400Z</date>
  <millis>1780496614505</millis>
  <nanos>27400</nanos>
  <sequence>81</sequence>
  <level>RUN_DATA</level>
  <class>com.kms.katalon.core.logging.XmlKeywordLogger</class>
  <method>logMessage</method>
  <thread>1</thread>
  <message>executionBindingVariables = []</message>
  <nestedLevel>1</nestedLevel>
  <escapedJava>false</escapedJava>
  <property name="executionBindingVariables">[]</property>
</record>
<record>
  <date>2026-06-03T14:23:34.506020100Z</date>
  <millis>1780496614506</millis>
  <nanos>20100</nanos>
  <sequence>82</sequence>
  <level>START</level>
  <class>com.kms.katalon.core.logging.XmlKeywordLogger</class>
  <method>startKeyword</method>
  <thread>1</thread>
  <message>Start action : openBrowser(&amp;quot;&amp;quot;)</message>
  <nestedLevel>1</nestedLevel>
  <escapedJava>false</escapedJava>
  <property name="startLine">5</property>
  <property name="stepIndex">1</property>
</record>
<record>
  <date>2026-06-03T14:23:34.507525400Z</date>
  <millis>1780496614507</millis>
  <nanos>525400</nanos>
  <sequence>85</sequence>
  <level>INFO</level>
  <class>com.kms.katalon.core.logging.XmlKeywordLogger</class>
  <method>logMessage</method>
  <thread>1</thread>
  <message>Starting &amp;apos;Chrome&amp;apos; driver</message>
  <nestedLevel>1</nestedLevel>
  <escapedJava>false</escapedJava>
</record>
<record>
  <date>2026-06-03T14:23:34.509540200Z</date>
  <millis>1780496614509</millis>
  <nanos>540200</nanos>
  <sequence>86</sequence>
  <level>INFO</level>
  <class>com.kms.katalon.core.logging.XmlKeywordLogger</class>
  <method>logMessage</method>
  <thread>1</thread>
  <message>Action delay is set to 0 milliseconds</message>
  <nestedLevel>1</nestedLevel>
  <escapedJava>false</escapedJava>
</record>
<record>
  <date>2026-06-03T14:23:35.276963200Z</date>
  <millis>1780496615276</millis>
  <nanos>963200</nanos>
  <sequence>88</sequence>
  <level>RUN_DATA</level>
  <class>com.kms.katalon.core.logging.XmlKeywordLogger</class>
  <method>logMessage</method>
  <thread>1</thread>
  <message>sessionId = 92a4e38939bd26535d2dbccf875d6b7b</message>
  <nestedLevel>1</nestedLevel>
  <escapedJava>false</escapedJava>
  <property name="sessionId">92a4e38939bd26535d2dbccf875d6b7b</property>
</record>
<record>
  <date>2026-06-03T14:23:35.277964300Z</date>
  <millis>1780496615277</millis>
  <nanos>964300</nanos>
  <sequence>89</sequence>
  <level>RUN_DATA</level>
  <class>com.kms.katalon.core.logging.XmlKeywordLogger</class>
  <method>logMessage</method>
  <thread>1</thread>
  <message>browser = Chrome 148.0.7778.179</message>
  <nestedLevel>1</nestedLevel>
  <escapedJava>false</escapedJava>
  <property name="browser">Chrome 148.0.7778.179</property>
</record>
<record>
  <date>2026-06-03T14:23:35.277964300Z</date>
  <millis>1780496615277</millis>
  <nanos>964300</nanos>
  <sequence>90</sequence>
  <level>RUN_DATA</level>
  <class>com.kms.katalon.core.logging.XmlKeywordLogger</class>
  <method>logMessage</method>
  <thread>1</thread>
  <message>platform = Windows 11</message>
  <nestedLevel>1</nestedLevel>
  <escapedJava>false</escapedJava>
  <property name="platform">Windows 11</property>
</record>
<record>
  <date>2026-06-03T14:23:35.277964300Z</date>
  <millis>1780496615277</millis>
  <nanos>964300</nanos>
  <sequence>91</sequence>
  <level>RUN_DATA</level>
  <class>com.kms.katalon.core.logging.XmlKeywordLogger</class>
  <method>logMessage</method>
  <thread>1</thread>
  <message>seleniumVersion = 4.39.0</message>
  <nestedLevel>1</nestedLevel>
  <escapedJava>false</escapedJava>
  <property name="seleniumVersion">4.39.0</property>
</record>
<record>
  <date>2026-06-03T14:23:35.278964900Z</date>
  <millis>1780496615278</millis>
  <nanos>964900</nanos>
  <sequence>92</sequence>
  <level>RUN_DATA</level>
  <class>com.kms.katalon.core.logging.XmlKeywordLogger</class>
  <method>logMessage</method>
  <thread>1</thread>
  <message>proxyInformation = ProxyInformation { proxyOption=NO_PROXY, proxyServerType=HTTP, username=, password=********, proxyServerAddress=, proxyServerPort=0, executionList=&amp;quot;&amp;quot;, isApplyToDesiredCapabilities=true }</message>
  <nestedLevel>1</nestedLevel>
  <escapedJava>false</escapedJava>
  <property name="proxyInformation">ProxyInformation { proxyOption=NO_PROXY, proxyServerType=HTTP, username=, password=********, proxyServerAddress=, proxyServerPort=0, executionList=&quot;&quot;, isApplyToDesiredCapabilities=true }</property>
</record>
<record>
  <date>2026-06-03T14:23:35.291815Z</date>
  <millis>1780496615291</millis>
  <nanos>815000</nanos>
  <sequence>93</sequence>
  <level>PASSED</level>
  <class>com.kms.katalon.core.logging.XmlKeywordLogger</class>
  <method>logMessage</method>
  <thread>1</thread>
  <message>Browser is opened with url: &amp;apos;&amp;apos;</message>
  <nestedLevel>1</nestedLevel>
  <escapedJava>false</escapedJava>
  <property name="testops-method-name">com.kms.katalon.core.webui.keyword.builtin.OpenBrowserKeyword.openBrowser</property>
  <property name="testops-execution-stacktrace"></property>
</record>
<record>
  <date>2026-06-03T14:23:35.292821600Z</date>
  <millis>1780496615292</millis>
  <nanos>821600</nanos>
  <sequence>94</sequence>
  <level>END</level>
  <class>com.kms.katalon.core.logging.XmlKeywordLogger</class>
  <method>endKeyword</method>
  <thread>1</thread>
  <message>End action : openBrowser(&amp;quot;&amp;quot;)</message>
  <nestedLevel>1</nestedLevel>
  <escapedJava>false</escapedJava>
</record>
<record>
  <date>2026-06-03T14:23:35.292821600Z</date>
  <millis>1780496615292</millis>
  <nanos>821600</nanos>
  <sequence>95</sequence>
  <level>START</level>
  <class>com.kms.katalon.core.logging.XmlKeywordLogger</class>
  <method>startKeyword</method>
  <thread>1</thread>
  <message>Start action : navigateToUrl(base + &amp;quot;CartView.jsp&amp;quot;)</message>
  <nestedLevel>1</nestedLevel>
  <escapedJava>false</escapedJava>
  <property name="startLine">6</property>
  <property name="stepIndex">2</property>
</record>
<record>
  <date>2026-06-03T14:23:37.038337700Z</date>
  <millis>1780496617038</millis>
  <nanos>337700</nanos>
  <sequence>99</sequence>
  <level>PASSED</level>
  <class>com.kms.katalon.core.logging.XmlKeywordLogger</class>
  <method>logMessage</method>
  <thread>1</thread>
  <message>Navigate to &amp;apos;http://localhost:8080/Vaporant_IGES_war_exploded/CartView.jsp&amp;apos; successfully</message>
  <nestedLevel>1</nestedLevel>
  <escapedJava>false</escapedJava>
  <property name="testops-method-name">com.kms.katalon.core.webui.keyword.builtin.NavigateToUrlKeyword.navigateToUrl</property>
  <property name="testops-execution-stacktrace"></property>
</record>
<record>
  <date>2026-06-03T14:23:37.041337500Z</date>
  <millis>1780496617041</millis>
  <nanos>337500</nanos>
  <sequence>100</sequence>
  <level>END</level>
  <class>com.kms.katalon.core.logging.XmlKeywordLogger</class>
  <method>endKeyword</method>
  <thread>1</thread>
  <message>End action : navigateToUrl(base + &amp;quot;CartView.jsp&amp;quot;)</message>
  <nestedLevel>1</nestedLevel>
  <escapedJava>false</escapedJava>
</record>
<record>
  <date>2026-06-03T14:23:37.041337500Z</date>
  <millis>1780496617041</millis>
  <nanos>337500</nanos>
  <sequence>101</sequence>
  <level>START</level>
  <class>com.kms.katalon.core.logging.XmlKeywordLogger</class>
  <method>startKeyword</method>
  <thread>1</thread>
  <message>Start action : takeScreenshot()</message>
  <nestedLevel>1</nestedLevel>
  <escapedJava>false</escapedJava>
  <property name="startLine">7</property>
  <property name="stepIndex">3</property>
</record>
<record>
  <date>2026-06-03T14:23:37.323568600Z</date>
  <millis>1780496617323</millis>
  <nanos>568600</nanos>
  <sequence>104</sequence>
  <level>PASSED</level>
  <class>com.kms.katalon.core.logging.XmlKeywordLogger</class>
  <method>logMessage</method>
  <thread>1</thread>
  <message>Taking screenshot successfully</message>
  <nestedLevel>1</nestedLevel>
  <escapedJava>false</escapedJava>
  <property name="attachment">1780496617043.png</property>
  <property name="testops-method-name">com.kms.katalon.core.webui.keyword.builtin.TakeScreenshotKeyword.takeScreenshot</property>
  <property name="testops-execution-stacktrace"></property>
</record>
<record>
  <date>2026-06-03T14:23:37.324114900Z</date>
  <millis>1780496617324</millis>
  <nanos>114900</nanos>
  <sequence>105</sequence>
  <level>END</level>
  <class>com.kms.katalon.core.logging.XmlKeywordLogger</class>
  <method>endKeyword</method>
  <thread>1</thread>
  <message>End action : takeScreenshot()</message>
  <nestedLevel>1</nestedLevel>
  <escapedJava>false</escapedJava>
</record>
<record>
  <date>2026-06-03T14:23:37.324114900Z</date>
  <millis>1780496617324</millis>
  <nanos>114900</nanos>
  <sequence>106</sequence>
  <level>START</level>
  <class>com.kms.katalon.core.logging.XmlKeywordLogger</class>
  <method>startKeyword</method>
  <thread>1</thread>
  <message>Start action : verifyTextPresent(&amp;quot;0.00&amp;quot;, false)</message>
  <nestedLevel>1</nestedLevel>
  <escapedJava>false</escapedJava>
  <property name="startLine">8</property>
  <property name="stepIndex">4</property>
</record>
<record>
  <date>2026-06-03T14:23:37.584885800Z</date>
  <millis>1780496617584</millis>
  <nanos>885800</nanos>
  <sequence>110</sequence>
  <level>PASSED</level>
  <class>com.kms.katalon.core.logging.XmlKeywordLogger</class>
  <method>logMessage</method>
  <thread>1</thread>
  <message>Text &amp;apos;0.00&amp;apos; is present on page </message>
  <nestedLevel>1</nestedLevel>
  <escapedJava>false</escapedJava>
  <property name="testops-is-assertion">true</property>
  <property name="testops-method-name">com.kms.katalon.core.webui.keyword.builtin.VerifyTextPresentKeyword.verifyTextPresent</property>
  <property name="testops-execution-stacktrace"></property>
</record>
<record>
  <date>2026-06-03T14:23:37.585887300Z</date>
  <millis>1780496617585</millis>
  <nanos>887300</nanos>
  <sequence>111</sequence>
  <level>END</level>
  <class>com.kms.katalon.core.logging.XmlKeywordLogger</class>
  <method>endKeyword</method>
  <thread>1</thread>
  <message>End action : verifyTextPresent(&amp;quot;0.00&amp;quot;, false)</message>
  <nestedLevel>1</nestedLevel>
  <escapedJava>false</escapedJava>
</record>
<record>
  <date>2026-06-03T14:23:37.586886400Z</date>
  <millis>1780496617586</millis>
  <nanos>886400</nanos>
  <sequence>112</sequence>
  <level>START</level>
  <class>com.kms.katalon.core.logging.XmlKeywordLogger</class>
  <method>startKeyword</method>
  <thread>1</thread>
  <message>Start action : closeBrowser()</message>
  <nestedLevel>1</nestedLevel>
  <escapedJava>false</escapedJava>
  <property name="startLine">9</property>
  <property name="stepIndex">5</property>
</record>
<record>
  <date>2026-06-03T14:23:37.795588200Z</date>
  <millis>1780496617795</millis>
  <nanos>588200</nanos>
  <sequence>115</sequence>
  <level>PASSED</level>
  <class>com.kms.katalon.core.logging.XmlKeywordLogger</class>
  <method>logMessage</method>
  <thread>1</thread>
  <message>Browser is closed</message>
  <nestedLevel>1</nestedLevel>
  <escapedJava>false</escapedJava>
  <property name="testops-method-name">com.kms.katalon.core.webui.keyword.builtin.CloseBrowserKeyword.closeBrowser</property>
  <property name="testops-execution-stacktrace"></property>
</record>
<record>
  <date>2026-06-03T14:23:37.795588200Z</date>
  <millis>1780496617795</millis>
  <nanos>588200</nanos>
  <sequence>116</sequence>
  <level>END</level>
  <class>com.kms.katalon.core.logging.XmlKeywordLogger</class>
  <method>endKeyword</method>
  <thread>1</thread>
  <message>End action : closeBrowser()</message>
  <nestedLevel>1</nestedLevel>
  <escapedJava>false</escapedJava>
</record>
<record>
  <date>2026-06-03T14:23:37.795588200Z</date>
  <millis>1780496617795</millis>
  <nanos>588200</nanos>
  <sequence>117</sequence>
  <level>PASSED</level>
  <class>com.kms.katalon.core.logging.XmlKeywordLogger</class>
  <method>logMessage</method>
  <thread>1</thread>
  <message>Test Cases/Carrello/TC_5.1_2</message>
  <nestedLevel>1</nestedLevel>
  <escapedJava>false</escapedJava>
</record>
<record>
  <date>2026-06-03T14:23:37.796587600Z</date>
  <millis>1780496617796</millis>
  <nanos>587600</nanos>
  <sequence>118</sequence>
  <level>END</level>
  <class>com.kms.katalon.core.logging.XmlKeywordLogger</class>
  <method>endTest</method>
  <thread>1</thread>
  <message>End Test Case : Test Cases/Carrello/TC_5.1_2</message>
  <nestedLevel>0</nestedLevel>
  <escapedJava>false</escapedJava>
  <property name="executionBindingVariables">[]</property>
  <property name="applitools">false</property>
  <property name="remainingRetryCount">2</property>
  <property name="executedKeywords">{
  &quot;WebUI.closeBrowser&quot;: 1,
  &quot;WebUI.takeScreenshot&quot;: 1,
  &quot;WebUI.verifyTextPresent&quot;: 1,
  &quot;WebUI.navigateToUrl&quot;: 1,
  &quot;WebUI.openBrowser&quot;: 1
}</property>
  <property name="currentRetryCount">1</property>
  <property name="keywordsUsage">{
  &quot;web_ui&quot;: true,
  &quot;web_service&quot;: false,
  &quot;cucumber&quot;: false,
  &quot;builtin&quot;: false,
  &quot;mobile&quot;: false,
  &quot;windows&quot;: false,
  &quot;testng&quot;: false
}</property>
</record>
<record>
  <date>2026-06-03T14:23:37.799588600Z</date>
  <millis>1780496617799</millis>
  <nanos>588600</nanos>
  <sequence>119</sequence>
  <level>START</level>
  <class>com.kms.katalon.core.logging.XmlKeywordLogger</class>
  <method>startTest</method>
  <thread>1</thread>
  <message>Start Test Case : Test Cases/Carrello/TC_5.2_1</message>
  <nestedLevel>1</nestedLevel>
  <escapedJava>false</escapedJava>
  <property name="remainingRetryCount">3</property>
  <property name="origin"></property>
  <property name="name">Test Cases/Carrello/TC_5.2_1</property>
  <property name="description">Aggiungere al carrello un prodotto non ancora presente
URL cart?action=addC&amp;id=.. + verifica</property>
  <property name="iteration"></property>
  <property name="id">Test Cases/Carrello/TC_5.2_1</property>
  <property name="source">C:\Users\gianf\Documents\Vaporant-IGES\StorageSession\testing\katalon\Vaporant-Baseline\Test Cases\Carrello\TC_5.2_1.tc</property>
  <property name="tag"></property>
  <property name="isOptional">false</property>
  <property name="uuid">eea516bf-2708-4666-9fd4-a1dd63c812d6</property>
  <property name="currentRetryCount">0</property>
</record>
<record>
  <date>2026-06-03T14:23:37.804920Z</date>
  <millis>1780496617804</millis>
  <nanos>920000</nanos>
  <sequence>121</sequence>
  <level>RUN_DATA</level>
  <class>com.kms.katalon.core.logging.XmlKeywordLogger</class>
  <method>logMessage</method>
  <thread>1</thread>
  <message>executionBindingVariables = []</message>
  <nestedLevel>1</nestedLevel>
  <escapedJava>false</escapedJava>
  <property name="executionBindingVariables">[]</property>
</record>
<record>
  <date>2026-06-03T14:23:37.828013800Z</date>
  <millis>1780496617828</millis>
  <nanos>13800</nanos>
  <sequence>122</sequence>
  <level>START</level>
  <class>com.kms.katalon.core.logging.XmlKeywordLogger</class>
  <method>startKeyword</method>
  <thread>1</thread>
  <message>Start action : openBrowser(&amp;quot;&amp;quot;)</message>
  <nestedLevel>1</nestedLevel>
  <escapedJava>false</escapedJava>
  <property name="startLine">5</property>
  <property name="stepIndex">1</property>
</record>
<record>
  <date>2026-06-03T14:23:37.830014300Z</date>
  <millis>1780496617830</millis>
  <nanos>14300</nanos>
  <sequence>125</sequence>
  <level>INFO</level>
  <class>com.kms.katalon.core.logging.XmlKeywordLogger</class>
  <method>logMessage</method>
  <thread>1</thread>
  <message>Starting &amp;apos;Chrome&amp;apos; driver</message>
  <nestedLevel>1</nestedLevel>
  <escapedJava>false</escapedJava>
</record>
<record>
  <date>2026-06-03T14:23:37.832014500Z</date>
  <millis>1780496617832</millis>
  <nanos>14500</nanos>
  <sequence>126</sequence>
  <level>INFO</level>
  <class>com.kms.katalon.core.logging.XmlKeywordLogger</class>
  <method>logMessage</method>
  <thread>1</thread>
  <message>Action delay is set to 0 milliseconds</message>
  <nestedLevel>1</nestedLevel>
  <escapedJava>false</escapedJava>
</record>
<record>
  <date>2026-06-03T14:23:38.403888600Z</date>
  <millis>1780496618403</millis>
  <nanos>888600</nanos>
  <sequence>128</sequence>
  <level>RUN_DATA</level>
  <class>com.kms.katalon.core.logging.XmlKeywordLogger</class>
  <method>logMessage</method>
  <thread>1</thread>
  <message>sessionId = 60ed90b3f5c76016dadbccea0eaecc85</message>
  <nestedLevel>1</nestedLevel>
  <escapedJava>false</escapedJava>
  <property name="sessionId">60ed90b3f5c76016dadbccea0eaecc85</property>
</record>
<record>
  <date>2026-06-03T14:23:38.404891900Z</date>
  <millis>1780496618404</millis>
  <nanos>891900</nanos>
  <sequence>129</sequence>
  <level>RUN_DATA</level>
  <class>com.kms.katalon.core.logging.XmlKeywordLogger</class>
  <method>logMessage</method>
  <thread>1</thread>
  <message>browser = Chrome 148.0.7778.179</message>
  <nestedLevel>1</nestedLevel>
  <escapedJava>false</escapedJava>
  <property name="browser">Chrome 148.0.7778.179</property>
</record>
<record>
  <date>2026-06-03T14:23:38.404891900Z</date>
  <millis>1780496618404</millis>
  <nanos>891900</nanos>
  <sequence>130</sequence>
  <level>RUN_DATA</level>
  <class>com.kms.katalon.core.logging.XmlKeywordLogger</class>
  <method>logMessage</method>
  <thread>1</thread>
  <message>platform = Windows 11</message>
  <nestedLevel>1</nestedLevel>
  <escapedJava>false</escapedJava>
  <property name="platform">Windows 11</property>
</record>
<record>
  <date>2026-06-03T14:23:38.405641400Z</date>
  <millis>1780496618405</millis>
  <nanos>641400</nanos>
  <sequence>131</sequence>
  <level>RUN_DATA</level>
  <class>com.kms.katalon.core.logging.XmlKeywordLogger</class>
  <method>logMessage</method>
  <thread>1</thread>
  <message>seleniumVersion = 4.39.0</message>
  <nestedLevel>1</nestedLevel>
  <escapedJava>false</escapedJava>
  <property name="seleniumVersion">4.39.0</property>
</record>
<record>
  <date>2026-06-03T14:23:38.406150900Z</date>
  <millis>1780496618406</millis>
  <nanos>150900</nanos>
  <sequence>132</sequence>
  <level>RUN_DATA</level>
  <class>com.kms.katalon.core.logging.XmlKeywordLogger</class>
  <method>logMessage</method>
  <thread>1</thread>
  <message>proxyInformation = ProxyInformation { proxyOption=NO_PROXY, proxyServerType=HTTP, username=, password=********, proxyServerAddress=, proxyServerPort=0, executionList=&amp;quot;&amp;quot;, isApplyToDesiredCapabilities=true }</message>
  <nestedLevel>1</nestedLevel>
  <escapedJava>false</escapedJava>
  <property name="proxyInformation">ProxyInformation { proxyOption=NO_PROXY, proxyServerType=HTTP, username=, password=********, proxyServerAddress=, proxyServerPort=0, executionList=&quot;&quot;, isApplyToDesiredCapabilities=true }</property>
</record>
<record>
  <date>2026-06-03T14:23:38.417660900Z</date>
  <millis>1780496618417</millis>
  <nanos>660900</nanos>
  <sequence>133</sequence>
  <level>PASSED</level>
  <class>com.kms.katalon.core.logging.XmlKeywordLogger</class>
  <method>logMessage</method>
  <thread>1</thread>
  <message>Browser is opened with url: &amp;apos;&amp;apos;</message>
  <nestedLevel>1</nestedLevel>
  <escapedJava>false</escapedJava>
  <property name="testops-method-name">com.kms.katalon.core.webui.keyword.builtin.OpenBrowserKeyword.openBrowser</property>
  <property name="testops-execution-stacktrace"></property>
</record>
<record>
  <date>2026-06-03T14:23:38.418660800Z</date>
  <millis>1780496618418</millis>
  <nanos>660800</nanos>
  <sequence>134</sequence>
  <level>END</level>
  <class>com.kms.katalon.core.logging.XmlKeywordLogger</class>
  <method>endKeyword</method>
  <thread>1</thread>
  <message>End action : openBrowser(&amp;quot;&amp;quot;)</message>
  <nestedLevel>1</nestedLevel>
  <escapedJava>false</escapedJava>
</record>
<record>
  <date>2026-06-03T14:23:38.418660800Z</date>
  <millis>1780496618418</millis>
  <nanos>660800</nanos>
  <sequence>135</sequence>
  <level>START</level>
  <class>com.kms.katalon.core.logging.XmlKeywordLogger</class>
  <method>startKeyword</method>
  <thread>1</thread>
  <message>Start action : navigateToUrl(base + &amp;quot;cart?action=addC&amp;amp;id=2&amp;quot;)</message>
  <nestedLevel>1</nestedLevel>
  <escapedJava>false</escapedJava>
  <property name="startLine">6</property>
  <property name="stepIndex">2</property>
</record>
<record>
  <date>2026-06-03T14:23:39.309051200Z</date>
  <millis>1780496619309</millis>
  <nanos>51200</nanos>
  <sequence>139</sequence>
  <level>PASSED</level>
  <class>com.kms.katalon.core.logging.XmlKeywordLogger</class>
  <method>logMessage</method>
  <thread>1</thread>
  <message>Navigate to &amp;apos;http://localhost:8080/Vaporant_IGES_war_exploded/cart?action=addC&amp;amp;id=2&amp;apos; successfully</message>
  <nestedLevel>1</nestedLevel>
  <escapedJava>false</escapedJava>
  <property name="testops-method-name">com.kms.katalon.core.webui.keyword.builtin.NavigateToUrlKeyword.navigateToUrl</property>
  <property name="testops-execution-stacktrace"></property>
</record>
<record>
  <date>2026-06-03T14:23:39.310051200Z</date>
  <millis>1780496619310</millis>
  <nanos>51200</nanos>
  <sequence>140</sequence>
  <level>END</level>
  <class>com.kms.katalon.core.logging.XmlKeywordLogger</class>
  <method>endKeyword</method>
  <thread>1</thread>
  <message>End action : navigateToUrl(base + &amp;quot;cart?action=addC&amp;amp;id=2&amp;quot;)</message>
  <nestedLevel>1</nestedLevel>
  <escapedJava>false</escapedJava>
</record>
<record>
  <date>2026-06-03T14:23:39.311053100Z</date>
  <millis>1780496619311</millis>
  <nanos>53100</nanos>
  <sequence>141</sequence>
  <level>START</level>
  <class>com.kms.katalon.core.logging.XmlKeywordLogger</class>
  <method>startKeyword</method>
  <thread>1</thread>
  <message>Start action : navigateToUrl(base + &amp;quot;CartView.jsp&amp;quot;)</message>
  <nestedLevel>1</nestedLevel>
  <escapedJava>false</escapedJava>
  <property name="startLine">7</property>
  <property name="stepIndex">3</property>
</record>
<record>
  <date>2026-06-03T14:23:39.392761600Z</date>
  <millis>1780496619392</millis>
  <nanos>761600</nanos>
  <sequence>145</sequence>
  <level>PASSED</level>
  <class>com.kms.katalon.core.logging.XmlKeywordLogger</class>
  <method>logMessage</method>
  <thread>1</thread>
  <message>Navigate to &amp;apos;http://localhost:8080/Vaporant_IGES_war_exploded/CartView.jsp&amp;apos; successfully</message>
  <nestedLevel>1</nestedLevel>
  <escapedJava>false</escapedJava>
  <property name="testops-method-name">com.kms.katalon.core.webui.keyword.builtin.NavigateToUrlKeyword.navigateToUrl</property>
  <property name="testops-execution-stacktrace"></property>
</record>
<record>
  <date>2026-06-03T14:23:39.394770900Z</date>
  <millis>1780496619394</millis>
  <nanos>770900</nanos>
  <sequence>146</sequence>
  <level>END</level>
  <class>com.kms.katalon.core.logging.XmlKeywordLogger</class>
  <method>endKeyword</method>
  <thread>1</thread>
  <message>End action : navigateToUrl(base + &amp;quot;CartView.jsp&amp;quot;)</message>
  <nestedLevel>1</nestedLevel>
  <escapedJava>false</escapedJava>
</record>
<record>
  <date>2026-06-03T14:23:39.394770900Z</date>
  <millis>1780496619394</millis>
  <nanos>770900</nanos>
  <sequence>147</sequence>
  <level>START</level>
  <class>com.kms.katalon.core.logging.XmlKeywordLogger</class>
  <method>startKeyword</method>
  <thread>1</thread>
  <message>Start action : takeScreenshot()</message>
  <nestedLevel>1</nestedLevel>
  <escapedJava>false</escapedJava>
  <property name="startLine">8</property>
  <property name="stepIndex">4</property>
</record>
<record>
  <date>2026-06-03T14:23:39.898691200Z</date>
  <millis>1780496619898</millis>
  <nanos>691200</nanos>
  <sequence>150</sequence>
  <level>PASSED</level>
  <class>com.kms.katalon.core.logging.XmlKeywordLogger</class>
  <method>logMessage</method>
  <thread>1</thread>
  <message>Taking screenshot successfully</message>
  <nestedLevel>1</nestedLevel>
  <escapedJava>false</escapedJava>
  <property name="attachment">1780496619396.png</property>
  <property name="testops-method-name">com.kms.katalon.core.webui.keyword.builtin.TakeScreenshotKeyword.takeScreenshot</property>
  <property name="testops-execution-stacktrace"></property>
</record>
<record>
  <date>2026-06-03T14:23:39.899401300Z</date>
  <millis>1780496619899</millis>
  <nanos>401300</nanos>
  <sequence>151</sequence>
  <level>END</level>
  <class>com.kms.katalon.core.logging.XmlKeywordLogger</class>
  <method>endKeyword</method>
  <thread>1</thread>
  <message>End action : takeScreenshot()</message>
  <nestedLevel>1</nestedLevel>
  <escapedJava>false</escapedJava>
</record>
<record>
  <date>2026-06-03T14:23:39.899401300Z</date>
  <millis>1780496619899</millis>
  <nanos>401300</nanos>
  <sequence>152</sequence>
  <level>START</level>
  <class>com.kms.katalon.core.logging.XmlKeywordLogger</class>
  <method>startKeyword</method>
  <thread>1</thread>
  <message>Start action : verifyTextPresent(&amp;quot;kiwi&amp;quot;, false)</message>
  <nestedLevel>1</nestedLevel>
  <escapedJava>false</escapedJava>
  <property name="startLine">9</property>
  <property name="stepIndex">5</property>
</record>
<record>
  <date>2026-06-03T14:23:40.150590800Z</date>
  <millis>1780496620150</millis>
  <nanos>590800</nanos>
  <sequence>156</sequence>
  <level>PASSED</level>
  <class>com.kms.katalon.core.logging.XmlKeywordLogger</class>
  <method>logMessage</method>
  <thread>1</thread>
  <message>Text &amp;apos;kiwi&amp;apos; is present on page </message>
  <nestedLevel>1</nestedLevel>
  <escapedJava>false</escapedJava>
  <property name="testops-is-assertion">true</property>
  <property name="testops-method-name">com.kms.katalon.core.webui.keyword.builtin.VerifyTextPresentKeyword.verifyTextPresent</property>
  <property name="testops-execution-stacktrace"></property>
</record>
<record>
  <date>2026-06-03T14:23:40.151589800Z</date>
  <millis>1780496620151</millis>
  <nanos>589800</nanos>
  <sequence>157</sequence>
  <level>END</level>
  <class>com.kms.katalon.core.logging.XmlKeywordLogger</class>
  <method>endKeyword</method>
  <thread>1</thread>
  <message>End action : verifyTextPresent(&amp;quot;kiwi&amp;quot;, false)</message>
  <nestedLevel>1</nestedLevel>
  <escapedJava>false</escapedJava>
</record>
<record>
  <date>2026-06-03T14:23:40.151589800Z</date>
  <millis>1780496620151</millis>
  <nanos>589800</nanos>
  <sequence>158</sequence>
  <level>START</level>
  <class>com.kms.katalon.core.logging.XmlKeywordLogger</class>
  <method>startKeyword</method>
  <thread>1</thread>
  <message>Start action : closeBrowser()</message>
  <nestedLevel>1</nestedLevel>
  <escapedJava>false</escapedJava>
  <property name="startLine">10</property>
  <property name="stepIndex">6</property>
</record>
<record>
  <date>2026-06-03T14:23:40.297620Z</date>
  <millis>1780496620297</millis>
  <nanos>620000</nanos>
  <sequence>161</sequence>
  <level>PASSED</level>
  <class>com.kms.katalon.core.logging.XmlKeywordLogger</class>
  <method>logMessage</method>
  <thread>1</thread>
  <message>Browser is closed</message>
  <nestedLevel>1</nestedLevel>
  <escapedJava>false</escapedJava>
  <property name="testops-method-name">com.kms.katalon.core.webui.keyword.builtin.CloseBrowserKeyword.closeBrowser</property>
  <property name="testops-execution-stacktrace"></property>
</record>
<record>
  <date>2026-06-03T14:23:40.297620Z</date>
  <millis>1780496620297</millis>
  <nanos>620000</nanos>
  <sequence>162</sequence>
  <level>END</level>
  <class>com.kms.katalon.core.logging.XmlKeywordLogger</class>
  <method>endKeyword</method>
  <thread>1</thread>
  <message>End action : closeBrowser()</message>
  <nestedLevel>1</nestedLevel>
  <escapedJava>false</escapedJava>
</record>
<record>
  <date>2026-06-03T14:23:40.297620Z</date>
  <millis>1780496620297</millis>
  <nanos>620000</nanos>
  <sequence>163</sequence>
  <level>PASSED</level>
  <class>com.kms.katalon.core.logging.XmlKeywordLogger</class>
  <method>logMessage</method>
  <thread>1</thread>
  <message>Test Cases/Carrello/TC_5.2_1</message>
  <nestedLevel>1</nestedLevel>
  <escapedJava>false</escapedJava>
</record>
<record>
  <date>2026-06-03T14:23:40.298620200Z</date>
  <millis>1780496620298</millis>
  <nanos>620200</nanos>
  <sequence>164</sequence>
  <level>END</level>
  <class>com.kms.katalon.core.logging.XmlKeywordLogger</class>
  <method>endTest</method>
  <thread>1</thread>
  <message>End Test Case : Test Cases/Carrello/TC_5.2_1</message>
  <nestedLevel>0</nestedLevel>
  <escapedJava>false</escapedJava>
  <property name="executionBindingVariables">[]</property>
  <property name="applitools">false</property>
  <property name="remainingRetryCount">3</property>
  <property name="executedKeywords">{
  &quot;WebUI.closeBrowser&quot;: 1,
  &quot;WebUI.takeScreenshot&quot;: 1,
  &quot;WebUI.verifyTextPresent&quot;: 1,
  &quot;WebUI.navigateToUrl&quot;: 2,
  &quot;WebUI.openBrowser&quot;: 1
}</property>
  <property name="currentRetryCount">0</property>
  <property name="keywordsUsage">{
  &quot;web_ui&quot;: true,
  &quot;web_service&quot;: false,
  &quot;cucumber&quot;: false,
  &quot;builtin&quot;: false,
  &quot;mobile&quot;: false,
  &quot;windows&quot;: false,
  &quot;testng&quot;: false
}</property>
</record>
<record>
  <date>2026-06-03T14:23:40.300620Z</date>
  <millis>1780496620300</millis>
  <nanos>620000</nanos>
  <sequence>165</sequence>
  <level>START</level>
  <class>com.kms.katalon.core.logging.XmlKeywordLogger</class>
  <method>startTest</method>
  <thread>1</thread>
  <message>Start Test Case : Test Cases/Carrello/TC_5.2_2</message>
  <nestedLevel>1</nestedLevel>
  <escapedJava>false</escapedJava>
  <property name="remainingRetryCount">3</property>
  <property name="origin"></property>
  <property name="name">Test Cases/Carrello/TC_5.2_2</property>
  <property name="description">Aggiungere un prodotto già presente (sotto la disponibilità)
URL cart?action=addC&amp;id=.. + verifica</property>
  <property name="iteration"></property>
  <property name="id">Test Cases/Carrello/TC_5.2_2</property>
  <property name="source">C:\Users\gianf\Documents\Vaporant-IGES\StorageSession\testing\katalon\Vaporant-Baseline\Test Cases\Carrello\TC_5.2_2.tc</property>
  <property name="tag"></property>
  <property name="isOptional">false</property>
  <property name="uuid">772a7846-d180-4769-b02c-b0937cb37bf6</property>
  <property name="currentRetryCount">0</property>
</record>
<record>
  <date>2026-06-03T14:23:40.304907400Z</date>
  <millis>1780496620304</millis>
  <nanos>907400</nanos>
  <sequence>167</sequence>
  <level>RUN_DATA</level>
  <class>com.kms.katalon.core.logging.XmlKeywordLogger</class>
  <method>logMessage</method>
  <thread>1</thread>
  <message>executionBindingVariables = []</message>
  <nestedLevel>1</nestedLevel>
  <escapedJava>false</escapedJava>
  <property name="executionBindingVariables">[]</property>
</record>
<record>
  <date>2026-06-03T14:23:40.326212800Z</date>
  <millis>1780496620326</millis>
  <nanos>212800</nanos>
  <sequence>168</sequence>
  <level>START</level>
  <class>com.kms.katalon.core.logging.XmlKeywordLogger</class>
  <method>startKeyword</method>
  <thread>1</thread>
  <message>Start action : openBrowser(&amp;quot;&amp;quot;)</message>
  <nestedLevel>1</nestedLevel>
  <escapedJava>false</escapedJava>
  <property name="startLine">5</property>
  <property name="stepIndex">1</property>
</record>
<record>
  <date>2026-06-03T14:23:40.327210300Z</date>
  <millis>1780496620327</millis>
  <nanos>210300</nanos>
  <sequence>171</sequence>
  <level>INFO</level>
  <class>com.kms.katalon.core.logging.XmlKeywordLogger</class>
  <method>logMessage</method>
  <thread>1</thread>
  <message>Starting &amp;apos;Chrome&amp;apos; driver</message>
  <nestedLevel>1</nestedLevel>
  <escapedJava>false</escapedJava>
</record>
<record>
  <date>2026-06-03T14:23:40.329210400Z</date>
  <millis>1780496620329</millis>
  <nanos>210400</nanos>
  <sequence>172</sequence>
  <level>INFO</level>
  <class>com.kms.katalon.core.logging.XmlKeywordLogger</class>
  <method>logMessage</method>
  <thread>1</thread>
  <message>Action delay is set to 0 milliseconds</message>
  <nestedLevel>1</nestedLevel>
  <escapedJava>false</escapedJava>
</record>
<record>
  <date>2026-06-03T14:23:41.077919200Z</date>
  <millis>1780496621077</millis>
  <nanos>919200</nanos>
  <sequence>174</sequence>
  <level>RUN_DATA</level>
  <class>com.kms.katalon.core.logging.XmlKeywordLogger</class>
  <method>logMessage</method>
  <thread>1</thread>
  <message>sessionId = cdae81e9d75b44676f7cd34d798b2891</message>
  <nestedLevel>1</nestedLevel>
  <escapedJava>false</escapedJava>
  <property name="sessionId">cdae81e9d75b44676f7cd34d798b2891</property>
</record>
<record>
  <date>2026-06-03T14:23:41.078246100Z</date>
  <millis>1780496621078</millis>
  <nanos>246100</nanos>
  <sequence>175</sequence>
  <level>RUN_DATA</level>
  <class>com.kms.katalon.core.logging.XmlKeywordLogger</class>
  <method>logMessage</method>
  <thread>1</thread>
  <message>browser = Chrome 148.0.7778.179</message>
  <nestedLevel>1</nestedLevel>
  <escapedJava>false</escapedJava>
  <property name="browser">Chrome 148.0.7778.179</property>
</record>
<record>
  <date>2026-06-03T14:23:41.078246100Z</date>
  <millis>1780496621078</millis>
  <nanos>246100</nanos>
  <sequence>176</sequence>
  <level>RUN_DATA</level>
  <class>com.kms.katalon.core.logging.XmlKeywordLogger</class>
  <method>logMessage</method>
  <thread>1</thread>
  <message>platform = Windows 11</message>
  <nestedLevel>1</nestedLevel>
  <escapedJava>false</escapedJava>
  <property name="platform">Windows 11</property>
</record>
<record>
  <date>2026-06-03T14:23:41.078246100Z</date>
  <millis>1780496621078</millis>
  <nanos>246100</nanos>
  <sequence>177</sequence>
  <level>RUN_DATA</level>
  <class>com.kms.katalon.core.logging.XmlKeywordLogger</class>
  <method>logMessage</method>
  <thread>1</thread>
  <message>seleniumVersion = 4.39.0</message>
  <nestedLevel>1</nestedLevel>
  <escapedJava>false</escapedJava>
  <property name="seleniumVersion">4.39.0</property>
</record>
<record>
  <date>2026-06-03T14:23:41.078246100Z</date>
  <millis>1780496621078</millis>
  <nanos>246100</nanos>
  <sequence>178</sequence>
  <level>RUN_DATA</level>
  <class>com.kms.katalon.core.logging.XmlKeywordLogger</class>
  <method>logMessage</method>
  <thread>1</thread>
  <message>proxyInformation = ProxyInformation { proxyOption=NO_PROXY, proxyServerType=HTTP, username=, password=********, proxyServerAddress=, proxyServerPort=0, executionList=&amp;quot;&amp;quot;, isApplyToDesiredCapabilities=true }</message>
  <nestedLevel>1</nestedLevel>
  <escapedJava>false</escapedJava>
  <property name="proxyInformation">ProxyInformation { proxyOption=NO_PROXY, proxyServerType=HTTP, username=, password=********, proxyServerAddress=, proxyServerPort=0, executionList=&quot;&quot;, isApplyToDesiredCapabilities=true }</property>
</record>
<record>
  <date>2026-06-03T14:23:41.089443200Z</date>
  <millis>1780496621089</millis>
  <nanos>443200</nanos>
  <sequence>179</sequence>
  <level>PASSED</level>
  <class>com.kms.katalon.core.logging.XmlKeywordLogger</class>
  <method>logMessage</method>
  <thread>1</thread>
  <message>Browser is opened with url: &amp;apos;&amp;apos;</message>
  <nestedLevel>1</nestedLevel>
  <escapedJava>false</escapedJava>
  <property name="testops-method-name">com.kms.katalon.core.webui.keyword.builtin.OpenBrowserKeyword.openBrowser</property>
  <property name="testops-execution-stacktrace"></property>
</record>
<record>
  <date>2026-06-03T14:23:41.089443200Z</date>
  <millis>1780496621089</millis>
  <nanos>443200</nanos>
  <sequence>180</sequence>
  <level>END</level>
  <class>com.kms.katalon.core.logging.XmlKeywordLogger</class>
  <method>endKeyword</method>
  <thread>1</thread>
  <message>End action : openBrowser(&amp;quot;&amp;quot;)</message>
  <nestedLevel>1</nestedLevel>
  <escapedJava>false</escapedJava>
</record>
<record>
  <date>2026-06-03T14:23:41.090711500Z</date>
  <millis>1780496621090</millis>
  <nanos>711500</nanos>
  <sequence>181</sequence>
  <level>START</level>
  <class>com.kms.katalon.core.logging.XmlKeywordLogger</class>
  <method>startKeyword</method>
  <thread>1</thread>
  <message>Start action : navigateToUrl(base + &amp;quot;cart?action=addC&amp;amp;id=2&amp;quot;)</message>
  <nestedLevel>1</nestedLevel>
  <escapedJava>false</escapedJava>
  <property name="startLine">6</property>
  <property name="stepIndex">2</property>
</record>
<record>
  <date>2026-06-03T14:23:41.965413300Z</date>
  <millis>1780496621965</millis>
  <nanos>413300</nanos>
  <sequence>185</sequence>
  <level>PASSED</level>
  <class>com.kms.katalon.core.logging.XmlKeywordLogger</class>
  <method>logMessage</method>
  <thread>1</thread>
  <message>Navigate to &amp;apos;http://localhost:8080/Vaporant_IGES_war_exploded/cart?action=addC&amp;amp;id=2&amp;apos; successfully</message>
  <nestedLevel>1</nestedLevel>
  <escapedJava>false</escapedJava>
  <property name="testops-method-name">com.kms.katalon.core.webui.keyword.builtin.NavigateToUrlKeyword.navigateToUrl</property>
  <property name="testops-execution-stacktrace"></property>
</record>
<record>
  <date>2026-06-03T14:23:41.965413300Z</date>
  <millis>1780496621965</millis>
  <nanos>413300</nanos>
  <sequence>186</sequence>
  <level>END</level>
  <class>com.kms.katalon.core.logging.XmlKeywordLogger</class>
  <method>endKeyword</method>
  <thread>1</thread>
  <message>End action : navigateToUrl(base + &amp;quot;cart?action=addC&amp;amp;id=2&amp;quot;)</message>
  <nestedLevel>1</nestedLevel>
  <escapedJava>false</escapedJava>
</record>
<record>
  <date>2026-06-03T14:23:41.967264700Z</date>
  <millis>1780496621967</millis>
  <nanos>264700</nanos>
  <sequence>187</sequence>
  <level>START</level>
  <class>com.kms.katalon.core.logging.XmlKeywordLogger</class>
  <method>startKeyword</method>
  <thread>1</thread>
  <message>Start action : navigateToUrl(base + &amp;quot;cart?action=addC&amp;amp;id=2&amp;quot;)</message>
  <nestedLevel>1</nestedLevel>
  <escapedJava>false</escapedJava>
  <property name="startLine">7</property>
  <property name="stepIndex">3</property>
</record>
<record>
  <date>2026-06-03T14:23:42.013559900Z</date>
  <millis>1780496622013</millis>
  <nanos>559900</nanos>
  <sequence>191</sequence>
  <level>PASSED</level>
  <class>com.kms.katalon.core.logging.XmlKeywordLogger</class>
  <method>logMessage</method>
  <thread>1</thread>
  <message>Navigate to &amp;apos;http://localhost:8080/Vaporant_IGES_war_exploded/cart?action=addC&amp;amp;id=2&amp;apos; successfully</message>
  <nestedLevel>1</nestedLevel>
  <escapedJava>false</escapedJava>
  <property name="testops-method-name">com.kms.katalon.core.webui.keyword.builtin.NavigateToUrlKeyword.navigateToUrl</property>
  <property name="testops-execution-stacktrace"></property>
</record>
<record>
  <date>2026-06-03T14:23:42.013939900Z</date>
  <millis>1780496622013</millis>
  <nanos>939900</nanos>
  <sequence>192</sequence>
  <level>END</level>
  <class>com.kms.katalon.core.logging.XmlKeywordLogger</class>
  <method>endKeyword</method>
  <thread>1</thread>
  <message>End action : navigateToUrl(base + &amp;quot;cart?action=addC&amp;amp;id=2&amp;quot;)</message>
  <nestedLevel>1</nestedLevel>
  <escapedJava>false</escapedJava>
</record>
<record>
  <date>2026-06-03T14:23:42.014971Z</date>
  <millis>1780496622014</millis>
  <nanos>971000</nanos>
  <sequence>193</sequence>
  <level>START</level>
  <class>com.kms.katalon.core.logging.XmlKeywordLogger</class>
  <method>startKeyword</method>
  <thread>1</thread>
  <message>Start action : navigateToUrl(base + &amp;quot;CartView.jsp&amp;quot;)</message>
  <nestedLevel>1</nestedLevel>
  <escapedJava>false</escapedJava>
  <property name="startLine">8</property>
  <property name="stepIndex">4</property>
</record>
<record>
  <date>2026-06-03T14:23:42.038828200Z</date>
  <millis>1780496622038</millis>
  <nanos>828200</nanos>
  <sequence>197</sequence>
  <level>PASSED</level>
  <class>com.kms.katalon.core.logging.XmlKeywordLogger</class>
  <method>logMessage</method>
  <thread>1</thread>
  <message>Navigate to &amp;apos;http://localhost:8080/Vaporant_IGES_war_exploded/CartView.jsp&amp;apos; successfully</message>
  <nestedLevel>1</nestedLevel>
  <escapedJava>false</escapedJava>
  <property name="testops-method-name">com.kms.katalon.core.webui.keyword.builtin.NavigateToUrlKeyword.navigateToUrl</property>
  <property name="testops-execution-stacktrace"></property>
</record>
<record>
  <date>2026-06-03T14:23:42.039557300Z</date>
  <millis>1780496622039</millis>
  <nanos>557300</nanos>
  <sequence>198</sequence>
  <level>END</level>
  <class>com.kms.katalon.core.logging.XmlKeywordLogger</class>
  <method>endKeyword</method>
  <thread>1</thread>
  <message>End action : navigateToUrl(base + &amp;quot;CartView.jsp&amp;quot;)</message>
  <nestedLevel>1</nestedLevel>
  <escapedJava>false</escapedJava>
</record>
<record>
  <date>2026-06-03T14:23:42.039557300Z</date>
  <millis>1780496622039</millis>
  <nanos>557300</nanos>
  <sequence>199</sequence>
  <level>START</level>
  <class>com.kms.katalon.core.logging.XmlKeywordLogger</class>
  <method>startKeyword</method>
  <thread>1</thread>
  <message>Start action : takeScreenshot()</message>
  <nestedLevel>1</nestedLevel>
  <escapedJava>false</escapedJava>
  <property name="startLine">9</property>
  <property name="stepIndex">5</property>
</record>
<record>
  <date>2026-06-03T14:23:42.519254700Z</date>
  <millis>1780496622519</millis>
  <nanos>254700</nanos>
  <sequence>202</sequence>
  <level>PASSED</level>
  <class>com.kms.katalon.core.logging.XmlKeywordLogger</class>
  <method>logMessage</method>
  <thread>1</thread>
  <message>Taking screenshot successfully</message>
  <nestedLevel>1</nestedLevel>
  <escapedJava>false</escapedJava>
  <property name="attachment">1780496622040.png</property>
  <property name="testops-method-name">com.kms.katalon.core.webui.keyword.builtin.TakeScreenshotKeyword.takeScreenshot</property>
  <property name="testops-execution-stacktrace"></property>
</record>
<record>
  <date>2026-06-03T14:23:42.520301Z</date>
  <millis>1780496622520</millis>
  <nanos>301000</nanos>
  <sequence>203</sequence>
  <level>END</level>
  <class>com.kms.katalon.core.logging.XmlKeywordLogger</class>
  <method>endKeyword</method>
  <thread>1</thread>
  <message>End action : takeScreenshot()</message>
  <nestedLevel>1</nestedLevel>
  <escapedJava>false</escapedJava>
</record>
<record>
  <date>2026-06-03T14:23:42.520301Z</date>
  <millis>1780496622520</millis>
  <nanos>301000</nanos>
  <sequence>204</sequence>
  <level>START</level>
  <class>com.kms.katalon.core.logging.XmlKeywordLogger</class>
  <method>startKeyword</method>
  <thread>1</thread>
  <message>Start action : verifyTextPresent(&amp;quot;kiwi&amp;quot;, false)</message>
  <nestedLevel>1</nestedLevel>
  <escapedJava>false</escapedJava>
  <property name="startLine">10</property>
  <property name="stepIndex">6</property>
</record>
<record>
  <date>2026-06-03T14:23:42.760559400Z</date>
  <millis>1780496622760</millis>
  <nanos>559400</nanos>
  <sequence>208</sequence>
  <level>PASSED</level>
  <class>com.kms.katalon.core.logging.XmlKeywordLogger</class>
  <method>logMessage</method>
  <thread>1</thread>
  <message>Text &amp;apos;kiwi&amp;apos; is present on page </message>
  <nestedLevel>1</nestedLevel>
  <escapedJava>false</escapedJava>
  <property name="testops-is-assertion">true</property>
  <property name="testops-method-name">com.kms.katalon.core.webui.keyword.builtin.VerifyTextPresentKeyword.verifyTextPresent</property>
  <property name="testops-execution-stacktrace"></property>
</record>
<record>
  <date>2026-06-03T14:23:42.760559400Z</date>
  <millis>1780496622760</millis>
  <nanos>559400</nanos>
  <sequence>209</sequence>
  <level>END</level>
  <class>com.kms.katalon.core.logging.XmlKeywordLogger</class>
  <method>endKeyword</method>
  <thread>1</thread>
  <message>End action : verifyTextPresent(&amp;quot;kiwi&amp;quot;, false)</message>
  <nestedLevel>1</nestedLevel>
  <escapedJava>false</escapedJava>
</record>
<record>
  <date>2026-06-03T14:23:42.760559400Z</date>
  <millis>1780496622760</millis>
  <nanos>559400</nanos>
  <sequence>210</sequence>
  <level>START</level>
  <class>com.kms.katalon.core.logging.XmlKeywordLogger</class>
  <method>startKeyword</method>
  <thread>1</thread>
  <message>Start action : closeBrowser()</message>
  <nestedLevel>1</nestedLevel>
  <escapedJava>false</escapedJava>
  <property name="startLine">11</property>
  <property name="stepIndex">7</property>
</record>
<record>
  <date>2026-06-03T14:23:42.918161Z</date>
  <millis>1780496622918</millis>
  <nanos>161000</nanos>
  <sequence>213</sequence>
  <level>PASSED</level>
  <class>com.kms.katalon.core.logging.XmlKeywordLogger</class>
  <method>logMessage</method>
  <thread>1</thread>
  <message>Browser is closed</message>
  <nestedLevel>1</nestedLevel>
  <escapedJava>false</escapedJava>
  <property name="testops-method-name">com.kms.katalon.core.webui.keyword.builtin.CloseBrowserKeyword.closeBrowser</property>
  <property name="testops-execution-stacktrace"></property>
</record>
<record>
  <date>2026-06-03T14:23:42.918161Z</date>
  <millis>1780496622918</millis>
  <nanos>161000</nanos>
  <sequence>214</sequence>
  <level>END</level>
  <class>com.kms.katalon.core.logging.XmlKeywordLogger</class>
  <method>endKeyword</method>
  <thread>1</thread>
  <message>End action : closeBrowser()</message>
  <nestedLevel>1</nestedLevel>
  <escapedJava>false</escapedJava>
</record>
<record>
  <date>2026-06-03T14:23:42.918161Z</date>
  <millis>1780496622918</millis>
  <nanos>161000</nanos>
  <sequence>215</sequence>
  <level>PASSED</level>
  <class>com.kms.katalon.core.logging.XmlKeywordLogger</class>
  <method>logMessage</method>
  <thread>1</thread>
  <message>Test Cases/Carrello/TC_5.2_2</message>
  <nestedLevel>1</nestedLevel>
  <escapedJava>false</escapedJava>
</record>
<record>
  <date>2026-06-03T14:23:42.918161Z</date>
  <millis>1780496622918</millis>
  <nanos>161000</nanos>
  <sequence>216</sequence>
  <level>END</level>
  <class>com.kms.katalon.core.logging.XmlKeywordLogger</class>
  <method>endTest</method>
  <thread>1</thread>
  <message>End Test Case : Test Cases/Carrello/TC_5.2_2</message>
  <nestedLevel>0</nestedLevel>
  <escapedJava>false</escapedJava>
  <property name="executionBindingVariables">[]</property>
  <property name="applitools">false</property>
  <property name="remainingRetryCount">3</property>
  <property name="executedKeywords">{
  &quot;WebUI.closeBrowser&quot;: 1,
  &quot;WebUI.takeScreenshot&quot;: 1,
  &quot;WebUI.verifyTextPresent&quot;: 1,
  &quot;WebUI.navigateToUrl&quot;: 3,
  &quot;WebUI.openBrowser&quot;: 1
}</property>
  <property name="currentRetryCount">0</property>
  <property name="keywordsUsage">{
  &quot;web_ui&quot;: true,
  &quot;web_service&quot;: false,
  &quot;cucumber&quot;: false,
  &quot;builtin&quot;: false,
  &quot;mobile&quot;: false,
  &quot;windows&quot;: false,
  &quot;testng&quot;: false
}</property>
</record>
<record>
  <date>2026-06-03T14:23:42.922349200Z</date>
  <millis>1780496622922</millis>
  <nanos>349200</nanos>
  <sequence>217</sequence>
  <level>START</level>
  <class>com.kms.katalon.core.logging.XmlKeywordLogger</class>
  <method>startTest</method>
  <thread>1</thread>
  <message>Start Test Case : Test Cases/Carrello/TC_5.2_3</message>
  <nestedLevel>1</nestedLevel>
  <escapedJava>false</escapedJava>
  <property name="remainingRetryCount">3</property>
  <property name="origin"></property>
  <property name="name">Test Cases/Carrello/TC_5.2_3</property>
  <property name="description">Aggiungere un prodotto già presente alla quantità massima disponibile
URL cart?action=addC&amp;id=.. + verifica</property>
  <property name="iteration"></property>
  <property name="id">Test Cases/Carrello/TC_5.2_3</property>
  <property name="source">C:\Users\gianf\Documents\Vaporant-IGES\StorageSession\testing\katalon\Vaporant-Baseline\Test Cases\Carrello\TC_5.2_3.tc</property>
  <property name="tag"></property>
  <property name="isOptional">false</property>
  <property name="uuid">5a17ade9-781f-4ca8-bf37-4dca70d65239</property>
  <property name="currentRetryCount">0</property>
</record>
<record>
  <date>2026-06-03T14:23:42.935965200Z</date>
  <millis>1780496622935</millis>
  <nanos>965200</nanos>
  <sequence>219</sequence>
  <level>RUN_DATA</level>
  <class>com.kms.katalon.core.logging.XmlKeywordLogger</class>
  <method>logMessage</method>
  <thread>1</thread>
  <message>executionBindingVariables = []</message>
  <nestedLevel>1</nestedLevel>
  <escapedJava>false</escapedJava>
  <property name="executionBindingVariables">[]</property>
</record>
<record>
  <date>2026-06-03T14:23:42.970232400Z</date>
  <millis>1780496622970</millis>
  <nanos>232400</nanos>
  <sequence>220</sequence>
  <level>START</level>
  <class>com.kms.katalon.core.logging.XmlKeywordLogger</class>
  <method>startKeyword</method>
  <thread>1</thread>
  <message>Start action : openBrowser(&amp;quot;&amp;quot;)</message>
  <nestedLevel>1</nestedLevel>
  <escapedJava>false</escapedJava>
  <property name="startLine">5</property>
  <property name="stepIndex">1</property>
</record>
<record>
  <date>2026-06-03T14:23:42.971236300Z</date>
  <millis>1780496622971</millis>
  <nanos>236300</nanos>
  <sequence>223</sequence>
  <level>INFO</level>
  <class>com.kms.katalon.core.logging.XmlKeywordLogger</class>
  <method>logMessage</method>
  <thread>1</thread>
  <message>Starting &amp;apos;Chrome&amp;apos; driver</message>
  <nestedLevel>1</nestedLevel>
  <escapedJava>false</escapedJava>
</record>
<record>
  <date>2026-06-03T14:23:42.973141900Z</date>
  <millis>1780496622973</millis>
  <nanos>141900</nanos>
  <sequence>224</sequence>
  <level>INFO</level>
  <class>com.kms.katalon.core.logging.XmlKeywordLogger</class>
  <method>logMessage</method>
  <thread>1</thread>
  <message>Action delay is set to 0 milliseconds</message>
  <nestedLevel>1</nestedLevel>
  <escapedJava>false</escapedJava>
</record>
<record>
  <date>2026-06-03T14:23:43.676476600Z</date>
  <millis>1780496623676</millis>
  <nanos>476600</nanos>
  <sequence>226</sequence>
  <level>RUN_DATA</level>
  <class>com.kms.katalon.core.logging.XmlKeywordLogger</class>
  <method>logMessage</method>
  <thread>1</thread>
  <message>sessionId = 709b6a5985634255a6888c5f3b2826e7</message>
  <nestedLevel>1</nestedLevel>
  <escapedJava>false</escapedJava>
  <property name="sessionId">709b6a5985634255a6888c5f3b2826e7</property>
</record>
<record>
  <date>2026-06-03T14:23:43.678604300Z</date>
  <millis>1780496623678</millis>
  <nanos>604300</nanos>
  <sequence>227</sequence>
  <level>RUN_DATA</level>
  <class>com.kms.katalon.core.logging.XmlKeywordLogger</class>
  <method>logMessage</method>
  <thread>1</thread>
  <message>browser = Chrome 148.0.7778.179</message>
  <nestedLevel>1</nestedLevel>
  <escapedJava>false</escapedJava>
  <property name="browser">Chrome 148.0.7778.179</property>
</record>
<record>
  <date>2026-06-03T14:23:43.678604300Z</date>
  <millis>1780496623678</millis>
  <nanos>604300</nanos>
  <sequence>228</sequence>
  <level>RUN_DATA</level>
  <class>com.kms.katalon.core.logging.XmlKeywordLogger</class>
  <method>logMessage</method>
  <thread>1</thread>
  <message>platform = Windows 11</message>
  <nestedLevel>1</nestedLevel>
  <escapedJava>false</escapedJava>
  <property name="platform">Windows 11</property>
</record>
<record>
  <date>2026-06-03T14:23:43.678604300Z</date>
  <millis>1780496623678</millis>
  <nanos>604300</nanos>
  <sequence>229</sequence>
  <level>RUN_DATA</level>
  <class>com.kms.katalon.core.logging.XmlKeywordLogger</class>
  <method>logMessage</method>
  <thread>1</thread>
  <message>seleniumVersion = 4.39.0</message>
  <nestedLevel>1</nestedLevel>
  <escapedJava>false</escapedJava>
  <property name="seleniumVersion">4.39.0</property>
</record>
<record>
  <date>2026-06-03T14:23:43.678604300Z</date>
  <millis>1780496623678</millis>
  <nanos>604300</nanos>
  <sequence>230</sequence>
  <level>RUN_DATA</level>
  <class>com.kms.katalon.core.logging.XmlKeywordLogger</class>
  <method>logMessage</method>
  <thread>1</thread>
  <message>proxyInformation = ProxyInformation { proxyOption=NO_PROXY, proxyServerType=HTTP, username=, password=********, proxyServerAddress=, proxyServerPort=0, executionList=&amp;quot;&amp;quot;, isApplyToDesiredCapabilities=true }</message>
  <nestedLevel>1</nestedLevel>
  <escapedJava>false</escapedJava>
  <property name="proxyInformation">ProxyInformation { proxyOption=NO_PROXY, proxyServerType=HTTP, username=, password=********, proxyServerAddress=, proxyServerPort=0, executionList=&quot;&quot;, isApplyToDesiredCapabilities=true }</property>
</record>
<record>
  <date>2026-06-03T14:23:43.688878600Z</date>
  <millis>1780496623688</millis>
  <nanos>878600</nanos>
  <sequence>231</sequence>
  <level>PASSED</level>
  <class>com.kms.katalon.core.logging.XmlKeywordLogger</class>
  <method>logMessage</method>
  <thread>1</thread>
  <message>Browser is opened with url: &amp;apos;&amp;apos;</message>
  <nestedLevel>1</nestedLevel>
  <escapedJava>false</escapedJava>
  <property name="testops-method-name">com.kms.katalon.core.webui.keyword.builtin.OpenBrowserKeyword.openBrowser</property>
  <property name="testops-execution-stacktrace"></property>
</record>
<record>
  <date>2026-06-03T14:23:43.689879600Z</date>
  <millis>1780496623689</millis>
  <nanos>879600</nanos>
  <sequence>232</sequence>
  <level>END</level>
  <class>com.kms.katalon.core.logging.XmlKeywordLogger</class>
  <method>endKeyword</method>
  <thread>1</thread>
  <message>End action : openBrowser(&amp;quot;&amp;quot;)</message>
  <nestedLevel>1</nestedLevel>
  <escapedJava>false</escapedJava>
</record>
<record>
  <date>2026-06-03T14:23:43.689879600Z</date>
  <millis>1780496623689</millis>
  <nanos>879600</nanos>
  <sequence>233</sequence>
  <level>START</level>
  <class>com.kms.katalon.core.logging.XmlKeywordLogger</class>
  <method>startKeyword</method>
  <thread>1</thread>
  <message>Start action : for ([i = 0, i &amp;lt; 6, (i++)])</message>
  <nestedLevel>1</nestedLevel>
  <escapedJava>false</escapedJava>
  <property name="startLine">6</property>
  <property name="stepIndex">2</property>
</record>
<record>
  <date>2026-06-03T14:23:43.690879500Z</date>
  <millis>1780496623690</millis>
  <nanos>879500</nanos>
  <sequence>234</sequence>
  <level>START</level>
  <class>com.kms.katalon.core.logging.XmlKeywordLogger</class>
  <method>startKeyword</method>
  <thread>1</thread>
  <message>Start action : navigateToUrl(base + &amp;quot;cart?action=addC&amp;amp;id=3&amp;quot;)</message>
  <nestedLevel>2</nestedLevel>
  <escapedJava>false</escapedJava>
  <property name="startLine">7</property>
  <property name="stepIndex">1</property>
</record>
<record>
  <date>2026-06-03T14:23:45.443226300Z</date>
  <millis>1780496625443</millis>
  <nanos>226300</nanos>
  <sequence>238</sequence>
  <level>PASSED</level>
  <class>com.kms.katalon.core.logging.XmlKeywordLogger</class>
  <method>logMessage</method>
  <thread>1</thread>
  <message>Navigate to &amp;apos;http://localhost:8080/Vaporant_IGES_war_exploded/cart?action=addC&amp;amp;id=3&amp;apos; successfully</message>
  <nestedLevel>1</nestedLevel>
  <escapedJava>false</escapedJava>
  <property name="testops-method-name">com.kms.katalon.core.webui.keyword.builtin.NavigateToUrlKeyword.navigateToUrl</property>
  <property name="testops-execution-stacktrace"></property>
</record>
<record>
  <date>2026-06-03T14:23:45.458180400Z</date>
  <millis>1780496625458</millis>
  <nanos>180400</nanos>
  <sequence>239</sequence>
  <level>END</level>
  <class>com.kms.katalon.core.logging.XmlKeywordLogger</class>
  <method>endKeyword</method>
  <thread>1</thread>
  <message>End action : navigateToUrl(base + &amp;quot;cart?action=addC&amp;amp;id=3&amp;quot;)</message>
  <nestedLevel>2</nestedLevel>
  <escapedJava>false</escapedJava>
</record>
<record>
  <date>2026-06-03T14:23:45.458180400Z</date>
  <millis>1780496625458</millis>
  <nanos>180400</nanos>
  <sequence>240</sequence>
  <level>START</level>
  <class>com.kms.katalon.core.logging.XmlKeywordLogger</class>
  <method>startKeyword</method>
  <thread>1</thread>
  <message>Start action : navigateToUrl(base + &amp;quot;cart?action=addC&amp;amp;id=3&amp;quot;)</message>
  <nestedLevel>2</nestedLevel>
  <escapedJava>false</escapedJava>
  <property name="startLine">7</property>
  <property name="stepIndex">1</property>
</record>
<record>
  <date>2026-06-03T14:23:45.502271700Z</date>
  <millis>1780496625502</millis>
  <nanos>271700</nanos>
  <sequence>244</sequence>
  <level>PASSED</level>
  <class>com.kms.katalon.core.logging.XmlKeywordLogger</class>
  <method>logMessage</method>
  <thread>1</thread>
  <message>Navigate to &amp;apos;http://localhost:8080/Vaporant_IGES_war_exploded/cart?action=addC&amp;amp;id=3&amp;apos; successfully</message>
  <nestedLevel>1</nestedLevel>
  <escapedJava>false</escapedJava>
  <property name="testops-method-name">com.kms.katalon.core.webui.keyword.builtin.NavigateToUrlKeyword.navigateToUrl</property>
  <property name="testops-execution-stacktrace"></property>
</record>
<record>
  <date>2026-06-03T14:23:45.502271700Z</date>
  <millis>1780496625502</millis>
  <nanos>271700</nanos>
  <sequence>245</sequence>
  <level>END</level>
  <class>com.kms.katalon.core.logging.XmlKeywordLogger</class>
  <method>endKeyword</method>
  <thread>1</thread>
  <message>End action : navigateToUrl(base + &amp;quot;cart?action=addC&amp;amp;id=3&amp;quot;)</message>
  <nestedLevel>2</nestedLevel>
  <escapedJava>false</escapedJava>
</record>
<record>
  <date>2026-06-03T14:23:45.502271700Z</date>
  <millis>1780496625502</millis>
  <nanos>271700</nanos>
  <sequence>246</sequence>
  <level>START</level>
  <class>com.kms.katalon.core.logging.XmlKeywordLogger</class>
  <method>startKeyword</method>
  <thread>1</thread>
  <message>Start action : navigateToUrl(base + &amp;quot;cart?action=addC&amp;amp;id=3&amp;quot;)</message>
  <nestedLevel>2</nestedLevel>
  <escapedJava>false</escapedJava>
  <property name="startLine">7</property>
  <property name="stepIndex">1</property>
</record>
<record>
  <date>2026-06-03T14:23:45.538653500Z</date>
  <millis>1780496625538</millis>
  <nanos>653500</nanos>
  <sequence>250</sequence>
  <level>PASSED</level>
  <class>com.kms.katalon.core.logging.XmlKeywordLogger</class>
  <method>logMessage</method>
  <thread>1</thread>
  <message>Navigate to &amp;apos;http://localhost:8080/Vaporant_IGES_war_exploded/cart?action=addC&amp;amp;id=3&amp;apos; successfully</message>
  <nestedLevel>1</nestedLevel>
  <escapedJava>false</escapedJava>
  <property name="testops-method-name">com.kms.katalon.core.webui.keyword.builtin.NavigateToUrlKeyword.navigateToUrl</property>
  <property name="testops-execution-stacktrace"></property>
</record>
<record>
  <date>2026-06-03T14:23:45.539702700Z</date>
  <millis>1780496625539</millis>
  <nanos>702700</nanos>
  <sequence>251</sequence>
  <level>END</level>
  <class>com.kms.katalon.core.logging.XmlKeywordLogger</class>
  <method>endKeyword</method>
  <thread>1</thread>
  <message>End action : navigateToUrl(base + &amp;quot;cart?action=addC&amp;amp;id=3&amp;quot;)</message>
  <nestedLevel>2</nestedLevel>
  <escapedJava>false</escapedJava>
</record>
<record>
  <date>2026-06-03T14:23:45.539702700Z</date>
  <millis>1780496625539</millis>
  <nanos>702700</nanos>
  <sequence>252</sequence>
  <level>START</level>
  <class>com.kms.katalon.core.logging.XmlKeywordLogger</class>
  <method>startKeyword</method>
  <thread>1</thread>
  <message>Start action : navigateToUrl(base + &amp;quot;cart?action=addC&amp;amp;id=3&amp;quot;)</message>
  <nestedLevel>2</nestedLevel>
  <escapedJava>false</escapedJava>
  <property name="startLine">7</property>
  <property name="stepIndex">1</property>
</record>
<record>
  <date>2026-06-03T14:23:45.574153500Z</date>
  <millis>1780496625574</millis>
  <nanos>153500</nanos>
  <sequence>256</sequence>
  <level>PASSED</level>
  <class>com.kms.katalon.core.logging.XmlKeywordLogger</class>
  <method>logMessage</method>
  <thread>1</thread>
  <message>Navigate to &amp;apos;http://localhost:8080/Vaporant_IGES_war_exploded/cart?action=addC&amp;amp;id=3&amp;apos; successfully</message>
  <nestedLevel>1</nestedLevel>
  <escapedJava>false</escapedJava>
  <property name="testops-method-name">com.kms.katalon.core.webui.keyword.builtin.NavigateToUrlKeyword.navigateToUrl</property>
  <property name="testops-execution-stacktrace"></property>
</record>
<record>
  <date>2026-06-03T14:23:45.575153900Z</date>
  <millis>1780496625575</millis>
  <nanos>153900</nanos>
  <sequence>257</sequence>
  <level>END</level>
  <class>com.kms.katalon.core.logging.XmlKeywordLogger</class>
  <method>endKeyword</method>
  <thread>1</thread>
  <message>End action : navigateToUrl(base + &amp;quot;cart?action=addC&amp;amp;id=3&amp;quot;)</message>
  <nestedLevel>2</nestedLevel>
  <escapedJava>false</escapedJava>
</record>
<record>
  <date>2026-06-03T14:23:45.575476900Z</date>
  <millis>1780496625575</millis>
  <nanos>476900</nanos>
  <sequence>258</sequence>
  <level>START</level>
  <class>com.kms.katalon.core.logging.XmlKeywordLogger</class>
  <method>startKeyword</method>
  <thread>1</thread>
  <message>Start action : navigateToUrl(base + &amp;quot;cart?action=addC&amp;amp;id=3&amp;quot;)</message>
  <nestedLevel>2</nestedLevel>
  <escapedJava>false</escapedJava>
  <property name="startLine">7</property>
  <property name="stepIndex">1</property>
</record>
<record>
  <date>2026-06-03T14:23:45.627791100Z</date>
  <millis>1780496625627</millis>
  <nanos>791100</nanos>
  <sequence>262</sequence>
  <level>PASSED</level>
  <class>com.kms.katalon.core.logging.XmlKeywordLogger</class>
  <method>logMessage</method>
  <thread>1</thread>
  <message>Navigate to &amp;apos;http://localhost:8080/Vaporant_IGES_war_exploded/cart?action=addC&amp;amp;id=3&amp;apos; successfully</message>
  <nestedLevel>1</nestedLevel>
  <escapedJava>false</escapedJava>
  <property name="testops-method-name">com.kms.katalon.core.webui.keyword.builtin.NavigateToUrlKeyword.navigateToUrl</property>
  <property name="testops-execution-stacktrace"></property>
</record>
<record>
  <date>2026-06-03T14:23:45.628791900Z</date>
  <millis>1780496625628</millis>
  <nanos>791900</nanos>
  <sequence>263</sequence>
  <level>END</level>
  <class>com.kms.katalon.core.logging.XmlKeywordLogger</class>
  <method>endKeyword</method>
  <thread>1</thread>
  <message>End action : navigateToUrl(base + &amp;quot;cart?action=addC&amp;amp;id=3&amp;quot;)</message>
  <nestedLevel>2</nestedLevel>
  <escapedJava>false</escapedJava>
</record>
<record>
  <date>2026-06-03T14:23:45.629385Z</date>
  <millis>1780496625629</millis>
  <nanos>385000</nanos>
  <sequence>264</sequence>
  <level>START</level>
  <class>com.kms.katalon.core.logging.XmlKeywordLogger</class>
  <method>startKeyword</method>
  <thread>1</thread>
  <message>Start action : navigateToUrl(base + &amp;quot;cart?action=addC&amp;amp;id=3&amp;quot;)</message>
  <nestedLevel>2</nestedLevel>
  <escapedJava>false</escapedJava>
  <property name="startLine">7</property>
  <property name="stepIndex">1</property>
</record>
<record>
  <date>2026-06-03T14:23:45.664510300Z</date>
  <millis>1780496625664</millis>
  <nanos>510300</nanos>
  <sequence>268</sequence>
  <level>PASSED</level>
  <class>com.kms.katalon.core.logging.XmlKeywordLogger</class>
  <method>logMessage</method>
  <thread>1</thread>
  <message>Navigate to &amp;apos;http://localhost:8080/Vaporant_IGES_war_exploded/cart?action=addC&amp;amp;id=3&amp;apos; successfully</message>
  <nestedLevel>1</nestedLevel>
  <escapedJava>false</escapedJava>
  <property name="testops-method-name">com.kms.katalon.core.webui.keyword.builtin.NavigateToUrlKeyword.navigateToUrl</property>
  <property name="testops-execution-stacktrace"></property>
</record>
<record>
  <date>2026-06-03T14:23:45.665522500Z</date>
  <millis>1780496625665</millis>
  <nanos>522500</nanos>
  <sequence>269</sequence>
  <level>END</level>
  <class>com.kms.katalon.core.logging.XmlKeywordLogger</class>
  <method>endKeyword</method>
  <thread>1</thread>
  <message>End action : navigateToUrl(base + &amp;quot;cart?action=addC&amp;amp;id=3&amp;quot;)</message>
  <nestedLevel>2</nestedLevel>
  <escapedJava>false</escapedJava>
</record>
<record>
  <date>2026-06-03T14:23:45.666356600Z</date>
  <millis>1780496625666</millis>
  <nanos>356600</nanos>
  <sequence>270</sequence>
  <level>END</level>
  <class>com.kms.katalon.core.logging.XmlKeywordLogger</class>
  <method>endKeyword</method>
  <thread>1</thread>
  <message>End action : for ([i = 0, i &amp;lt; 6, (i++)])</message>
  <nestedLevel>1</nestedLevel>
  <escapedJava>false</escapedJava>
</record>
<record>
  <date>2026-06-03T14:23:45.666356600Z</date>
  <millis>1780496625666</millis>
  <nanos>356600</nanos>
  <sequence>271</sequence>
  <level>START</level>
  <class>com.kms.katalon.core.logging.XmlKeywordLogger</class>
  <method>startKeyword</method>
  <thread>1</thread>
  <message>Start action : navigateToUrl(base + &amp;quot;CartView.jsp&amp;quot;)</message>
  <nestedLevel>1</nestedLevel>
  <escapedJava>false</escapedJava>
  <property name="startLine">9</property>
  <property name="stepIndex">3</property>
</record>
<record>
  <date>2026-06-03T14:23:45.696234800Z</date>
  <millis>1780496625696</millis>
  <nanos>234800</nanos>
  <sequence>275</sequence>
  <level>PASSED</level>
  <class>com.kms.katalon.core.logging.XmlKeywordLogger</class>
  <method>logMessage</method>
  <thread>1</thread>
  <message>Navigate to &amp;apos;http://localhost:8080/Vaporant_IGES_war_exploded/CartView.jsp&amp;apos; successfully</message>
  <nestedLevel>1</nestedLevel>
  <escapedJava>false</escapedJava>
  <property name="testops-method-name">com.kms.katalon.core.webui.keyword.builtin.NavigateToUrlKeyword.navigateToUrl</property>
  <property name="testops-execution-stacktrace"></property>
</record>
<record>
  <date>2026-06-03T14:23:45.697217600Z</date>
  <millis>1780496625697</millis>
  <nanos>217600</nanos>
  <sequence>276</sequence>
  <level>END</level>
  <class>com.kms.katalon.core.logging.XmlKeywordLogger</class>
  <method>endKeyword</method>
  <thread>1</thread>
  <message>End action : navigateToUrl(base + &amp;quot;CartView.jsp&amp;quot;)</message>
  <nestedLevel>1</nestedLevel>
  <escapedJava>false</escapedJava>
</record>
<record>
  <date>2026-06-03T14:23:45.697217600Z</date>
  <millis>1780496625697</millis>
  <nanos>217600</nanos>
  <sequence>277</sequence>
  <level>START</level>
  <class>com.kms.katalon.core.logging.XmlKeywordLogger</class>
  <method>startKeyword</method>
  <thread>1</thread>
  <message>Start action : takeScreenshot()</message>
  <nestedLevel>1</nestedLevel>
  <escapedJava>false</escapedJava>
  <property name="startLine">10</property>
  <property name="stepIndex">4</property>
</record>
<record>
  <date>2026-06-03T14:23:46.184187800Z</date>
  <millis>1780496626184</millis>
  <nanos>187800</nanos>
  <sequence>280</sequence>
  <level>PASSED</level>
  <class>com.kms.katalon.core.logging.XmlKeywordLogger</class>
  <method>logMessage</method>
  <thread>1</thread>
  <message>Taking screenshot successfully</message>
  <nestedLevel>1</nestedLevel>
  <escapedJava>false</escapedJava>
  <property name="attachment">1780496625698.png</property>
  <property name="testops-method-name">com.kms.katalon.core.webui.keyword.builtin.TakeScreenshotKeyword.takeScreenshot</property>
  <property name="testops-execution-stacktrace"></property>
</record>
<record>
  <date>2026-06-03T14:23:46.184705800Z</date>
  <millis>1780496626184</millis>
  <nanos>705800</nanos>
  <sequence>281</sequence>
  <level>END</level>
  <class>com.kms.katalon.core.logging.XmlKeywordLogger</class>
  <method>endKeyword</method>
  <thread>1</thread>
  <message>End action : takeScreenshot()</message>
  <nestedLevel>1</nestedLevel>
  <escapedJava>false</escapedJava>
</record>
<record>
  <date>2026-06-03T14:23:46.184705800Z</date>
  <millis>1780496626184</millis>
  <nanos>705800</nanos>
  <sequence>282</sequence>
  <level>START</level>
  <class>com.kms.katalon.core.logging.XmlKeywordLogger</class>
  <method>startKeyword</method>
  <thread>1</thread>
  <message>Start action : verifyTextPresent(&amp;quot;voopoo&amp;quot;, false)</message>
  <nestedLevel>1</nestedLevel>
  <escapedJava>false</escapedJava>
  <property name="startLine">11</property>
  <property name="stepIndex">5</property>
</record>
<record>
  <date>2026-06-03T14:23:46.438508100Z</date>
  <millis>1780496626438</millis>
  <nanos>508100</nanos>
  <sequence>286</sequence>
  <level>PASSED</level>
  <class>com.kms.katalon.core.logging.XmlKeywordLogger</class>
  <method>logMessage</method>
  <thread>1</thread>
  <message>Text &amp;apos;voopoo&amp;apos; is present on page </message>
  <nestedLevel>1</nestedLevel>
  <escapedJava>false</escapedJava>
  <property name="testops-is-assertion">true</property>
  <property name="testops-method-name">com.kms.katalon.core.webui.keyword.builtin.VerifyTextPresentKeyword.verifyTextPresent</property>
  <property name="testops-execution-stacktrace"></property>
</record>
<record>
  <date>2026-06-03T14:23:46.438508100Z</date>
  <millis>1780496626438</millis>
  <nanos>508100</nanos>
  <sequence>287</sequence>
  <level>END</level>
  <class>com.kms.katalon.core.logging.XmlKeywordLogger</class>
  <method>endKeyword</method>
  <thread>1</thread>
  <message>End action : verifyTextPresent(&amp;quot;voopoo&amp;quot;, false)</message>
  <nestedLevel>1</nestedLevel>
  <escapedJava>false</escapedJava>
</record>
<record>
  <date>2026-06-03T14:23:46.441568500Z</date>
  <millis>1780496626441</millis>
  <nanos>568500</nanos>
  <sequence>288</sequence>
  <level>START</level>
  <class>com.kms.katalon.core.logging.XmlKeywordLogger</class>
  <method>startKeyword</method>
  <thread>1</thread>
  <message>Start action : closeBrowser()</message>
  <nestedLevel>1</nestedLevel>
  <escapedJava>false</escapedJava>
  <property name="startLine">12</property>
  <property name="stepIndex">6</property>
</record>
<record>
  <date>2026-06-03T14:23:46.613605100Z</date>
  <millis>1780496626613</millis>
  <nanos>605100</nanos>
  <sequence>291</sequence>
  <level>PASSED</level>
  <class>com.kms.katalon.core.logging.XmlKeywordLogger</class>
  <method>logMessage</method>
  <thread>1</thread>
  <message>Browser is closed</message>
  <nestedLevel>1</nestedLevel>
  <escapedJava>false</escapedJava>
  <property name="testops-method-name">com.kms.katalon.core.webui.keyword.builtin.CloseBrowserKeyword.closeBrowser</property>
  <property name="testops-execution-stacktrace"></property>
</record>
<record>
  <date>2026-06-03T14:23:46.613605100Z</date>
  <millis>1780496626613</millis>
  <nanos>605100</nanos>
  <sequence>292</sequence>
  <level>END</level>
  <class>com.kms.katalon.core.logging.XmlKeywordLogger</class>
  <method>endKeyword</method>
  <thread>1</thread>
  <message>End action : closeBrowser()</message>
  <nestedLevel>1</nestedLevel>
  <escapedJava>false</escapedJava>
</record>
<record>
  <date>2026-06-03T14:23:46.613605100Z</date>
  <millis>1780496626613</millis>
  <nanos>605100</nanos>
  <sequence>293</sequence>
  <level>PASSED</level>
  <class>com.kms.katalon.core.logging.XmlKeywordLogger</class>
  <method>logMessage</method>
  <thread>1</thread>
  <message>Test Cases/Carrello/TC_5.2_3</message>
  <nestedLevel>1</nestedLevel>
  <escapedJava>false</escapedJava>
</record>
<record>
  <date>2026-06-03T14:23:46.613605100Z</date>
  <millis>1780496626613</millis>
  <nanos>605100</nanos>
  <sequence>294</sequence>
  <level>END</level>
  <class>com.kms.katalon.core.logging.XmlKeywordLogger</class>
  <method>endTest</method>
  <thread>1</thread>
  <message>End Test Case : Test Cases/Carrello/TC_5.2_3</message>
  <nestedLevel>0</nestedLevel>
  <escapedJava>false</escapedJava>
  <property name="executionBindingVariables">[]</property>
  <property name="applitools">false</property>
  <property name="remainingRetryCount">3</property>
  <property name="executedKeywords">{
  &quot;WebUI.closeBrowser&quot;: 1,
  &quot;WebUI.takeScreenshot&quot;: 1,
  &quot;WebUI.verifyTextPresent&quot;: 1,
  &quot;WebUI.navigateToUrl&quot;: 7,
  &quot;WebUI.openBrowser&quot;: 1
}</property>
  <property name="currentRetryCount">0</property>
  <property name="keywordsUsage">{
  &quot;web_ui&quot;: true,
  &quot;web_service&quot;: false,
  &quot;cucumber&quot;: false,
  &quot;builtin&quot;: false,
  &quot;mobile&quot;: false,
  &quot;windows&quot;: false,
  &quot;testng&quot;: false
}</property>
</record>
<record>
  <date>2026-06-03T14:23:46.615449400Z</date>
  <millis>1780496626615</millis>
  <nanos>449400</nanos>
  <sequence>295</sequence>
  <level>START</level>
  <class>com.kms.katalon.core.logging.XmlKeywordLogger</class>
  <method>startTest</method>
  <thread>1</thread>
  <message>Start Test Case : Test Cases/Carrello/TC_5.2_4</message>
  <nestedLevel>1</nestedLevel>
  <escapedJava>false</escapedJava>
  <property name="remainingRetryCount">3</property>
  <property name="origin"></property>
  <property name="name">Test Cases/Carrello/TC_5.2_4</property>
  <property name="description">Aggiungere al carrello un id inesistente
URL cart?action=addC&amp;id=.. + verifica</property>
  <property name="iteration"></property>
  <property name="id">Test Cases/Carrello/TC_5.2_4</property>
  <property name="source">C:\Users\gianf\Documents\Vaporant-IGES\StorageSession\testing\katalon\Vaporant-Baseline\Test Cases\Carrello\TC_5.2_4.tc</property>
  <property name="tag"></property>
  <property name="isOptional">false</property>
  <property name="uuid">c2cf9ca2-8bfc-4485-a4f3-e457bf003ff1</property>
  <property name="currentRetryCount">0</property>
</record>
<record>
  <date>2026-06-03T14:23:46.621224600Z</date>
  <millis>1780496626621</millis>
  <nanos>224600</nanos>
  <sequence>297</sequence>
  <level>RUN_DATA</level>
  <class>com.kms.katalon.core.logging.XmlKeywordLogger</class>
  <method>logMessage</method>
  <thread>1</thread>
  <message>executionBindingVariables = []</message>
  <nestedLevel>1</nestedLevel>
  <escapedJava>false</escapedJava>
  <property name="executionBindingVariables">[]</property>
</record>
<record>
  <date>2026-06-03T14:23:46.648229600Z</date>
  <millis>1780496626648</millis>
  <nanos>229600</nanos>
  <sequence>298</sequence>
  <level>START</level>
  <class>com.kms.katalon.core.logging.XmlKeywordLogger</class>
  <method>startKeyword</method>
  <thread>1</thread>
  <message>Start action : openBrowser(&amp;quot;&amp;quot;)</message>
  <nestedLevel>1</nestedLevel>
  <escapedJava>false</escapedJava>
  <property name="startLine">6</property>
  <property name="stepIndex">1</property>
</record>
<record>
  <date>2026-06-03T14:23:46.649229900Z</date>
  <millis>1780496626649</millis>
  <nanos>229900</nanos>
  <sequence>301</sequence>
  <level>INFO</level>
  <class>com.kms.katalon.core.logging.XmlKeywordLogger</class>
  <method>logMessage</method>
  <thread>1</thread>
  <message>Starting &amp;apos;Chrome&amp;apos; driver</message>
  <nestedLevel>1</nestedLevel>
  <escapedJava>false</escapedJava>
</record>
<record>
  <date>2026-06-03T14:23:46.651229300Z</date>
  <millis>1780496626651</millis>
  <nanos>229300</nanos>
  <sequence>302</sequence>
  <level>INFO</level>
  <class>com.kms.katalon.core.logging.XmlKeywordLogger</class>
  <method>logMessage</method>
  <thread>1</thread>
  <message>Action delay is set to 0 milliseconds</message>
  <nestedLevel>1</nestedLevel>
  <escapedJava>false</escapedJava>
</record>
<record>
  <date>2026-06-03T14:23:47.230392500Z</date>
  <millis>1780496627230</millis>
  <nanos>392500</nanos>
  <sequence>304</sequence>
  <level>RUN_DATA</level>
  <class>com.kms.katalon.core.logging.XmlKeywordLogger</class>
  <method>logMessage</method>
  <thread>1</thread>
  <message>sessionId = 64f354b739f3a9134a46dba4f9fb48c8</message>
  <nestedLevel>1</nestedLevel>
  <escapedJava>false</escapedJava>
  <property name="sessionId">64f354b739f3a9134a46dba4f9fb48c8</property>
</record>
<record>
  <date>2026-06-03T14:23:47.230392500Z</date>
  <millis>1780496627230</millis>
  <nanos>392500</nanos>
  <sequence>305</sequence>
  <level>RUN_DATA</level>
  <class>com.kms.katalon.core.logging.XmlKeywordLogger</class>
  <method>logMessage</method>
  <thread>1</thread>
  <message>browser = Chrome 148.0.7778.179</message>
  <nestedLevel>1</nestedLevel>
  <escapedJava>false</escapedJava>
  <property name="browser">Chrome 148.0.7778.179</property>
</record>
<record>
  <date>2026-06-03T14:23:47.230392500Z</date>
  <millis>1780496627230</millis>
  <nanos>392500</nanos>
  <sequence>306</sequence>
  <level>RUN_DATA</level>
  <class>com.kms.katalon.core.logging.XmlKeywordLogger</class>
  <method>logMessage</method>
  <thread>1</thread>
  <message>platform = Windows 11</message>
  <nestedLevel>1</nestedLevel>
  <escapedJava>false</escapedJava>
  <property name="platform">Windows 11</property>
</record>
<record>
  <date>2026-06-03T14:23:47.233207200Z</date>
  <millis>1780496627233</millis>
  <nanos>207200</nanos>
  <sequence>307</sequence>
  <level>RUN_DATA</level>
  <class>com.kms.katalon.core.logging.XmlKeywordLogger</class>
  <method>logMessage</method>
  <thread>1</thread>
  <message>seleniumVersion = 4.39.0</message>
  <nestedLevel>1</nestedLevel>
  <escapedJava>false</escapedJava>
  <property name="seleniumVersion">4.39.0</property>
</record>
<record>
  <date>2026-06-03T14:23:47.233207200Z</date>
  <millis>1780496627233</millis>
  <nanos>207200</nanos>
  <sequence>308</sequence>
  <level>RUN_DATA</level>
  <class>com.kms.katalon.core.logging.XmlKeywordLogger</class>
  <method>logMessage</method>
  <thread>1</thread>
  <message>proxyInformation = ProxyInformation { proxyOption=NO_PROXY, proxyServerType=HTTP, username=, password=********, proxyServerAddress=, proxyServerPort=0, executionList=&amp;quot;&amp;quot;, isApplyToDesiredCapabilities=true }</message>
  <nestedLevel>1</nestedLevel>
  <escapedJava>false</escapedJava>
  <property name="proxyInformation">ProxyInformation { proxyOption=NO_PROXY, proxyServerType=HTTP, username=, password=********, proxyServerAddress=, proxyServerPort=0, executionList=&quot;&quot;, isApplyToDesiredCapabilities=true }</property>
</record>
<record>
  <date>2026-06-03T14:23:47.245764300Z</date>
  <millis>1780496627245</millis>
  <nanos>764300</nanos>
  <sequence>309</sequence>
  <level>PASSED</level>
  <class>com.kms.katalon.core.logging.XmlKeywordLogger</class>
  <method>logMessage</method>
  <thread>1</thread>
  <message>Browser is opened with url: &amp;apos;&amp;apos;</message>
  <nestedLevel>1</nestedLevel>
  <escapedJava>false</escapedJava>
  <property name="testops-method-name">com.kms.katalon.core.webui.keyword.builtin.OpenBrowserKeyword.openBrowser</property>
  <property name="testops-execution-stacktrace"></property>
</record>
<record>
  <date>2026-06-03T14:23:47.246768700Z</date>
  <millis>1780496627246</millis>
  <nanos>768700</nanos>
  <sequence>310</sequence>
  <level>END</level>
  <class>com.kms.katalon.core.logging.XmlKeywordLogger</class>
  <method>endKeyword</method>
  <thread>1</thread>
  <message>End action : openBrowser(&amp;quot;&amp;quot;)</message>
  <nestedLevel>1</nestedLevel>
  <escapedJava>false</escapedJava>
</record>
<record>
  <date>2026-06-03T14:23:47.246768700Z</date>
  <millis>1780496627246</millis>
  <nanos>768700</nanos>
  <sequence>311</sequence>
  <level>START</level>
  <class>com.kms.katalon.core.logging.XmlKeywordLogger</class>
  <method>startKeyword</method>
  <thread>1</thread>
  <message>Start action : navigateToUrl(base + &amp;quot;cart?action=addC&amp;amp;id=999&amp;quot;)</message>
  <nestedLevel>1</nestedLevel>
  <escapedJava>false</escapedJava>
  <property name="startLine">7</property>
  <property name="stepIndex">2</property>
</record>
<record>
  <date>2026-06-03T14:23:48.097545600Z</date>
  <millis>1780496628097</millis>
  <nanos>545600</nanos>
  <sequence>315</sequence>
  <level>PASSED</level>
  <class>com.kms.katalon.core.logging.XmlKeywordLogger</class>
  <method>logMessage</method>
  <thread>1</thread>
  <message>Navigate to &amp;apos;http://localhost:8080/Vaporant_IGES_war_exploded/cart?action=addC&amp;amp;id=999&amp;apos; successfully</message>
  <nestedLevel>1</nestedLevel>
  <escapedJava>false</escapedJava>
  <property name="testops-method-name">com.kms.katalon.core.webui.keyword.builtin.NavigateToUrlKeyword.navigateToUrl</property>
  <property name="testops-execution-stacktrace"></property>
</record>
<record>
  <date>2026-06-03T14:23:48.097545600Z</date>
  <millis>1780496628097</millis>
  <nanos>545600</nanos>
  <sequence>316</sequence>
  <level>END</level>
  <class>com.kms.katalon.core.logging.XmlKeywordLogger</class>
  <method>endKeyword</method>
  <thread>1</thread>
  <message>End action : navigateToUrl(base + &amp;quot;cart?action=addC&amp;amp;id=999&amp;quot;)</message>
  <nestedLevel>1</nestedLevel>
  <escapedJava>false</escapedJava>
</record>
<record>
  <date>2026-06-03T14:23:48.100622900Z</date>
  <millis>1780496628100</millis>
  <nanos>622900</nanos>
  <sequence>317</sequence>
  <level>START</level>
  <class>com.kms.katalon.core.logging.XmlKeywordLogger</class>
  <method>startKeyword</method>
  <thread>1</thread>
  <message>Start action : navigateToUrl(base + &amp;quot;CartView.jsp&amp;quot;)</message>
  <nestedLevel>1</nestedLevel>
  <escapedJava>false</escapedJava>
  <property name="startLine">8</property>
  <property name="stepIndex">3</property>
</record>
<record>
  <date>2026-06-03T14:23:48.614188700Z</date>
  <millis>1780496628614</millis>
  <nanos>188700</nanos>
  <sequence>321</sequence>
  <level>PASSED</level>
  <class>com.kms.katalon.core.logging.XmlKeywordLogger</class>
  <method>logMessage</method>
  <thread>1</thread>
  <message>Navigate to &amp;apos;http://localhost:8080/Vaporant_IGES_war_exploded/CartView.jsp&amp;apos; successfully</message>
  <nestedLevel>1</nestedLevel>
  <escapedJava>false</escapedJava>
  <property name="testops-method-name">com.kms.katalon.core.webui.keyword.builtin.NavigateToUrlKeyword.navigateToUrl</property>
  <property name="testops-execution-stacktrace"></property>
</record>
<record>
  <date>2026-06-03T14:23:48.615187Z</date>
  <millis>1780496628615</millis>
  <nanos>187000</nanos>
  <sequence>322</sequence>
  <level>END</level>
  <class>com.kms.katalon.core.logging.XmlKeywordLogger</class>
  <method>endKeyword</method>
  <thread>1</thread>
  <message>End action : navigateToUrl(base + &amp;quot;CartView.jsp&amp;quot;)</message>
  <nestedLevel>1</nestedLevel>
  <escapedJava>false</escapedJava>
</record>
<record>
  <date>2026-06-03T14:23:48.615187Z</date>
  <millis>1780496628615</millis>
  <nanos>187000</nanos>
  <sequence>323</sequence>
  <level>START</level>
  <class>com.kms.katalon.core.logging.XmlKeywordLogger</class>
  <method>startKeyword</method>
  <thread>1</thread>
  <message>Start action : takeScreenshot()</message>
  <nestedLevel>1</nestedLevel>
  <escapedJava>false</escapedJava>
  <property name="startLine">9</property>
  <property name="stepIndex">4</property>
</record>
<record>
  <date>2026-06-03T14:23:48.988436500Z</date>
  <millis>1780496628988</millis>
  <nanos>436500</nanos>
  <sequence>326</sequence>
  <level>PASSED</level>
  <class>com.kms.katalon.core.logging.XmlKeywordLogger</class>
  <method>logMessage</method>
  <thread>1</thread>
  <message>Taking screenshot successfully</message>
  <nestedLevel>1</nestedLevel>
  <escapedJava>false</escapedJava>
  <property name="attachment">1780496628615.png</property>
  <property name="testops-method-name">com.kms.katalon.core.webui.keyword.builtin.TakeScreenshotKeyword.takeScreenshot</property>
  <property name="testops-execution-stacktrace"></property>
</record>
<record>
  <date>2026-06-03T14:23:48.988941400Z</date>
  <millis>1780496628988</millis>
  <nanos>941400</nanos>
  <sequence>327</sequence>
  <level>END</level>
  <class>com.kms.katalon.core.logging.XmlKeywordLogger</class>
  <method>endKeyword</method>
  <thread>1</thread>
  <message>End action : takeScreenshot()</message>
  <nestedLevel>1</nestedLevel>
  <escapedJava>false</escapedJava>
</record>
<record>
  <date>2026-06-03T14:23:48.988941400Z</date>
  <millis>1780496628988</millis>
  <nanos>941400</nanos>
  <sequence>328</sequence>
  <level>START</level>
  <class>com.kms.katalon.core.logging.XmlKeywordLogger</class>
  <method>startKeyword</method>
  <thread>1</thread>
  <message>Start action : markWarning(&amp;quot;Robustezza: verificare se e&amp;apos; stato aggiunto un prodotto \&amp;quot;vuoto\&amp;quot; (bean di default) al carrello.&amp;quot;)</message>
  <nestedLevel>1</nestedLevel>
  <escapedJava>false</escapedJava>
  <property name="startLine">12</property>
  <property name="stepIndex">5</property>
</record>
<record>
  <date>2026-06-03T14:23:48.991946600Z</date>
  <millis>1780496628991</millis>
  <nanos>946600</nanos>
  <sequence>329</sequence>
  <level>WARNING</level>
  <class>com.kms.katalon.core.logging.XmlKeywordLogger</class>
  <method>logMessage</method>
  <thread>1</thread>
  <message>Robustezza: verificare se e&amp;apos; stato aggiunto un prodotto &amp;quot;vuoto&amp;quot; (bean di default) al carrello.</message>
  <nestedLevel>1</nestedLevel>
  <escapedJava>false</escapedJava>
</record>
<record>
  <date>2026-06-03T14:23:48.992947900Z</date>
  <millis>1780496628992</millis>
  <nanos>947900</nanos>
  <sequence>330</sequence>
  <level>END</level>
  <class>com.kms.katalon.core.logging.XmlKeywordLogger</class>
  <method>endKeyword</method>
  <thread>1</thread>
  <message>End action : markWarning(&amp;quot;Robustezza: verificare se e&amp;apos; stato aggiunto un prodotto \&amp;quot;vuoto\&amp;quot; (bean di default) al carrello.&amp;quot;)</message>
  <nestedLevel>1</nestedLevel>
  <escapedJava>false</escapedJava>
</record>
<record>
  <date>2026-06-03T14:23:48.992947900Z</date>
  <millis>1780496628992</millis>
  <nanos>947900</nanos>
  <sequence>331</sequence>
  <level>START</level>
  <class>com.kms.katalon.core.logging.XmlKeywordLogger</class>
  <method>startKeyword</method>
  <thread>1</thread>
  <message>Start action : closeBrowser()</message>
  <nestedLevel>1</nestedLevel>
  <escapedJava>false</escapedJava>
  <property name="startLine">13</property>
  <property name="stepIndex">6</property>
</record>
<record>
  <date>2026-06-03T14:23:49.129765700Z</date>
  <millis>1780496629129</millis>
  <nanos>765700</nanos>
  <sequence>334</sequence>
  <level>PASSED</level>
  <class>com.kms.katalon.core.logging.XmlKeywordLogger</class>
  <method>logMessage</method>
  <thread>1</thread>
  <message>Browser is closed</message>
  <nestedLevel>1</nestedLevel>
  <escapedJava>false</escapedJava>
  <property name="testops-method-name">com.kms.katalon.core.webui.keyword.builtin.CloseBrowserKeyword.closeBrowser</property>
  <property name="testops-execution-stacktrace"></property>
</record>
<record>
  <date>2026-06-03T14:23:49.129765700Z</date>
  <millis>1780496629129</millis>
  <nanos>765700</nanos>
  <sequence>335</sequence>
  <level>END</level>
  <class>com.kms.katalon.core.logging.XmlKeywordLogger</class>
  <method>endKeyword</method>
  <thread>1</thread>
  <message>End action : closeBrowser()</message>
  <nestedLevel>1</nestedLevel>
  <escapedJava>false</escapedJava>
</record>
<record>
  <date>2026-06-03T14:23:49.129765700Z</date>
  <millis>1780496629129</millis>
  <nanos>765700</nanos>
  <sequence>336</sequence>
  <level>PASSED</level>
  <class>com.kms.katalon.core.logging.XmlKeywordLogger</class>
  <method>logMessage</method>
  <thread>1</thread>
  <message>Test Cases/Carrello/TC_5.2_4</message>
  <nestedLevel>1</nestedLevel>
  <escapedJava>false</escapedJava>
</record>
<record>
  <date>2026-06-03T14:23:49.129765700Z</date>
  <millis>1780496629129</millis>
  <nanos>765700</nanos>
  <sequence>337</sequence>
  <level>END</level>
  <class>com.kms.katalon.core.logging.XmlKeywordLogger</class>
  <method>endTest</method>
  <thread>1</thread>
  <message>End Test Case : Test Cases/Carrello/TC_5.2_4</message>
  <nestedLevel>0</nestedLevel>
  <escapedJava>false</escapedJava>
  <property name="executionBindingVariables">[]</property>
  <property name="applitools">false</property>
  <property name="remainingRetryCount">3</property>
  <property name="executedKeywords">{
  &quot;WebUI.closeBrowser&quot;: 1,
  &quot;WebUI.takeScreenshot&quot;: 1,
  &quot;WebUI.navigateToUrl&quot;: 2,
  &quot;WebUI.openBrowser&quot;: 1
}</property>
  <property name="currentRetryCount">0</property>
  <property name="keywordsUsage">{
  &quot;web_ui&quot;: true,
  &quot;web_service&quot;: false,
  &quot;cucumber&quot;: false,
  &quot;builtin&quot;: false,
  &quot;mobile&quot;: false,
  &quot;windows&quot;: false,
  &quot;testng&quot;: false
}</property>
</record>
<record>
  <date>2026-06-03T14:23:49.132867100Z</date>
  <millis>1780496629132</millis>
  <nanos>867100</nanos>
  <sequence>338</sequence>
  <level>START</level>
  <class>com.kms.katalon.core.logging.XmlKeywordLogger</class>
  <method>startTest</method>
  <thread>1</thread>
  <message>Start Test Case : Test Cases/Carrello/TC_5.3_1</message>
  <nestedLevel>1</nestedLevel>
  <escapedJava>false</escapedJava>
  <property name="remainingRetryCount">3</property>
  <property name="origin"></property>
  <property name="name">Test Cases/Carrello/TC_5.3_1</property>
  <property name="description">Rimuovere dal carrello un prodotto presente
URL cart?action=deleteC&amp;id=.. + verifica</property>
  <property name="iteration"></property>
  <property name="id">Test Cases/Carrello/TC_5.3_1</property>
  <property name="source">C:\Users\gianf\Documents\Vaporant-IGES\StorageSession\testing\katalon\Vaporant-Baseline\Test Cases\Carrello\TC_5.3_1.tc</property>
  <property name="tag"></property>
  <property name="isOptional">false</property>
  <property name="uuid">ed0e0e26-812a-4791-8c24-3f328ce8178f</property>
  <property name="currentRetryCount">0</property>
</record>
<record>
  <date>2026-06-03T14:23:49.136866200Z</date>
  <millis>1780496629136</millis>
  <nanos>866200</nanos>
  <sequence>340</sequence>
  <level>RUN_DATA</level>
  <class>com.kms.katalon.core.logging.XmlKeywordLogger</class>
  <method>logMessage</method>
  <thread>1</thread>
  <message>executionBindingVariables = []</message>
  <nestedLevel>1</nestedLevel>
  <escapedJava>false</escapedJava>
  <property name="executionBindingVariables">[]</property>
</record>
<record>
  <date>2026-06-03T14:23:49.161769100Z</date>
  <millis>1780496629161</millis>
  <nanos>769100</nanos>
  <sequence>341</sequence>
  <level>START</level>
  <class>com.kms.katalon.core.logging.XmlKeywordLogger</class>
  <method>startKeyword</method>
  <thread>1</thread>
  <message>Start action : openBrowser(&amp;quot;&amp;quot;)</message>
  <nestedLevel>1</nestedLevel>
  <escapedJava>false</escapedJava>
  <property name="startLine">5</property>
  <property name="stepIndex">1</property>
</record>
<record>
  <date>2026-06-03T14:23:49.162768800Z</date>
  <millis>1780496629162</millis>
  <nanos>768800</nanos>
  <sequence>344</sequence>
  <level>INFO</level>
  <class>com.kms.katalon.core.logging.XmlKeywordLogger</class>
  <method>logMessage</method>
  <thread>1</thread>
  <message>Starting &amp;apos;Chrome&amp;apos; driver</message>
  <nestedLevel>1</nestedLevel>
  <escapedJava>false</escapedJava>
</record>
<record>
  <date>2026-06-03T14:23:49.163770500Z</date>
  <millis>1780496629163</millis>
  <nanos>770500</nanos>
  <sequence>345</sequence>
  <level>INFO</level>
  <class>com.kms.katalon.core.logging.XmlKeywordLogger</class>
  <method>logMessage</method>
  <thread>1</thread>
  <message>Action delay is set to 0 milliseconds</message>
  <nestedLevel>1</nestedLevel>
  <escapedJava>false</escapedJava>
</record>
<record>
  <date>2026-06-03T14:23:49.833850200Z</date>
  <millis>1780496629833</millis>
  <nanos>850200</nanos>
  <sequence>347</sequence>
  <level>RUN_DATA</level>
  <class>com.kms.katalon.core.logging.XmlKeywordLogger</class>
  <method>logMessage</method>
  <thread>1</thread>
  <message>sessionId = 4f1f6c72a856b4d23b272d0841f6bf19</message>
  <nestedLevel>1</nestedLevel>
  <escapedJava>false</escapedJava>
  <property name="sessionId">4f1f6c72a856b4d23b272d0841f6bf19</property>
</record>
<record>
  <date>2026-06-03T14:23:49.833850200Z</date>
  <millis>1780496629833</millis>
  <nanos>850200</nanos>
  <sequence>348</sequence>
  <level>RUN_DATA</level>
  <class>com.kms.katalon.core.logging.XmlKeywordLogger</class>
  <method>logMessage</method>
  <thread>1</thread>
  <message>browser = Chrome 148.0.7778.179</message>
  <nestedLevel>1</nestedLevel>
  <escapedJava>false</escapedJava>
  <property name="browser">Chrome 148.0.7778.179</property>
</record>
<record>
  <date>2026-06-03T14:23:49.833850200Z</date>
  <millis>1780496629833</millis>
  <nanos>850200</nanos>
  <sequence>349</sequence>
  <level>RUN_DATA</level>
  <class>com.kms.katalon.core.logging.XmlKeywordLogger</class>
  <method>logMessage</method>
  <thread>1</thread>
  <message>platform = Windows 11</message>
  <nestedLevel>1</nestedLevel>
  <escapedJava>false</escapedJava>
  <property name="platform">Windows 11</property>
</record>
<record>
  <date>2026-06-03T14:23:49.833850200Z</date>
  <millis>1780496629833</millis>
  <nanos>850200</nanos>
  <sequence>350</sequence>
  <level>RUN_DATA</level>
  <class>com.kms.katalon.core.logging.XmlKeywordLogger</class>
  <method>logMessage</method>
  <thread>1</thread>
  <message>seleniumVersion = 4.39.0</message>
  <nestedLevel>1</nestedLevel>
  <escapedJava>false</escapedJava>
  <property name="seleniumVersion">4.39.0</property>
</record>
<record>
  <date>2026-06-03T14:23:49.833850200Z</date>
  <millis>1780496629833</millis>
  <nanos>850200</nanos>
  <sequence>351</sequence>
  <level>RUN_DATA</level>
  <class>com.kms.katalon.core.logging.XmlKeywordLogger</class>
  <method>logMessage</method>
  <thread>1</thread>
  <message>proxyInformation = ProxyInformation { proxyOption=NO_PROXY, proxyServerType=HTTP, username=, password=********, proxyServerAddress=, proxyServerPort=0, executionList=&amp;quot;&amp;quot;, isApplyToDesiredCapabilities=true }</message>
  <nestedLevel>1</nestedLevel>
  <escapedJava>false</escapedJava>
  <property name="proxyInformation">ProxyInformation { proxyOption=NO_PROXY, proxyServerType=HTTP, username=, password=********, proxyServerAddress=, proxyServerPort=0, executionList=&quot;&quot;, isApplyToDesiredCapabilities=true }</property>
</record>
<record>
  <date>2026-06-03T14:23:49.842240800Z</date>
  <millis>1780496629842</millis>
  <nanos>240800</nanos>
  <sequence>352</sequence>
  <level>PASSED</level>
  <class>com.kms.katalon.core.logging.XmlKeywordLogger</class>
  <method>logMessage</method>
  <thread>1</thread>
  <message>Browser is opened with url: &amp;apos;&amp;apos;</message>
  <nestedLevel>1</nestedLevel>
  <escapedJava>false</escapedJava>
  <property name="testops-method-name">com.kms.katalon.core.webui.keyword.builtin.OpenBrowserKeyword.openBrowser</property>
  <property name="testops-execution-stacktrace"></property>
</record>
<record>
  <date>2026-06-03T14:23:49.842240800Z</date>
  <millis>1780496629842</millis>
  <nanos>240800</nanos>
  <sequence>353</sequence>
  <level>END</level>
  <class>com.kms.katalon.core.logging.XmlKeywordLogger</class>
  <method>endKeyword</method>
  <thread>1</thread>
  <message>End action : openBrowser(&amp;quot;&amp;quot;)</message>
  <nestedLevel>1</nestedLevel>
  <escapedJava>false</escapedJava>
</record>
<record>
  <date>2026-06-03T14:23:49.845740500Z</date>
  <millis>1780496629845</millis>
  <nanos>740500</nanos>
  <sequence>354</sequence>
  <level>START</level>
  <class>com.kms.katalon.core.logging.XmlKeywordLogger</class>
  <method>startKeyword</method>
  <thread>1</thread>
  <message>Start action : navigateToUrl(base + &amp;quot;cart?action=addC&amp;amp;id=2&amp;quot;)</message>
  <nestedLevel>1</nestedLevel>
  <escapedJava>false</escapedJava>
  <property name="startLine">6</property>
  <property name="stepIndex">2</property>
</record>
<record>
  <date>2026-06-03T14:23:50.658684600Z</date>
  <millis>1780496630658</millis>
  <nanos>684600</nanos>
  <sequence>358</sequence>
  <level>PASSED</level>
  <class>com.kms.katalon.core.logging.XmlKeywordLogger</class>
  <method>logMessage</method>
  <thread>1</thread>
  <message>Navigate to &amp;apos;http://localhost:8080/Vaporant_IGES_war_exploded/cart?action=addC&amp;amp;id=2&amp;apos; successfully</message>
  <nestedLevel>1</nestedLevel>
  <escapedJava>false</escapedJava>
  <property name="testops-method-name">com.kms.katalon.core.webui.keyword.builtin.NavigateToUrlKeyword.navigateToUrl</property>
  <property name="testops-execution-stacktrace"></property>
</record>
<record>
  <date>2026-06-03T14:23:50.659690800Z</date>
  <millis>1780496630659</millis>
  <nanos>690800</nanos>
  <sequence>359</sequence>
  <level>END</level>
  <class>com.kms.katalon.core.logging.XmlKeywordLogger</class>
  <method>endKeyword</method>
  <thread>1</thread>
  <message>End action : navigateToUrl(base + &amp;quot;cart?action=addC&amp;amp;id=2&amp;quot;)</message>
  <nestedLevel>1</nestedLevel>
  <escapedJava>false</escapedJava>
</record>
<record>
  <date>2026-06-03T14:23:50.659690800Z</date>
  <millis>1780496630659</millis>
  <nanos>690800</nanos>
  <sequence>360</sequence>
  <level>START</level>
  <class>com.kms.katalon.core.logging.XmlKeywordLogger</class>
  <method>startKeyword</method>
  <thread>1</thread>
  <message>Start action : navigateToUrl(base + &amp;quot;cart?action=deleteC&amp;amp;id=2&amp;quot;)</message>
  <nestedLevel>1</nestedLevel>
  <escapedJava>false</escapedJava>
  <property name="startLine">7</property>
  <property name="stepIndex">3</property>
</record>
<record>
  <date>2026-06-03T14:23:50.697911200Z</date>
  <millis>1780496630697</millis>
  <nanos>911200</nanos>
  <sequence>364</sequence>
  <level>PASSED</level>
  <class>com.kms.katalon.core.logging.XmlKeywordLogger</class>
  <method>logMessage</method>
  <thread>1</thread>
  <message>Navigate to &amp;apos;http://localhost:8080/Vaporant_IGES_war_exploded/cart?action=deleteC&amp;amp;id=2&amp;apos; successfully</message>
  <nestedLevel>1</nestedLevel>
  <escapedJava>false</escapedJava>
  <property name="testops-method-name">com.kms.katalon.core.webui.keyword.builtin.NavigateToUrlKeyword.navigateToUrl</property>
  <property name="testops-execution-stacktrace"></property>
</record>
<record>
  <date>2026-06-03T14:23:50.698911500Z</date>
  <millis>1780496630698</millis>
  <nanos>911500</nanos>
  <sequence>365</sequence>
  <level>END</level>
  <class>com.kms.katalon.core.logging.XmlKeywordLogger</class>
  <method>endKeyword</method>
  <thread>1</thread>
  <message>End action : navigateToUrl(base + &amp;quot;cart?action=deleteC&amp;amp;id=2&amp;quot;)</message>
  <nestedLevel>1</nestedLevel>
  <escapedJava>false</escapedJava>
</record>
<record>
  <date>2026-06-03T14:23:50.698911500Z</date>
  <millis>1780496630698</millis>
  <nanos>911500</nanos>
  <sequence>366</sequence>
  <level>START</level>
  <class>com.kms.katalon.core.logging.XmlKeywordLogger</class>
  <method>startKeyword</method>
  <thread>1</thread>
  <message>Start action : navigateToUrl(base + &amp;quot;CartView.jsp&amp;quot;)</message>
  <nestedLevel>1</nestedLevel>
  <escapedJava>false</escapedJava>
  <property name="startLine">8</property>
  <property name="stepIndex">4</property>
</record>
<record>
  <date>2026-06-03T14:23:50.726483700Z</date>
  <millis>1780496630726</millis>
  <nanos>483700</nanos>
  <sequence>370</sequence>
  <level>PASSED</level>
  <class>com.kms.katalon.core.logging.XmlKeywordLogger</class>
  <method>logMessage</method>
  <thread>1</thread>
  <message>Navigate to &amp;apos;http://localhost:8080/Vaporant_IGES_war_exploded/CartView.jsp&amp;apos; successfully</message>
  <nestedLevel>1</nestedLevel>
  <escapedJava>false</escapedJava>
  <property name="testops-method-name">com.kms.katalon.core.webui.keyword.builtin.NavigateToUrlKeyword.navigateToUrl</property>
  <property name="testops-execution-stacktrace"></property>
</record>
<record>
  <date>2026-06-03T14:23:50.727483300Z</date>
  <millis>1780496630727</millis>
  <nanos>483300</nanos>
  <sequence>371</sequence>
  <level>END</level>
  <class>com.kms.katalon.core.logging.XmlKeywordLogger</class>
  <method>endKeyword</method>
  <thread>1</thread>
  <message>End action : navigateToUrl(base + &amp;quot;CartView.jsp&amp;quot;)</message>
  <nestedLevel>1</nestedLevel>
  <escapedJava>false</escapedJava>
</record>
<record>
  <date>2026-06-03T14:23:50.727483300Z</date>
  <millis>1780496630727</millis>
  <nanos>483300</nanos>
  <sequence>372</sequence>
  <level>START</level>
  <class>com.kms.katalon.core.logging.XmlKeywordLogger</class>
  <method>startKeyword</method>
  <thread>1</thread>
  <message>Start action : takeScreenshot()</message>
  <nestedLevel>1</nestedLevel>
  <escapedJava>false</escapedJava>
  <property name="startLine">9</property>
  <property name="stepIndex">5</property>
</record>
<record>
  <date>2026-06-03T14:23:51.224394700Z</date>
  <millis>1780496631224</millis>
  <nanos>394700</nanos>
  <sequence>375</sequence>
  <level>PASSED</level>
  <class>com.kms.katalon.core.logging.XmlKeywordLogger</class>
  <method>logMessage</method>
  <thread>1</thread>
  <message>Taking screenshot successfully</message>
  <nestedLevel>1</nestedLevel>
  <escapedJava>false</escapedJava>
  <property name="attachment">1780496630728.png</property>
  <property name="testops-method-name">com.kms.katalon.core.webui.keyword.builtin.TakeScreenshotKeyword.takeScreenshot</property>
  <property name="testops-execution-stacktrace"></property>
</record>
<record>
  <date>2026-06-03T14:23:51.225516600Z</date>
  <millis>1780496631225</millis>
  <nanos>516600</nanos>
  <sequence>376</sequence>
  <level>END</level>
  <class>com.kms.katalon.core.logging.XmlKeywordLogger</class>
  <method>endKeyword</method>
  <thread>1</thread>
  <message>End action : takeScreenshot()</message>
  <nestedLevel>1</nestedLevel>
  <escapedJava>false</escapedJava>
</record>
<record>
  <date>2026-06-03T14:23:51.225516600Z</date>
  <millis>1780496631225</millis>
  <nanos>516600</nanos>
  <sequence>377</sequence>
  <level>START</level>
  <class>com.kms.katalon.core.logging.XmlKeywordLogger</class>
  <method>startKeyword</method>
  <thread>1</thread>
  <message>Start action : verifyTextNotPresent(&amp;quot;kiwi&amp;quot;, false)</message>
  <nestedLevel>1</nestedLevel>
  <escapedJava>false</escapedJava>
  <property name="startLine">10</property>
  <property name="stepIndex">6</property>
</record>
<record>
  <date>2026-06-03T14:23:51.471178Z</date>
  <millis>1780496631471</millis>
  <nanos>178000</nanos>
  <sequence>381</sequence>
  <level>PASSED</level>
  <class>com.kms.katalon.core.logging.XmlKeywordLogger</class>
  <method>logMessage</method>
  <thread>1</thread>
  <message>Text &amp;apos;kiwi&amp;apos; is not present on page</message>
  <nestedLevel>1</nestedLevel>
  <escapedJava>false</escapedJava>
  <property name="testops-is-assertion">true</property>
  <property name="testops-method-name">com.kms.katalon.core.webui.keyword.builtin.VerifyTextNotPresentKeyword.verifyTextNotPresent</property>
  <property name="testops-execution-stacktrace"></property>
</record>
<record>
  <date>2026-06-03T14:23:51.471178Z</date>
  <millis>1780496631471</millis>
  <nanos>178000</nanos>
  <sequence>382</sequence>
  <level>END</level>
  <class>com.kms.katalon.core.logging.XmlKeywordLogger</class>
  <method>endKeyword</method>
  <thread>1</thread>
  <message>End action : verifyTextNotPresent(&amp;quot;kiwi&amp;quot;, false)</message>
  <nestedLevel>1</nestedLevel>
  <escapedJava>false</escapedJava>
</record>
<record>
  <date>2026-06-03T14:23:51.471178Z</date>
  <millis>1780496631471</millis>
  <nanos>178000</nanos>
  <sequence>383</sequence>
  <level>START</level>
  <class>com.kms.katalon.core.logging.XmlKeywordLogger</class>
  <method>startKeyword</method>
  <thread>1</thread>
  <message>Start action : closeBrowser()</message>
  <nestedLevel>1</nestedLevel>
  <escapedJava>false</escapedJava>
  <property name="startLine">11</property>
  <property name="stepIndex">7</property>
</record>
<record>
  <date>2026-06-03T14:23:51.583736500Z</date>
  <millis>1780496631583</millis>
  <nanos>736500</nanos>
  <sequence>386</sequence>
  <level>PASSED</level>
  <class>com.kms.katalon.core.logging.XmlKeywordLogger</class>
  <method>logMessage</method>
  <thread>1</thread>
  <message>Browser is closed</message>
  <nestedLevel>1</nestedLevel>
  <escapedJava>false</escapedJava>
  <property name="testops-method-name">com.kms.katalon.core.webui.keyword.builtin.CloseBrowserKeyword.closeBrowser</property>
  <property name="testops-execution-stacktrace"></property>
</record>
<record>
  <date>2026-06-03T14:23:51.583736500Z</date>
  <millis>1780496631583</millis>
  <nanos>736500</nanos>
  <sequence>387</sequence>
  <level>END</level>
  <class>com.kms.katalon.core.logging.XmlKeywordLogger</class>
  <method>endKeyword</method>
  <thread>1</thread>
  <message>End action : closeBrowser()</message>
  <nestedLevel>1</nestedLevel>
  <escapedJava>false</escapedJava>
</record>
<record>
  <date>2026-06-03T14:23:51.583736500Z</date>
  <millis>1780496631583</millis>
  <nanos>736500</nanos>
  <sequence>388</sequence>
  <level>PASSED</level>
  <class>com.kms.katalon.core.logging.XmlKeywordLogger</class>
  <method>logMessage</method>
  <thread>1</thread>
  <message>Test Cases/Carrello/TC_5.3_1</message>
  <nestedLevel>1</nestedLevel>
  <escapedJava>false</escapedJava>
</record>
<record>
  <date>2026-06-03T14:23:51.583736500Z</date>
  <millis>1780496631583</millis>
  <nanos>736500</nanos>
  <sequence>389</sequence>
  <level>END</level>
  <class>com.kms.katalon.core.logging.XmlKeywordLogger</class>
  <method>endTest</method>
  <thread>1</thread>
  <message>End Test Case : Test Cases/Carrello/TC_5.3_1</message>
  <nestedLevel>0</nestedLevel>
  <escapedJava>false</escapedJava>
  <property name="executionBindingVariables">[]</property>
  <property name="applitools">false</property>
  <property name="remainingRetryCount">3</property>
  <property name="executedKeywords">{
  &quot;WebUI.closeBrowser&quot;: 1,
  &quot;WebUI.takeScreenshot&quot;: 1,
  &quot;WebUI.navigateToUrl&quot;: 3,
  &quot;WebUI.openBrowser&quot;: 1,
  &quot;WebUI.verifyTextNotPresent&quot;: 1
}</property>
  <property name="currentRetryCount">0</property>
  <property name="keywordsUsage">{
  &quot;web_ui&quot;: true,
  &quot;web_service&quot;: false,
  &quot;cucumber&quot;: false,
  &quot;builtin&quot;: false,
  &quot;mobile&quot;: false,
  &quot;windows&quot;: false,
  &quot;testng&quot;: false
}</property>
</record>
<record>
  <date>2026-06-03T14:23:51.588042100Z</date>
  <millis>1780496631588</millis>
  <nanos>42100</nanos>
  <sequence>390</sequence>
  <level>START</level>
  <class>com.kms.katalon.core.logging.XmlKeywordLogger</class>
  <method>startTest</method>
  <thread>1</thread>
  <message>Start Test Case : Test Cases/Carrello/TC_5.3_2</message>
  <nestedLevel>1</nestedLevel>
  <escapedJava>false</escapedJava>
  <property name="remainingRetryCount">3</property>
  <property name="origin"></property>
  <property name="name">Test Cases/Carrello/TC_5.3_2</property>
  <property name="description">Rimuovere un prodotto non presente nel carrello
URL cart?action=deleteC&amp;id=.. + verifica</property>
  <property name="iteration"></property>
  <property name="id">Test Cases/Carrello/TC_5.3_2</property>
  <property name="source">C:\Users\gianf\Documents\Vaporant-IGES\StorageSession\testing\katalon\Vaporant-Baseline\Test Cases\Carrello\TC_5.3_2.tc</property>
  <property name="tag"></property>
  <property name="isOptional">false</property>
  <property name="uuid">b0331391-27ae-43c2-a814-16a9ff16fa9e</property>
  <property name="currentRetryCount">0</property>
</record>
<record>
  <date>2026-06-03T14:23:51.592861300Z</date>
  <millis>1780496631592</millis>
  <nanos>861300</nanos>
  <sequence>392</sequence>
  <level>RUN_DATA</level>
  <class>com.kms.katalon.core.logging.XmlKeywordLogger</class>
  <method>logMessage</method>
  <thread>1</thread>
  <message>executionBindingVariables = []</message>
  <nestedLevel>1</nestedLevel>
  <escapedJava>false</escapedJava>
  <property name="executionBindingVariables">[]</property>
</record>
<record>
  <date>2026-06-03T14:23:51.614394800Z</date>
  <millis>1780496631614</millis>
  <nanos>394800</nanos>
  <sequence>393</sequence>
  <level>START</level>
  <class>com.kms.katalon.core.logging.XmlKeywordLogger</class>
  <method>startKeyword</method>
  <thread>1</thread>
  <message>Start action : openBrowser(&amp;quot;&amp;quot;)</message>
  <nestedLevel>1</nestedLevel>
  <escapedJava>false</escapedJava>
  <property name="startLine">5</property>
  <property name="stepIndex">1</property>
</record>
<record>
  <date>2026-06-03T14:23:51.616383600Z</date>
  <millis>1780496631616</millis>
  <nanos>383600</nanos>
  <sequence>396</sequence>
  <level>INFO</level>
  <class>com.kms.katalon.core.logging.XmlKeywordLogger</class>
  <method>logMessage</method>
  <thread>1</thread>
  <message>Starting &amp;apos;Chrome&amp;apos; driver</message>
  <nestedLevel>1</nestedLevel>
  <escapedJava>false</escapedJava>
</record>
<record>
  <date>2026-06-03T14:23:51.617385300Z</date>
  <millis>1780496631617</millis>
  <nanos>385300</nanos>
  <sequence>397</sequence>
  <level>INFO</level>
  <class>com.kms.katalon.core.logging.XmlKeywordLogger</class>
  <method>logMessage</method>
  <thread>1</thread>
  <message>Action delay is set to 0 milliseconds</message>
  <nestedLevel>1</nestedLevel>
  <escapedJava>false</escapedJava>
</record>
<record>
  <date>2026-06-03T14:23:52.362875600Z</date>
  <millis>1780496632362</millis>
  <nanos>875600</nanos>
  <sequence>399</sequence>
  <level>RUN_DATA</level>
  <class>com.kms.katalon.core.logging.XmlKeywordLogger</class>
  <method>logMessage</method>
  <thread>1</thread>
  <message>sessionId = aa59ee80d16bfb328e43eb6fd864e2d4</message>
  <nestedLevel>1</nestedLevel>
  <escapedJava>false</escapedJava>
  <property name="sessionId">aa59ee80d16bfb328e43eb6fd864e2d4</property>
</record>
<record>
  <date>2026-06-03T14:23:52.362875600Z</date>
  <millis>1780496632362</millis>
  <nanos>875600</nanos>
  <sequence>400</sequence>
  <level>RUN_DATA</level>
  <class>com.kms.katalon.core.logging.XmlKeywordLogger</class>
  <method>logMessage</method>
  <thread>1</thread>
  <message>browser = Chrome 148.0.7778.179</message>
  <nestedLevel>1</nestedLevel>
  <escapedJava>false</escapedJava>
  <property name="browser">Chrome 148.0.7778.179</property>
</record>
<record>
  <date>2026-06-03T14:23:52.362875600Z</date>
  <millis>1780496632362</millis>
  <nanos>875600</nanos>
  <sequence>401</sequence>
  <level>RUN_DATA</level>
  <class>com.kms.katalon.core.logging.XmlKeywordLogger</class>
  <method>logMessage</method>
  <thread>1</thread>
  <message>platform = Windows 11</message>
  <nestedLevel>1</nestedLevel>
  <escapedJava>false</escapedJava>
  <property name="platform">Windows 11</property>
</record>
<record>
  <date>2026-06-03T14:23:52.362875600Z</date>
  <millis>1780496632362</millis>
  <nanos>875600</nanos>
  <sequence>402</sequence>
  <level>RUN_DATA</level>
  <class>com.kms.katalon.core.logging.XmlKeywordLogger</class>
  <method>logMessage</method>
  <thread>1</thread>
  <message>seleniumVersion = 4.39.0</message>
  <nestedLevel>1</nestedLevel>
  <escapedJava>false</escapedJava>
  <property name="seleniumVersion">4.39.0</property>
</record>
<record>
  <date>2026-06-03T14:23:52.362875600Z</date>
  <millis>1780496632362</millis>
  <nanos>875600</nanos>
  <sequence>403</sequence>
  <level>RUN_DATA</level>
  <class>com.kms.katalon.core.logging.XmlKeywordLogger</class>
  <method>logMessage</method>
  <thread>1</thread>
  <message>proxyInformation = ProxyInformation { proxyOption=NO_PROXY, proxyServerType=HTTP, username=, password=********, proxyServerAddress=, proxyServerPort=0, executionList=&amp;quot;&amp;quot;, isApplyToDesiredCapabilities=true }</message>
  <nestedLevel>1</nestedLevel>
  <escapedJava>false</escapedJava>
  <property name="proxyInformation">ProxyInformation { proxyOption=NO_PROXY, proxyServerType=HTTP, username=, password=********, proxyServerAddress=, proxyServerPort=0, executionList=&quot;&quot;, isApplyToDesiredCapabilities=true }</property>
</record>
<record>
  <date>2026-06-03T14:23:52.375006Z</date>
  <millis>1780496632375</millis>
  <nanos>6000</nanos>
  <sequence>404</sequence>
  <level>PASSED</level>
  <class>com.kms.katalon.core.logging.XmlKeywordLogger</class>
  <method>logMessage</method>
  <thread>1</thread>
  <message>Browser is opened with url: &amp;apos;&amp;apos;</message>
  <nestedLevel>1</nestedLevel>
  <escapedJava>false</escapedJava>
  <property name="testops-method-name">com.kms.katalon.core.webui.keyword.builtin.OpenBrowserKeyword.openBrowser</property>
  <property name="testops-execution-stacktrace"></property>
</record>
<record>
  <date>2026-06-03T14:23:52.376007200Z</date>
  <millis>1780496632376</millis>
  <nanos>7200</nanos>
  <sequence>405</sequence>
  <level>END</level>
  <class>com.kms.katalon.core.logging.XmlKeywordLogger</class>
  <method>endKeyword</method>
  <thread>1</thread>
  <message>End action : openBrowser(&amp;quot;&amp;quot;)</message>
  <nestedLevel>1</nestedLevel>
  <escapedJava>false</escapedJava>
</record>
<record>
  <date>2026-06-03T14:23:52.376007200Z</date>
  <millis>1780496632376</millis>
  <nanos>7200</nanos>
  <sequence>406</sequence>
  <level>START</level>
  <class>com.kms.katalon.core.logging.XmlKeywordLogger</class>
  <method>startKeyword</method>
  <thread>1</thread>
  <message>Start action : navigateToUrl(base + &amp;quot;cart?action=addC&amp;amp;id=2&amp;quot;)</message>
  <nestedLevel>1</nestedLevel>
  <escapedJava>false</escapedJava>
  <property name="startLine">6</property>
  <property name="stepIndex">2</property>
</record>
<record>
  <date>2026-06-03T14:23:53.759277200Z</date>
  <millis>1780496633759</millis>
  <nanos>277200</nanos>
  <sequence>410</sequence>
  <level>PASSED</level>
  <class>com.kms.katalon.core.logging.XmlKeywordLogger</class>
  <method>logMessage</method>
  <thread>1</thread>
  <message>Navigate to &amp;apos;http://localhost:8080/Vaporant_IGES_war_exploded/cart?action=addC&amp;amp;id=2&amp;apos; successfully</message>
  <nestedLevel>1</nestedLevel>
  <escapedJava>false</escapedJava>
  <property name="testops-method-name">com.kms.katalon.core.webui.keyword.builtin.NavigateToUrlKeyword.navigateToUrl</property>
  <property name="testops-execution-stacktrace"></property>
</record>
<record>
  <date>2026-06-03T14:23:53.760290500Z</date>
  <millis>1780496633760</millis>
  <nanos>290500</nanos>
  <sequence>411</sequence>
  <level>END</level>
  <class>com.kms.katalon.core.logging.XmlKeywordLogger</class>
  <method>endKeyword</method>
  <thread>1</thread>
  <message>End action : navigateToUrl(base + &amp;quot;cart?action=addC&amp;amp;id=2&amp;quot;)</message>
  <nestedLevel>1</nestedLevel>
  <escapedJava>false</escapedJava>
</record>
<record>
  <date>2026-06-03T14:23:53.761285300Z</date>
  <millis>1780496633761</millis>
  <nanos>285300</nanos>
  <sequence>412</sequence>
  <level>START</level>
  <class>com.kms.katalon.core.logging.XmlKeywordLogger</class>
  <method>startKeyword</method>
  <thread>1</thread>
  <message>Start action : navigateToUrl(base + &amp;quot;cart?action=deleteC&amp;amp;id=3&amp;quot;)</message>
  <nestedLevel>1</nestedLevel>
  <escapedJava>false</escapedJava>
  <property name="startLine">7</property>
  <property name="stepIndex">3</property>
</record>
<record>
  <date>2026-06-03T14:23:53.799959400Z</date>
  <millis>1780496633799</millis>
  <nanos>959400</nanos>
  <sequence>416</sequence>
  <level>PASSED</level>
  <class>com.kms.katalon.core.logging.XmlKeywordLogger</class>
  <method>logMessage</method>
  <thread>1</thread>
  <message>Navigate to &amp;apos;http://localhost:8080/Vaporant_IGES_war_exploded/cart?action=deleteC&amp;amp;id=3&amp;apos; successfully</message>
  <nestedLevel>1</nestedLevel>
  <escapedJava>false</escapedJava>
  <property name="testops-method-name">com.kms.katalon.core.webui.keyword.builtin.NavigateToUrlKeyword.navigateToUrl</property>
  <property name="testops-execution-stacktrace"></property>
</record>
<record>
  <date>2026-06-03T14:23:53.801020100Z</date>
  <millis>1780496633801</millis>
  <nanos>20100</nanos>
  <sequence>417</sequence>
  <level>END</level>
  <class>com.kms.katalon.core.logging.XmlKeywordLogger</class>
  <method>endKeyword</method>
  <thread>1</thread>
  <message>End action : navigateToUrl(base + &amp;quot;cart?action=deleteC&amp;amp;id=3&amp;quot;)</message>
  <nestedLevel>1</nestedLevel>
  <escapedJava>false</escapedJava>
</record>
<record>
  <date>2026-06-03T14:23:53.801020100Z</date>
  <millis>1780496633801</millis>
  <nanos>20100</nanos>
  <sequence>418</sequence>
  <level>START</level>
  <class>com.kms.katalon.core.logging.XmlKeywordLogger</class>
  <method>startKeyword</method>
  <thread>1</thread>
  <message>Start action : navigateToUrl(base + &amp;quot;CartView.jsp&amp;quot;)</message>
  <nestedLevel>1</nestedLevel>
  <escapedJava>false</escapedJava>
  <property name="startLine">8</property>
  <property name="stepIndex">4</property>
</record>
<record>
  <date>2026-06-03T14:23:53.826031900Z</date>
  <millis>1780496633826</millis>
  <nanos>31900</nanos>
  <sequence>422</sequence>
  <level>PASSED</level>
  <class>com.kms.katalon.core.logging.XmlKeywordLogger</class>
  <method>logMessage</method>
  <thread>1</thread>
  <message>Navigate to &amp;apos;http://localhost:8080/Vaporant_IGES_war_exploded/CartView.jsp&amp;apos; successfully</message>
  <nestedLevel>1</nestedLevel>
  <escapedJava>false</escapedJava>
  <property name="testops-method-name">com.kms.katalon.core.webui.keyword.builtin.NavigateToUrlKeyword.navigateToUrl</property>
  <property name="testops-execution-stacktrace"></property>
</record>
<record>
  <date>2026-06-03T14:23:53.827032Z</date>
  <millis>1780496633827</millis>
  <nanos>32000</nanos>
  <sequence>423</sequence>
  <level>END</level>
  <class>com.kms.katalon.core.logging.XmlKeywordLogger</class>
  <method>endKeyword</method>
  <thread>1</thread>
  <message>End action : navigateToUrl(base + &amp;quot;CartView.jsp&amp;quot;)</message>
  <nestedLevel>1</nestedLevel>
  <escapedJava>false</escapedJava>
</record>
<record>
  <date>2026-06-03T14:23:53.828032100Z</date>
  <millis>1780496633828</millis>
  <nanos>32100</nanos>
  <sequence>424</sequence>
  <level>START</level>
  <class>com.kms.katalon.core.logging.XmlKeywordLogger</class>
  <method>startKeyword</method>
  <thread>1</thread>
  <message>Start action : takeScreenshot()</message>
  <nestedLevel>1</nestedLevel>
  <escapedJava>false</escapedJava>
  <property name="startLine">9</property>
  <property name="stepIndex">5</property>
</record>
<record>
  <date>2026-06-03T14:23:54.330644700Z</date>
  <millis>1780496634330</millis>
  <nanos>644700</nanos>
  <sequence>427</sequence>
  <level>PASSED</level>
  <class>com.kms.katalon.core.logging.XmlKeywordLogger</class>
  <method>logMessage</method>
  <thread>1</thread>
  <message>Taking screenshot successfully</message>
  <nestedLevel>1</nestedLevel>
  <escapedJava>false</escapedJava>
  <property name="attachment">1780496633829.png</property>
  <property name="testops-method-name">com.kms.katalon.core.webui.keyword.builtin.TakeScreenshotKeyword.takeScreenshot</property>
  <property name="testops-execution-stacktrace"></property>
</record>
<record>
  <date>2026-06-03T14:23:54.331212800Z</date>
  <millis>1780496634331</millis>
  <nanos>212800</nanos>
  <sequence>428</sequence>
  <level>END</level>
  <class>com.kms.katalon.core.logging.XmlKeywordLogger</class>
  <method>endKeyword</method>
  <thread>1</thread>
  <message>End action : takeScreenshot()</message>
  <nestedLevel>1</nestedLevel>
  <escapedJava>false</escapedJava>
</record>
<record>
  <date>2026-06-03T14:23:54.331212800Z</date>
  <millis>1780496634331</millis>
  <nanos>212800</nanos>
  <sequence>429</sequence>
  <level>START</level>
  <class>com.kms.katalon.core.logging.XmlKeywordLogger</class>
  <method>startKeyword</method>
  <thread>1</thread>
  <message>Start action : verifyTextPresent(&amp;quot;kiwi&amp;quot;, false)</message>
  <nestedLevel>1</nestedLevel>
  <escapedJava>false</escapedJava>
  <property name="startLine">10</property>
  <property name="stepIndex">6</property>
</record>
<record>
  <date>2026-06-03T14:23:54.570816800Z</date>
  <millis>1780496634570</millis>
  <nanos>816800</nanos>
  <sequence>433</sequence>
  <level>PASSED</level>
  <class>com.kms.katalon.core.logging.XmlKeywordLogger</class>
  <method>logMessage</method>
  <thread>1</thread>
  <message>Text &amp;apos;kiwi&amp;apos; is present on page </message>
  <nestedLevel>1</nestedLevel>
  <escapedJava>false</escapedJava>
  <property name="testops-is-assertion">true</property>
  <property name="testops-method-name">com.kms.katalon.core.webui.keyword.builtin.VerifyTextPresentKeyword.verifyTextPresent</property>
  <property name="testops-execution-stacktrace"></property>
</record>
<record>
  <date>2026-06-03T14:23:54.570816800Z</date>
  <millis>1780496634570</millis>
  <nanos>816800</nanos>
  <sequence>434</sequence>
  <level>END</level>
  <class>com.kms.katalon.core.logging.XmlKeywordLogger</class>
  <method>endKeyword</method>
  <thread>1</thread>
  <message>End action : verifyTextPresent(&amp;quot;kiwi&amp;quot;, false)</message>
  <nestedLevel>1</nestedLevel>
  <escapedJava>false</escapedJava>
</record>
<record>
  <date>2026-06-03T14:23:54.570816800Z</date>
  <millis>1780496634570</millis>
  <nanos>816800</nanos>
  <sequence>435</sequence>
  <level>START</level>
  <class>com.kms.katalon.core.logging.XmlKeywordLogger</class>
  <method>startKeyword</method>
  <thread>1</thread>
  <message>Start action : closeBrowser()</message>
  <nestedLevel>1</nestedLevel>
  <escapedJava>false</escapedJava>
  <property name="startLine">11</property>
  <property name="stepIndex">7</property>
</record>
<record>
  <date>2026-06-03T14:23:54.733333600Z</date>
  <millis>1780496634733</millis>
  <nanos>333600</nanos>
  <sequence>438</sequence>
  <level>PASSED</level>
  <class>com.kms.katalon.core.logging.XmlKeywordLogger</class>
  <method>logMessage</method>
  <thread>1</thread>
  <message>Browser is closed</message>
  <nestedLevel>1</nestedLevel>
  <escapedJava>false</escapedJava>
  <property name="testops-method-name">com.kms.katalon.core.webui.keyword.builtin.CloseBrowserKeyword.closeBrowser</property>
  <property name="testops-execution-stacktrace"></property>
</record>
<record>
  <date>2026-06-03T14:23:54.733333600Z</date>
  <millis>1780496634733</millis>
  <nanos>333600</nanos>
  <sequence>439</sequence>
  <level>END</level>
  <class>com.kms.katalon.core.logging.XmlKeywordLogger</class>
  <method>endKeyword</method>
  <thread>1</thread>
  <message>End action : closeBrowser()</message>
  <nestedLevel>1</nestedLevel>
  <escapedJava>false</escapedJava>
</record>
<record>
  <date>2026-06-03T14:23:54.733333600Z</date>
  <millis>1780496634733</millis>
  <nanos>333600</nanos>
  <sequence>440</sequence>
  <level>PASSED</level>
  <class>com.kms.katalon.core.logging.XmlKeywordLogger</class>
  <method>logMessage</method>
  <thread>1</thread>
  <message>Test Cases/Carrello/TC_5.3_2</message>
  <nestedLevel>1</nestedLevel>
  <escapedJava>false</escapedJava>
</record>
<record>
  <date>2026-06-03T14:23:54.733333600Z</date>
  <millis>1780496634733</millis>
  <nanos>333600</nanos>
  <sequence>441</sequence>
  <level>END</level>
  <class>com.kms.katalon.core.logging.XmlKeywordLogger</class>
  <method>endTest</method>
  <thread>1</thread>
  <message>End Test Case : Test Cases/Carrello/TC_5.3_2</message>
  <nestedLevel>0</nestedLevel>
  <escapedJava>false</escapedJava>
  <property name="executionBindingVariables">[]</property>
  <property name="applitools">false</property>
  <property name="remainingRetryCount">3</property>
  <property name="executedKeywords">{
  &quot;WebUI.closeBrowser&quot;: 1,
  &quot;WebUI.takeScreenshot&quot;: 1,
  &quot;WebUI.verifyTextPresent&quot;: 1,
  &quot;WebUI.navigateToUrl&quot;: 3,
  &quot;WebUI.openBrowser&quot;: 1
}</property>
  <property name="currentRetryCount">0</property>
  <property name="keywordsUsage">{
  &quot;web_ui&quot;: true,
  &quot;web_service&quot;: false,
  &quot;cucumber&quot;: false,
  &quot;builtin&quot;: false,
  &quot;mobile&quot;: false,
  &quot;windows&quot;: false,
  &quot;testng&quot;: false
}</property>
</record>
<record>
  <date>2026-06-03T14:23:54.737565200Z</date>
  <millis>1780496634737</millis>
  <nanos>565200</nanos>
  <sequence>442</sequence>
  <level>START</level>
  <class>com.kms.katalon.core.logging.XmlKeywordLogger</class>
  <method>startTest</method>
  <thread>1</thread>
  <message>Start Test Case : Test Cases/Carrello/TC_5.4_1</message>
  <nestedLevel>1</nestedLevel>
  <escapedJava>false</escapedJava>
  <property name="remainingRetryCount">3</property>
  <property name="origin"></property>
  <property name="name">Test Cases/Carrello/TC_5.4_1</property>
  <property name="description">Aggiorna quantità a valore valido	
Form carrello: imposta qty + &quot;Aggiorna&quot;</property>
  <property name="iteration"></property>
  <property name="id">Test Cases/Carrello/TC_5.4_1</property>
  <property name="source">C:\Users\gianf\Documents\Vaporant-IGES\StorageSession\testing\katalon\Vaporant-Baseline\Test Cases\Carrello\TC_5.4_1.tc</property>
  <property name="tag"></property>
  <property name="isOptional">false</property>
  <property name="uuid">b9af9425-b281-464a-907d-028722e3d289</property>
  <property name="currentRetryCount">0</property>
</record>
<record>
  <date>2026-06-03T14:23:54.743341800Z</date>
  <millis>1780496634743</millis>
  <nanos>341800</nanos>
  <sequence>444</sequence>
  <level>RUN_DATA</level>
  <class>com.kms.katalon.core.logging.XmlKeywordLogger</class>
  <method>logMessage</method>
  <thread>1</thread>
  <message>executionBindingVariables = []</message>
  <nestedLevel>1</nestedLevel>
  <escapedJava>false</escapedJava>
  <property name="executionBindingVariables">[]</property>
</record>
<record>
  <date>2026-06-03T14:23:54.765858100Z</date>
  <millis>1780496634765</millis>
  <nanos>858100</nanos>
  <sequence>445</sequence>
  <level>START</level>
  <class>com.kms.katalon.core.logging.XmlKeywordLogger</class>
  <method>startKeyword</method>
  <thread>1</thread>
  <message>Start action : openBrowser(&amp;quot;&amp;quot;)</message>
  <nestedLevel>1</nestedLevel>
  <escapedJava>false</escapedJava>
  <property name="startLine">5</property>
  <property name="stepIndex">1</property>
</record>
<record>
  <date>2026-06-03T14:23:54.766624500Z</date>
  <millis>1780496634766</millis>
  <nanos>624500</nanos>
  <sequence>448</sequence>
  <level>INFO</level>
  <class>com.kms.katalon.core.logging.XmlKeywordLogger</class>
  <method>logMessage</method>
  <thread>1</thread>
  <message>Starting &amp;apos;Chrome&amp;apos; driver</message>
  <nestedLevel>1</nestedLevel>
  <escapedJava>false</escapedJava>
</record>
<record>
  <date>2026-06-03T14:23:54.768377300Z</date>
  <millis>1780496634768</millis>
  <nanos>377300</nanos>
  <sequence>449</sequence>
  <level>INFO</level>
  <class>com.kms.katalon.core.logging.XmlKeywordLogger</class>
  <method>logMessage</method>
  <thread>1</thread>
  <message>Action delay is set to 0 milliseconds</message>
  <nestedLevel>1</nestedLevel>
  <escapedJava>false</escapedJava>
</record>
<record>
  <date>2026-06-03T14:23:55.750184200Z</date>
  <millis>1780496635750</millis>
  <nanos>184200</nanos>
  <sequence>451</sequence>
  <level>RUN_DATA</level>
  <class>com.kms.katalon.core.logging.XmlKeywordLogger</class>
  <method>logMessage</method>
  <thread>1</thread>
  <message>sessionId = 9348b39e6ae094e0dd20765138ccae32</message>
  <nestedLevel>1</nestedLevel>
  <escapedJava>false</escapedJava>
  <property name="sessionId">9348b39e6ae094e0dd20765138ccae32</property>
</record>
<record>
  <date>2026-06-03T14:23:55.751511900Z</date>
  <millis>1780496635751</millis>
  <nanos>511900</nanos>
  <sequence>452</sequence>
  <level>RUN_DATA</level>
  <class>com.kms.katalon.core.logging.XmlKeywordLogger</class>
  <method>logMessage</method>
  <thread>1</thread>
  <message>browser = Chrome 148.0.7778.179</message>
  <nestedLevel>1</nestedLevel>
  <escapedJava>false</escapedJava>
  <property name="browser">Chrome 148.0.7778.179</property>
</record>
<record>
  <date>2026-06-03T14:23:55.751511900Z</date>
  <millis>1780496635751</millis>
  <nanos>511900</nanos>
  <sequence>453</sequence>
  <level>RUN_DATA</level>
  <class>com.kms.katalon.core.logging.XmlKeywordLogger</class>
  <method>logMessage</method>
  <thread>1</thread>
  <message>platform = Windows 11</message>
  <nestedLevel>1</nestedLevel>
  <escapedJava>false</escapedJava>
  <property name="platform">Windows 11</property>
</record>
<record>
  <date>2026-06-03T14:23:55.751511900Z</date>
  <millis>1780496635751</millis>
  <nanos>511900</nanos>
  <sequence>454</sequence>
  <level>RUN_DATA</level>
  <class>com.kms.katalon.core.logging.XmlKeywordLogger</class>
  <method>logMessage</method>
  <thread>1</thread>
  <message>seleniumVersion = 4.39.0</message>
  <nestedLevel>1</nestedLevel>
  <escapedJava>false</escapedJava>
  <property name="seleniumVersion">4.39.0</property>
</record>
<record>
  <date>2026-06-03T14:23:55.751511900Z</date>
  <millis>1780496635751</millis>
  <nanos>511900</nanos>
  <sequence>455</sequence>
  <level>RUN_DATA</level>
  <class>com.kms.katalon.core.logging.XmlKeywordLogger</class>
  <method>logMessage</method>
  <thread>1</thread>
  <message>proxyInformation = ProxyInformation { proxyOption=NO_PROXY, proxyServerType=HTTP, username=, password=********, proxyServerAddress=, proxyServerPort=0, executionList=&amp;quot;&amp;quot;, isApplyToDesiredCapabilities=true }</message>
  <nestedLevel>1</nestedLevel>
  <escapedJava>false</escapedJava>
  <property name="proxyInformation">ProxyInformation { proxyOption=NO_PROXY, proxyServerType=HTTP, username=, password=********, proxyServerAddress=, proxyServerPort=0, executionList=&quot;&quot;, isApplyToDesiredCapabilities=true }</property>
</record>
<record>
  <date>2026-06-03T14:23:55.760409100Z</date>
  <millis>1780496635760</millis>
  <nanos>409100</nanos>
  <sequence>456</sequence>
  <level>PASSED</level>
  <class>com.kms.katalon.core.logging.XmlKeywordLogger</class>
  <method>logMessage</method>
  <thread>1</thread>
  <message>Browser is opened with url: &amp;apos;&amp;apos;</message>
  <nestedLevel>1</nestedLevel>
  <escapedJava>false</escapedJava>
  <property name="testops-method-name">com.kms.katalon.core.webui.keyword.builtin.OpenBrowserKeyword.openBrowser</property>
  <property name="testops-execution-stacktrace"></property>
</record>
<record>
  <date>2026-06-03T14:23:55.761412400Z</date>
  <millis>1780496635761</millis>
  <nanos>412400</nanos>
  <sequence>457</sequence>
  <level>END</level>
  <class>com.kms.katalon.core.logging.XmlKeywordLogger</class>
  <method>endKeyword</method>
  <thread>1</thread>
  <message>End action : openBrowser(&amp;quot;&amp;quot;)</message>
  <nestedLevel>1</nestedLevel>
  <escapedJava>false</escapedJava>
</record>
<record>
  <date>2026-06-03T14:23:55.761412400Z</date>
  <millis>1780496635761</millis>
  <nanos>412400</nanos>
  <sequence>458</sequence>
  <level>START</level>
  <class>com.kms.katalon.core.logging.XmlKeywordLogger</class>
  <method>startKeyword</method>
  <thread>1</thread>
  <message>Start action : navigateToUrl(base + &amp;quot;cart?action=addC&amp;amp;id=2&amp;quot;)</message>
  <nestedLevel>1</nestedLevel>
  <escapedJava>false</escapedJava>
  <property name="startLine">6</property>
  <property name="stepIndex">2</property>
</record>
<record>
  <date>2026-06-03T14:24:00.837350500Z</date>
  <millis>1780496640837</millis>
  <nanos>350500</nanos>
  <sequence>462</sequence>
  <level>PASSED</level>
  <class>com.kms.katalon.core.logging.XmlKeywordLogger</class>
  <method>logMessage</method>
  <thread>1</thread>
  <message>Navigate to &amp;apos;http://localhost:8080/Vaporant_IGES_war_exploded/cart?action=addC&amp;amp;id=2&amp;apos; successfully</message>
  <nestedLevel>1</nestedLevel>
  <escapedJava>false</escapedJava>
  <property name="testops-method-name">com.kms.katalon.core.webui.keyword.builtin.NavigateToUrlKeyword.navigateToUrl</property>
  <property name="testops-execution-stacktrace"></property>
</record>
<record>
  <date>2026-06-03T14:24:00.839435500Z</date>
  <millis>1780496640839</millis>
  <nanos>435500</nanos>
  <sequence>463</sequence>
  <level>END</level>
  <class>com.kms.katalon.core.logging.XmlKeywordLogger</class>
  <method>endKeyword</method>
  <thread>1</thread>
  <message>End action : navigateToUrl(base + &amp;quot;cart?action=addC&amp;amp;id=2&amp;quot;)</message>
  <nestedLevel>1</nestedLevel>
  <escapedJava>false</escapedJava>
</record>
<record>
  <date>2026-06-03T14:24:00.840423600Z</date>
  <millis>1780496640840</millis>
  <nanos>423600</nanos>
  <sequence>464</sequence>
  <level>START</level>
  <class>com.kms.katalon.core.logging.XmlKeywordLogger</class>
  <method>startKeyword</method>
  <thread>1</thread>
  <message>Start action : navigateToUrl(base + &amp;quot;cart?action=aggiorna&amp;amp;id=2&amp;amp;quantita=3&amp;quot;)</message>
  <nestedLevel>1</nestedLevel>
  <escapedJava>false</escapedJava>
  <property name="startLine">7</property>
  <property name="stepIndex">3</property>
</record>
<record>
  <date>2026-06-03T14:24:00.891482600Z</date>
  <millis>1780496640891</millis>
  <nanos>482600</nanos>
  <sequence>468</sequence>
  <level>PASSED</level>
  <class>com.kms.katalon.core.logging.XmlKeywordLogger</class>
  <method>logMessage</method>
  <thread>1</thread>
  <message>Navigate to &amp;apos;http://localhost:8080/Vaporant_IGES_war_exploded/cart?action=aggiorna&amp;amp;id=2&amp;amp;quantita=3&amp;apos; successfully</message>
  <nestedLevel>1</nestedLevel>
  <escapedJava>false</escapedJava>
  <property name="testops-method-name">com.kms.katalon.core.webui.keyword.builtin.NavigateToUrlKeyword.navigateToUrl</property>
  <property name="testops-execution-stacktrace"></property>
</record>
<record>
  <date>2026-06-03T14:24:00.891482600Z</date>
  <millis>1780496640891</millis>
  <nanos>482600</nanos>
  <sequence>469</sequence>
  <level>END</level>
  <class>com.kms.katalon.core.logging.XmlKeywordLogger</class>
  <method>endKeyword</method>
  <thread>1</thread>
  <message>End action : navigateToUrl(base + &amp;quot;cart?action=aggiorna&amp;amp;id=2&amp;amp;quantita=3&amp;quot;)</message>
  <nestedLevel>1</nestedLevel>
  <escapedJava>false</escapedJava>
</record>
<record>
  <date>2026-06-03T14:24:00.891482600Z</date>
  <millis>1780496640891</millis>
  <nanos>482600</nanos>
  <sequence>470</sequence>
  <level>START</level>
  <class>com.kms.katalon.core.logging.XmlKeywordLogger</class>
  <method>startKeyword</method>
  <thread>1</thread>
  <message>Start action : navigateToUrl(base + &amp;quot;CartView.jsp&amp;quot;)</message>
  <nestedLevel>1</nestedLevel>
  <escapedJava>false</escapedJava>
  <property name="startLine">8</property>
  <property name="stepIndex">4</property>
</record>
<record>
  <date>2026-06-03T14:24:00.915788900Z</date>
  <millis>1780496640915</millis>
  <nanos>788900</nanos>
  <sequence>474</sequence>
  <level>PASSED</level>
  <class>com.kms.katalon.core.logging.XmlKeywordLogger</class>
  <method>logMessage</method>
  <thread>1</thread>
  <message>Navigate to &amp;apos;http://localhost:8080/Vaporant_IGES_war_exploded/CartView.jsp&amp;apos; successfully</message>
  <nestedLevel>1</nestedLevel>
  <escapedJava>false</escapedJava>
  <property name="testops-method-name">com.kms.katalon.core.webui.keyword.builtin.NavigateToUrlKeyword.navigateToUrl</property>
  <property name="testops-execution-stacktrace"></property>
</record>
<record>
  <date>2026-06-03T14:24:00.915788900Z</date>
  <millis>1780496640915</millis>
  <nanos>788900</nanos>
  <sequence>475</sequence>
  <level>END</level>
  <class>com.kms.katalon.core.logging.XmlKeywordLogger</class>
  <method>endKeyword</method>
  <thread>1</thread>
  <message>End action : navigateToUrl(base + &amp;quot;CartView.jsp&amp;quot;)</message>
  <nestedLevel>1</nestedLevel>
  <escapedJava>false</escapedJava>
</record>
<record>
  <date>2026-06-03T14:24:00.916928500Z</date>
  <millis>1780496640916</millis>
  <nanos>928500</nanos>
  <sequence>476</sequence>
  <level>START</level>
  <class>com.kms.katalon.core.logging.XmlKeywordLogger</class>
  <method>startKeyword</method>
  <thread>1</thread>
  <message>Start action : takeScreenshot()</message>
  <nestedLevel>1</nestedLevel>
  <escapedJava>false</escapedJava>
  <property name="startLine">9</property>
  <property name="stepIndex">5</property>
</record>
<record>
  <date>2026-06-03T14:24:01.404434900Z</date>
  <millis>1780496641404</millis>
  <nanos>434900</nanos>
  <sequence>479</sequence>
  <level>PASSED</level>
  <class>com.kms.katalon.core.logging.XmlKeywordLogger</class>
  <method>logMessage</method>
  <thread>1</thread>
  <message>Taking screenshot successfully</message>
  <nestedLevel>1</nestedLevel>
  <escapedJava>false</escapedJava>
  <property name="attachment">1780496640916.png</property>
  <property name="testops-method-name">com.kms.katalon.core.webui.keyword.builtin.TakeScreenshotKeyword.takeScreenshot</property>
  <property name="testops-execution-stacktrace"></property>
</record>
<record>
  <date>2026-06-03T14:24:01.404434900Z</date>
  <millis>1780496641404</millis>
  <nanos>434900</nanos>
  <sequence>480</sequence>
  <level>END</level>
  <class>com.kms.katalon.core.logging.XmlKeywordLogger</class>
  <method>endKeyword</method>
  <thread>1</thread>
  <message>End action : takeScreenshot()</message>
  <nestedLevel>1</nestedLevel>
  <escapedJava>false</escapedJava>
</record>
<record>
  <date>2026-06-03T14:24:01.404434900Z</date>
  <millis>1780496641404</millis>
  <nanos>434900</nanos>
  <sequence>481</sequence>
  <level>START</level>
  <class>com.kms.katalon.core.logging.XmlKeywordLogger</class>
  <method>startKeyword</method>
  <thread>1</thread>
  <message>Start action : verifyTextPresent(&amp;quot;239.97&amp;quot;, false)</message>
  <nestedLevel>1</nestedLevel>
  <escapedJava>false</escapedJava>
  <property name="startLine">10</property>
  <property name="stepIndex">6</property>
</record>
<record>
  <date>2026-06-03T14:24:01.647879200Z</date>
  <millis>1780496641647</millis>
  <nanos>879200</nanos>
  <sequence>485</sequence>
  <level>PASSED</level>
  <class>com.kms.katalon.core.logging.XmlKeywordLogger</class>
  <method>logMessage</method>
  <thread>1</thread>
  <message>Text &amp;apos;239.97&amp;apos; is present on page </message>
  <nestedLevel>1</nestedLevel>
  <escapedJava>false</escapedJava>
  <property name="testops-is-assertion">true</property>
  <property name="testops-method-name">com.kms.katalon.core.webui.keyword.builtin.VerifyTextPresentKeyword.verifyTextPresent</property>
  <property name="testops-execution-stacktrace"></property>
</record>
<record>
  <date>2026-06-03T14:24:01.647879200Z</date>
  <millis>1780496641647</millis>
  <nanos>879200</nanos>
  <sequence>486</sequence>
  <level>END</level>
  <class>com.kms.katalon.core.logging.XmlKeywordLogger</class>
  <method>endKeyword</method>
  <thread>1</thread>
  <message>End action : verifyTextPresent(&amp;quot;239.97&amp;quot;, false)</message>
  <nestedLevel>1</nestedLevel>
  <escapedJava>false</escapedJava>
</record>
<record>
  <date>2026-06-03T14:24:01.647879200Z</date>
  <millis>1780496641647</millis>
  <nanos>879200</nanos>
  <sequence>487</sequence>
  <level>START</level>
  <class>com.kms.katalon.core.logging.XmlKeywordLogger</class>
  <method>startKeyword</method>
  <thread>1</thread>
  <message>Start action : closeBrowser()</message>
  <nestedLevel>1</nestedLevel>
  <escapedJava>false</escapedJava>
  <property name="startLine">11</property>
  <property name="stepIndex">7</property>
</record>
<record>
  <date>2026-06-03T14:24:01.829626300Z</date>
  <millis>1780496641829</millis>
  <nanos>626300</nanos>
  <sequence>490</sequence>
  <level>PASSED</level>
  <class>com.kms.katalon.core.logging.XmlKeywordLogger</class>
  <method>logMessage</method>
  <thread>1</thread>
  <message>Browser is closed</message>
  <nestedLevel>1</nestedLevel>
  <escapedJava>false</escapedJava>
  <property name="testops-method-name">com.kms.katalon.core.webui.keyword.builtin.CloseBrowserKeyword.closeBrowser</property>
  <property name="testops-execution-stacktrace"></property>
</record>
<record>
  <date>2026-06-03T14:24:01.829626300Z</date>
  <millis>1780496641829</millis>
  <nanos>626300</nanos>
  <sequence>491</sequence>
  <level>END</level>
  <class>com.kms.katalon.core.logging.XmlKeywordLogger</class>
  <method>endKeyword</method>
  <thread>1</thread>
  <message>End action : closeBrowser()</message>
  <nestedLevel>1</nestedLevel>
  <escapedJava>false</escapedJava>
</record>
<record>
  <date>2026-06-03T14:24:01.829626300Z</date>
  <millis>1780496641829</millis>
  <nanos>626300</nanos>
  <sequence>492</sequence>
  <level>PASSED</level>
  <class>com.kms.katalon.core.logging.XmlKeywordLogger</class>
  <method>logMessage</method>
  <thread>1</thread>
  <message>Test Cases/Carrello/TC_5.4_1</message>
  <nestedLevel>1</nestedLevel>
  <escapedJava>false</escapedJava>
</record>
<record>
  <date>2026-06-03T14:24:01.829626300Z</date>
  <millis>1780496641829</millis>
  <nanos>626300</nanos>
  <sequence>493</sequence>
  <level>END</level>
  <class>com.kms.katalon.core.logging.XmlKeywordLogger</class>
  <method>endTest</method>
  <thread>1</thread>
  <message>End Test Case : Test Cases/Carrello/TC_5.4_1</message>
  <nestedLevel>0</nestedLevel>
  <escapedJava>false</escapedJava>
  <property name="executionBindingVariables">[]</property>
  <property name="applitools">false</property>
  <property name="remainingRetryCount">3</property>
  <property name="executedKeywords">{
  &quot;WebUI.closeBrowser&quot;: 1,
  &quot;WebUI.takeScreenshot&quot;: 1,
  &quot;WebUI.verifyTextPresent&quot;: 1,
  &quot;WebUI.navigateToUrl&quot;: 3,
  &quot;WebUI.openBrowser&quot;: 1
}</property>
  <property name="currentRetryCount">0</property>
  <property name="keywordsUsage">{
  &quot;web_ui&quot;: true,
  &quot;web_service&quot;: false,
  &quot;cucumber&quot;: false,
  &quot;builtin&quot;: false,
  &quot;mobile&quot;: false,
  &quot;windows&quot;: false,
  &quot;testng&quot;: false
}</property>
</record>
<record>
  <date>2026-06-03T14:24:01.832426Z</date>
  <millis>1780496641832</millis>
  <nanos>426000</nanos>
  <sequence>494</sequence>
  <level>START</level>
  <class>com.kms.katalon.core.logging.XmlKeywordLogger</class>
  <method>startTest</method>
  <thread>1</thread>
  <message>Start Test Case : Test Cases/Carrello/TC_5.4_2</message>
  <nestedLevel>1</nestedLevel>
  <escapedJava>false</escapedJava>
  <property name="remainingRetryCount">3</property>
  <property name="origin"></property>
  <property name="name">Test Cases/Carrello/TC_5.4_2</property>
  <property name="description">Rifiuto con quantità inferiore a 1
vincolo client-side HTML5 → verifica manuale (Katalon non intercetta bene il blocco nativo del browser); annotare l&apos;esito</property>
  <property name="iteration"></property>
  <property name="id">Test Cases/Carrello/TC_5.4_2</property>
  <property name="source">C:\Users\gianf\Documents\Vaporant-IGES\StorageSession\testing\katalon\Vaporant-Baseline\Test Cases\Carrello\TC_5.4_2.tc</property>
  <property name="tag"></property>
  <property name="isOptional">false</property>
  <property name="uuid">2fad37f3-4614-4036-99c0-f5a41a3535b9</property>
  <property name="currentRetryCount">0</property>
</record>
<record>
  <date>2026-06-03T14:24:01.836740800Z</date>
  <millis>1780496641836</millis>
  <nanos>740800</nanos>
  <sequence>496</sequence>
  <level>RUN_DATA</level>
  <class>com.kms.katalon.core.logging.XmlKeywordLogger</class>
  <method>logMessage</method>
  <thread>1</thread>
  <message>executionBindingVariables = []</message>
  <nestedLevel>1</nestedLevel>
  <escapedJava>false</escapedJava>
  <property name="executionBindingVariables">[]</property>
</record>
<record>
  <date>2026-06-03T14:24:01.849745900Z</date>
  <millis>1780496641849</millis>
  <nanos>745900</nanos>
  <sequence>497</sequence>
  <level>START</level>
  <class>com.kms.katalon.core.logging.XmlKeywordLogger</class>
  <method>startKeyword</method>
  <thread>1</thread>
  <message>Start action : markWarning(&amp;quot;Caso manuale: nel carrello impostare quantita=0 e cliccare Aggiorna. Atteso: il browser blocca l&amp;apos;invio (min=1).&amp;quot;)</message>
  <nestedLevel>1</nestedLevel>
  <escapedJava>false</escapedJava>
  <property name="startLine">5</property>
  <property name="stepIndex">1</property>
</record>
<record>
  <date>2026-06-03T14:24:01.850746Z</date>
  <millis>1780496641850</millis>
  <nanos>746000</nanos>
  <sequence>498</sequence>
  <level>WARNING</level>
  <class>com.kms.katalon.core.logging.XmlKeywordLogger</class>
  <method>logMessage</method>
  <thread>1</thread>
  <message>Caso manuale: nel carrello impostare quantita=0 e cliccare Aggiorna. Atteso: il browser blocca l&amp;apos;invio (min=1).</message>
  <nestedLevel>1</nestedLevel>
  <escapedJava>false</escapedJava>
</record>
<record>
  <date>2026-06-03T14:24:01.850746Z</date>
  <millis>1780496641850</millis>
  <nanos>746000</nanos>
  <sequence>499</sequence>
  <level>END</level>
  <class>com.kms.katalon.core.logging.XmlKeywordLogger</class>
  <method>endKeyword</method>
  <thread>1</thread>
  <message>End action : markWarning(&amp;quot;Caso manuale: nel carrello impostare quantita=0 e cliccare Aggiorna. Atteso: il browser blocca l&amp;apos;invio (min=1).&amp;quot;)</message>
  <nestedLevel>1</nestedLevel>
  <escapedJava>false</escapedJava>
</record>
<record>
  <date>2026-06-03T14:24:01.850746Z</date>
  <millis>1780496641850</millis>
  <nanos>746000</nanos>
  <sequence>500</sequence>
  <level>PASSED</level>
  <class>com.kms.katalon.core.logging.XmlKeywordLogger</class>
  <method>logMessage</method>
  <thread>1</thread>
  <message>Test Cases/Carrello/TC_5.4_2</message>
  <nestedLevel>1</nestedLevel>
  <escapedJava>false</escapedJava>
</record>
<record>
  <date>2026-06-03T14:24:01.850746Z</date>
  <millis>1780496641850</millis>
  <nanos>746000</nanos>
  <sequence>501</sequence>
  <level>END</level>
  <class>com.kms.katalon.core.logging.XmlKeywordLogger</class>
  <method>endTest</method>
  <thread>1</thread>
  <message>End Test Case : Test Cases/Carrello/TC_5.4_2</message>
  <nestedLevel>0</nestedLevel>
  <escapedJava>false</escapedJava>
  <property name="executionBindingVariables">[]</property>
  <property name="applitools">false</property>
  <property name="remainingRetryCount">3</property>
  <property name="executedKeywords">{}</property>
  <property name="currentRetryCount">0</property>
  <property name="keywordsUsage">{
  &quot;web_ui&quot;: false,
  &quot;web_service&quot;: false,
  &quot;cucumber&quot;: false,
  &quot;builtin&quot;: false,
  &quot;mobile&quot;: false,
  &quot;windows&quot;: false,
  &quot;testng&quot;: false
}</property>
</record>
<record>
  <date>2026-06-03T14:24:01.852745900Z</date>
  <millis>1780496641852</millis>
  <nanos>745900</nanos>
  <sequence>502</sequence>
  <level>START</level>
  <class>com.kms.katalon.core.logging.XmlKeywordLogger</class>
  <method>startTest</method>
  <thread>1</thread>
  <message>Start Test Case : Test Cases/Carrello/TC_5.4_3</message>
  <nestedLevel>1</nestedLevel>
  <escapedJava>false</escapedJava>
  <property name="remainingRetryCount">3</property>
  <property name="origin"></property>
  <property name="name">Test Cases/Carrello/TC_5.4_3</property>
  <property name="description">Rifiuto con quantità oltre la disponibilità
vincolo client-side HTML5 → verifica manuale (Katalon non intercetta bene il blocco nativo del browser); annotare l&apos;esito</property>
  <property name="iteration"></property>
  <property name="id">Test Cases/Carrello/TC_5.4_3</property>
  <property name="source">C:\Users\gianf\Documents\Vaporant-IGES\StorageSession\testing\katalon\Vaporant-Baseline\Test Cases\Carrello\TC_5.4_3.tc</property>
  <property name="tag"></property>
  <property name="isOptional">false</property>
  <property name="uuid">b20d7a43-7b01-48bd-aaad-c8af524ab74a</property>
  <property name="currentRetryCount">0</property>
</record>
<record>
  <date>2026-06-03T14:24:01.856742700Z</date>
  <millis>1780496641856</millis>
  <nanos>742700</nanos>
  <sequence>504</sequence>
  <level>RUN_DATA</level>
  <class>com.kms.katalon.core.logging.XmlKeywordLogger</class>
  <method>logMessage</method>
  <thread>1</thread>
  <message>executionBindingVariables = []</message>
  <nestedLevel>1</nestedLevel>
  <escapedJava>false</escapedJava>
  <property name="executionBindingVariables">[]</property>
</record>
<record>
  <date>2026-06-03T14:24:01.868963300Z</date>
  <millis>1780496641868</millis>
  <nanos>963300</nanos>
  <sequence>505</sequence>
  <level>START</level>
  <class>com.kms.katalon.core.logging.XmlKeywordLogger</class>
  <method>startKeyword</method>
  <thread>1</thread>
  <message>Start action : markWarning(&amp;quot;Caso manuale: nel carrello impostare quantita=30 (stock 25) e cliccare Aggiorna. Atteso: il browser blocca l&amp;apos;invio (max=25). Robustezza: il server non valida la disponibilita&amp;apos;.&amp;quot;)</message>
  <nestedLevel>1</nestedLevel>
  <escapedJava>false</escapedJava>
  <property name="startLine">5</property>
  <property name="stepIndex">1</property>
</record>
<record>
  <date>2026-06-03T14:24:01.869964200Z</date>
  <millis>1780496641869</millis>
  <nanos>964200</nanos>
  <sequence>506</sequence>
  <level>WARNING</level>
  <class>com.kms.katalon.core.logging.XmlKeywordLogger</class>
  <method>logMessage</method>
  <thread>1</thread>
  <message>Caso manuale: nel carrello impostare quantita=30 (stock 25) e cliccare Aggiorna. Atteso: il browser blocca l&amp;apos;invio (max=25). Robustezza: il server non valida la disponibilita&amp;apos;.</message>
  <nestedLevel>1</nestedLevel>
  <escapedJava>false</escapedJava>
</record>
<record>
  <date>2026-06-03T14:24:01.869964200Z</date>
  <millis>1780496641869</millis>
  <nanos>964200</nanos>
  <sequence>507</sequence>
  <level>END</level>
  <class>com.kms.katalon.core.logging.XmlKeywordLogger</class>
  <method>endKeyword</method>
  <thread>1</thread>
  <message>End action : markWarning(&amp;quot;Caso manuale: nel carrello impostare quantita=30 (stock 25) e cliccare Aggiorna. Atteso: il browser blocca l&amp;apos;invio (max=25). Robustezza: il server non valida la disponibilita&amp;apos;.&amp;quot;)</message>
  <nestedLevel>1</nestedLevel>
  <escapedJava>false</escapedJava>
</record>
<record>
  <date>2026-06-03T14:24:01.869964200Z</date>
  <millis>1780496641869</millis>
  <nanos>964200</nanos>
  <sequence>508</sequence>
  <level>PASSED</level>
  <class>com.kms.katalon.core.logging.XmlKeywordLogger</class>
  <method>logMessage</method>
  <thread>1</thread>
  <message>Test Cases/Carrello/TC_5.4_3</message>
  <nestedLevel>1</nestedLevel>
  <escapedJava>false</escapedJava>
</record>
<record>
  <date>2026-06-03T14:24:01.870963400Z</date>
  <millis>1780496641870</millis>
  <nanos>963400</nanos>
  <sequence>509</sequence>
  <level>END</level>
  <class>com.kms.katalon.core.logging.XmlKeywordLogger</class>
  <method>endTest</method>
  <thread>1</thread>
  <message>End Test Case : Test Cases/Carrello/TC_5.4_3</message>
  <nestedLevel>0</nestedLevel>
  <escapedJava>false</escapedJava>
  <property name="executionBindingVariables">[]</property>
  <property name="applitools">false</property>
  <property name="remainingRetryCount">3</property>
  <property name="executedKeywords">{}</property>
  <property name="currentRetryCount">0</property>
  <property name="keywordsUsage">{
  &quot;web_ui&quot;: false,
  &quot;web_service&quot;: false,
  &quot;cucumber&quot;: false,
  &quot;builtin&quot;: false,
  &quot;mobile&quot;: false,
  &quot;windows&quot;: false,
  &quot;testng&quot;: false
}</property>
</record>
<record>
  <date>2026-06-03T14:24:01.871986400Z</date>
  <millis>1780496641871</millis>
  <nanos>986400</nanos>
  <sequence>510</sequence>
  <level>START</level>
  <class>com.kms.katalon.core.logging.XmlKeywordLogger</class>
  <method>startTest</method>
  <thread>1</thread>
  <message>Start Test Case : Test Cases/Carrello/TC_5.4_4</message>
  <nestedLevel>1</nestedLevel>
  <escapedJava>false</escapedJava>
  <property name="remainingRetryCount">3</property>
  <property name="origin"></property>
  <property name="name">Test Cases/Carrello/TC_5.4_4</property>
  <property name="description">Rifiuto con quantità non compilata
vincolo client-side HTML5 → verifica manuale (Katalon non intercetta bene il blocco nativo del browser); annotare l&apos;esito</property>
  <property name="iteration"></property>
  <property name="id">Test Cases/Carrello/TC_5.4_4</property>
  <property name="source">C:\Users\gianf\Documents\Vaporant-IGES\StorageSession\testing\katalon\Vaporant-Baseline\Test Cases\Carrello\TC_5.4_4.tc</property>
  <property name="tag"></property>
  <property name="isOptional">false</property>
  <property name="uuid">911ad132-9884-4965-a817-7cd9ecd817c1</property>
  <property name="currentRetryCount">0</property>
</record>
<record>
  <date>2026-06-03T14:24:01.875964100Z</date>
  <millis>1780496641875</millis>
  <nanos>964100</nanos>
  <sequence>512</sequence>
  <level>RUN_DATA</level>
  <class>com.kms.katalon.core.logging.XmlKeywordLogger</class>
  <method>logMessage</method>
  <thread>1</thread>
  <message>executionBindingVariables = []</message>
  <nestedLevel>1</nestedLevel>
  <escapedJava>false</escapedJava>
  <property name="executionBindingVariables">[]</property>
</record>
<record>
  <date>2026-06-03T14:24:01.886696600Z</date>
  <millis>1780496641886</millis>
  <nanos>696600</nanos>
  <sequence>513</sequence>
  <level>START</level>
  <class>com.kms.katalon.core.logging.XmlKeywordLogger</class>
  <method>startKeyword</method>
  <thread>1</thread>
  <message>Start action : markWarning(&amp;quot;Caso manuale: nel carrello svuotare il campo quantita e cliccare Aggiorna. Atteso: il browser blocca l&amp;apos;invio (required).&amp;quot;)</message>
  <nestedLevel>1</nestedLevel>
  <escapedJava>false</escapedJava>
  <property name="startLine">5</property>
  <property name="stepIndex">1</property>
</record>
<record>
  <date>2026-06-03T14:24:01.889811Z</date>
  <millis>1780496641889</millis>
  <nanos>811000</nanos>
  <sequence>514</sequence>
  <level>WARNING</level>
  <class>com.kms.katalon.core.logging.XmlKeywordLogger</class>
  <method>logMessage</method>
  <thread>1</thread>
  <message>Caso manuale: nel carrello svuotare il campo quantita e cliccare Aggiorna. Atteso: il browser blocca l&amp;apos;invio (required).</message>
  <nestedLevel>1</nestedLevel>
  <escapedJava>false</escapedJava>
</record>
<record>
  <date>2026-06-03T14:24:01.889811Z</date>
  <millis>1780496641889</millis>
  <nanos>811000</nanos>
  <sequence>515</sequence>
  <level>END</level>
  <class>com.kms.katalon.core.logging.XmlKeywordLogger</class>
  <method>endKeyword</method>
  <thread>1</thread>
  <message>End action : markWarning(&amp;quot;Caso manuale: nel carrello svuotare il campo quantita e cliccare Aggiorna. Atteso: il browser blocca l&amp;apos;invio (required).&amp;quot;)</message>
  <nestedLevel>1</nestedLevel>
  <escapedJava>false</escapedJava>
</record>
<record>
  <date>2026-06-03T14:24:01.889811Z</date>
  <millis>1780496641889</millis>
  <nanos>811000</nanos>
  <sequence>516</sequence>
  <level>PASSED</level>
  <class>com.kms.katalon.core.logging.XmlKeywordLogger</class>
  <method>logMessage</method>
  <thread>1</thread>
  <message>Test Cases/Carrello/TC_5.4_4</message>
  <nestedLevel>1</nestedLevel>
  <escapedJava>false</escapedJava>
</record>
<record>
  <date>2026-06-03T14:24:01.890687700Z</date>
  <millis>1780496641890</millis>
  <nanos>687700</nanos>
  <sequence>517</sequence>
  <level>END</level>
  <class>com.kms.katalon.core.logging.XmlKeywordLogger</class>
  <method>endTest</method>
  <thread>1</thread>
  <message>End Test Case : Test Cases/Carrello/TC_5.4_4</message>
  <nestedLevel>0</nestedLevel>
  <escapedJava>false</escapedJava>
  <property name="executionBindingVariables">[]</property>
  <property name="applitools">false</property>
  <property name="remainingRetryCount">3</property>
  <property name="executedKeywords">{}</property>
  <property name="currentRetryCount">0</property>
  <property name="keywordsUsage">{
  &quot;web_ui&quot;: false,
  &quot;web_service&quot;: false,
  &quot;cucumber&quot;: false,
  &quot;builtin&quot;: false,
  &quot;mobile&quot;: false,
  &quot;windows&quot;: false,
  &quot;testng&quot;: false
}</property>
</record>
<record>
  <date>2026-06-03T14:24:01.891946100Z</date>
  <millis>1780496641891</millis>
  <nanos>946100</nanos>
  <sequence>518</sequence>
  <level>START</level>
  <class>com.kms.katalon.core.logging.XmlKeywordLogger</class>
  <method>startTest</method>
  <thread>1</thread>
  <message>Start Test Case : Test Cases/Carrello/TC_5.4_5</message>
  <nestedLevel>1</nestedLevel>
  <escapedJava>false</escapedJava>
  <property name="remainingRetryCount">3</property>
  <property name="origin"></property>
  <property name="name">Test Cases/Carrello/TC_5.4_5</property>
  <property name="description">Rifiuto con quantità non numerica
vincolo client-side HTML5 → verifica manuale (Katalon non intercetta bene il blocco nativo del browser); annotare l&apos;esito</property>
  <property name="iteration"></property>
  <property name="id">Test Cases/Carrello/TC_5.4_5</property>
  <property name="source">C:\Users\gianf\Documents\Vaporant-IGES\StorageSession\testing\katalon\Vaporant-Baseline\Test Cases\Carrello\TC_5.4_5.tc</property>
  <property name="tag"></property>
  <property name="isOptional">false</property>
  <property name="uuid">3e62c447-c114-4869-a935-4847ac85264d</property>
  <property name="currentRetryCount">0</property>
</record>
<record>
  <date>2026-06-03T14:24:01.895945100Z</date>
  <millis>1780496641895</millis>
  <nanos>945100</nanos>
  <sequence>520</sequence>
  <level>RUN_DATA</level>
  <class>com.kms.katalon.core.logging.XmlKeywordLogger</class>
  <method>logMessage</method>
  <thread>1</thread>
  <message>executionBindingVariables = []</message>
  <nestedLevel>1</nestedLevel>
  <escapedJava>false</escapedJava>
  <property name="executionBindingVariables">[]</property>
</record>
<record>
  <date>2026-06-03T14:24:01.908978100Z</date>
  <millis>1780496641908</millis>
  <nanos>978100</nanos>
  <sequence>521</sequence>
  <level>START</level>
  <class>com.kms.katalon.core.logging.XmlKeywordLogger</class>
  <method>startKeyword</method>
  <thread>1</thread>
  <message>Start action : markWarning(&amp;quot;Caso manuale: nel carrello inserire quantita=abc e cliccare Aggiorna. Atteso: il browser blocca l&amp;apos;invio (type=number).&amp;quot;)</message>
  <nestedLevel>1</nestedLevel>
  <escapedJava>false</escapedJava>
  <property name="startLine">5</property>
  <property name="stepIndex">1</property>
</record>
<record>
  <date>2026-06-03T14:24:01.909978800Z</date>
  <millis>1780496641909</millis>
  <nanos>978800</nanos>
  <sequence>522</sequence>
  <level>WARNING</level>
  <class>com.kms.katalon.core.logging.XmlKeywordLogger</class>
  <method>logMessage</method>
  <thread>1</thread>
  <message>Caso manuale: nel carrello inserire quantita=abc e cliccare Aggiorna. Atteso: il browser blocca l&amp;apos;invio (type=number).</message>
  <nestedLevel>1</nestedLevel>
  <escapedJava>false</escapedJava>
</record>
<record>
  <date>2026-06-03T14:24:01.909978800Z</date>
  <millis>1780496641909</millis>
  <nanos>978800</nanos>
  <sequence>523</sequence>
  <level>END</level>
  <class>com.kms.katalon.core.logging.XmlKeywordLogger</class>
  <method>endKeyword</method>
  <thread>1</thread>
  <message>End action : markWarning(&amp;quot;Caso manuale: nel carrello inserire quantita=abc e cliccare Aggiorna. Atteso: il browser blocca l&amp;apos;invio (type=number).&amp;quot;)</message>
  <nestedLevel>1</nestedLevel>
  <escapedJava>false</escapedJava>
</record>
<record>
  <date>2026-06-03T14:24:01.910314400Z</date>
  <millis>1780496641910</millis>
  <nanos>314400</nanos>
  <sequence>524</sequence>
  <level>PASSED</level>
  <class>com.kms.katalon.core.logging.XmlKeywordLogger</class>
  <method>logMessage</method>
  <thread>1</thread>
  <message>Test Cases/Carrello/TC_5.4_5</message>
  <nestedLevel>1</nestedLevel>
  <escapedJava>false</escapedJava>
</record>
<record>
  <date>2026-06-03T14:24:01.910314400Z</date>
  <millis>1780496641910</millis>
  <nanos>314400</nanos>
  <sequence>525</sequence>
  <level>END</level>
  <class>com.kms.katalon.core.logging.XmlKeywordLogger</class>
  <method>endTest</method>
  <thread>1</thread>
  <message>End Test Case : Test Cases/Carrello/TC_5.4_5</message>
  <nestedLevel>0</nestedLevel>
  <escapedJava>false</escapedJava>
  <property name="executionBindingVariables">[]</property>
  <property name="applitools">false</property>
  <property name="remainingRetryCount">3</property>
  <property name="executedKeywords">{}</property>
  <property name="currentRetryCount">0</property>
  <property name="keywordsUsage">{
  &quot;web_ui&quot;: false,
  &quot;web_service&quot;: false,
  &quot;cucumber&quot;: false,
  &quot;builtin&quot;: false,
  &quot;mobile&quot;: false,
  &quot;windows&quot;: false,
  &quot;testng&quot;: false
}</property>
</record>
<record>
  <date>2026-06-03T14:24:01.927911Z</date>
  <millis>1780496641927</millis>
  <nanos>911000</nanos>
  <sequence>526</sequence>
  <level>END</level>
  <class>com.kms.katalon.core.logging.XmlKeywordLogger</class>
  <method>endSuite</method>
  <thread>1</thread>
  <message>End Test Suite : Test Suites/Carrello</message>
  <nestedLevel>0</nestedLevel>
  <escapedJava>false</escapedJava>
</record>
</log>
