<?xml version="1.0" encoding="UTF-8" standalone="no"?>
<!DOCTYPE log SYSTEM "logger.dtd">
<log>
<record>
  <date>2026-06-08T19:52:43.041848100Z</date>
  <millis>1780948363041</millis>
  <nanos>848100</nanos>
  <sequence>0</sequence>
  <level>START</level>
  <class>com.kms.katalon.core.logging.XmlKeywordLogger</class>
  <method>startSuite</method>
  <thread>1</thread>
  <message>Start Test Suite : Test Suites/Generale</message>
  <nestedLevel>0</nestedLevel>
  <escapedJava>false</escapedJava>
  <property name="rerunTestFailImmediately">true</property>
  <property name="retryCount">3</property>
  <property name="name">Generale</property>
  <property name="description"></property>
  <property name="id">Test Suites/Generale</property>
</record>
<record>
  <date>2026-06-08T19:52:43.078089300Z</date>
  <millis>1780948363078</millis>
  <nanos>89300</nanos>
  <sequence>1</sequence>
  <level>RUN_DATA</level>
  <class>com.kms.katalon.core.logging.XmlKeywordLogger</class>
  <method>logMessage</method>
  <thread>1</thread>
  <message>userFullName = Gianfranco Barba</message>
  <nestedLevel>0</nestedLevel>
  <escapedJava>false</escapedJava>
  <property name="userFullName">Gianfranco Barba</property>
</record>
<record>
  <date>2026-06-08T19:52:43.079091300Z</date>
  <millis>1780948363079</millis>
  <nanos>91300</nanos>
  <sequence>2</sequence>
  <level>RUN_DATA</level>
  <class>com.kms.katalon.core.logging.XmlKeywordLogger</class>
  <method>logMessage</method>
  <thread>1</thread>
  <message>projectName = Vaporant-Baseline</message>
  <nestedLevel>0</nestedLevel>
  <escapedJava>false</escapedJava>
  <property name="projectName">Vaporant-Baseline</property>
</record>
<record>
  <date>2026-06-08T19:52:43.080096600Z</date>
  <millis>1780948363080</millis>
  <nanos>96600</nanos>
  <sequence>3</sequence>
  <level>RUN_DATA</level>
  <class>com.kms.katalon.core.logging.XmlKeywordLogger</class>
  <method>logMessage</method>
  <thread>1</thread>
  <message>hostName = gianf - Gianfranco</message>
  <nestedLevel>0</nestedLevel>
  <escapedJava>false</escapedJava>
  <property name="hostName">gianf - Gianfranco</property>
</record>
<record>
  <date>2026-06-08T19:52:43.082089700Z</date>
  <millis>1780948363082</millis>
  <nanos>89700</nanos>
  <sequence>4</sequence>
  <level>RUN_DATA</level>
  <class>com.kms.katalon.core.logging.XmlKeywordLogger</class>
  <method>logMessage</method>
  <thread>1</thread>
  <message>os = Windows 11 64bit</message>
  <nestedLevel>0</nestedLevel>
  <escapedJava>false</escapedJava>
  <property name="os">Windows 11 64bit</property>
</record>
<record>
  <date>2026-06-08T19:52:43.082089700Z</date>
  <millis>1780948363082</millis>
  <nanos>89700</nanos>
  <sequence>5</sequence>
  <level>RUN_DATA</level>
  <class>com.kms.katalon.core.logging.XmlKeywordLogger</class>
  <method>logMessage</method>
  <thread>1</thread>
  <message>hostAddress = 26.38.161.220</message>
  <nestedLevel>0</nestedLevel>
  <escapedJava>false</escapedJava>
  <property name="hostAddress">26.38.161.220</property>
</record>
<record>
  <date>2026-06-08T19:52:43.084088600Z</date>
  <millis>1780948363084</millis>
  <nanos>88600</nanos>
  <sequence>6</sequence>
  <level>RUN_DATA</level>
  <class>com.kms.katalon.core.logging.XmlKeywordLogger</class>
  <method>logMessage</method>
  <thread>1</thread>
  <message>katalonVersion = 11.2.0.0</message>
  <nestedLevel>0</nestedLevel>
  <escapedJava>false</escapedJava>
  <property name="katalonVersion">11.2.0.0</property>
</record>
<record>
  <date>2026-06-08T19:52:43.274304800Z</date>
  <millis>1780948363274</millis>
  <nanos>304800</nanos>
  <sequence>7</sequence>
  <level>START</level>
  <class>com.kms.katalon.core.logging.XmlKeywordLogger</class>
  <method>startTest</method>
  <thread>1</thread>
  <message>Start Test Case : Test Cases/Generale/TC_8.1_1</message>
  <nestedLevel>1</nestedLevel>
  <escapedJava>false</escapedJava>
  <property name="remainingRetryCount">3</property>
  <property name="origin"></property>
  <property name="name">Test Cases/Generale/TC_8.1_1</property>
  <property name="description">Pagine info (Contatti, Chi siamo, Privacy, Termini)	
Click link nel Footer + verifica pagina</property>
  <property name="iteration"></property>
  <property name="id">Test Cases/Generale/TC_8.1_1</property>
  <property name="source">C:\Users\gianf\Documents\Vaporant-IGES\StorageSession\testing\katalon\Vaporant-Baseline\Test Cases\Generale\TC_8.1_1.tc</property>
  <property name="tag"></property>
  <property name="isOptional">false</property>
  <property name="uuid">7294e801-3c78-46f3-b73c-c40e9ef258d4</property>
  <property name="currentRetryCount">0</property>
</record>
<record>
  <date>2026-06-08T19:52:43.305845900Z</date>
  <millis>1780948363305</millis>
  <nanos>845900</nanos>
  <sequence>9</sequence>
  <level>RUN_DATA</level>
  <class>com.kms.katalon.core.logging.XmlKeywordLogger</class>
  <method>logMessage</method>
  <thread>1</thread>
  <message>executionBindingVariables = []</message>
  <nestedLevel>1</nestedLevel>
  <escapedJava>false</escapedJava>
  <property name="executionBindingVariables">[]</property>
</record>
<record>
  <date>2026-06-08T19:52:43.307849600Z</date>
  <millis>1780948363307</millis>
  <nanos>849600</nanos>
  <sequence>10</sequence>
  <level>START</level>
  <class>com.kms.katalon.core.logging.XmlKeywordLogger</class>
  <method>startKeyword</method>
  <thread>1</thread>
  <message>Start listener action : resetSeedBeforeTestCase</message>
  <nestedLevel>1</nestedLevel>
  <escapedJava>false</escapedJava>
</record>
<record>
  <date>2026-06-08T19:52:43.331161600Z</date>
  <millis>1780948363331</millis>
  <nanos>161600</nanos>
  <sequence>12</sequence>
  <level>START</level>
  <class>com.kms.katalon.core.logging.XmlKeywordLogger</class>
  <method>startKeyword</method>
  <thread>1</thread>
  <message>Start action : if (resetSeed == false)</message>
  <nestedLevel>1</nestedLevel>
  <escapedJava>false</escapedJava>
  <property name="startLine">26</property>
  <property name="stepIndex">1</property>
</record>
<record>
  <date>2026-06-08T19:52:43.491825200Z</date>
  <millis>1780948363491</millis>
  <nanos>825200</nanos>
  <sequence>13</sequence>
  <level>END</level>
  <class>com.kms.katalon.core.logging.XmlKeywordLogger</class>
  <method>endKeyword</method>
  <thread>1</thread>
  <message>End action : if (resetSeed == false)</message>
  <nestedLevel>1</nestedLevel>
  <escapedJava>false</escapedJava>
</record>
<record>
  <date>2026-06-08T19:52:43.492823800Z</date>
  <millis>1780948363492</millis>
  <nanos>823800</nanos>
  <sequence>14</sequence>
  <level>START</level>
  <class>com.kms.katalon.core.logging.XmlKeywordLogger</class>
  <method>startKeyword</method>
  <thread>1</thread>
  <message>Start action : projectDir = getProjectDir()</message>
  <nestedLevel>1</nestedLevel>
  <escapedJava>false</escapedJava>
  <property name="startLine">30</property>
  <property name="stepIndex">2</property>
</record>
<record>
  <date>2026-06-08T19:52:43.494922300Z</date>
  <millis>1780948363494</millis>
  <nanos>922300</nanos>
  <sequence>15</sequence>
  <level>END</level>
  <class>com.kms.katalon.core.logging.XmlKeywordLogger</class>
  <method>endKeyword</method>
  <thread>1</thread>
  <message>End action : projectDir = getProjectDir()</message>
  <nestedLevel>1</nestedLevel>
  <escapedJava>false</escapedJava>
</record>
<record>
  <date>2026-06-08T19:52:43.495922600Z</date>
  <millis>1780948363495</millis>
  <nanos>922600</nanos>
  <sequence>16</sequence>
  <level>START</level>
  <class>com.kms.katalon.core.logging.XmlKeywordLogger</class>
  <method>startKeyword</method>
  <thread>1</thread>
  <message>Start action : script = new java.io.File(projectDir, Data Files/reset-seed.sql)</message>
  <nestedLevel>1</nestedLevel>
  <escapedJava>false</escapedJava>
  <property name="startLine">31</property>
  <property name="stepIndex">3</property>
</record>
<record>
  <date>2026-06-08T19:52:43.497923100Z</date>
  <millis>1780948363497</millis>
  <nanos>923100</nanos>
  <sequence>17</sequence>
  <level>END</level>
  <class>com.kms.katalon.core.logging.XmlKeywordLogger</class>
  <method>endKeyword</method>
  <thread>1</thread>
  <message>End action : script = new java.io.File(projectDir, Data Files/reset-seed.sql)</message>
  <nestedLevel>1</nestedLevel>
  <escapedJava>false</escapedJava>
</record>
<record>
  <date>2026-06-08T19:52:43.498923Z</date>
  <millis>1780948363498</millis>
  <nanos>923000</nanos>
  <sequence>18</sequence>
  <level>START</level>
  <class>com.kms.katalon.core.logging.XmlKeywordLogger</class>
  <method>startKeyword</method>
  <thread>1</thread>
  <message>Start action : if (!(script.exists()))</message>
  <nestedLevel>1</nestedLevel>
  <escapedJava>false</escapedJava>
  <property name="startLine">33</property>
  <property name="stepIndex">4</property>
</record>
<record>
  <date>2026-06-08T19:52:43.508118600Z</date>
  <millis>1780948363508</millis>
  <nanos>118600</nanos>
  <sequence>19</sequence>
  <level>END</level>
  <class>com.kms.katalon.core.logging.XmlKeywordLogger</class>
  <method>endKeyword</method>
  <thread>1</thread>
  <message>End action : if (!(script.exists()))</message>
  <nestedLevel>1</nestedLevel>
  <escapedJava>false</escapedJava>
</record>
<record>
  <date>2026-06-08T19:52:43.508118600Z</date>
  <millis>1780948363508</millis>
  <nanos>118600</nanos>
  <sequence>20</sequence>
  <level>START</level>
  <class>com.kms.katalon.core.logging.XmlKeywordLogger</class>
  <method>startKeyword</method>
  <thread>1</thread>
  <message>Start action : cmd = [mysqlExe, &amp;quot;--user=&amp;quot; + dbUser, &amp;quot;--password=&amp;quot; + dbPass, dbName]</message>
  <nestedLevel>1</nestedLevel>
  <escapedJava>false</escapedJava>
  <property name="startLine">39</property>
  <property name="stepIndex">5</property>
</record>
<record>
  <date>2026-06-08T19:52:43.516343600Z</date>
  <millis>1780948363516</millis>
  <nanos>343600</nanos>
  <sequence>21</sequence>
  <level>END</level>
  <class>com.kms.katalon.core.logging.XmlKeywordLogger</class>
  <method>endKeyword</method>
  <thread>1</thread>
  <message>End action : cmd = [mysqlExe, &amp;quot;--user=&amp;quot; + dbUser, &amp;quot;--password=&amp;quot; + dbPass, dbName]</message>
  <nestedLevel>1</nestedLevel>
  <escapedJava>false</escapedJava>
</record>
<record>
  <date>2026-06-08T19:52:43.517345500Z</date>
  <millis>1780948363517</millis>
  <nanos>345500</nanos>
  <sequence>22</sequence>
  <level>START</level>
  <class>com.kms.katalon.core.logging.XmlKeywordLogger</class>
  <method>startKeyword</method>
  <thread>1</thread>
  <message>Start action : log = new java.io.File(java.lang.System.getProperty(java.io.tmpdir), seedreset.log)</message>
  <nestedLevel>1</nestedLevel>
  <escapedJava>false</escapedJava>
  <property name="startLine">46</property>
  <property name="stepIndex">6</property>
</record>
<record>
  <date>2026-06-08T19:52:43.541152100Z</date>
  <millis>1780948363541</millis>
  <nanos>152100</nanos>
  <sequence>23</sequence>
  <level>END</level>
  <class>com.kms.katalon.core.logging.XmlKeywordLogger</class>
  <method>endKeyword</method>
  <thread>1</thread>
  <message>End action : log = new java.io.File(java.lang.System.getProperty(java.io.tmpdir), seedreset.log)</message>
  <nestedLevel>1</nestedLevel>
  <escapedJava>false</escapedJava>
</record>
<record>
  <date>2026-06-08T19:52:43.542147800Z</date>
  <millis>1780948363542</millis>
  <nanos>147800</nanos>
  <sequence>24</sequence>
  <level>START</level>
  <class>com.kms.katalon.core.logging.XmlKeywordLogger</class>
  <method>startKeyword</method>
  <thread>1</thread>
  <message>Start action : pb = new java.lang.ProcessBuilder(cmd)</message>
  <nestedLevel>1</nestedLevel>
  <escapedJava>false</escapedJava>
  <property name="startLine">48</property>
  <property name="stepIndex">7</property>
</record>
<record>
  <date>2026-06-08T19:52:43.549664500Z</date>
  <millis>1780948363549</millis>
  <nanos>664500</nanos>
  <sequence>25</sequence>
  <level>END</level>
  <class>com.kms.katalon.core.logging.XmlKeywordLogger</class>
  <method>endKeyword</method>
  <thread>1</thread>
  <message>End action : pb = new java.lang.ProcessBuilder(cmd)</message>
  <nestedLevel>1</nestedLevel>
  <escapedJava>false</escapedJava>
</record>
<record>
  <date>2026-06-08T19:52:43.550665400Z</date>
  <millis>1780948363550</millis>
  <nanos>665400</nanos>
  <sequence>26</sequence>
  <level>START</level>
  <class>com.kms.katalon.core.logging.XmlKeywordLogger</class>
  <method>startKeyword</method>
  <thread>1</thread>
  <message>Start action : pb.redirectInput(script)</message>
  <nestedLevel>1</nestedLevel>
  <escapedJava>false</escapedJava>
  <property name="startLine">49</property>
  <property name="stepIndex">8</property>
</record>
<record>
  <date>2026-06-08T19:52:43.554172100Z</date>
  <millis>1780948363554</millis>
  <nanos>172100</nanos>
  <sequence>27</sequence>
  <level>END</level>
  <class>com.kms.katalon.core.logging.XmlKeywordLogger</class>
  <method>endKeyword</method>
  <thread>1</thread>
  <message>End action : pb.redirectInput(script)</message>
  <nestedLevel>1</nestedLevel>
  <escapedJava>false</escapedJava>
</record>
<record>
  <date>2026-06-08T19:52:43.554172100Z</date>
  <millis>1780948363554</millis>
  <nanos>172100</nanos>
  <sequence>28</sequence>
  <level>START</level>
  <class>com.kms.katalon.core.logging.XmlKeywordLogger</class>
  <method>startKeyword</method>
  <thread>1</thread>
  <message>Start action : pb.redirectErrorStream(true)</message>
  <nestedLevel>1</nestedLevel>
  <escapedJava>false</escapedJava>
  <property name="startLine">50</property>
  <property name="stepIndex">9</property>
</record>
<record>
  <date>2026-06-08T19:52:43.559186100Z</date>
  <millis>1780948363559</millis>
  <nanos>186100</nanos>
  <sequence>29</sequence>
  <level>END</level>
  <class>com.kms.katalon.core.logging.XmlKeywordLogger</class>
  <method>endKeyword</method>
  <thread>1</thread>
  <message>End action : pb.redirectErrorStream(true)</message>
  <nestedLevel>1</nestedLevel>
  <escapedJava>false</escapedJava>
</record>
<record>
  <date>2026-06-08T19:52:43.560187300Z</date>
  <millis>1780948363560</millis>
  <nanos>187300</nanos>
  <sequence>30</sequence>
  <level>START</level>
  <class>com.kms.katalon.core.logging.XmlKeywordLogger</class>
  <method>startKeyword</method>
  <thread>1</thread>
  <message>Start action : pb.redirectOutput(log)</message>
  <nestedLevel>1</nestedLevel>
  <escapedJava>false</escapedJava>
  <property name="startLine">51</property>
  <property name="stepIndex">10</property>
</record>
<record>
  <date>2026-06-08T19:52:43.561721900Z</date>
  <millis>1780948363561</millis>
  <nanos>721900</nanos>
  <sequence>31</sequence>
  <level>END</level>
  <class>com.kms.katalon.core.logging.XmlKeywordLogger</class>
  <method>endKeyword</method>
  <thread>1</thread>
  <message>End action : pb.redirectOutput(log)</message>
  <nestedLevel>1</nestedLevel>
  <escapedJava>false</escapedJava>
</record>
<record>
  <date>2026-06-08T19:52:43.561721900Z</date>
  <millis>1780948363561</millis>
  <nanos>721900</nanos>
  <sequence>32</sequence>
  <level>START</level>
  <class>com.kms.katalon.core.logging.XmlKeywordLogger</class>
  <method>startKeyword</method>
  <thread>1</thread>
  <message>Start action : p = pb.start()</message>
  <nestedLevel>1</nestedLevel>
  <escapedJava>false</escapedJava>
  <property name="startLine">53</property>
  <property name="stepIndex">11</property>
</record>
<record>
  <date>2026-06-08T19:52:43.577218800Z</date>
  <millis>1780948363577</millis>
  <nanos>218800</nanos>
  <sequence>33</sequence>
  <level>END</level>
  <class>com.kms.katalon.core.logging.XmlKeywordLogger</class>
  <method>endKeyword</method>
  <thread>1</thread>
  <message>End action : p = pb.start()</message>
  <nestedLevel>1</nestedLevel>
  <escapedJava>false</escapedJava>
</record>
<record>
  <date>2026-06-08T19:52:43.578221700Z</date>
  <millis>1780948363578</millis>
  <nanos>221700</nanos>
  <sequence>34</sequence>
  <level>START</level>
  <class>com.kms.katalon.core.logging.XmlKeywordLogger</class>
  <method>startKeyword</method>
  <thread>1</thread>
  <message>Start action : finished = p.waitFor(20, SECONDS)</message>
  <nestedLevel>1</nestedLevel>
  <escapedJava>false</escapedJava>
  <property name="startLine">55</property>
  <property name="stepIndex">12</property>
</record>
<record>
  <date>2026-06-08T19:52:43.677808300Z</date>
  <millis>1780948363677</millis>
  <nanos>808300</nanos>
  <sequence>35</sequence>
  <level>END</level>
  <class>com.kms.katalon.core.logging.XmlKeywordLogger</class>
  <method>endKeyword</method>
  <thread>1</thread>
  <message>End action : finished = p.waitFor(20, SECONDS)</message>
  <nestedLevel>1</nestedLevel>
  <escapedJava>false</escapedJava>
</record>
<record>
  <date>2026-06-08T19:52:43.677808300Z</date>
  <millis>1780948363677</millis>
  <nanos>808300</nanos>
  <sequence>36</sequence>
  <level>START</level>
  <class>com.kms.katalon.core.logging.XmlKeywordLogger</class>
  <method>startKeyword</method>
  <thread>1</thread>
  <message>Start action : if (!(finished))</message>
  <nestedLevel>1</nestedLevel>
  <escapedJava>false</escapedJava>
  <property name="startLine">56</property>
  <property name="stepIndex">13</property>
</record>
<record>
  <date>2026-06-08T19:52:43.679808900Z</date>
  <millis>1780948363679</millis>
  <nanos>808900</nanos>
  <sequence>37</sequence>
  <level>END</level>
  <class>com.kms.katalon.core.logging.XmlKeywordLogger</class>
  <method>endKeyword</method>
  <thread>1</thread>
  <message>End action : if (!(finished))</message>
  <nestedLevel>1</nestedLevel>
  <escapedJava>false</escapedJava>
</record>
<record>
  <date>2026-06-08T19:52:43.679808900Z</date>
  <millis>1780948363679</millis>
  <nanos>808900</nanos>
  <sequence>38</sequence>
  <level>START</level>
  <class>com.kms.katalon.core.logging.XmlKeywordLogger</class>
  <method>startKeyword</method>
  <thread>1</thread>
  <message>Start action : code = p.exitValue()</message>
  <nestedLevel>1</nestedLevel>
  <escapedJava>false</escapedJava>
  <property name="startLine">62</property>
  <property name="stepIndex">14</property>
</record>
<record>
  <date>2026-06-08T19:52:43.681806400Z</date>
  <millis>1780948363681</millis>
  <nanos>806400</nanos>
  <sequence>39</sequence>
  <level>END</level>
  <class>com.kms.katalon.core.logging.XmlKeywordLogger</class>
  <method>endKeyword</method>
  <thread>1</thread>
  <message>End action : code = p.exitValue()</message>
  <nestedLevel>1</nestedLevel>
  <escapedJava>false</escapedJava>
</record>
<record>
  <date>2026-06-08T19:52:43.681806400Z</date>
  <millis>1780948363681</millis>
  <nanos>806400</nanos>
  <sequence>40</sequence>
  <level>START</level>
  <class>com.kms.katalon.core.logging.XmlKeywordLogger</class>
  <method>startKeyword</method>
  <thread>1</thread>
  <message>Start action : if (code != 0)</message>
  <nestedLevel>1</nestedLevel>
  <escapedJava>false</escapedJava>
  <property name="startLine">63</property>
  <property name="stepIndex">15</property>
</record>
<record>
  <date>2026-06-08T19:52:43.685315700Z</date>
  <millis>1780948363685</millis>
  <nanos>315700</nanos>
  <sequence>41</sequence>
  <level>END</level>
  <class>com.kms.katalon.core.logging.XmlKeywordLogger</class>
  <method>endKeyword</method>
  <thread>1</thread>
  <message>End action : if (code != 0)</message>
  <nestedLevel>1</nestedLevel>
  <escapedJava>false</escapedJava>
</record>
<record>
  <date>2026-06-08T19:52:43.686320600Z</date>
  <millis>1780948363686</millis>
  <nanos>320600</nanos>
  <sequence>42</sequence>
  <level>START</level>
  <class>com.kms.katalon.core.logging.XmlKeywordLogger</class>
  <method>startKeyword</method>
  <thread>1</thread>
  <message>Start action : else</message>
  <nestedLevel>1</nestedLevel>
  <escapedJava>false</escapedJava>
  <property name="startLine">67</property>
  <property name="stepIndex">16</property>
</record>
<record>
  <date>2026-06-08T19:52:43.687322300Z</date>
  <millis>1780948363687</millis>
  <nanos>322300</nanos>
  <sequence>43</sequence>
  <level>START</level>
  <class>com.kms.katalon.core.logging.XmlKeywordLogger</class>
  <method>startKeyword</method>
  <thread>1</thread>
  <message>Start action : logInfo(&amp;quot;Seed ripristinato prima di: &amp;quot; + context.getTestCaseId())</message>
  <nestedLevel>2</nestedLevel>
  <escapedJava>false</escapedJava>
  <property name="startLine">68</property>
  <property name="stepIndex">1</property>
</record>
<record>
  <date>2026-06-08T19:52:43.698833900Z</date>
  <millis>1780948363698</millis>
  <nanos>833900</nanos>
  <sequence>44</sequence>
  <level>INFO</level>
  <class>com.kms.katalon.core.logging.XmlKeywordLogger</class>
  <method>logMessage</method>
  <thread>1</thread>
  <message>Seed ripristinato prima di: Test Cases/Generale/TC_8.1_1</message>
  <nestedLevel>1</nestedLevel>
  <escapedJava>false</escapedJava>
</record>
<record>
  <date>2026-06-08T19:52:43.699833100Z</date>
  <millis>1780948363699</millis>
  <nanos>833100</nanos>
  <sequence>46</sequence>
  <level>END</level>
  <class>com.kms.katalon.core.logging.XmlKeywordLogger</class>
  <method>endKeyword</method>
  <thread>1</thread>
  <message>End action : logInfo(&amp;quot;Seed ripristinato prima di: &amp;quot; + context.getTestCaseId())</message>
  <nestedLevel>2</nestedLevel>
  <escapedJava>false</escapedJava>
</record>
<record>
  <date>2026-06-08T19:52:43.699833100Z</date>
  <millis>1780948363699</millis>
  <nanos>833100</nanos>
  <sequence>47</sequence>
  <level>END</level>
  <class>com.kms.katalon.core.logging.XmlKeywordLogger</class>
  <method>endKeyword</method>
  <thread>1</thread>
  <message>End action : else</message>
  <nestedLevel>1</nestedLevel>
  <escapedJava>false</escapedJava>
</record>
<record>
  <date>2026-06-08T19:52:43.699833100Z</date>
  <millis>1780948363699</millis>
  <nanos>833100</nanos>
  <sequence>48</sequence>
  <level>END</level>
  <class>com.kms.katalon.core.logging.XmlKeywordLogger</class>
  <method>endKeyword</method>
  <thread>1</thread>
  <message>End listener action : resetSeedBeforeTestCase</message>
  <nestedLevel>1</nestedLevel>
  <escapedJava>false</escapedJava>
</record>
<record>
  <date>2026-06-08T19:52:43.744419600Z</date>
  <millis>1780948363744</millis>
  <nanos>419600</nanos>
  <sequence>49</sequence>
  <level>START</level>
  <class>com.kms.katalon.core.logging.XmlKeywordLogger</class>
  <method>startKeyword</method>
  <thread>1</thread>
  <message>Start action : openBrowser(&amp;quot;&amp;quot;)</message>
  <nestedLevel>1</nestedLevel>
  <escapedJava>false</escapedJava>
  <property name="startLine">5</property>
  <property name="stepIndex">1</property>
</record>
<record>
  <date>2026-06-08T19:52:44.121392700Z</date>
  <millis>1780948364121</millis>
  <nanos>392700</nanos>
  <sequence>52</sequence>
  <level>INFO</level>
  <class>com.kms.katalon.core.logging.XmlKeywordLogger</class>
  <method>logMessage</method>
  <thread>1</thread>
  <message>Starting &amp;apos;Chrome&amp;apos; driver</message>
  <nestedLevel>1</nestedLevel>
  <escapedJava>false</escapedJava>
</record>
<record>
  <date>2026-06-08T19:52:44.172945600Z</date>
  <millis>1780948364172</millis>
  <nanos>945600</nanos>
  <sequence>53</sequence>
  <level>INFO</level>
  <class>com.kms.katalon.core.logging.XmlKeywordLogger</class>
  <method>logMessage</method>
  <thread>1</thread>
  <message>Action delay is set to 0 milliseconds</message>
  <nestedLevel>1</nestedLevel>
  <escapedJava>false</escapedJava>
</record>
<record>
  <date>2026-06-08T19:52:46.653867Z</date>
  <millis>1780948366653</millis>
  <nanos>867000</nanos>
  <sequence>55</sequence>
  <level>RUN_DATA</level>
  <class>com.kms.katalon.core.logging.XmlKeywordLogger</class>
  <method>logMessage</method>
  <thread>1</thread>
  <message>sessionId = 3686f7912246f782eaa5ae041b65a74c</message>
  <nestedLevel>1</nestedLevel>
  <escapedJava>false</escapedJava>
  <property name="sessionId">3686f7912246f782eaa5ae041b65a74c</property>
</record>
<record>
  <date>2026-06-08T19:52:46.654885700Z</date>
  <millis>1780948366654</millis>
  <nanos>885700</nanos>
  <sequence>56</sequence>
  <level>RUN_DATA</level>
  <class>com.kms.katalon.core.logging.XmlKeywordLogger</class>
  <method>logMessage</method>
  <thread>1</thread>
  <message>browser = Chrome 148.0.7778.179</message>
  <nestedLevel>1</nestedLevel>
  <escapedJava>false</escapedJava>
  <property name="browser">Chrome 148.0.7778.179</property>
</record>
<record>
  <date>2026-06-08T19:52:46.656257900Z</date>
  <millis>1780948366656</millis>
  <nanos>257900</nanos>
  <sequence>57</sequence>
  <level>RUN_DATA</level>
  <class>com.kms.katalon.core.logging.XmlKeywordLogger</class>
  <method>logMessage</method>
  <thread>1</thread>
  <message>platform = Windows 11</message>
  <nestedLevel>1</nestedLevel>
  <escapedJava>false</escapedJava>
  <property name="platform">Windows 11</property>
</record>
<record>
  <date>2026-06-08T19:52:46.656257900Z</date>
  <millis>1780948366656</millis>
  <nanos>257900</nanos>
  <sequence>58</sequence>
  <level>RUN_DATA</level>
  <class>com.kms.katalon.core.logging.XmlKeywordLogger</class>
  <method>logMessage</method>
  <thread>1</thread>
  <message>seleniumVersion = 4.39.0</message>
  <nestedLevel>1</nestedLevel>
  <escapedJava>false</escapedJava>
  <property name="seleniumVersion">4.39.0</property>
</record>
<record>
  <date>2026-06-08T19:52:46.665984100Z</date>
  <millis>1780948366665</millis>
  <nanos>984100</nanos>
  <sequence>59</sequence>
  <level>RUN_DATA</level>
  <class>com.kms.katalon.core.logging.XmlKeywordLogger</class>
  <method>logMessage</method>
  <thread>1</thread>
  <message>proxyInformation = ProxyInformation { proxyOption=NO_PROXY, proxyServerType=HTTP, username=, password=********, proxyServerAddress=, proxyServerPort=0, executionList=&amp;quot;&amp;quot;, isApplyToDesiredCapabilities=true }</message>
  <nestedLevel>1</nestedLevel>
  <escapedJava>false</escapedJava>
  <property name="proxyInformation">ProxyInformation { proxyOption=NO_PROXY, proxyServerType=HTTP, username=, password=********, proxyServerAddress=, proxyServerPort=0, executionList=&quot;&quot;, isApplyToDesiredCapabilities=true }</property>
</record>
<record>
  <date>2026-06-08T19:52:46.725857700Z</date>
  <millis>1780948366725</millis>
  <nanos>857700</nanos>
  <sequence>60</sequence>
  <level>PASSED</level>
  <class>com.kms.katalon.core.logging.XmlKeywordLogger</class>
  <method>logMessage</method>
  <thread>1</thread>
  <message>Browser is opened with url: &amp;apos;&amp;apos;</message>
  <nestedLevel>1</nestedLevel>
  <escapedJava>false</escapedJava>
  <property name="testops-method-name">com.kms.katalon.core.webui.keyword.builtin.OpenBrowserKeyword.openBrowser</property>
  <property name="testops-execution-stacktrace"></property>
</record>
<record>
  <date>2026-06-08T19:52:46.729800900Z</date>
  <millis>1780948366729</millis>
  <nanos>800900</nanos>
  <sequence>61</sequence>
  <level>END</level>
  <class>com.kms.katalon.core.logging.XmlKeywordLogger</class>
  <method>endKeyword</method>
  <thread>1</thread>
  <message>End action : openBrowser(&amp;quot;&amp;quot;)</message>
  <nestedLevel>1</nestedLevel>
  <escapedJava>false</escapedJava>
</record>
<record>
  <date>2026-06-08T19:52:46.729800900Z</date>
  <millis>1780948366729</millis>
  <nanos>800900</nanos>
  <sequence>62</sequence>
  <level>START</level>
  <class>com.kms.katalon.core.logging.XmlKeywordLogger</class>
  <method>startKeyword</method>
  <thread>1</thread>
  <message>Start action : navigateToUrl(base + &amp;quot;Contatti.jsp&amp;quot;)</message>
  <nestedLevel>1</nestedLevel>
  <escapedJava>false</escapedJava>
  <property name="startLine">6</property>
  <property name="stepIndex">2</property>
</record>
<record>
  <date>2026-06-08T19:52:48.358456800Z</date>
  <millis>1780948368358</millis>
  <nanos>456800</nanos>
  <sequence>66</sequence>
  <level>PASSED</level>
  <class>com.kms.katalon.core.logging.XmlKeywordLogger</class>
  <method>logMessage</method>
  <thread>1</thread>
  <message>Navigate to &amp;apos;http://localhost:8080/Vaporant_IGES_war_exploded/Contatti.jsp&amp;apos; successfully</message>
  <nestedLevel>1</nestedLevel>
  <escapedJava>false</escapedJava>
  <property name="testops-method-name">com.kms.katalon.core.webui.keyword.builtin.NavigateToUrlKeyword.navigateToUrl</property>
  <property name="testops-execution-stacktrace"></property>
</record>
<record>
  <date>2026-06-08T19:52:48.360532200Z</date>
  <millis>1780948368360</millis>
  <nanos>532200</nanos>
  <sequence>67</sequence>
  <level>END</level>
  <class>com.kms.katalon.core.logging.XmlKeywordLogger</class>
  <method>endKeyword</method>
  <thread>1</thread>
  <message>End action : navigateToUrl(base + &amp;quot;Contatti.jsp&amp;quot;)</message>
  <nestedLevel>1</nestedLevel>
  <escapedJava>false</escapedJava>
</record>
<record>
  <date>2026-06-08T19:52:48.360532200Z</date>
  <millis>1780948368360</millis>
  <nanos>532200</nanos>
  <sequence>68</sequence>
  <level>START</level>
  <class>com.kms.katalon.core.logging.XmlKeywordLogger</class>
  <method>startKeyword</method>
  <thread>1</thread>
  <message>Start action : takeScreenshot()</message>
  <nestedLevel>1</nestedLevel>
  <escapedJava>false</escapedJava>
  <property name="startLine">7</property>
  <property name="stepIndex">3</property>
</record>
<record>
  <date>2026-06-08T19:52:49.166983500Z</date>
  <millis>1780948369166</millis>
  <nanos>983500</nanos>
  <sequence>71</sequence>
  <level>PASSED</level>
  <class>com.kms.katalon.core.logging.XmlKeywordLogger</class>
  <method>logMessage</method>
  <thread>1</thread>
  <message>Taking screenshot successfully</message>
  <nestedLevel>1</nestedLevel>
  <escapedJava>false</escapedJava>
  <property name="attachment">1780948368388.png</property>
  <property name="testops-method-name">com.kms.katalon.core.webui.keyword.builtin.TakeScreenshotKeyword.takeScreenshot</property>
  <property name="testops-execution-stacktrace"></property>
</record>
<record>
  <date>2026-06-08T19:52:49.169944200Z</date>
  <millis>1780948369169</millis>
  <nanos>944200</nanos>
  <sequence>72</sequence>
  <level>END</level>
  <class>com.kms.katalon.core.logging.XmlKeywordLogger</class>
  <method>endKeyword</method>
  <thread>1</thread>
  <message>End action : takeScreenshot()</message>
  <nestedLevel>1</nestedLevel>
  <escapedJava>false</escapedJava>
</record>
<record>
  <date>2026-06-08T19:52:49.170505400Z</date>
  <millis>1780948369170</millis>
  <nanos>505400</nanos>
  <sequence>73</sequence>
  <level>START</level>
  <class>com.kms.katalon.core.logging.XmlKeywordLogger</class>
  <method>startKeyword</method>
  <thread>1</thread>
  <message>Start action : verifyTextPresent(&amp;quot;Informazioni di contatto&amp;quot;, false)</message>
  <nestedLevel>1</nestedLevel>
  <escapedJava>false</escapedJava>
  <property name="startLine">8</property>
  <property name="stepIndex">4</property>
</record>
<record>
  <date>2026-06-08T19:52:49.507535600Z</date>
  <millis>1780948369507</millis>
  <nanos>535600</nanos>
  <sequence>77</sequence>
  <level>PASSED</level>
  <class>com.kms.katalon.core.logging.XmlKeywordLogger</class>
  <method>logMessage</method>
  <thread>1</thread>
  <message>Text &amp;apos;Informazioni di contatto&amp;apos; is present on page </message>
  <nestedLevel>1</nestedLevel>
  <escapedJava>false</escapedJava>
  <property name="testops-is-assertion">true</property>
  <property name="testops-method-name">com.kms.katalon.core.webui.keyword.builtin.VerifyTextPresentKeyword.verifyTextPresent</property>
  <property name="testops-execution-stacktrace"></property>
</record>
<record>
  <date>2026-06-08T19:52:49.509391800Z</date>
  <millis>1780948369509</millis>
  <nanos>391800</nanos>
  <sequence>78</sequence>
  <level>END</level>
  <class>com.kms.katalon.core.logging.XmlKeywordLogger</class>
  <method>endKeyword</method>
  <thread>1</thread>
  <message>End action : verifyTextPresent(&amp;quot;Informazioni di contatto&amp;quot;, false)</message>
  <nestedLevel>1</nestedLevel>
  <escapedJava>false</escapedJava>
</record>
<record>
  <date>2026-06-08T19:52:49.510390600Z</date>
  <millis>1780948369510</millis>
  <nanos>390600</nanos>
  <sequence>79</sequence>
  <level>START</level>
  <class>com.kms.katalon.core.logging.XmlKeywordLogger</class>
  <method>startKeyword</method>
  <thread>1</thread>
  <message>Start action : closeBrowser()</message>
  <nestedLevel>1</nestedLevel>
  <escapedJava>false</escapedJava>
  <property name="startLine">9</property>
  <property name="stepIndex">5</property>
</record>
<record>
  <date>2026-06-08T19:52:50.726549700Z</date>
  <millis>1780948370726</millis>
  <nanos>549700</nanos>
  <sequence>82</sequence>
  <level>PASSED</level>
  <class>com.kms.katalon.core.logging.XmlKeywordLogger</class>
  <method>logMessage</method>
  <thread>1</thread>
  <message>Browser is closed</message>
  <nestedLevel>1</nestedLevel>
  <escapedJava>false</escapedJava>
  <property name="testops-method-name">com.kms.katalon.core.webui.keyword.builtin.CloseBrowserKeyword.closeBrowser</property>
  <property name="testops-execution-stacktrace"></property>
</record>
<record>
  <date>2026-06-08T19:52:50.727561100Z</date>
  <millis>1780948370727</millis>
  <nanos>561100</nanos>
  <sequence>83</sequence>
  <level>END</level>
  <class>com.kms.katalon.core.logging.XmlKeywordLogger</class>
  <method>endKeyword</method>
  <thread>1</thread>
  <message>End action : closeBrowser()</message>
  <nestedLevel>1</nestedLevel>
  <escapedJava>false</escapedJava>
</record>
<record>
  <date>2026-06-08T19:52:50.727561100Z</date>
  <millis>1780948370727</millis>
  <nanos>561100</nanos>
  <sequence>84</sequence>
  <level>PASSED</level>
  <class>com.kms.katalon.core.logging.XmlKeywordLogger</class>
  <method>logMessage</method>
  <thread>1</thread>
  <message>Test Cases/Generale/TC_8.1_1</message>
  <nestedLevel>1</nestedLevel>
  <escapedJava>false</escapedJava>
</record>
<record>
  <date>2026-06-08T19:52:50.728560100Z</date>
  <millis>1780948370728</millis>
  <nanos>560100</nanos>
  <sequence>85</sequence>
  <level>END</level>
  <class>com.kms.katalon.core.logging.XmlKeywordLogger</class>
  <method>endTest</method>
  <thread>1</thread>
  <message>End Test Case : Test Cases/Generale/TC_8.1_1</message>
  <nestedLevel>0</nestedLevel>
  <escapedJava>false</escapedJava>
  <property name="executionBindingVariables">[]</property>
  <property name="applitools">false</property>
  <property name="remainingRetryCount">3</property>
  <property name="executedKeywords">{
  &quot;WebUI.closeBrowser&quot;: 1,
  &quot;WebUI.takeScreenshot&quot;: 1,
  &quot;WebUI.verifyTextPresent&quot;: 1,
  &quot;WebUI.navigateToUrl&quot;: 1,
  &quot;WebUI.openBrowser&quot;: 1
}</property>
  <property name="currentRetryCount">0</property>
  <property name="keywordsUsage">{
  &quot;web_ui&quot;: true,
  &quot;web_service&quot;: false,
  &quot;cucumber&quot;: false,
  &quot;builtin&quot;: false,
  &quot;mobile&quot;: false,
  &quot;windows&quot;: false,
  &quot;testng&quot;: false
}</property>
</record>
<record>
  <date>2026-06-08T19:52:50.734908Z</date>
  <millis>1780948370734</millis>
  <nanos>908000</nanos>
  <sequence>86</sequence>
  <level>START</level>
  <class>com.kms.katalon.core.logging.XmlKeywordLogger</class>
  <method>startTest</method>
  <thread>1</thread>
  <message>Start Test Case : Test Cases/Generale/TC_8.1_2</message>
  <nestedLevel>1</nestedLevel>
  <escapedJava>false</escapedJava>
  <property name="remainingRetryCount">3</property>
  <property name="origin"></property>
  <property name="name">Test Cases/Generale/TC_8.1_2</property>
  <property name="description">Pagine info (Contatti, Chi siamo, Privacy, Termini)	Click link nel Footer + verifica pagina</property>
  <property name="iteration"></property>
  <property name="id">Test Cases/Generale/TC_8.1_2</property>
  <property name="source">C:\Users\gianf\Documents\Vaporant-IGES\StorageSession\testing\katalon\Vaporant-Baseline\Test Cases\Generale\TC_8.1_2.tc</property>
  <property name="tag"></property>
  <property name="isOptional">false</property>
  <property name="uuid">0e180c6d-1e25-4503-8501-281eb5dea21d</property>
  <property name="currentRetryCount">0</property>
</record>
<record>
  <date>2026-06-08T19:52:50.744855100Z</date>
  <millis>1780948370744</millis>
  <nanos>855100</nanos>
  <sequence>88</sequence>
  <level>RUN_DATA</level>
  <class>com.kms.katalon.core.logging.XmlKeywordLogger</class>
  <method>logMessage</method>
  <thread>1</thread>
  <message>executionBindingVariables = []</message>
  <nestedLevel>1</nestedLevel>
  <escapedJava>false</escapedJava>
  <property name="executionBindingVariables">[]</property>
</record>
<record>
  <date>2026-06-08T19:52:50.745863400Z</date>
  <millis>1780948370745</millis>
  <nanos>863400</nanos>
  <sequence>89</sequence>
  <level>START</level>
  <class>com.kms.katalon.core.logging.XmlKeywordLogger</class>
  <method>startKeyword</method>
  <thread>1</thread>
  <message>Start listener action : resetSeedBeforeTestCase</message>
  <nestedLevel>1</nestedLevel>
  <escapedJava>false</escapedJava>
</record>
<record>
  <date>2026-06-08T19:52:50.747031Z</date>
  <millis>1780948370747</millis>
  <nanos>31000</nanos>
  <sequence>91</sequence>
  <level>START</level>
  <class>com.kms.katalon.core.logging.XmlKeywordLogger</class>
  <method>startKeyword</method>
  <thread>1</thread>
  <message>Start action : if (resetSeed == false)</message>
  <nestedLevel>1</nestedLevel>
  <escapedJava>false</escapedJava>
  <property name="startLine">26</property>
  <property name="stepIndex">1</property>
</record>
<record>
  <date>2026-06-08T19:52:50.747031Z</date>
  <millis>1780948370747</millis>
  <nanos>31000</nanos>
  <sequence>92</sequence>
  <level>END</level>
  <class>com.kms.katalon.core.logging.XmlKeywordLogger</class>
  <method>endKeyword</method>
  <thread>1</thread>
  <message>End action : if (resetSeed == false)</message>
  <nestedLevel>1</nestedLevel>
  <escapedJava>false</escapedJava>
</record>
<record>
  <date>2026-06-08T19:52:50.748043200Z</date>
  <millis>1780948370748</millis>
  <nanos>43200</nanos>
  <sequence>93</sequence>
  <level>START</level>
  <class>com.kms.katalon.core.logging.XmlKeywordLogger</class>
  <method>startKeyword</method>
  <thread>1</thread>
  <message>Start action : projectDir = getProjectDir()</message>
  <nestedLevel>1</nestedLevel>
  <escapedJava>false</escapedJava>
  <property name="startLine">30</property>
  <property name="stepIndex">2</property>
</record>
<record>
  <date>2026-06-08T19:52:50.748043200Z</date>
  <millis>1780948370748</millis>
  <nanos>43200</nanos>
  <sequence>94</sequence>
  <level>END</level>
  <class>com.kms.katalon.core.logging.XmlKeywordLogger</class>
  <method>endKeyword</method>
  <thread>1</thread>
  <message>End action : projectDir = getProjectDir()</message>
  <nestedLevel>1</nestedLevel>
  <escapedJava>false</escapedJava>
</record>
<record>
  <date>2026-06-08T19:52:50.748043200Z</date>
  <millis>1780948370748</millis>
  <nanos>43200</nanos>
  <sequence>95</sequence>
  <level>START</level>
  <class>com.kms.katalon.core.logging.XmlKeywordLogger</class>
  <method>startKeyword</method>
  <thread>1</thread>
  <message>Start action : script = new java.io.File(projectDir, Data Files/reset-seed.sql)</message>
  <nestedLevel>1</nestedLevel>
  <escapedJava>false</escapedJava>
  <property name="startLine">31</property>
  <property name="stepIndex">3</property>
</record>
<record>
  <date>2026-06-08T19:52:50.749041800Z</date>
  <millis>1780948370749</millis>
  <nanos>41800</nanos>
  <sequence>96</sequence>
  <level>END</level>
  <class>com.kms.katalon.core.logging.XmlKeywordLogger</class>
  <method>endKeyword</method>
  <thread>1</thread>
  <message>End action : script = new java.io.File(projectDir, Data Files/reset-seed.sql)</message>
  <nestedLevel>1</nestedLevel>
  <escapedJava>false</escapedJava>
</record>
<record>
  <date>2026-06-08T19:52:50.749041800Z</date>
  <millis>1780948370749</millis>
  <nanos>41800</nanos>
  <sequence>97</sequence>
  <level>START</level>
  <class>com.kms.katalon.core.logging.XmlKeywordLogger</class>
  <method>startKeyword</method>
  <thread>1</thread>
  <message>Start action : if (!(script.exists()))</message>
  <nestedLevel>1</nestedLevel>
  <escapedJava>false</escapedJava>
  <property name="startLine">33</property>
  <property name="stepIndex">4</property>
</record>
<record>
  <date>2026-06-08T19:52:50.749041800Z</date>
  <millis>1780948370749</millis>
  <nanos>41800</nanos>
  <sequence>98</sequence>
  <level>END</level>
  <class>com.kms.katalon.core.logging.XmlKeywordLogger</class>
  <method>endKeyword</method>
  <thread>1</thread>
  <message>End action : if (!(script.exists()))</message>
  <nestedLevel>1</nestedLevel>
  <escapedJava>false</escapedJava>
</record>
<record>
  <date>2026-06-08T19:52:50.750042Z</date>
  <millis>1780948370750</millis>
  <nanos>42000</nanos>
  <sequence>99</sequence>
  <level>START</level>
  <class>com.kms.katalon.core.logging.XmlKeywordLogger</class>
  <method>startKeyword</method>
  <thread>1</thread>
  <message>Start action : cmd = [mysqlExe, &amp;quot;--user=&amp;quot; + dbUser, &amp;quot;--password=&amp;quot; + dbPass, dbName]</message>
  <nestedLevel>1</nestedLevel>
  <escapedJava>false</escapedJava>
  <property name="startLine">39</property>
  <property name="stepIndex">5</property>
</record>
<record>
  <date>2026-06-08T19:52:50.750042Z</date>
  <millis>1780948370750</millis>
  <nanos>42000</nanos>
  <sequence>100</sequence>
  <level>END</level>
  <class>com.kms.katalon.core.logging.XmlKeywordLogger</class>
  <method>endKeyword</method>
  <thread>1</thread>
  <message>End action : cmd = [mysqlExe, &amp;quot;--user=&amp;quot; + dbUser, &amp;quot;--password=&amp;quot; + dbPass, dbName]</message>
  <nestedLevel>1</nestedLevel>
  <escapedJava>false</escapedJava>
</record>
<record>
  <date>2026-06-08T19:52:50.751043100Z</date>
  <millis>1780948370751</millis>
  <nanos>43100</nanos>
  <sequence>101</sequence>
  <level>START</level>
  <class>com.kms.katalon.core.logging.XmlKeywordLogger</class>
  <method>startKeyword</method>
  <thread>1</thread>
  <message>Start action : log = new java.io.File(java.lang.System.getProperty(java.io.tmpdir), seedreset.log)</message>
  <nestedLevel>1</nestedLevel>
  <escapedJava>false</escapedJava>
  <property name="startLine">46</property>
  <property name="stepIndex">6</property>
</record>
<record>
  <date>2026-06-08T19:52:50.751043100Z</date>
  <millis>1780948370751</millis>
  <nanos>43100</nanos>
  <sequence>102</sequence>
  <level>END</level>
  <class>com.kms.katalon.core.logging.XmlKeywordLogger</class>
  <method>endKeyword</method>
  <thread>1</thread>
  <message>End action : log = new java.io.File(java.lang.System.getProperty(java.io.tmpdir), seedreset.log)</message>
  <nestedLevel>1</nestedLevel>
  <escapedJava>false</escapedJava>
</record>
<record>
  <date>2026-06-08T19:52:50.751043100Z</date>
  <millis>1780948370751</millis>
  <nanos>43100</nanos>
  <sequence>103</sequence>
  <level>START</level>
  <class>com.kms.katalon.core.logging.XmlKeywordLogger</class>
  <method>startKeyword</method>
  <thread>1</thread>
  <message>Start action : pb = new java.lang.ProcessBuilder(cmd)</message>
  <nestedLevel>1</nestedLevel>
  <escapedJava>false</escapedJava>
  <property name="startLine">48</property>
  <property name="stepIndex">7</property>
</record>
<record>
  <date>2026-06-08T19:52:50.752042Z</date>
  <millis>1780948370752</millis>
  <nanos>42000</nanos>
  <sequence>104</sequence>
  <level>END</level>
  <class>com.kms.katalon.core.logging.XmlKeywordLogger</class>
  <method>endKeyword</method>
  <thread>1</thread>
  <message>End action : pb = new java.lang.ProcessBuilder(cmd)</message>
  <nestedLevel>1</nestedLevel>
  <escapedJava>false</escapedJava>
</record>
<record>
  <date>2026-06-08T19:52:50.752042Z</date>
  <millis>1780948370752</millis>
  <nanos>42000</nanos>
  <sequence>105</sequence>
  <level>START</level>
  <class>com.kms.katalon.core.logging.XmlKeywordLogger</class>
  <method>startKeyword</method>
  <thread>1</thread>
  <message>Start action : pb.redirectInput(script)</message>
  <nestedLevel>1</nestedLevel>
  <escapedJava>false</escapedJava>
  <property name="startLine">49</property>
  <property name="stepIndex">8</property>
</record>
<record>
  <date>2026-06-08T19:52:50.752042Z</date>
  <millis>1780948370752</millis>
  <nanos>42000</nanos>
  <sequence>106</sequence>
  <level>END</level>
  <class>com.kms.katalon.core.logging.XmlKeywordLogger</class>
  <method>endKeyword</method>
  <thread>1</thread>
  <message>End action : pb.redirectInput(script)</message>
  <nestedLevel>1</nestedLevel>
  <escapedJava>false</escapedJava>
</record>
<record>
  <date>2026-06-08T19:52:50.753045100Z</date>
  <millis>1780948370753</millis>
  <nanos>45100</nanos>
  <sequence>107</sequence>
  <level>START</level>
  <class>com.kms.katalon.core.logging.XmlKeywordLogger</class>
  <method>startKeyword</method>
  <thread>1</thread>
  <message>Start action : pb.redirectErrorStream(true)</message>
  <nestedLevel>1</nestedLevel>
  <escapedJava>false</escapedJava>
  <property name="startLine">50</property>
  <property name="stepIndex">9</property>
</record>
<record>
  <date>2026-06-08T19:52:50.753045100Z</date>
  <millis>1780948370753</millis>
  <nanos>45100</nanos>
  <sequence>108</sequence>
  <level>END</level>
  <class>com.kms.katalon.core.logging.XmlKeywordLogger</class>
  <method>endKeyword</method>
  <thread>1</thread>
  <message>End action : pb.redirectErrorStream(true)</message>
  <nestedLevel>1</nestedLevel>
  <escapedJava>false</escapedJava>
</record>
<record>
  <date>2026-06-08T19:52:50.753045100Z</date>
  <millis>1780948370753</millis>
  <nanos>45100</nanos>
  <sequence>109</sequence>
  <level>START</level>
  <class>com.kms.katalon.core.logging.XmlKeywordLogger</class>
  <method>startKeyword</method>
  <thread>1</thread>
  <message>Start action : pb.redirectOutput(log)</message>
  <nestedLevel>1</nestedLevel>
  <escapedJava>false</escapedJava>
  <property name="startLine">51</property>
  <property name="stepIndex">10</property>
</record>
<record>
  <date>2026-06-08T19:52:50.753045100Z</date>
  <millis>1780948370753</millis>
  <nanos>45100</nanos>
  <sequence>110</sequence>
  <level>END</level>
  <class>com.kms.katalon.core.logging.XmlKeywordLogger</class>
  <method>endKeyword</method>
  <thread>1</thread>
  <message>End action : pb.redirectOutput(log)</message>
  <nestedLevel>1</nestedLevel>
  <escapedJava>false</escapedJava>
</record>
<record>
  <date>2026-06-08T19:52:50.754040800Z</date>
  <millis>1780948370754</millis>
  <nanos>40800</nanos>
  <sequence>111</sequence>
  <level>START</level>
  <class>com.kms.katalon.core.logging.XmlKeywordLogger</class>
  <method>startKeyword</method>
  <thread>1</thread>
  <message>Start action : p = pb.start()</message>
  <nestedLevel>1</nestedLevel>
  <escapedJava>false</escapedJava>
  <property name="startLine">53</property>
  <property name="stepIndex">11</property>
</record>
<record>
  <date>2026-06-08T19:52:50.757559500Z</date>
  <millis>1780948370757</millis>
  <nanos>559500</nanos>
  <sequence>112</sequence>
  <level>END</level>
  <class>com.kms.katalon.core.logging.XmlKeywordLogger</class>
  <method>endKeyword</method>
  <thread>1</thread>
  <message>End action : p = pb.start()</message>
  <nestedLevel>1</nestedLevel>
  <escapedJava>false</escapedJava>
</record>
<record>
  <date>2026-06-08T19:52:50.757559500Z</date>
  <millis>1780948370757</millis>
  <nanos>559500</nanos>
  <sequence>113</sequence>
  <level>START</level>
  <class>com.kms.katalon.core.logging.XmlKeywordLogger</class>
  <method>startKeyword</method>
  <thread>1</thread>
  <message>Start action : finished = p.waitFor(20, SECONDS)</message>
  <nestedLevel>1</nestedLevel>
  <escapedJava>false</escapedJava>
  <property name="startLine">55</property>
  <property name="stepIndex">12</property>
</record>
<record>
  <date>2026-06-08T19:52:50.939749900Z</date>
  <millis>1780948370939</millis>
  <nanos>749900</nanos>
  <sequence>114</sequence>
  <level>END</level>
  <class>com.kms.katalon.core.logging.XmlKeywordLogger</class>
  <method>endKeyword</method>
  <thread>1</thread>
  <message>End action : finished = p.waitFor(20, SECONDS)</message>
  <nestedLevel>1</nestedLevel>
  <escapedJava>false</escapedJava>
</record>
<record>
  <date>2026-06-08T19:52:50.940757700Z</date>
  <millis>1780948370940</millis>
  <nanos>757700</nanos>
  <sequence>115</sequence>
  <level>START</level>
  <class>com.kms.katalon.core.logging.XmlKeywordLogger</class>
  <method>startKeyword</method>
  <thread>1</thread>
  <message>Start action : if (!(finished))</message>
  <nestedLevel>1</nestedLevel>
  <escapedJava>false</escapedJava>
  <property name="startLine">56</property>
  <property name="stepIndex">13</property>
</record>
<record>
  <date>2026-06-08T19:52:50.940757700Z</date>
  <millis>1780948370940</millis>
  <nanos>757700</nanos>
  <sequence>116</sequence>
  <level>END</level>
  <class>com.kms.katalon.core.logging.XmlKeywordLogger</class>
  <method>endKeyword</method>
  <thread>1</thread>
  <message>End action : if (!(finished))</message>
  <nestedLevel>1</nestedLevel>
  <escapedJava>false</escapedJava>
</record>
<record>
  <date>2026-06-08T19:52:50.940757700Z</date>
  <millis>1780948370940</millis>
  <nanos>757700</nanos>
  <sequence>117</sequence>
  <level>START</level>
  <class>com.kms.katalon.core.logging.XmlKeywordLogger</class>
  <method>startKeyword</method>
  <thread>1</thread>
  <message>Start action : code = p.exitValue()</message>
  <nestedLevel>1</nestedLevel>
  <escapedJava>false</escapedJava>
  <property name="startLine">62</property>
  <property name="stepIndex">14</property>
</record>
<record>
  <date>2026-06-08T19:52:50.940757700Z</date>
  <millis>1780948370940</millis>
  <nanos>757700</nanos>
  <sequence>118</sequence>
  <level>END</level>
  <class>com.kms.katalon.core.logging.XmlKeywordLogger</class>
  <method>endKeyword</method>
  <thread>1</thread>
  <message>End action : code = p.exitValue()</message>
  <nestedLevel>1</nestedLevel>
  <escapedJava>false</escapedJava>
</record>
<record>
  <date>2026-06-08T19:52:50.941759700Z</date>
  <millis>1780948370941</millis>
  <nanos>759700</nanos>
  <sequence>119</sequence>
  <level>START</level>
  <class>com.kms.katalon.core.logging.XmlKeywordLogger</class>
  <method>startKeyword</method>
  <thread>1</thread>
  <message>Start action : if (code != 0)</message>
  <nestedLevel>1</nestedLevel>
  <escapedJava>false</escapedJava>
  <property name="startLine">63</property>
  <property name="stepIndex">15</property>
</record>
<record>
  <date>2026-06-08T19:52:50.941759700Z</date>
  <millis>1780948370941</millis>
  <nanos>759700</nanos>
  <sequence>120</sequence>
  <level>END</level>
  <class>com.kms.katalon.core.logging.XmlKeywordLogger</class>
  <method>endKeyword</method>
  <thread>1</thread>
  <message>End action : if (code != 0)</message>
  <nestedLevel>1</nestedLevel>
  <escapedJava>false</escapedJava>
</record>
<record>
  <date>2026-06-08T19:52:50.942758400Z</date>
  <millis>1780948370942</millis>
  <nanos>758400</nanos>
  <sequence>121</sequence>
  <level>START</level>
  <class>com.kms.katalon.core.logging.XmlKeywordLogger</class>
  <method>startKeyword</method>
  <thread>1</thread>
  <message>Start action : else</message>
  <nestedLevel>1</nestedLevel>
  <escapedJava>false</escapedJava>
  <property name="startLine">67</property>
  <property name="stepIndex">16</property>
</record>
<record>
  <date>2026-06-08T19:52:50.942758400Z</date>
  <millis>1780948370942</millis>
  <nanos>758400</nanos>
  <sequence>122</sequence>
  <level>START</level>
  <class>com.kms.katalon.core.logging.XmlKeywordLogger</class>
  <method>startKeyword</method>
  <thread>1</thread>
  <message>Start action : logInfo(&amp;quot;Seed ripristinato prima di: &amp;quot; + context.getTestCaseId())</message>
  <nestedLevel>2</nestedLevel>
  <escapedJava>false</escapedJava>
  <property name="startLine">68</property>
  <property name="stepIndex">1</property>
</record>
<record>
  <date>2026-06-08T19:52:50.942758400Z</date>
  <millis>1780948370942</millis>
  <nanos>758400</nanos>
  <sequence>123</sequence>
  <level>INFO</level>
  <class>com.kms.katalon.core.logging.XmlKeywordLogger</class>
  <method>logMessage</method>
  <thread>1</thread>
  <message>Seed ripristinato prima di: Test Cases/Generale/TC_8.1_2</message>
  <nestedLevel>1</nestedLevel>
  <escapedJava>false</escapedJava>
</record>
<record>
  <date>2026-06-08T19:52:50.942758400Z</date>
  <millis>1780948370942</millis>
  <nanos>758400</nanos>
  <sequence>125</sequence>
  <level>END</level>
  <class>com.kms.katalon.core.logging.XmlKeywordLogger</class>
  <method>endKeyword</method>
  <thread>1</thread>
  <message>End action : logInfo(&amp;quot;Seed ripristinato prima di: &amp;quot; + context.getTestCaseId())</message>
  <nestedLevel>2</nestedLevel>
  <escapedJava>false</escapedJava>
</record>
<record>
  <date>2026-06-08T19:52:50.944264600Z</date>
  <millis>1780948370944</millis>
  <nanos>264600</nanos>
  <sequence>126</sequence>
  <level>END</level>
  <class>com.kms.katalon.core.logging.XmlKeywordLogger</class>
  <method>endKeyword</method>
  <thread>1</thread>
  <message>End action : else</message>
  <nestedLevel>1</nestedLevel>
  <escapedJava>false</escapedJava>
</record>
<record>
  <date>2026-06-08T19:52:50.944264600Z</date>
  <millis>1780948370944</millis>
  <nanos>264600</nanos>
  <sequence>127</sequence>
  <level>END</level>
  <class>com.kms.katalon.core.logging.XmlKeywordLogger</class>
  <method>endKeyword</method>
  <thread>1</thread>
  <message>End listener action : resetSeedBeforeTestCase</message>
  <nestedLevel>1</nestedLevel>
  <escapedJava>false</escapedJava>
</record>
<record>
  <date>2026-06-08T19:52:50.973839600Z</date>
  <millis>1780948370973</millis>
  <nanos>839600</nanos>
  <sequence>128</sequence>
  <level>START</level>
  <class>com.kms.katalon.core.logging.XmlKeywordLogger</class>
  <method>startKeyword</method>
  <thread>1</thread>
  <message>Start action : openBrowser(&amp;quot;&amp;quot;)</message>
  <nestedLevel>1</nestedLevel>
  <escapedJava>false</escapedJava>
  <property name="startLine">5</property>
  <property name="stepIndex">1</property>
</record>
<record>
  <date>2026-06-08T19:52:50.976848100Z</date>
  <millis>1780948370976</millis>
  <nanos>848100</nanos>
  <sequence>131</sequence>
  <level>INFO</level>
  <class>com.kms.katalon.core.logging.XmlKeywordLogger</class>
  <method>logMessage</method>
  <thread>1</thread>
  <message>Starting &amp;apos;Chrome&amp;apos; driver</message>
  <nestedLevel>1</nestedLevel>
  <escapedJava>false</escapedJava>
</record>
<record>
  <date>2026-06-08T19:52:50.979849100Z</date>
  <millis>1780948370979</millis>
  <nanos>849100</nanos>
  <sequence>132</sequence>
  <level>INFO</level>
  <class>com.kms.katalon.core.logging.XmlKeywordLogger</class>
  <method>logMessage</method>
  <thread>1</thread>
  <message>Action delay is set to 0 milliseconds</message>
  <nestedLevel>1</nestedLevel>
  <escapedJava>false</escapedJava>
</record>
<record>
  <date>2026-06-08T19:52:53.891828700Z</date>
  <millis>1780948373891</millis>
  <nanos>828700</nanos>
  <sequence>134</sequence>
  <level>RUN_DATA</level>
  <class>com.kms.katalon.core.logging.XmlKeywordLogger</class>
  <method>logMessage</method>
  <thread>1</thread>
  <message>sessionId = 5f3c2fcba90c58de44eff4c251bc7a26</message>
  <nestedLevel>1</nestedLevel>
  <escapedJava>false</escapedJava>
  <property name="sessionId">5f3c2fcba90c58de44eff4c251bc7a26</property>
</record>
<record>
  <date>2026-06-08T19:52:53.892826800Z</date>
  <millis>1780948373892</millis>
  <nanos>826800</nanos>
  <sequence>135</sequence>
  <level>RUN_DATA</level>
  <class>com.kms.katalon.core.logging.XmlKeywordLogger</class>
  <method>logMessage</method>
  <thread>1</thread>
  <message>browser = Chrome 148.0.7778.179</message>
  <nestedLevel>1</nestedLevel>
  <escapedJava>false</escapedJava>
  <property name="browser">Chrome 148.0.7778.179</property>
</record>
<record>
  <date>2026-06-08T19:52:53.894335100Z</date>
  <millis>1780948373894</millis>
  <nanos>335100</nanos>
  <sequence>136</sequence>
  <level>RUN_DATA</level>
  <class>com.kms.katalon.core.logging.XmlKeywordLogger</class>
  <method>logMessage</method>
  <thread>1</thread>
  <message>platform = Windows 11</message>
  <nestedLevel>1</nestedLevel>
  <escapedJava>false</escapedJava>
  <property name="platform">Windows 11</property>
</record>
<record>
  <date>2026-06-08T19:52:53.894335100Z</date>
  <millis>1780948373894</millis>
  <nanos>335100</nanos>
  <sequence>137</sequence>
  <level>RUN_DATA</level>
  <class>com.kms.katalon.core.logging.XmlKeywordLogger</class>
  <method>logMessage</method>
  <thread>1</thread>
  <message>seleniumVersion = 4.39.0</message>
  <nestedLevel>1</nestedLevel>
  <escapedJava>false</escapedJava>
  <property name="seleniumVersion">4.39.0</property>
</record>
<record>
  <date>2026-06-08T19:52:53.896355800Z</date>
  <millis>1780948373896</millis>
  <nanos>355800</nanos>
  <sequence>138</sequence>
  <level>RUN_DATA</level>
  <class>com.kms.katalon.core.logging.XmlKeywordLogger</class>
  <method>logMessage</method>
  <thread>1</thread>
  <message>proxyInformation = ProxyInformation { proxyOption=NO_PROXY, proxyServerType=HTTP, username=, password=********, proxyServerAddress=, proxyServerPort=0, executionList=&amp;quot;&amp;quot;, isApplyToDesiredCapabilities=true }</message>
  <nestedLevel>1</nestedLevel>
  <escapedJava>false</escapedJava>
  <property name="proxyInformation">ProxyInformation { proxyOption=NO_PROXY, proxyServerType=HTTP, username=, password=********, proxyServerAddress=, proxyServerPort=0, executionList=&quot;&quot;, isApplyToDesiredCapabilities=true }</property>
</record>
<record>
  <date>2026-06-08T19:52:53.927585400Z</date>
  <millis>1780948373927</millis>
  <nanos>585400</nanos>
  <sequence>139</sequence>
  <level>PASSED</level>
  <class>com.kms.katalon.core.logging.XmlKeywordLogger</class>
  <method>logMessage</method>
  <thread>1</thread>
  <message>Browser is opened with url: &amp;apos;&amp;apos;</message>
  <nestedLevel>1</nestedLevel>
  <escapedJava>false</escapedJava>
  <property name="testops-method-name">com.kms.katalon.core.webui.keyword.builtin.OpenBrowserKeyword.openBrowser</property>
  <property name="testops-execution-stacktrace"></property>
</record>
<record>
  <date>2026-06-08T19:52:53.930581900Z</date>
  <millis>1780948373930</millis>
  <nanos>581900</nanos>
  <sequence>140</sequence>
  <level>END</level>
  <class>com.kms.katalon.core.logging.XmlKeywordLogger</class>
  <method>endKeyword</method>
  <thread>1</thread>
  <message>End action : openBrowser(&amp;quot;&amp;quot;)</message>
  <nestedLevel>1</nestedLevel>
  <escapedJava>false</escapedJava>
</record>
<record>
  <date>2026-06-08T19:52:53.930581900Z</date>
  <millis>1780948373930</millis>
  <nanos>581900</nanos>
  <sequence>141</sequence>
  <level>START</level>
  <class>com.kms.katalon.core.logging.XmlKeywordLogger</class>
  <method>startKeyword</method>
  <thread>1</thread>
  <message>Start action : navigateToUrl(base + &amp;quot;ChiSiamo.jsp&amp;quot;)</message>
  <nestedLevel>1</nestedLevel>
  <escapedJava>false</escapedJava>
  <property name="startLine">6</property>
  <property name="stepIndex">2</property>
</record>
<record>
  <date>2026-06-08T19:52:58.065165600Z</date>
  <millis>1780948378065</millis>
  <nanos>165600</nanos>
  <sequence>145</sequence>
  <level>PASSED</level>
  <class>com.kms.katalon.core.logging.XmlKeywordLogger</class>
  <method>logMessage</method>
  <thread>1</thread>
  <message>Navigate to &amp;apos;http://localhost:8080/Vaporant_IGES_war_exploded/ChiSiamo.jsp&amp;apos; successfully</message>
  <nestedLevel>1</nestedLevel>
  <escapedJava>false</escapedJava>
  <property name="testops-method-name">com.kms.katalon.core.webui.keyword.builtin.NavigateToUrlKeyword.navigateToUrl</property>
  <property name="testops-execution-stacktrace"></property>
</record>
<record>
  <date>2026-06-08T19:52:58.066876800Z</date>
  <millis>1780948378066</millis>
  <nanos>876800</nanos>
  <sequence>146</sequence>
  <level>END</level>
  <class>com.kms.katalon.core.logging.XmlKeywordLogger</class>
  <method>endKeyword</method>
  <thread>1</thread>
  <message>End action : navigateToUrl(base + &amp;quot;ChiSiamo.jsp&amp;quot;)</message>
  <nestedLevel>1</nestedLevel>
  <escapedJava>false</escapedJava>
</record>
<record>
  <date>2026-06-08T19:52:58.066876800Z</date>
  <millis>1780948378066</millis>
  <nanos>876800</nanos>
  <sequence>147</sequence>
  <level>START</level>
  <class>com.kms.katalon.core.logging.XmlKeywordLogger</class>
  <method>startKeyword</method>
  <thread>1</thread>
  <message>Start action : takeScreenshot()</message>
  <nestedLevel>1</nestedLevel>
  <escapedJava>false</escapedJava>
  <property name="startLine">7</property>
  <property name="stepIndex">3</property>
</record>
<record>
  <date>2026-06-08T19:52:58.541048400Z</date>
  <millis>1780948378541</millis>
  <nanos>48400</nanos>
  <sequence>150</sequence>
  <level>PASSED</level>
  <class>com.kms.katalon.core.logging.XmlKeywordLogger</class>
  <method>logMessage</method>
  <thread>1</thread>
  <message>Taking screenshot successfully</message>
  <nestedLevel>1</nestedLevel>
  <escapedJava>false</escapedJava>
  <property name="attachment">1780948378070.png</property>
  <property name="testops-method-name">com.kms.katalon.core.webui.keyword.builtin.TakeScreenshotKeyword.takeScreenshot</property>
  <property name="testops-execution-stacktrace"></property>
</record>
<record>
  <date>2026-06-08T19:52:58.542043900Z</date>
  <millis>1780948378542</millis>
  <nanos>43900</nanos>
  <sequence>151</sequence>
  <level>END</level>
  <class>com.kms.katalon.core.logging.XmlKeywordLogger</class>
  <method>endKeyword</method>
  <thread>1</thread>
  <message>End action : takeScreenshot()</message>
  <nestedLevel>1</nestedLevel>
  <escapedJava>false</escapedJava>
</record>
<record>
  <date>2026-06-08T19:52:58.543052800Z</date>
  <millis>1780948378543</millis>
  <nanos>52800</nanos>
  <sequence>152</sequence>
  <level>START</level>
  <class>com.kms.katalon.core.logging.XmlKeywordLogger</class>
  <method>startKeyword</method>
  <thread>1</thread>
  <message>Start action : verifyTextPresent(&amp;quot;Chi Siamo&amp;quot;, false)</message>
  <nestedLevel>1</nestedLevel>
  <escapedJava>false</escapedJava>
  <property name="startLine">8</property>
  <property name="stepIndex">4</property>
</record>
<record>
  <date>2026-06-08T19:52:58.841300800Z</date>
  <millis>1780948378841</millis>
  <nanos>300800</nanos>
  <sequence>156</sequence>
  <level>PASSED</level>
  <class>com.kms.katalon.core.logging.XmlKeywordLogger</class>
  <method>logMessage</method>
  <thread>1</thread>
  <message>Text &amp;apos;Chi Siamo&amp;apos; is present on page </message>
  <nestedLevel>1</nestedLevel>
  <escapedJava>false</escapedJava>
  <property name="testops-is-assertion">true</property>
  <property name="testops-method-name">com.kms.katalon.core.webui.keyword.builtin.VerifyTextPresentKeyword.verifyTextPresent</property>
  <property name="testops-execution-stacktrace"></property>
</record>
<record>
  <date>2026-06-08T19:52:58.842400Z</date>
  <millis>1780948378842</millis>
  <nanos>400000</nanos>
  <sequence>157</sequence>
  <level>END</level>
  <class>com.kms.katalon.core.logging.XmlKeywordLogger</class>
  <method>endKeyword</method>
  <thread>1</thread>
  <message>End action : verifyTextPresent(&amp;quot;Chi Siamo&amp;quot;, false)</message>
  <nestedLevel>1</nestedLevel>
  <escapedJava>false</escapedJava>
</record>
<record>
  <date>2026-06-08T19:52:58.845405600Z</date>
  <millis>1780948378845</millis>
  <nanos>405600</nanos>
  <sequence>158</sequence>
  <level>START</level>
  <class>com.kms.katalon.core.logging.XmlKeywordLogger</class>
  <method>startKeyword</method>
  <thread>1</thread>
  <message>Start action : closeBrowser()</message>
  <nestedLevel>1</nestedLevel>
  <escapedJava>false</escapedJava>
  <property name="startLine">9</property>
  <property name="stepIndex">5</property>
</record>
<record>
  <date>2026-06-08T19:53:00.139799500Z</date>
  <millis>1780948380139</millis>
  <nanos>799500</nanos>
  <sequence>161</sequence>
  <level>PASSED</level>
  <class>com.kms.katalon.core.logging.XmlKeywordLogger</class>
  <method>logMessage</method>
  <thread>1</thread>
  <message>Browser is closed</message>
  <nestedLevel>1</nestedLevel>
  <escapedJava>false</escapedJava>
  <property name="testops-method-name">com.kms.katalon.core.webui.keyword.builtin.CloseBrowserKeyword.closeBrowser</property>
  <property name="testops-execution-stacktrace"></property>
</record>
<record>
  <date>2026-06-08T19:53:00.139799500Z</date>
  <millis>1780948380139</millis>
  <nanos>799500</nanos>
  <sequence>162</sequence>
  <level>END</level>
  <class>com.kms.katalon.core.logging.XmlKeywordLogger</class>
  <method>endKeyword</method>
  <thread>1</thread>
  <message>End action : closeBrowser()</message>
  <nestedLevel>1</nestedLevel>
  <escapedJava>false</escapedJava>
</record>
<record>
  <date>2026-06-08T19:53:00.139799500Z</date>
  <millis>1780948380139</millis>
  <nanos>799500</nanos>
  <sequence>163</sequence>
  <level>PASSED</level>
  <class>com.kms.katalon.core.logging.XmlKeywordLogger</class>
  <method>logMessage</method>
  <thread>1</thread>
  <message>Test Cases/Generale/TC_8.1_2</message>
  <nestedLevel>1</nestedLevel>
  <escapedJava>false</escapedJava>
</record>
<record>
  <date>2026-06-08T19:53:00.140798Z</date>
  <millis>1780948380140</millis>
  <nanos>798000</nanos>
  <sequence>164</sequence>
  <level>END</level>
  <class>com.kms.katalon.core.logging.XmlKeywordLogger</class>
  <method>endTest</method>
  <thread>1</thread>
  <message>End Test Case : Test Cases/Generale/TC_8.1_2</message>
  <nestedLevel>0</nestedLevel>
  <escapedJava>false</escapedJava>
  <property name="executionBindingVariables">[]</property>
  <property name="applitools">false</property>
  <property name="remainingRetryCount">3</property>
  <property name="executedKeywords">{
  &quot;WebUI.closeBrowser&quot;: 1,
  &quot;WebUI.takeScreenshot&quot;: 1,
  &quot;WebUI.verifyTextPresent&quot;: 1,
  &quot;WebUI.navigateToUrl&quot;: 1,
  &quot;WebUI.openBrowser&quot;: 1
}</property>
  <property name="currentRetryCount">0</property>
  <property name="keywordsUsage">{
  &quot;web_ui&quot;: true,
  &quot;web_service&quot;: false,
  &quot;cucumber&quot;: false,
  &quot;builtin&quot;: false,
  &quot;mobile&quot;: false,
  &quot;windows&quot;: false,
  &quot;testng&quot;: false
}</property>
</record>
<record>
  <date>2026-06-08T19:53:00.144409400Z</date>
  <millis>1780948380144</millis>
  <nanos>409400</nanos>
  <sequence>165</sequence>
  <level>START</level>
  <class>com.kms.katalon.core.logging.XmlKeywordLogger</class>
  <method>startTest</method>
  <thread>1</thread>
  <message>Start Test Case : Test Cases/Generale/TC_8.1_3</message>
  <nestedLevel>1</nestedLevel>
  <escapedJava>false</escapedJava>
  <property name="remainingRetryCount">3</property>
  <property name="origin"></property>
  <property name="name">Test Cases/Generale/TC_8.1_3</property>
  <property name="description">Pagine info (Contatti, Chi siamo, Privacy, Termini)	
Click link nel Footer + verifica pagina</property>
  <property name="iteration"></property>
  <property name="id">Test Cases/Generale/TC_8.1_3</property>
  <property name="source">C:\Users\gianf\Documents\Vaporant-IGES\StorageSession\testing\katalon\Vaporant-Baseline\Test Cases\Generale\TC_8.1_3.tc</property>
  <property name="tag"></property>
  <property name="isOptional">false</property>
  <property name="uuid">69d6f6bc-e5b8-45c0-a200-d15528057a93</property>
  <property name="currentRetryCount">0</property>
</record>
<record>
  <date>2026-06-08T19:53:00.151210700Z</date>
  <millis>1780948380151</millis>
  <nanos>210700</nanos>
  <sequence>167</sequence>
  <level>RUN_DATA</level>
  <class>com.kms.katalon.core.logging.XmlKeywordLogger</class>
  <method>logMessage</method>
  <thread>1</thread>
  <message>executionBindingVariables = []</message>
  <nestedLevel>1</nestedLevel>
  <escapedJava>false</escapedJava>
  <property name="executionBindingVariables">[]</property>
</record>
<record>
  <date>2026-06-08T19:53:00.151210700Z</date>
  <millis>1780948380151</millis>
  <nanos>210700</nanos>
  <sequence>168</sequence>
  <level>START</level>
  <class>com.kms.katalon.core.logging.XmlKeywordLogger</class>
  <method>startKeyword</method>
  <thread>1</thread>
  <message>Start listener action : resetSeedBeforeTestCase</message>
  <nestedLevel>1</nestedLevel>
  <escapedJava>false</escapedJava>
</record>
<record>
  <date>2026-06-08T19:53:00.151210700Z</date>
  <millis>1780948380151</millis>
  <nanos>210700</nanos>
  <sequence>170</sequence>
  <level>START</level>
  <class>com.kms.katalon.core.logging.XmlKeywordLogger</class>
  <method>startKeyword</method>
  <thread>1</thread>
  <message>Start action : if (resetSeed == false)</message>
  <nestedLevel>1</nestedLevel>
  <escapedJava>false</escapedJava>
  <property name="startLine">26</property>
  <property name="stepIndex">1</property>
</record>
<record>
  <date>2026-06-08T19:53:00.152217900Z</date>
  <millis>1780948380152</millis>
  <nanos>217900</nanos>
  <sequence>171</sequence>
  <level>END</level>
  <class>com.kms.katalon.core.logging.XmlKeywordLogger</class>
  <method>endKeyword</method>
  <thread>1</thread>
  <message>End action : if (resetSeed == false)</message>
  <nestedLevel>1</nestedLevel>
  <escapedJava>false</escapedJava>
</record>
<record>
  <date>2026-06-08T19:53:00.152217900Z</date>
  <millis>1780948380152</millis>
  <nanos>217900</nanos>
  <sequence>172</sequence>
  <level>START</level>
  <class>com.kms.katalon.core.logging.XmlKeywordLogger</class>
  <method>startKeyword</method>
  <thread>1</thread>
  <message>Start action : projectDir = getProjectDir()</message>
  <nestedLevel>1</nestedLevel>
  <escapedJava>false</escapedJava>
  <property name="startLine">30</property>
  <property name="stepIndex">2</property>
</record>
<record>
  <date>2026-06-08T19:53:00.152217900Z</date>
  <millis>1780948380152</millis>
  <nanos>217900</nanos>
  <sequence>173</sequence>
  <level>END</level>
  <class>com.kms.katalon.core.logging.XmlKeywordLogger</class>
  <method>endKeyword</method>
  <thread>1</thread>
  <message>End action : projectDir = getProjectDir()</message>
  <nestedLevel>1</nestedLevel>
  <escapedJava>false</escapedJava>
</record>
<record>
  <date>2026-06-08T19:53:00.152217900Z</date>
  <millis>1780948380152</millis>
  <nanos>217900</nanos>
  <sequence>174</sequence>
  <level>START</level>
  <class>com.kms.katalon.core.logging.XmlKeywordLogger</class>
  <method>startKeyword</method>
  <thread>1</thread>
  <message>Start action : script = new java.io.File(projectDir, Data Files/reset-seed.sql)</message>
  <nestedLevel>1</nestedLevel>
  <escapedJava>false</escapedJava>
  <property name="startLine">31</property>
  <property name="stepIndex">3</property>
</record>
<record>
  <date>2026-06-08T19:53:00.152217900Z</date>
  <millis>1780948380152</millis>
  <nanos>217900</nanos>
  <sequence>175</sequence>
  <level>END</level>
  <class>com.kms.katalon.core.logging.XmlKeywordLogger</class>
  <method>endKeyword</method>
  <thread>1</thread>
  <message>End action : script = new java.io.File(projectDir, Data Files/reset-seed.sql)</message>
  <nestedLevel>1</nestedLevel>
  <escapedJava>false</escapedJava>
</record>
<record>
  <date>2026-06-08T19:53:00.152217900Z</date>
  <millis>1780948380152</millis>
  <nanos>217900</nanos>
  <sequence>176</sequence>
  <level>START</level>
  <class>com.kms.katalon.core.logging.XmlKeywordLogger</class>
  <method>startKeyword</method>
  <thread>1</thread>
  <message>Start action : if (!(script.exists()))</message>
  <nestedLevel>1</nestedLevel>
  <escapedJava>false</escapedJava>
  <property name="startLine">33</property>
  <property name="stepIndex">4</property>
</record>
<record>
  <date>2026-06-08T19:53:00.153217300Z</date>
  <millis>1780948380153</millis>
  <nanos>217300</nanos>
  <sequence>177</sequence>
  <level>END</level>
  <class>com.kms.katalon.core.logging.XmlKeywordLogger</class>
  <method>endKeyword</method>
  <thread>1</thread>
  <message>End action : if (!(script.exists()))</message>
  <nestedLevel>1</nestedLevel>
  <escapedJava>false</escapedJava>
</record>
<record>
  <date>2026-06-08T19:53:00.153217300Z</date>
  <millis>1780948380153</millis>
  <nanos>217300</nanos>
  <sequence>178</sequence>
  <level>START</level>
  <class>com.kms.katalon.core.logging.XmlKeywordLogger</class>
  <method>startKeyword</method>
  <thread>1</thread>
  <message>Start action : cmd = [mysqlExe, &amp;quot;--user=&amp;quot; + dbUser, &amp;quot;--password=&amp;quot; + dbPass, dbName]</message>
  <nestedLevel>1</nestedLevel>
  <escapedJava>false</escapedJava>
  <property name="startLine">39</property>
  <property name="stepIndex">5</property>
</record>
<record>
  <date>2026-06-08T19:53:00.153217300Z</date>
  <millis>1780948380153</millis>
  <nanos>217300</nanos>
  <sequence>179</sequence>
  <level>END</level>
  <class>com.kms.katalon.core.logging.XmlKeywordLogger</class>
  <method>endKeyword</method>
  <thread>1</thread>
  <message>End action : cmd = [mysqlExe, &amp;quot;--user=&amp;quot; + dbUser, &amp;quot;--password=&amp;quot; + dbPass, dbName]</message>
  <nestedLevel>1</nestedLevel>
  <escapedJava>false</escapedJava>
</record>
<record>
  <date>2026-06-08T19:53:00.153217300Z</date>
  <millis>1780948380153</millis>
  <nanos>217300</nanos>
  <sequence>180</sequence>
  <level>START</level>
  <class>com.kms.katalon.core.logging.XmlKeywordLogger</class>
  <method>startKeyword</method>
  <thread>1</thread>
  <message>Start action : log = new java.io.File(java.lang.System.getProperty(java.io.tmpdir), seedreset.log)</message>
  <nestedLevel>1</nestedLevel>
  <escapedJava>false</escapedJava>
  <property name="startLine">46</property>
  <property name="stepIndex">6</property>
</record>
<record>
  <date>2026-06-08T19:53:00.153217300Z</date>
  <millis>1780948380153</millis>
  <nanos>217300</nanos>
  <sequence>181</sequence>
  <level>END</level>
  <class>com.kms.katalon.core.logging.XmlKeywordLogger</class>
  <method>endKeyword</method>
  <thread>1</thread>
  <message>End action : log = new java.io.File(java.lang.System.getProperty(java.io.tmpdir), seedreset.log)</message>
  <nestedLevel>1</nestedLevel>
  <escapedJava>false</escapedJava>
</record>
<record>
  <date>2026-06-08T19:53:00.154219400Z</date>
  <millis>1780948380154</millis>
  <nanos>219400</nanos>
  <sequence>182</sequence>
  <level>START</level>
  <class>com.kms.katalon.core.logging.XmlKeywordLogger</class>
  <method>startKeyword</method>
  <thread>1</thread>
  <message>Start action : pb = new java.lang.ProcessBuilder(cmd)</message>
  <nestedLevel>1</nestedLevel>
  <escapedJava>false</escapedJava>
  <property name="startLine">48</property>
  <property name="stepIndex">7</property>
</record>
<record>
  <date>2026-06-08T19:53:00.154219400Z</date>
  <millis>1780948380154</millis>
  <nanos>219400</nanos>
  <sequence>183</sequence>
  <level>END</level>
  <class>com.kms.katalon.core.logging.XmlKeywordLogger</class>
  <method>endKeyword</method>
  <thread>1</thread>
  <message>End action : pb = new java.lang.ProcessBuilder(cmd)</message>
  <nestedLevel>1</nestedLevel>
  <escapedJava>false</escapedJava>
</record>
<record>
  <date>2026-06-08T19:53:00.154725900Z</date>
  <millis>1780948380154</millis>
  <nanos>725900</nanos>
  <sequence>184</sequence>
  <level>START</level>
  <class>com.kms.katalon.core.logging.XmlKeywordLogger</class>
  <method>startKeyword</method>
  <thread>1</thread>
  <message>Start action : pb.redirectInput(script)</message>
  <nestedLevel>1</nestedLevel>
  <escapedJava>false</escapedJava>
  <property name="startLine">49</property>
  <property name="stepIndex">8</property>
</record>
<record>
  <date>2026-06-08T19:53:00.154725900Z</date>
  <millis>1780948380154</millis>
  <nanos>725900</nanos>
  <sequence>185</sequence>
  <level>END</level>
  <class>com.kms.katalon.core.logging.XmlKeywordLogger</class>
  <method>endKeyword</method>
  <thread>1</thread>
  <message>End action : pb.redirectInput(script)</message>
  <nestedLevel>1</nestedLevel>
  <escapedJava>false</escapedJava>
</record>
<record>
  <date>2026-06-08T19:53:00.154725900Z</date>
  <millis>1780948380154</millis>
  <nanos>725900</nanos>
  <sequence>186</sequence>
  <level>START</level>
  <class>com.kms.katalon.core.logging.XmlKeywordLogger</class>
  <method>startKeyword</method>
  <thread>1</thread>
  <message>Start action : pb.redirectErrorStream(true)</message>
  <nestedLevel>1</nestedLevel>
  <escapedJava>false</escapedJava>
  <property name="startLine">50</property>
  <property name="stepIndex">9</property>
</record>
<record>
  <date>2026-06-08T19:53:00.154725900Z</date>
  <millis>1780948380154</millis>
  <nanos>725900</nanos>
  <sequence>187</sequence>
  <level>END</level>
  <class>com.kms.katalon.core.logging.XmlKeywordLogger</class>
  <method>endKeyword</method>
  <thread>1</thread>
  <message>End action : pb.redirectErrorStream(true)</message>
  <nestedLevel>1</nestedLevel>
  <escapedJava>false</escapedJava>
</record>
<record>
  <date>2026-06-08T19:53:00.154725900Z</date>
  <millis>1780948380154</millis>
  <nanos>725900</nanos>
  <sequence>188</sequence>
  <level>START</level>
  <class>com.kms.katalon.core.logging.XmlKeywordLogger</class>
  <method>startKeyword</method>
  <thread>1</thread>
  <message>Start action : pb.redirectOutput(log)</message>
  <nestedLevel>1</nestedLevel>
  <escapedJava>false</escapedJava>
  <property name="startLine">51</property>
  <property name="stepIndex">10</property>
</record>
<record>
  <date>2026-06-08T19:53:00.154725900Z</date>
  <millis>1780948380154</millis>
  <nanos>725900</nanos>
  <sequence>189</sequence>
  <level>END</level>
  <class>com.kms.katalon.core.logging.XmlKeywordLogger</class>
  <method>endKeyword</method>
  <thread>1</thread>
  <message>End action : pb.redirectOutput(log)</message>
  <nestedLevel>1</nestedLevel>
  <escapedJava>false</escapedJava>
</record>
<record>
  <date>2026-06-08T19:53:00.154725900Z</date>
  <millis>1780948380154</millis>
  <nanos>725900</nanos>
  <sequence>190</sequence>
  <level>START</level>
  <class>com.kms.katalon.core.logging.XmlKeywordLogger</class>
  <method>startKeyword</method>
  <thread>1</thread>
  <message>Start action : p = pb.start()</message>
  <nestedLevel>1</nestedLevel>
  <escapedJava>false</escapedJava>
  <property name="startLine">53</property>
  <property name="stepIndex">11</property>
</record>
<record>
  <date>2026-06-08T19:53:00.159350800Z</date>
  <millis>1780948380159</millis>
  <nanos>350800</nanos>
  <sequence>191</sequence>
  <level>END</level>
  <class>com.kms.katalon.core.logging.XmlKeywordLogger</class>
  <method>endKeyword</method>
  <thread>1</thread>
  <message>End action : p = pb.start()</message>
  <nestedLevel>1</nestedLevel>
  <escapedJava>false</escapedJava>
</record>
<record>
  <date>2026-06-08T19:53:00.160360900Z</date>
  <millis>1780948380160</millis>
  <nanos>360900</nanos>
  <sequence>192</sequence>
  <level>START</level>
  <class>com.kms.katalon.core.logging.XmlKeywordLogger</class>
  <method>startKeyword</method>
  <thread>1</thread>
  <message>Start action : finished = p.waitFor(20, SECONDS)</message>
  <nestedLevel>1</nestedLevel>
  <escapedJava>false</escapedJava>
  <property name="startLine">55</property>
  <property name="stepIndex">12</property>
</record>
<record>
  <date>2026-06-08T19:53:00.268850200Z</date>
  <millis>1780948380268</millis>
  <nanos>850200</nanos>
  <sequence>193</sequence>
  <level>END</level>
  <class>com.kms.katalon.core.logging.XmlKeywordLogger</class>
  <method>endKeyword</method>
  <thread>1</thread>
  <message>End action : finished = p.waitFor(20, SECONDS)</message>
  <nestedLevel>1</nestedLevel>
  <escapedJava>false</escapedJava>
</record>
<record>
  <date>2026-06-08T19:53:00.269851400Z</date>
  <millis>1780948380269</millis>
  <nanos>851400</nanos>
  <sequence>194</sequence>
  <level>START</level>
  <class>com.kms.katalon.core.logging.XmlKeywordLogger</class>
  <method>startKeyword</method>
  <thread>1</thread>
  <message>Start action : if (!(finished))</message>
  <nestedLevel>1</nestedLevel>
  <escapedJava>false</escapedJava>
  <property name="startLine">56</property>
  <property name="stepIndex">13</property>
</record>
<record>
  <date>2026-06-08T19:53:00.270851300Z</date>
  <millis>1780948380270</millis>
  <nanos>851300</nanos>
  <sequence>195</sequence>
  <level>END</level>
  <class>com.kms.katalon.core.logging.XmlKeywordLogger</class>
  <method>endKeyword</method>
  <thread>1</thread>
  <message>End action : if (!(finished))</message>
  <nestedLevel>1</nestedLevel>
  <escapedJava>false</escapedJava>
</record>
<record>
  <date>2026-06-08T19:53:00.270851300Z</date>
  <millis>1780948380270</millis>
  <nanos>851300</nanos>
  <sequence>196</sequence>
  <level>START</level>
  <class>com.kms.katalon.core.logging.XmlKeywordLogger</class>
  <method>startKeyword</method>
  <thread>1</thread>
  <message>Start action : code = p.exitValue()</message>
  <nestedLevel>1</nestedLevel>
  <escapedJava>false</escapedJava>
  <property name="startLine">62</property>
  <property name="stepIndex">14</property>
</record>
<record>
  <date>2026-06-08T19:53:00.271927700Z</date>
  <millis>1780948380271</millis>
  <nanos>927700</nanos>
  <sequence>197</sequence>
  <level>END</level>
  <class>com.kms.katalon.core.logging.XmlKeywordLogger</class>
  <method>endKeyword</method>
  <thread>1</thread>
  <message>End action : code = p.exitValue()</message>
  <nestedLevel>1</nestedLevel>
  <escapedJava>false</escapedJava>
</record>
<record>
  <date>2026-06-08T19:53:00.271927700Z</date>
  <millis>1780948380271</millis>
  <nanos>927700</nanos>
  <sequence>198</sequence>
  <level>START</level>
  <class>com.kms.katalon.core.logging.XmlKeywordLogger</class>
  <method>startKeyword</method>
  <thread>1</thread>
  <message>Start action : if (code != 0)</message>
  <nestedLevel>1</nestedLevel>
  <escapedJava>false</escapedJava>
  <property name="startLine">63</property>
  <property name="stepIndex">15</property>
</record>
<record>
  <date>2026-06-08T19:53:00.271927700Z</date>
  <millis>1780948380271</millis>
  <nanos>927700</nanos>
  <sequence>199</sequence>
  <level>END</level>
  <class>com.kms.katalon.core.logging.XmlKeywordLogger</class>
  <method>endKeyword</method>
  <thread>1</thread>
  <message>End action : if (code != 0)</message>
  <nestedLevel>1</nestedLevel>
  <escapedJava>false</escapedJava>
</record>
<record>
  <date>2026-06-08T19:53:00.271927700Z</date>
  <millis>1780948380271</millis>
  <nanos>927700</nanos>
  <sequence>200</sequence>
  <level>START</level>
  <class>com.kms.katalon.core.logging.XmlKeywordLogger</class>
  <method>startKeyword</method>
  <thread>1</thread>
  <message>Start action : else</message>
  <nestedLevel>1</nestedLevel>
  <escapedJava>false</escapedJava>
  <property name="startLine">67</property>
  <property name="stepIndex">16</property>
</record>
<record>
  <date>2026-06-08T19:53:00.271927700Z</date>
  <millis>1780948380271</millis>
  <nanos>927700</nanos>
  <sequence>201</sequence>
  <level>START</level>
  <class>com.kms.katalon.core.logging.XmlKeywordLogger</class>
  <method>startKeyword</method>
  <thread>1</thread>
  <message>Start action : logInfo(&amp;quot;Seed ripristinato prima di: &amp;quot; + context.getTestCaseId())</message>
  <nestedLevel>2</nestedLevel>
  <escapedJava>false</escapedJava>
  <property name="startLine">68</property>
  <property name="stepIndex">1</property>
</record>
<record>
  <date>2026-06-08T19:53:00.272852500Z</date>
  <millis>1780948380272</millis>
  <nanos>852500</nanos>
  <sequence>202</sequence>
  <level>INFO</level>
  <class>com.kms.katalon.core.logging.XmlKeywordLogger</class>
  <method>logMessage</method>
  <thread>1</thread>
  <message>Seed ripristinato prima di: Test Cases/Generale/TC_8.1_3</message>
  <nestedLevel>1</nestedLevel>
  <escapedJava>false</escapedJava>
</record>
<record>
  <date>2026-06-08T19:53:00.272852500Z</date>
  <millis>1780948380272</millis>
  <nanos>852500</nanos>
  <sequence>204</sequence>
  <level>END</level>
  <class>com.kms.katalon.core.logging.XmlKeywordLogger</class>
  <method>endKeyword</method>
  <thread>1</thread>
  <message>End action : logInfo(&amp;quot;Seed ripristinato prima di: &amp;quot; + context.getTestCaseId())</message>
  <nestedLevel>2</nestedLevel>
  <escapedJava>false</escapedJava>
</record>
<record>
  <date>2026-06-08T19:53:00.273851600Z</date>
  <millis>1780948380273</millis>
  <nanos>851600</nanos>
  <sequence>205</sequence>
  <level>END</level>
  <class>com.kms.katalon.core.logging.XmlKeywordLogger</class>
  <method>endKeyword</method>
  <thread>1</thread>
  <message>End action : else</message>
  <nestedLevel>1</nestedLevel>
  <escapedJava>false</escapedJava>
</record>
<record>
  <date>2026-06-08T19:53:00.273851600Z</date>
  <millis>1780948380273</millis>
  <nanos>851600</nanos>
  <sequence>206</sequence>
  <level>END</level>
  <class>com.kms.katalon.core.logging.XmlKeywordLogger</class>
  <method>endKeyword</method>
  <thread>1</thread>
  <message>End listener action : resetSeedBeforeTestCase</message>
  <nestedLevel>1</nestedLevel>
  <escapedJava>false</escapedJava>
</record>
<record>
  <date>2026-06-08T19:53:00.312250400Z</date>
  <millis>1780948380312</millis>
  <nanos>250400</nanos>
  <sequence>207</sequence>
  <level>START</level>
  <class>com.kms.katalon.core.logging.XmlKeywordLogger</class>
  <method>startKeyword</method>
  <thread>1</thread>
  <message>Start action : openBrowser(&amp;quot;&amp;quot;)</message>
  <nestedLevel>1</nestedLevel>
  <escapedJava>false</escapedJava>
  <property name="startLine">5</property>
  <property name="stepIndex">1</property>
</record>
<record>
  <date>2026-06-08T19:53:00.314250700Z</date>
  <millis>1780948380314</millis>
  <nanos>250700</nanos>
  <sequence>210</sequence>
  <level>INFO</level>
  <class>com.kms.katalon.core.logging.XmlKeywordLogger</class>
  <method>logMessage</method>
  <thread>1</thread>
  <message>Starting &amp;apos;Chrome&amp;apos; driver</message>
  <nestedLevel>1</nestedLevel>
  <escapedJava>false</escapedJava>
</record>
<record>
  <date>2026-06-08T19:53:00.315917700Z</date>
  <millis>1780948380315</millis>
  <nanos>917700</nanos>
  <sequence>211</sequence>
  <level>INFO</level>
  <class>com.kms.katalon.core.logging.XmlKeywordLogger</class>
  <method>logMessage</method>
  <thread>1</thread>
  <message>Action delay is set to 0 milliseconds</message>
  <nestedLevel>1</nestedLevel>
  <escapedJava>false</escapedJava>
</record>
<record>
  <date>2026-06-08T19:53:01.658424600Z</date>
  <millis>1780948381658</millis>
  <nanos>424600</nanos>
  <sequence>213</sequence>
  <level>RUN_DATA</level>
  <class>com.kms.katalon.core.logging.XmlKeywordLogger</class>
  <method>logMessage</method>
  <thread>1</thread>
  <message>sessionId = ad782318e0d39e649d37fff4a9245012</message>
  <nestedLevel>1</nestedLevel>
  <escapedJava>false</escapedJava>
  <property name="sessionId">ad782318e0d39e649d37fff4a9245012</property>
</record>
<record>
  <date>2026-06-08T19:53:01.659435Z</date>
  <millis>1780948381659</millis>
  <nanos>435000</nanos>
  <sequence>214</sequence>
  <level>RUN_DATA</level>
  <class>com.kms.katalon.core.logging.XmlKeywordLogger</class>
  <method>logMessage</method>
  <thread>1</thread>
  <message>browser = Chrome 148.0.7778.179</message>
  <nestedLevel>1</nestedLevel>
  <escapedJava>false</escapedJava>
  <property name="browser">Chrome 148.0.7778.179</property>
</record>
<record>
  <date>2026-06-08T19:53:01.659435Z</date>
  <millis>1780948381659</millis>
  <nanos>435000</nanos>
  <sequence>215</sequence>
  <level>RUN_DATA</level>
  <class>com.kms.katalon.core.logging.XmlKeywordLogger</class>
  <method>logMessage</method>
  <thread>1</thread>
  <message>platform = Windows 11</message>
  <nestedLevel>1</nestedLevel>
  <escapedJava>false</escapedJava>
  <property name="platform">Windows 11</property>
</record>
<record>
  <date>2026-06-08T19:53:01.659435Z</date>
  <millis>1780948381659</millis>
  <nanos>435000</nanos>
  <sequence>216</sequence>
  <level>RUN_DATA</level>
  <class>com.kms.katalon.core.logging.XmlKeywordLogger</class>
  <method>logMessage</method>
  <thread>1</thread>
  <message>seleniumVersion = 4.39.0</message>
  <nestedLevel>1</nestedLevel>
  <escapedJava>false</escapedJava>
  <property name="seleniumVersion">4.39.0</property>
</record>
<record>
  <date>2026-06-08T19:53:01.660977600Z</date>
  <millis>1780948381660</millis>
  <nanos>977600</nanos>
  <sequence>217</sequence>
  <level>RUN_DATA</level>
  <class>com.kms.katalon.core.logging.XmlKeywordLogger</class>
  <method>logMessage</method>
  <thread>1</thread>
  <message>proxyInformation = ProxyInformation { proxyOption=NO_PROXY, proxyServerType=HTTP, username=, password=********, proxyServerAddress=, proxyServerPort=0, executionList=&amp;quot;&amp;quot;, isApplyToDesiredCapabilities=true }</message>
  <nestedLevel>1</nestedLevel>
  <escapedJava>false</escapedJava>
  <property name="proxyInformation">ProxyInformation { proxyOption=NO_PROXY, proxyServerType=HTTP, username=, password=********, proxyServerAddress=, proxyServerPort=0, executionList=&quot;&quot;, isApplyToDesiredCapabilities=true }</property>
</record>
<record>
  <date>2026-06-08T19:53:01.682174300Z</date>
  <millis>1780948381682</millis>
  <nanos>174300</nanos>
  <sequence>218</sequence>
  <level>PASSED</level>
  <class>com.kms.katalon.core.logging.XmlKeywordLogger</class>
  <method>logMessage</method>
  <thread>1</thread>
  <message>Browser is opened with url: &amp;apos;&amp;apos;</message>
  <nestedLevel>1</nestedLevel>
  <escapedJava>false</escapedJava>
  <property name="testops-method-name">com.kms.katalon.core.webui.keyword.builtin.OpenBrowserKeyword.openBrowser</property>
  <property name="testops-execution-stacktrace"></property>
</record>
<record>
  <date>2026-06-08T19:53:01.684187Z</date>
  <millis>1780948381684</millis>
  <nanos>187000</nanos>
  <sequence>219</sequence>
  <level>END</level>
  <class>com.kms.katalon.core.logging.XmlKeywordLogger</class>
  <method>endKeyword</method>
  <thread>1</thread>
  <message>End action : openBrowser(&amp;quot;&amp;quot;)</message>
  <nestedLevel>1</nestedLevel>
  <escapedJava>false</escapedJava>
</record>
<record>
  <date>2026-06-08T19:53:01.684187Z</date>
  <millis>1780948381684</millis>
  <nanos>187000</nanos>
  <sequence>220</sequence>
  <level>START</level>
  <class>com.kms.katalon.core.logging.XmlKeywordLogger</class>
  <method>startKeyword</method>
  <thread>1</thread>
  <message>Start action : navigateToUrl(base + &amp;quot;PrivacyPolicy.jsp&amp;quot;)</message>
  <nestedLevel>1</nestedLevel>
  <escapedJava>false</escapedJava>
  <property name="startLine">6</property>
  <property name="stepIndex">2</property>
</record>
<record>
  <date>2026-06-08T19:53:03.371261200Z</date>
  <millis>1780948383371</millis>
  <nanos>261200</nanos>
  <sequence>224</sequence>
  <level>PASSED</level>
  <class>com.kms.katalon.core.logging.XmlKeywordLogger</class>
  <method>logMessage</method>
  <thread>1</thread>
  <message>Navigate to &amp;apos;http://localhost:8080/Vaporant_IGES_war_exploded/PrivacyPolicy.jsp&amp;apos; successfully</message>
  <nestedLevel>1</nestedLevel>
  <escapedJava>false</escapedJava>
  <property name="testops-method-name">com.kms.katalon.core.webui.keyword.builtin.NavigateToUrlKeyword.navigateToUrl</property>
  <property name="testops-execution-stacktrace"></property>
</record>
<record>
  <date>2026-06-08T19:53:03.373970900Z</date>
  <millis>1780948383373</millis>
  <nanos>970900</nanos>
  <sequence>225</sequence>
  <level>END</level>
  <class>com.kms.katalon.core.logging.XmlKeywordLogger</class>
  <method>endKeyword</method>
  <thread>1</thread>
  <message>End action : navigateToUrl(base + &amp;quot;PrivacyPolicy.jsp&amp;quot;)</message>
  <nestedLevel>1</nestedLevel>
  <escapedJava>false</escapedJava>
</record>
<record>
  <date>2026-06-08T19:53:03.373970900Z</date>
  <millis>1780948383373</millis>
  <nanos>970900</nanos>
  <sequence>226</sequence>
  <level>START</level>
  <class>com.kms.katalon.core.logging.XmlKeywordLogger</class>
  <method>startKeyword</method>
  <thread>1</thread>
  <message>Start action : takeScreenshot()</message>
  <nestedLevel>1</nestedLevel>
  <escapedJava>false</escapedJava>
  <property name="startLine">7</property>
  <property name="stepIndex">3</property>
</record>
<record>
  <date>2026-06-08T19:53:03.837307400Z</date>
  <millis>1780948383837</millis>
  <nanos>307400</nanos>
  <sequence>229</sequence>
  <level>PASSED</level>
  <class>com.kms.katalon.core.logging.XmlKeywordLogger</class>
  <method>logMessage</method>
  <thread>1</thread>
  <message>Taking screenshot successfully</message>
  <nestedLevel>1</nestedLevel>
  <escapedJava>false</escapedJava>
  <property name="attachment">1780948383376.png</property>
  <property name="testops-method-name">com.kms.katalon.core.webui.keyword.builtin.TakeScreenshotKeyword.takeScreenshot</property>
  <property name="testops-execution-stacktrace"></property>
</record>
<record>
  <date>2026-06-08T19:53:03.839814100Z</date>
  <millis>1780948383839</millis>
  <nanos>814100</nanos>
  <sequence>230</sequence>
  <level>END</level>
  <class>com.kms.katalon.core.logging.XmlKeywordLogger</class>
  <method>endKeyword</method>
  <thread>1</thread>
  <message>End action : takeScreenshot()</message>
  <nestedLevel>1</nestedLevel>
  <escapedJava>false</escapedJava>
</record>
<record>
  <date>2026-06-08T19:53:03.839814100Z</date>
  <millis>1780948383839</millis>
  <nanos>814100</nanos>
  <sequence>231</sequence>
  <level>START</level>
  <class>com.kms.katalon.core.logging.XmlKeywordLogger</class>
  <method>startKeyword</method>
  <thread>1</thread>
  <message>Start action : verifyTextPresent(&amp;quot;Informativa sulla privacy&amp;quot;, false)</message>
  <nestedLevel>1</nestedLevel>
  <escapedJava>false</escapedJava>
  <property name="startLine">8</property>
  <property name="stepIndex">4</property>
</record>
<record>
  <date>2026-06-08T19:53:04.150980700Z</date>
  <millis>1780948384150</millis>
  <nanos>980700</nanos>
  <sequence>235</sequence>
  <level>PASSED</level>
  <class>com.kms.katalon.core.logging.XmlKeywordLogger</class>
  <method>logMessage</method>
  <thread>1</thread>
  <message>Text &amp;apos;Informativa sulla privacy&amp;apos; is present on page </message>
  <nestedLevel>1</nestedLevel>
  <escapedJava>false</escapedJava>
  <property name="testops-is-assertion">true</property>
  <property name="testops-method-name">com.kms.katalon.core.webui.keyword.builtin.VerifyTextPresentKeyword.verifyTextPresent</property>
  <property name="testops-execution-stacktrace"></property>
</record>
<record>
  <date>2026-06-08T19:53:04.151976Z</date>
  <millis>1780948384151</millis>
  <nanos>976000</nanos>
  <sequence>236</sequence>
  <level>END</level>
  <class>com.kms.katalon.core.logging.XmlKeywordLogger</class>
  <method>endKeyword</method>
  <thread>1</thread>
  <message>End action : verifyTextPresent(&amp;quot;Informativa sulla privacy&amp;quot;, false)</message>
  <nestedLevel>1</nestedLevel>
  <escapedJava>false</escapedJava>
</record>
<record>
  <date>2026-06-08T19:53:04.153812900Z</date>
  <millis>1780948384153</millis>
  <nanos>812900</nanos>
  <sequence>237</sequence>
  <level>START</level>
  <class>com.kms.katalon.core.logging.XmlKeywordLogger</class>
  <method>startKeyword</method>
  <thread>1</thread>
  <message>Start action : closeBrowser()</message>
  <nestedLevel>1</nestedLevel>
  <escapedJava>false</escapedJava>
  <property name="startLine">9</property>
  <property name="stepIndex">5</property>
</record>
<record>
  <date>2026-06-08T19:53:04.444084700Z</date>
  <millis>1780948384444</millis>
  <nanos>84700</nanos>
  <sequence>240</sequence>
  <level>PASSED</level>
  <class>com.kms.katalon.core.logging.XmlKeywordLogger</class>
  <method>logMessage</method>
  <thread>1</thread>
  <message>Browser is closed</message>
  <nestedLevel>1</nestedLevel>
  <escapedJava>false</escapedJava>
  <property name="testops-method-name">com.kms.katalon.core.webui.keyword.builtin.CloseBrowserKeyword.closeBrowser</property>
  <property name="testops-execution-stacktrace"></property>
</record>
<record>
  <date>2026-06-08T19:53:04.445094100Z</date>
  <millis>1780948384445</millis>
  <nanos>94100</nanos>
  <sequence>241</sequence>
  <level>END</level>
  <class>com.kms.katalon.core.logging.XmlKeywordLogger</class>
  <method>endKeyword</method>
  <thread>1</thread>
  <message>End action : closeBrowser()</message>
  <nestedLevel>1</nestedLevel>
  <escapedJava>false</escapedJava>
</record>
<record>
  <date>2026-06-08T19:53:04.445094100Z</date>
  <millis>1780948384445</millis>
  <nanos>94100</nanos>
  <sequence>242</sequence>
  <level>PASSED</level>
  <class>com.kms.katalon.core.logging.XmlKeywordLogger</class>
  <method>logMessage</method>
  <thread>1</thread>
  <message>Test Cases/Generale/TC_8.1_3</message>
  <nestedLevel>1</nestedLevel>
  <escapedJava>false</escapedJava>
</record>
<record>
  <date>2026-06-08T19:53:04.446183900Z</date>
  <millis>1780948384446</millis>
  <nanos>183900</nanos>
  <sequence>243</sequence>
  <level>END</level>
  <class>com.kms.katalon.core.logging.XmlKeywordLogger</class>
  <method>endTest</method>
  <thread>1</thread>
  <message>End Test Case : Test Cases/Generale/TC_8.1_3</message>
  <nestedLevel>0</nestedLevel>
  <escapedJava>false</escapedJava>
  <property name="executionBindingVariables">[]</property>
  <property name="applitools">false</property>
  <property name="remainingRetryCount">3</property>
  <property name="executedKeywords">{
  &quot;WebUI.closeBrowser&quot;: 1,
  &quot;WebUI.takeScreenshot&quot;: 1,
  &quot;WebUI.verifyTextPresent&quot;: 1,
  &quot;WebUI.navigateToUrl&quot;: 1,
  &quot;WebUI.openBrowser&quot;: 1
}</property>
  <property name="currentRetryCount">0</property>
  <property name="keywordsUsage">{
  &quot;web_ui&quot;: true,
  &quot;web_service&quot;: false,
  &quot;cucumber&quot;: false,
  &quot;builtin&quot;: false,
  &quot;mobile&quot;: false,
  &quot;windows&quot;: false,
  &quot;testng&quot;: false
}</property>
</record>
<record>
  <date>2026-06-08T19:53:04.450237500Z</date>
  <millis>1780948384450</millis>
  <nanos>237500</nanos>
  <sequence>244</sequence>
  <level>START</level>
  <class>com.kms.katalon.core.logging.XmlKeywordLogger</class>
  <method>startTest</method>
  <thread>1</thread>
  <message>Start Test Case : Test Cases/Generale/TC_8.1_4</message>
  <nestedLevel>1</nestedLevel>
  <escapedJava>false</escapedJava>
  <property name="remainingRetryCount">3</property>
  <property name="origin"></property>
  <property name="name">Test Cases/Generale/TC_8.1_4</property>
  <property name="description">Pagine info (Contatti, Chi siamo, Privacy, Termini)	
Click link nel Footer + verifica pagina</property>
  <property name="iteration"></property>
  <property name="id">Test Cases/Generale/TC_8.1_4</property>
  <property name="source">C:\Users\gianf\Documents\Vaporant-IGES\StorageSession\testing\katalon\Vaporant-Baseline\Test Cases\Generale\TC_8.1_4.tc</property>
  <property name="tag"></property>
  <property name="isOptional">false</property>
  <property name="uuid">e820d043-48c5-498a-bf66-f66f99f35426</property>
  <property name="currentRetryCount">0</property>
</record>
<record>
  <date>2026-06-08T19:53:04.457765600Z</date>
  <millis>1780948384457</millis>
  <nanos>765600</nanos>
  <sequence>246</sequence>
  <level>RUN_DATA</level>
  <class>com.kms.katalon.core.logging.XmlKeywordLogger</class>
  <method>logMessage</method>
  <thread>1</thread>
  <message>executionBindingVariables = []</message>
  <nestedLevel>1</nestedLevel>
  <escapedJava>false</escapedJava>
  <property name="executionBindingVariables">[]</property>
</record>
<record>
  <date>2026-06-08T19:53:04.457765600Z</date>
  <millis>1780948384457</millis>
  <nanos>765600</nanos>
  <sequence>247</sequence>
  <level>START</level>
  <class>com.kms.katalon.core.logging.XmlKeywordLogger</class>
  <method>startKeyword</method>
  <thread>1</thread>
  <message>Start listener action : resetSeedBeforeTestCase</message>
  <nestedLevel>1</nestedLevel>
  <escapedJava>false</escapedJava>
</record>
<record>
  <date>2026-06-08T19:53:04.458771500Z</date>
  <millis>1780948384458</millis>
  <nanos>771500</nanos>
  <sequence>249</sequence>
  <level>START</level>
  <class>com.kms.katalon.core.logging.XmlKeywordLogger</class>
  <method>startKeyword</method>
  <thread>1</thread>
  <message>Start action : if (resetSeed == false)</message>
  <nestedLevel>1</nestedLevel>
  <escapedJava>false</escapedJava>
  <property name="startLine">26</property>
  <property name="stepIndex">1</property>
</record>
<record>
  <date>2026-06-08T19:53:04.458771500Z</date>
  <millis>1780948384458</millis>
  <nanos>771500</nanos>
  <sequence>250</sequence>
  <level>END</level>
  <class>com.kms.katalon.core.logging.XmlKeywordLogger</class>
  <method>endKeyword</method>
  <thread>1</thread>
  <message>End action : if (resetSeed == false)</message>
  <nestedLevel>1</nestedLevel>
  <escapedJava>false</escapedJava>
</record>
<record>
  <date>2026-06-08T19:53:04.458771500Z</date>
  <millis>1780948384458</millis>
  <nanos>771500</nanos>
  <sequence>251</sequence>
  <level>START</level>
  <class>com.kms.katalon.core.logging.XmlKeywordLogger</class>
  <method>startKeyword</method>
  <thread>1</thread>
  <message>Start action : projectDir = getProjectDir()</message>
  <nestedLevel>1</nestedLevel>
  <escapedJava>false</escapedJava>
  <property name="startLine">30</property>
  <property name="stepIndex">2</property>
</record>
<record>
  <date>2026-06-08T19:53:04.459770800Z</date>
  <millis>1780948384459</millis>
  <nanos>770800</nanos>
  <sequence>252</sequence>
  <level>END</level>
  <class>com.kms.katalon.core.logging.XmlKeywordLogger</class>
  <method>endKeyword</method>
  <thread>1</thread>
  <message>End action : projectDir = getProjectDir()</message>
  <nestedLevel>1</nestedLevel>
  <escapedJava>false</escapedJava>
</record>
<record>
  <date>2026-06-08T19:53:04.459770800Z</date>
  <millis>1780948384459</millis>
  <nanos>770800</nanos>
  <sequence>253</sequence>
  <level>START</level>
  <class>com.kms.katalon.core.logging.XmlKeywordLogger</class>
  <method>startKeyword</method>
  <thread>1</thread>
  <message>Start action : script = new java.io.File(projectDir, Data Files/reset-seed.sql)</message>
  <nestedLevel>1</nestedLevel>
  <escapedJava>false</escapedJava>
  <property name="startLine">31</property>
  <property name="stepIndex">3</property>
</record>
<record>
  <date>2026-06-08T19:53:04.459770800Z</date>
  <millis>1780948384459</millis>
  <nanos>770800</nanos>
  <sequence>254</sequence>
  <level>END</level>
  <class>com.kms.katalon.core.logging.XmlKeywordLogger</class>
  <method>endKeyword</method>
  <thread>1</thread>
  <message>End action : script = new java.io.File(projectDir, Data Files/reset-seed.sql)</message>
  <nestedLevel>1</nestedLevel>
  <escapedJava>false</escapedJava>
</record>
<record>
  <date>2026-06-08T19:53:04.459770800Z</date>
  <millis>1780948384459</millis>
  <nanos>770800</nanos>
  <sequence>255</sequence>
  <level>START</level>
  <class>com.kms.katalon.core.logging.XmlKeywordLogger</class>
  <method>startKeyword</method>
  <thread>1</thread>
  <message>Start action : if (!(script.exists()))</message>
  <nestedLevel>1</nestedLevel>
  <escapedJava>false</escapedJava>
  <property name="startLine">33</property>
  <property name="stepIndex">4</property>
</record>
<record>
  <date>2026-06-08T19:53:04.459770800Z</date>
  <millis>1780948384459</millis>
  <nanos>770800</nanos>
  <sequence>256</sequence>
  <level>END</level>
  <class>com.kms.katalon.core.logging.XmlKeywordLogger</class>
  <method>endKeyword</method>
  <thread>1</thread>
  <message>End action : if (!(script.exists()))</message>
  <nestedLevel>1</nestedLevel>
  <escapedJava>false</escapedJava>
</record>
<record>
  <date>2026-06-08T19:53:04.460761300Z</date>
  <millis>1780948384460</millis>
  <nanos>761300</nanos>
  <sequence>257</sequence>
  <level>START</level>
  <class>com.kms.katalon.core.logging.XmlKeywordLogger</class>
  <method>startKeyword</method>
  <thread>1</thread>
  <message>Start action : cmd = [mysqlExe, &amp;quot;--user=&amp;quot; + dbUser, &amp;quot;--password=&amp;quot; + dbPass, dbName]</message>
  <nestedLevel>1</nestedLevel>
  <escapedJava>false</escapedJava>
  <property name="startLine">39</property>
  <property name="stepIndex">5</property>
</record>
<record>
  <date>2026-06-08T19:53:04.460761300Z</date>
  <millis>1780948384460</millis>
  <nanos>761300</nanos>
  <sequence>258</sequence>
  <level>END</level>
  <class>com.kms.katalon.core.logging.XmlKeywordLogger</class>
  <method>endKeyword</method>
  <thread>1</thread>
  <message>End action : cmd = [mysqlExe, &amp;quot;--user=&amp;quot; + dbUser, &amp;quot;--password=&amp;quot; + dbPass, dbName]</message>
  <nestedLevel>1</nestedLevel>
  <escapedJava>false</escapedJava>
</record>
<record>
  <date>2026-06-08T19:53:04.461762Z</date>
  <millis>1780948384461</millis>
  <nanos>762000</nanos>
  <sequence>259</sequence>
  <level>START</level>
  <class>com.kms.katalon.core.logging.XmlKeywordLogger</class>
  <method>startKeyword</method>
  <thread>1</thread>
  <message>Start action : log = new java.io.File(java.lang.System.getProperty(java.io.tmpdir), seedreset.log)</message>
  <nestedLevel>1</nestedLevel>
  <escapedJava>false</escapedJava>
  <property name="startLine">46</property>
  <property name="stepIndex">6</property>
</record>
<record>
  <date>2026-06-08T19:53:04.461762Z</date>
  <millis>1780948384461</millis>
  <nanos>762000</nanos>
  <sequence>260</sequence>
  <level>END</level>
  <class>com.kms.katalon.core.logging.XmlKeywordLogger</class>
  <method>endKeyword</method>
  <thread>1</thread>
  <message>End action : log = new java.io.File(java.lang.System.getProperty(java.io.tmpdir), seedreset.log)</message>
  <nestedLevel>1</nestedLevel>
  <escapedJava>false</escapedJava>
</record>
<record>
  <date>2026-06-08T19:53:04.461762Z</date>
  <millis>1780948384461</millis>
  <nanos>762000</nanos>
  <sequence>261</sequence>
  <level>START</level>
  <class>com.kms.katalon.core.logging.XmlKeywordLogger</class>
  <method>startKeyword</method>
  <thread>1</thread>
  <message>Start action : pb = new java.lang.ProcessBuilder(cmd)</message>
  <nestedLevel>1</nestedLevel>
  <escapedJava>false</escapedJava>
  <property name="startLine">48</property>
  <property name="stepIndex">7</property>
</record>
<record>
  <date>2026-06-08T19:53:04.461762Z</date>
  <millis>1780948384461</millis>
  <nanos>762000</nanos>
  <sequence>262</sequence>
  <level>END</level>
  <class>com.kms.katalon.core.logging.XmlKeywordLogger</class>
  <method>endKeyword</method>
  <thread>1</thread>
  <message>End action : pb = new java.lang.ProcessBuilder(cmd)</message>
  <nestedLevel>1</nestedLevel>
  <escapedJava>false</escapedJava>
</record>
<record>
  <date>2026-06-08T19:53:04.461762Z</date>
  <millis>1780948384461</millis>
  <nanos>762000</nanos>
  <sequence>263</sequence>
  <level>START</level>
  <class>com.kms.katalon.core.logging.XmlKeywordLogger</class>
  <method>startKeyword</method>
  <thread>1</thread>
  <message>Start action : pb.redirectInput(script)</message>
  <nestedLevel>1</nestedLevel>
  <escapedJava>false</escapedJava>
  <property name="startLine">49</property>
  <property name="stepIndex">8</property>
</record>
<record>
  <date>2026-06-08T19:53:04.462772200Z</date>
  <millis>1780948384462</millis>
  <nanos>772200</nanos>
  <sequence>264</sequence>
  <level>END</level>
  <class>com.kms.katalon.core.logging.XmlKeywordLogger</class>
  <method>endKeyword</method>
  <thread>1</thread>
  <message>End action : pb.redirectInput(script)</message>
  <nestedLevel>1</nestedLevel>
  <escapedJava>false</escapedJava>
</record>
<record>
  <date>2026-06-08T19:53:04.462772200Z</date>
  <millis>1780948384462</millis>
  <nanos>772200</nanos>
  <sequence>265</sequence>
  <level>START</level>
  <class>com.kms.katalon.core.logging.XmlKeywordLogger</class>
  <method>startKeyword</method>
  <thread>1</thread>
  <message>Start action : pb.redirectErrorStream(true)</message>
  <nestedLevel>1</nestedLevel>
  <escapedJava>false</escapedJava>
  <property name="startLine">50</property>
  <property name="stepIndex">9</property>
</record>
<record>
  <date>2026-06-08T19:53:04.462772200Z</date>
  <millis>1780948384462</millis>
  <nanos>772200</nanos>
  <sequence>266</sequence>
  <level>END</level>
  <class>com.kms.katalon.core.logging.XmlKeywordLogger</class>
  <method>endKeyword</method>
  <thread>1</thread>
  <message>End action : pb.redirectErrorStream(true)</message>
  <nestedLevel>1</nestedLevel>
  <escapedJava>false</escapedJava>
</record>
<record>
  <date>2026-06-08T19:53:04.462772200Z</date>
  <millis>1780948384462</millis>
  <nanos>772200</nanos>
  <sequence>267</sequence>
  <level>START</level>
  <class>com.kms.katalon.core.logging.XmlKeywordLogger</class>
  <method>startKeyword</method>
  <thread>1</thread>
  <message>Start action : pb.redirectOutput(log)</message>
  <nestedLevel>1</nestedLevel>
  <escapedJava>false</escapedJava>
  <property name="startLine">51</property>
  <property name="stepIndex">10</property>
</record>
<record>
  <date>2026-06-08T19:53:04.462772200Z</date>
  <millis>1780948384462</millis>
  <nanos>772200</nanos>
  <sequence>268</sequence>
  <level>END</level>
  <class>com.kms.katalon.core.logging.XmlKeywordLogger</class>
  <method>endKeyword</method>
  <thread>1</thread>
  <message>End action : pb.redirectOutput(log)</message>
  <nestedLevel>1</nestedLevel>
  <escapedJava>false</escapedJava>
</record>
<record>
  <date>2026-06-08T19:53:04.463761500Z</date>
  <millis>1780948384463</millis>
  <nanos>761500</nanos>
  <sequence>269</sequence>
  <level>START</level>
  <class>com.kms.katalon.core.logging.XmlKeywordLogger</class>
  <method>startKeyword</method>
  <thread>1</thread>
  <message>Start action : p = pb.start()</message>
  <nestedLevel>1</nestedLevel>
  <escapedJava>false</escapedJava>
  <property name="startLine">53</property>
  <property name="stepIndex">11</property>
</record>
<record>
  <date>2026-06-08T19:53:04.467295800Z</date>
  <millis>1780948384467</millis>
  <nanos>295800</nanos>
  <sequence>270</sequence>
  <level>END</level>
  <class>com.kms.katalon.core.logging.XmlKeywordLogger</class>
  <method>endKeyword</method>
  <thread>1</thread>
  <message>End action : p = pb.start()</message>
  <nestedLevel>1</nestedLevel>
  <escapedJava>false</escapedJava>
</record>
<record>
  <date>2026-06-08T19:53:04.467295800Z</date>
  <millis>1780948384467</millis>
  <nanos>295800</nanos>
  <sequence>271</sequence>
  <level>START</level>
  <class>com.kms.katalon.core.logging.XmlKeywordLogger</class>
  <method>startKeyword</method>
  <thread>1</thread>
  <message>Start action : finished = p.waitFor(20, SECONDS)</message>
  <nestedLevel>1</nestedLevel>
  <escapedJava>false</escapedJava>
  <property name="startLine">55</property>
  <property name="stepIndex">12</property>
</record>
<record>
  <date>2026-06-08T19:53:04.565360100Z</date>
  <millis>1780948384565</millis>
  <nanos>360100</nanos>
  <sequence>272</sequence>
  <level>END</level>
  <class>com.kms.katalon.core.logging.XmlKeywordLogger</class>
  <method>endKeyword</method>
  <thread>1</thread>
  <message>End action : finished = p.waitFor(20, SECONDS)</message>
  <nestedLevel>1</nestedLevel>
  <escapedJava>false</escapedJava>
</record>
<record>
  <date>2026-06-08T19:53:04.566372500Z</date>
  <millis>1780948384566</millis>
  <nanos>372500</nanos>
  <sequence>273</sequence>
  <level>START</level>
  <class>com.kms.katalon.core.logging.XmlKeywordLogger</class>
  <method>startKeyword</method>
  <thread>1</thread>
  <message>Start action : if (!(finished))</message>
  <nestedLevel>1</nestedLevel>
  <escapedJava>false</escapedJava>
  <property name="startLine">56</property>
  <property name="stepIndex">13</property>
</record>
<record>
  <date>2026-06-08T19:53:04.566372500Z</date>
  <millis>1780948384566</millis>
  <nanos>372500</nanos>
  <sequence>274</sequence>
  <level>END</level>
  <class>com.kms.katalon.core.logging.XmlKeywordLogger</class>
  <method>endKeyword</method>
  <thread>1</thread>
  <message>End action : if (!(finished))</message>
  <nestedLevel>1</nestedLevel>
  <escapedJava>false</escapedJava>
</record>
<record>
  <date>2026-06-08T19:53:04.566372500Z</date>
  <millis>1780948384566</millis>
  <nanos>372500</nanos>
  <sequence>275</sequence>
  <level>START</level>
  <class>com.kms.katalon.core.logging.XmlKeywordLogger</class>
  <method>startKeyword</method>
  <thread>1</thread>
  <message>Start action : code = p.exitValue()</message>
  <nestedLevel>1</nestedLevel>
  <escapedJava>false</escapedJava>
  <property name="startLine">62</property>
  <property name="stepIndex">14</property>
</record>
<record>
  <date>2026-06-08T19:53:04.566372500Z</date>
  <millis>1780948384566</millis>
  <nanos>372500</nanos>
  <sequence>276</sequence>
  <level>END</level>
  <class>com.kms.katalon.core.logging.XmlKeywordLogger</class>
  <method>endKeyword</method>
  <thread>1</thread>
  <message>End action : code = p.exitValue()</message>
  <nestedLevel>1</nestedLevel>
  <escapedJava>false</escapedJava>
</record>
<record>
  <date>2026-06-08T19:53:04.566372500Z</date>
  <millis>1780948384566</millis>
  <nanos>372500</nanos>
  <sequence>277</sequence>
  <level>START</level>
  <class>com.kms.katalon.core.logging.XmlKeywordLogger</class>
  <method>startKeyword</method>
  <thread>1</thread>
  <message>Start action : if (code != 0)</message>
  <nestedLevel>1</nestedLevel>
  <escapedJava>false</escapedJava>
  <property name="startLine">63</property>
  <property name="stepIndex">15</property>
</record>
<record>
  <date>2026-06-08T19:53:04.567378500Z</date>
  <millis>1780948384567</millis>
  <nanos>378500</nanos>
  <sequence>278</sequence>
  <level>END</level>
  <class>com.kms.katalon.core.logging.XmlKeywordLogger</class>
  <method>endKeyword</method>
  <thread>1</thread>
  <message>End action : if (code != 0)</message>
  <nestedLevel>1</nestedLevel>
  <escapedJava>false</escapedJava>
</record>
<record>
  <date>2026-06-08T19:53:04.567378500Z</date>
  <millis>1780948384567</millis>
  <nanos>378500</nanos>
  <sequence>279</sequence>
  <level>START</level>
  <class>com.kms.katalon.core.logging.XmlKeywordLogger</class>
  <method>startKeyword</method>
  <thread>1</thread>
  <message>Start action : else</message>
  <nestedLevel>1</nestedLevel>
  <escapedJava>false</escapedJava>
  <property name="startLine">67</property>
  <property name="stepIndex">16</property>
</record>
<record>
  <date>2026-06-08T19:53:04.567378500Z</date>
  <millis>1780948384567</millis>
  <nanos>378500</nanos>
  <sequence>280</sequence>
  <level>START</level>
  <class>com.kms.katalon.core.logging.XmlKeywordLogger</class>
  <method>startKeyword</method>
  <thread>1</thread>
  <message>Start action : logInfo(&amp;quot;Seed ripristinato prima di: &amp;quot; + context.getTestCaseId())</message>
  <nestedLevel>2</nestedLevel>
  <escapedJava>false</escapedJava>
  <property name="startLine">68</property>
  <property name="stepIndex">1</property>
</record>
<record>
  <date>2026-06-08T19:53:04.567378500Z</date>
  <millis>1780948384567</millis>
  <nanos>378500</nanos>
  <sequence>281</sequence>
  <level>INFO</level>
  <class>com.kms.katalon.core.logging.XmlKeywordLogger</class>
  <method>logMessage</method>
  <thread>1</thread>
  <message>Seed ripristinato prima di: Test Cases/Generale/TC_8.1_4</message>
  <nestedLevel>1</nestedLevel>
  <escapedJava>false</escapedJava>
</record>
<record>
  <date>2026-06-08T19:53:04.567378500Z</date>
  <millis>1780948384567</millis>
  <nanos>378500</nanos>
  <sequence>283</sequence>
  <level>END</level>
  <class>com.kms.katalon.core.logging.XmlKeywordLogger</class>
  <method>endKeyword</method>
  <thread>1</thread>
  <message>End action : logInfo(&amp;quot;Seed ripristinato prima di: &amp;quot; + context.getTestCaseId())</message>
  <nestedLevel>2</nestedLevel>
  <escapedJava>false</escapedJava>
</record>
<record>
  <date>2026-06-08T19:53:04.568367800Z</date>
  <millis>1780948384568</millis>
  <nanos>367800</nanos>
  <sequence>284</sequence>
  <level>END</level>
  <class>com.kms.katalon.core.logging.XmlKeywordLogger</class>
  <method>endKeyword</method>
  <thread>1</thread>
  <message>End action : else</message>
  <nestedLevel>1</nestedLevel>
  <escapedJava>false</escapedJava>
</record>
<record>
  <date>2026-06-08T19:53:04.568367800Z</date>
  <millis>1780948384568</millis>
  <nanos>367800</nanos>
  <sequence>285</sequence>
  <level>END</level>
  <class>com.kms.katalon.core.logging.XmlKeywordLogger</class>
  <method>endKeyword</method>
  <thread>1</thread>
  <message>End listener action : resetSeedBeforeTestCase</message>
  <nestedLevel>1</nestedLevel>
  <escapedJava>false</escapedJava>
</record>
<record>
  <date>2026-06-08T19:53:04.603796300Z</date>
  <millis>1780948384603</millis>
  <nanos>796300</nanos>
  <sequence>286</sequence>
  <level>START</level>
  <class>com.kms.katalon.core.logging.XmlKeywordLogger</class>
  <method>startKeyword</method>
  <thread>1</thread>
  <message>Start action : openBrowser(&amp;quot;&amp;quot;)</message>
  <nestedLevel>1</nestedLevel>
  <escapedJava>false</escapedJava>
  <property name="startLine">6</property>
  <property name="stepIndex">1</property>
</record>
<record>
  <date>2026-06-08T19:53:04.605849800Z</date>
  <millis>1780948384605</millis>
  <nanos>849800</nanos>
  <sequence>289</sequence>
  <level>INFO</level>
  <class>com.kms.katalon.core.logging.XmlKeywordLogger</class>
  <method>logMessage</method>
  <thread>1</thread>
  <message>Starting &amp;apos;Chrome&amp;apos; driver</message>
  <nestedLevel>1</nestedLevel>
  <escapedJava>false</escapedJava>
</record>
<record>
  <date>2026-06-08T19:53:04.607857800Z</date>
  <millis>1780948384607</millis>
  <nanos>857800</nanos>
  <sequence>290</sequence>
  <level>INFO</level>
  <class>com.kms.katalon.core.logging.XmlKeywordLogger</class>
  <method>logMessage</method>
  <thread>1</thread>
  <message>Action delay is set to 0 milliseconds</message>
  <nestedLevel>1</nestedLevel>
  <escapedJava>false</escapedJava>
</record>
<record>
  <date>2026-06-08T19:53:05.896443600Z</date>
  <millis>1780948385896</millis>
  <nanos>443600</nanos>
  <sequence>292</sequence>
  <level>RUN_DATA</level>
  <class>com.kms.katalon.core.logging.XmlKeywordLogger</class>
  <method>logMessage</method>
  <thread>1</thread>
  <message>sessionId = 42a94750f4be685bc7dcfd23db15692a</message>
  <nestedLevel>1</nestedLevel>
  <escapedJava>false</escapedJava>
  <property name="sessionId">42a94750f4be685bc7dcfd23db15692a</property>
</record>
<record>
  <date>2026-06-08T19:53:05.897442800Z</date>
  <millis>1780948385897</millis>
  <nanos>442800</nanos>
  <sequence>293</sequence>
  <level>RUN_DATA</level>
  <class>com.kms.katalon.core.logging.XmlKeywordLogger</class>
  <method>logMessage</method>
  <thread>1</thread>
  <message>browser = Chrome 148.0.7778.179</message>
  <nestedLevel>1</nestedLevel>
  <escapedJava>false</escapedJava>
  <property name="browser">Chrome 148.0.7778.179</property>
</record>
<record>
  <date>2026-06-08T19:53:05.897442800Z</date>
  <millis>1780948385897</millis>
  <nanos>442800</nanos>
  <sequence>294</sequence>
  <level>RUN_DATA</level>
  <class>com.kms.katalon.core.logging.XmlKeywordLogger</class>
  <method>logMessage</method>
  <thread>1</thread>
  <message>platform = Windows 11</message>
  <nestedLevel>1</nestedLevel>
  <escapedJava>false</escapedJava>
  <property name="platform">Windows 11</property>
</record>
<record>
  <date>2026-06-08T19:53:05.898439500Z</date>
  <millis>1780948385898</millis>
  <nanos>439500</nanos>
  <sequence>295</sequence>
  <level>RUN_DATA</level>
  <class>com.kms.katalon.core.logging.XmlKeywordLogger</class>
  <method>logMessage</method>
  <thread>1</thread>
  <message>seleniumVersion = 4.39.0</message>
  <nestedLevel>1</nestedLevel>
  <escapedJava>false</escapedJava>
  <property name="seleniumVersion">4.39.0</property>
</record>
<record>
  <date>2026-06-08T19:53:05.898439500Z</date>
  <millis>1780948385898</millis>
  <nanos>439500</nanos>
  <sequence>296</sequence>
  <level>RUN_DATA</level>
  <class>com.kms.katalon.core.logging.XmlKeywordLogger</class>
  <method>logMessage</method>
  <thread>1</thread>
  <message>proxyInformation = ProxyInformation { proxyOption=NO_PROXY, proxyServerType=HTTP, username=, password=********, proxyServerAddress=, proxyServerPort=0, executionList=&amp;quot;&amp;quot;, isApplyToDesiredCapabilities=true }</message>
  <nestedLevel>1</nestedLevel>
  <escapedJava>false</escapedJava>
  <property name="proxyInformation">ProxyInformation { proxyOption=NO_PROXY, proxyServerType=HTTP, username=, password=********, proxyServerAddress=, proxyServerPort=0, executionList=&quot;&quot;, isApplyToDesiredCapabilities=true }</property>
</record>
<record>
  <date>2026-06-08T19:53:05.917761100Z</date>
  <millis>1780948385917</millis>
  <nanos>761100</nanos>
  <sequence>297</sequence>
  <level>PASSED</level>
  <class>com.kms.katalon.core.logging.XmlKeywordLogger</class>
  <method>logMessage</method>
  <thread>1</thread>
  <message>Browser is opened with url: &amp;apos;&amp;apos;</message>
  <nestedLevel>1</nestedLevel>
  <escapedJava>false</escapedJava>
  <property name="testops-method-name">com.kms.katalon.core.webui.keyword.builtin.OpenBrowserKeyword.openBrowser</property>
  <property name="testops-execution-stacktrace"></property>
</record>
<record>
  <date>2026-06-08T19:53:05.918756900Z</date>
  <millis>1780948385918</millis>
  <nanos>756900</nanos>
  <sequence>298</sequence>
  <level>END</level>
  <class>com.kms.katalon.core.logging.XmlKeywordLogger</class>
  <method>endKeyword</method>
  <thread>1</thread>
  <message>End action : openBrowser(&amp;quot;&amp;quot;)</message>
  <nestedLevel>1</nestedLevel>
  <escapedJava>false</escapedJava>
</record>
<record>
  <date>2026-06-08T19:53:05.919762800Z</date>
  <millis>1780948385919</millis>
  <nanos>762800</nanos>
  <sequence>299</sequence>
  <level>START</level>
  <class>com.kms.katalon.core.logging.XmlKeywordLogger</class>
  <method>startKeyword</method>
  <thread>1</thread>
  <message>Start action : navigateToUrl(base + &amp;quot;TerminiCondizioni.jsp&amp;quot;)</message>
  <nestedLevel>1</nestedLevel>
  <escapedJava>false</escapedJava>
  <property name="startLine">7</property>
  <property name="stepIndex">2</property>
</record>
<record>
  <date>2026-06-08T19:53:06.402762800Z</date>
  <millis>1780948386402</millis>
  <nanos>762800</nanos>
  <sequence>303</sequence>
  <level>PASSED</level>
  <class>com.kms.katalon.core.logging.XmlKeywordLogger</class>
  <method>logMessage</method>
  <thread>1</thread>
  <message>Navigate to &amp;apos;http://localhost:8080/Vaporant_IGES_war_exploded/TerminiCondizioni.jsp&amp;apos; successfully</message>
  <nestedLevel>1</nestedLevel>
  <escapedJava>false</escapedJava>
  <property name="testops-method-name">com.kms.katalon.core.webui.keyword.builtin.NavigateToUrlKeyword.navigateToUrl</property>
  <property name="testops-execution-stacktrace"></property>
</record>
<record>
  <date>2026-06-08T19:53:06.404268800Z</date>
  <millis>1780948386404</millis>
  <nanos>268800</nanos>
  <sequence>304</sequence>
  <level>END</level>
  <class>com.kms.katalon.core.logging.XmlKeywordLogger</class>
  <method>endKeyword</method>
  <thread>1</thread>
  <message>End action : navigateToUrl(base + &amp;quot;TerminiCondizioni.jsp&amp;quot;)</message>
  <nestedLevel>1</nestedLevel>
  <escapedJava>false</escapedJava>
</record>
<record>
  <date>2026-06-08T19:53:06.405275800Z</date>
  <millis>1780948386405</millis>
  <nanos>275800</nanos>
  <sequence>305</sequence>
  <level>START</level>
  <class>com.kms.katalon.core.logging.XmlKeywordLogger</class>
  <method>startKeyword</method>
  <thread>1</thread>
  <message>Start action : takeScreenshot()</message>
  <nestedLevel>1</nestedLevel>
  <escapedJava>false</escapedJava>
  <property name="startLine">8</property>
  <property name="stepIndex">3</property>
</record>
<record>
  <date>2026-06-08T19:53:06.847672Z</date>
  <millis>1780948386847</millis>
  <nanos>672000</nanos>
  <sequence>308</sequence>
  <level>PASSED</level>
  <class>com.kms.katalon.core.logging.XmlKeywordLogger</class>
  <method>logMessage</method>
  <thread>1</thread>
  <message>Taking screenshot successfully</message>
  <nestedLevel>1</nestedLevel>
  <escapedJava>false</escapedJava>
  <property name="attachment">1780948386408.png</property>
  <property name="testops-method-name">com.kms.katalon.core.webui.keyword.builtin.TakeScreenshotKeyword.takeScreenshot</property>
  <property name="testops-execution-stacktrace"></property>
</record>
<record>
  <date>2026-06-08T19:53:06.849718Z</date>
  <millis>1780948386849</millis>
  <nanos>718000</nanos>
  <sequence>309</sequence>
  <level>END</level>
  <class>com.kms.katalon.core.logging.XmlKeywordLogger</class>
  <method>endKeyword</method>
  <thread>1</thread>
  <message>End action : takeScreenshot()</message>
  <nestedLevel>1</nestedLevel>
  <escapedJava>false</escapedJava>
</record>
<record>
  <date>2026-06-08T19:53:06.850350600Z</date>
  <millis>1780948386850</millis>
  <nanos>350600</nanos>
  <sequence>310</sequence>
  <level>START</level>
  <class>com.kms.katalon.core.logging.XmlKeywordLogger</class>
  <method>startKeyword</method>
  <thread>1</thread>
  <message>Start action : verifyTextPresent(&amp;quot;Termini e Condizioni&amp;quot;, false)</message>
  <nestedLevel>1</nestedLevel>
  <escapedJava>false</escapedJava>
  <property name="startLine">9</property>
  <property name="stepIndex">4</property>
</record>
<record>
  <date>2026-06-08T19:53:07.120430800Z</date>
  <millis>1780948387120</millis>
  <nanos>430800</nanos>
  <sequence>314</sequence>
  <level>PASSED</level>
  <class>com.kms.katalon.core.logging.XmlKeywordLogger</class>
  <method>logMessage</method>
  <thread>1</thread>
  <message>Text &amp;apos;Termini e Condizioni&amp;apos; is present on page </message>
  <nestedLevel>1</nestedLevel>
  <escapedJava>false</escapedJava>
  <property name="testops-is-assertion">true</property>
  <property name="testops-method-name">com.kms.katalon.core.webui.keyword.builtin.VerifyTextPresentKeyword.verifyTextPresent</property>
  <property name="testops-execution-stacktrace"></property>
</record>
<record>
  <date>2026-06-08T19:53:07.121397800Z</date>
  <millis>1780948387121</millis>
  <nanos>397800</nanos>
  <sequence>315</sequence>
  <level>END</level>
  <class>com.kms.katalon.core.logging.XmlKeywordLogger</class>
  <method>endKeyword</method>
  <thread>1</thread>
  <message>End action : verifyTextPresent(&amp;quot;Termini e Condizioni&amp;quot;, false)</message>
  <nestedLevel>1</nestedLevel>
  <escapedJava>false</escapedJava>
</record>
<record>
  <date>2026-06-08T19:53:07.122406400Z</date>
  <millis>1780948387122</millis>
  <nanos>406400</nanos>
  <sequence>316</sequence>
  <level>START</level>
  <class>com.kms.katalon.core.logging.XmlKeywordLogger</class>
  <method>startKeyword</method>
  <thread>1</thread>
  <message>Start action : closeBrowser()</message>
  <nestedLevel>1</nestedLevel>
  <escapedJava>false</escapedJava>
  <property name="startLine">10</property>
  <property name="stepIndex">5</property>
</record>
<record>
  <date>2026-06-08T19:53:07.440783500Z</date>
  <millis>1780948387440</millis>
  <nanos>783500</nanos>
  <sequence>319</sequence>
  <level>PASSED</level>
  <class>com.kms.katalon.core.logging.XmlKeywordLogger</class>
  <method>logMessage</method>
  <thread>1</thread>
  <message>Browser is closed</message>
  <nestedLevel>1</nestedLevel>
  <escapedJava>false</escapedJava>
  <property name="testops-method-name">com.kms.katalon.core.webui.keyword.builtin.CloseBrowserKeyword.closeBrowser</property>
  <property name="testops-execution-stacktrace"></property>
</record>
<record>
  <date>2026-06-08T19:53:07.440783500Z</date>
  <millis>1780948387440</millis>
  <nanos>783500</nanos>
  <sequence>320</sequence>
  <level>END</level>
  <class>com.kms.katalon.core.logging.XmlKeywordLogger</class>
  <method>endKeyword</method>
  <thread>1</thread>
  <message>End action : closeBrowser()</message>
  <nestedLevel>1</nestedLevel>
  <escapedJava>false</escapedJava>
</record>
<record>
  <date>2026-06-08T19:53:07.440783500Z</date>
  <millis>1780948387440</millis>
  <nanos>783500</nanos>
  <sequence>321</sequence>
  <level>PASSED</level>
  <class>com.kms.katalon.core.logging.XmlKeywordLogger</class>
  <method>logMessage</method>
  <thread>1</thread>
  <message>Test Cases/Generale/TC_8.1_4</message>
  <nestedLevel>1</nestedLevel>
  <escapedJava>false</escapedJava>
</record>
<record>
  <date>2026-06-08T19:53:07.441781Z</date>
  <millis>1780948387441</millis>
  <nanos>781000</nanos>
  <sequence>322</sequence>
  <level>END</level>
  <class>com.kms.katalon.core.logging.XmlKeywordLogger</class>
  <method>endTest</method>
  <thread>1</thread>
  <message>End Test Case : Test Cases/Generale/TC_8.1_4</message>
  <nestedLevel>0</nestedLevel>
  <escapedJava>false</escapedJava>
  <property name="executionBindingVariables">[]</property>
  <property name="applitools">false</property>
  <property name="remainingRetryCount">3</property>
  <property name="executedKeywords">{
  &quot;WebUI.closeBrowser&quot;: 1,
  &quot;WebUI.takeScreenshot&quot;: 1,
  &quot;WebUI.verifyTextPresent&quot;: 1,
  &quot;WebUI.navigateToUrl&quot;: 1,
  &quot;WebUI.openBrowser&quot;: 1
}</property>
  <property name="currentRetryCount">0</property>
  <property name="keywordsUsage">{
  &quot;web_ui&quot;: true,
  &quot;web_service&quot;: false,
  &quot;cucumber&quot;: false,
  &quot;builtin&quot;: false,
  &quot;mobile&quot;: false,
  &quot;windows&quot;: false,
  &quot;testng&quot;: false
}</property>
</record>
<record>
  <date>2026-06-08T19:53:07.470907Z</date>
  <millis>1780948387470</millis>
  <nanos>907000</nanos>
  <sequence>323</sequence>
  <level>END</level>
  <class>com.kms.katalon.core.logging.XmlKeywordLogger</class>
  <method>endSuite</method>
  <thread>1</thread>
  <message>End Test Suite : Test Suites/Generale</message>
  <nestedLevel>0</nestedLevel>
  <escapedJava>false</escapedJava>
</record>
</log>
