2026-06-07 18:36:20.411 INFO  c.k.k.c.l.logback.LogbackConfigurator    - Logback default configuration initialized from: C:\Users\gianf\.katalon\packages\KS-11.2.0\configuration\org.eclipse.osgi\151\0\.cp\resources\logback\logback-execution.xml
2026-06-07 18:36:20.415 INFO  c.k.k.c.l.logback.LogbackConfigurator    - Logback custom configuration initialized from: C:\Users\gianf\Documents\Vaporant-IGES\StorageSession\testing\katalon\Vaporant-Baseline\Include\config\log.properties
2026-06-07 18:36:21.102 INFO  c.k.katalon.core.main.TestSuiteExecutor  - START Test Suites/Profilo
2026-06-07 18:36:21.155 INFO  c.k.katalon.core.main.TestSuiteExecutor  - userFullName = Gianfranco Barba
2026-06-07 18:36:21.157 INFO  c.k.katalon.core.main.TestSuiteExecutor  - projectName = Vaporant-Baseline
2026-06-07 18:36:21.157 INFO  c.k.katalon.core.main.TestSuiteExecutor  - hostName = gianf - Gianfranco
2026-06-07 18:36:21.157 INFO  c.k.katalon.core.main.TestSuiteExecutor  - os = Windows 11 64bit
2026-06-07 18:36:21.158 INFO  c.k.katalon.core.main.TestSuiteExecutor  - hostAddress = 26.38.161.220
2026-06-07 18:36:21.158 INFO  c.k.katalon.core.main.TestSuiteExecutor  - katalonVersion = 11.2.0.0
2026-06-07 18:36:21.237 INFO  c.k.katalon.core.main.TestCaseExecutor   - --------------------
2026-06-07 18:36:21.237 INFO  c.k.katalon.core.main.TestCaseExecutor   - START Test Cases/Profilo/TC_3.1_1
2026-06-07 18:36:21.519 INFO  com.kms.katalon.core.util.KeywordUtil    - Seed ripristinato prima di: Test Cases/Profilo/TC_3.1_1
2026-06-07 18:36:21.567 DEBUG testcase.TC_3.1_1                        - 1: openBrowser("")
2026-06-07 18:36:21.748 INFO  c.k.k.core.webui.driver.DriverFactory    - Starting 'Chrome' driver
2026-06-07 18:36:21.778 INFO  c.k.k.core.webui.driver.DriverFactory    - Action delay is set to 0 milliseconds
2026-06-07 18:36:23.365 INFO  c.k.k.core.webui.driver.DriverFactory    - sessionId = aa552b05ddb0057d1d14e9c5b5cca898
2026-06-07 18:36:23.365 INFO  c.k.k.core.webui.driver.DriverFactory    - browser = Chrome 148.0.7778.179
2026-06-07 18:36:23.366 INFO  c.k.k.core.webui.driver.DriverFactory    - platform = Windows 11
2026-06-07 18:36:23.366 INFO  c.k.k.core.webui.driver.DriverFactory    - seleniumVersion = 4.39.0
2026-06-07 18:36:23.372 INFO  c.k.k.core.webui.driver.DriverFactory    - proxyInformation = ProxyInformation { proxyOption=NO_PROXY, proxyServerType=HTTP, username=, password=********, proxyServerAddress=, proxyServerPort=0, executionList="", isApplyToDesiredCapabilities=true }
2026-06-07 18:36:23.411 DEBUG testcase.TC_3.1_1                        - 2: navigateToUrl(base + "loginForm.jsp")
2026-06-07 18:36:24.053 DEBUG testcase.TC_3.1_1                        - 3: setText(css("#email"), "t.mansi@studenti.unisa.it")
2026-06-07 18:36:24.055 DEBUG testcase.TC_3.1_1                        - 1: t = new com.kms.katalon.core.testobject.TestObject(sel)
2026-06-07 18:36:24.061 DEBUG testcase.TC_3.1_1                        - 2: t.addProperty("css", EQUALS, sel)
2026-06-07 18:36:24.065 DEBUG testcase.TC_3.1_1                        - 3: return t
2026-06-07 18:36:24.712 DEBUG testcase.TC_3.1_1                        - 4: setText(css("#password"), "321CBA.")
2026-06-07 18:36:24.714 DEBUG testcase.TC_3.1_1                        - 1: t = new com.kms.katalon.core.testobject.TestObject(sel)
2026-06-07 18:36:24.715 DEBUG testcase.TC_3.1_1                        - 2: t.addProperty("css", EQUALS, sel)
2026-06-07 18:36:24.715 DEBUG testcase.TC_3.1_1                        - 3: return t
2026-06-07 18:36:25.322 DEBUG testcase.TC_3.1_1                        - 5: click(css("#submit"))
2026-06-07 18:36:25.323 DEBUG testcase.TC_3.1_1                        - 1: t = new com.kms.katalon.core.testobject.TestObject(sel)
2026-06-07 18:36:25.323 DEBUG testcase.TC_3.1_1                        - 2: t.addProperty("css", EQUALS, sel)
2026-06-07 18:36:25.323 DEBUG testcase.TC_3.1_1                        - 3: return t
2026-06-07 18:36:25.626 DEBUG testcase.TC_3.1_1                        - 6: delay(2)
2026-06-07 18:36:27.644 DEBUG testcase.TC_3.1_1                        - 7: navigateToUrl(base + "Utente.jsp")
2026-06-07 18:36:28.167 DEBUG testcase.TC_3.1_1                        - 8: delay(1)
2026-06-07 18:36:29.173 DEBUG testcase.TC_3.1_1                        - 9: takeScreenshot()
2026-06-07 18:36:29.540 DEBUG testcase.TC_3.1_1                        - 10: verifyTextPresent("t.mansi@studenti.unisa.it", false)
2026-06-07 18:36:29.833 DEBUG testcase.TC_3.1_1                        - 11: closeBrowser()
2026-06-07 18:36:29.991 INFO  c.k.katalon.core.main.TestCaseExecutor   - END Test Cases/Profilo/TC_3.1_1
2026-06-07 18:36:29.994 INFO  c.k.katalon.core.main.TestCaseExecutor   - --------------------
2026-06-07 18:36:29.994 INFO  c.k.katalon.core.main.TestCaseExecutor   - START Test Cases/Profilo/TC_3.1_2
2026-06-07 18:36:30.070 INFO  com.kms.katalon.core.util.KeywordUtil    - Seed ripristinato prima di: Test Cases/Profilo/TC_3.1_2
2026-06-07 18:36:30.096 DEBUG testcase.TC_3.1_2                        - 1: openBrowser("")
2026-06-07 18:36:30.097 INFO  c.k.k.core.webui.driver.DriverFactory    - Starting 'Chrome' driver
2026-06-07 18:36:30.099 INFO  c.k.k.core.webui.driver.DriverFactory    - Action delay is set to 0 milliseconds
2026-06-07 18:36:30.788 INFO  c.k.k.core.webui.driver.DriverFactory    - sessionId = a0102a61e78bb8c3b254a58f23a08232
2026-06-07 18:36:30.789 INFO  c.k.k.core.webui.driver.DriverFactory    - browser = Chrome 148.0.7778.179
2026-06-07 18:36:30.789 INFO  c.k.k.core.webui.driver.DriverFactory    - platform = Windows 11
2026-06-07 18:36:30.790 INFO  c.k.k.core.webui.driver.DriverFactory    - seleniumVersion = 4.39.0
2026-06-07 18:36:30.790 INFO  c.k.k.core.webui.driver.DriverFactory    - proxyInformation = ProxyInformation { proxyOption=NO_PROXY, proxyServerType=HTTP, username=, password=********, proxyServerAddress=, proxyServerPort=0, executionList="", isApplyToDesiredCapabilities=true }
2026-06-07 18:36:30.799 DEBUG testcase.TC_3.1_2                        - 2: navigateToUrl(base + "Utente.jsp")
2026-06-07 18:36:30.849 DEBUG testcase.TC_3.1_2                        - 3: delay(1)
2026-06-07 18:36:31.863 DEBUG testcase.TC_3.1_2                        - 4: takeScreenshot()
2026-06-07 18:36:32.151 DEBUG testcase.TC_3.1_2                        - 5: verifyTextPresent("Non hai un account", false, CONTINUE_ON_FAILURE)
2026-06-07 18:36:32.439 ERROR c.k.k.core.keyword.internal.KeywordMain  - ❌ Text 'Non hai un account' is not present on page  (Root cause: com.kms.katalon.core.exception.StepFailedException: Text 'Non hai un account' is not present on page 
	at com.kms.katalon.core.webui.keyword.internal.WebUIKeywordMain.stepFailed(WebUIKeywordMain.groovy:177)
	at com.kms.katalon.core.webui.keyword.builtin.VerifyTextPresentKeyword$_verifyTextPresent_closure1.doCall(VerifyTextPresentKeyword.groovy:79)
	at com.kms.katalon.core.webui.keyword.builtin.VerifyTextPresentKeyword$_verifyTextPresent_closure1.call(VerifyTextPresentKeyword.groovy)
	at com.kms.katalon.core.webui.keyword.internal.WebUIKeywordMain.runKeyword(WebUIKeywordMain.groovy:41)
	at com.kms.katalon.core.webui.keyword.builtin.VerifyTextPresentKeyword.verifyTextPresent(VerifyTextPresentKeyword.groovy:83)
	at com.kms.katalon.core.webui.keyword.builtin.VerifyTextPresentKeyword.execute(VerifyTextPresentKeyword.groovy:68)
	at com.kms.katalon.core.keyword.internal.KeywordExecutor.executeKeywordForPlatform(KeywordExecutor.groovy:103)
	at com.kms.katalon.core.webui.keyword.WebUiBuiltInKeywords.verifyTextPresent(WebUiBuiltInKeywords.groovy:1809)
	at Script178060030102.run(Script178060030102.groovy:13)
	at com.kms.katalon.core.main.ScriptEngine.run(ScriptEngine.java:203)
	at com.kms.katalon.core.main.ScriptEngine.runScriptAsRawText(ScriptEngine.java:115)
	at com.kms.katalon.core.main.TestCaseExecutor.runScript(TestCaseExecutor.java:506)
	at com.kms.katalon.core.main.TestCaseExecutor.doExecute(TestCaseExecutor.java:497)
	at com.kms.katalon.core.main.TestCaseExecutor.processExecutionPhase(TestCaseExecutor.java:476)
	at com.kms.katalon.core.main.TestCaseExecutor.accessMainPhase(TestCaseExecutor.java:468)
	at com.kms.katalon.core.main.TestCaseExecutor.execute(TestCaseExecutor.java:334)
	at com.kms.katalon.core.common.CommonExecutor.accessTestCaseMainPhase(CommonExecutor.java:71)
	at com.kms.katalon.core.main.TestSuiteExecutor.accessTestSuiteMainPhase(TestSuiteExecutor.java:153)
	at com.kms.katalon.core.main.TestSuiteExecutor.execute(TestSuiteExecutor.java:110)
	at com.kms.katalon.core.main.TestCaseMain.startTestSuite(TestCaseMain.java:206)
	at S0607_0.run(S0607_0.groovy:40)
	at java.base/jdk.internal.reflect.DirectMethodHandleAccessor.invoke(DirectMethodHandleAccessor.java:103)
)
2026-06-07 18:36:32.440 DEBUG testcase.TC_3.1_2                        - 6: closeBrowser()
2026-06-07 18:36:32.544 ERROR c.k.katalon.core.main.TestCaseExecutor   - ❌ Test Cases/Profilo/TC_3.1_2 FAILED.
Reason:
com.kms.katalon.core.exception.StepFailedException: Text 'Non hai un account' is not present on page  (Root cause: com.kms.katalon.core.exception.StepFailedException: Text 'Non hai un account' is not present on page 
	at com.kms.katalon.core.webui.keyword.internal.WebUIKeywordMain.stepFailed(WebUIKeywordMain.groovy:177)
	at com.kms.katalon.core.webui.keyword.builtin.VerifyTextPresentKeyword$_verifyTextPresent_closure1.doCall(VerifyTextPresentKeyword.groovy:79)
	at com.kms.katalon.core.webui.keyword.builtin.VerifyTextPresentKeyword$_verifyTextPresent_closure1.call(VerifyTextPresentKeyword.groovy)
	at com.kms.katalon.core.webui.keyword.internal.WebUIKeywordMain.runKeyword(WebUIKeywordMain.groovy:41)
	at com.kms.katalon.core.webui.keyword.builtin.VerifyTextPresentKeyword.verifyTextPresent(VerifyTextPresentKeyword.groovy:83)
	at com.kms.katalon.core.webui.keyword.builtin.VerifyTextPresentKeyword.execute(VerifyTextPresentKeyword.groovy:68)
	at com.kms.katalon.core.keyword.internal.KeywordExecutor.executeKeywordForPlatform(KeywordExecutor.groovy:103)
	at com.kms.katalon.core.webui.keyword.WebUiBuiltInKeywords.verifyTextPresent(WebUiBuiltInKeywords.groovy:1809)
	at Script178060030102.run(Script178060030102.groovy:13)
	at com.kms.katalon.core.main.ScriptEngine.run(ScriptEngine.java:203)
	at com.kms.katalon.core.main.ScriptEngine.runScriptAsRawText(ScriptEngine.java:115)
	at com.kms.katalon.core.main.TestCaseExecutor.runScript(TestCaseExecutor.java:506)
	at com.kms.katalon.core.main.TestCaseExecutor.doExecute(TestCaseExecutor.java:497)
	at com.kms.katalon.core.main.TestCaseExecutor.processExecutionPhase(TestCaseExecutor.java:476)
	at com.kms.katalon.core.main.TestCaseExecutor.accessMainPhase(TestCaseExecutor.java:468)
	at com.kms.katalon.core.main.TestCaseExecutor.execute(TestCaseExecutor.java:334)
	at com.kms.katalon.core.common.CommonExecutor.accessTestCaseMainPhase(CommonExecutor.java:71)
	at com.kms.katalon.core.main.TestSuiteExecutor.accessTestSuiteMainPhase(TestSuiteExecutor.java:153)
	at com.kms.katalon.core.main.TestSuiteExecutor.execute(TestSuiteExecutor.java:110)
	at com.kms.katalon.core.main.TestCaseMain.startTestSuite(TestCaseMain.java:206)
	at S0607_0.run(S0607_0.groovy:40)
	at java.base/jdk.internal.reflect.DirectMethodHandleAccessor.invoke(DirectMethodHandleAccessor.java:103)
)
	at com.kms.katalon.core.keyword.internal.KeywordMain.stepFailed(KeywordMain.groovy:39)
	at com.kms.katalon.core.webui.keyword.internal.WebUIKeywordMain.stepFailed(WebUIKeywordMain.groovy:177)
	at com.kms.katalon.core.webui.keyword.builtin.VerifyTextPresentKeyword$_verifyTextPresent_closure1.doCall(VerifyTextPresentKeyword.groovy:79)
	at com.kms.katalon.core.webui.keyword.builtin.VerifyTextPresentKeyword$_verifyTextPresent_closure1.call(VerifyTextPresentKeyword.groovy)
	at com.kms.katalon.core.webui.keyword.internal.WebUIKeywordMain.runKeyword(WebUIKeywordMain.groovy:41)
	at com.kms.katalon.core.webui.keyword.builtin.VerifyTextPresentKeyword.verifyTextPresent(VerifyTextPresentKeyword.groovy:83)
	at com.kms.katalon.core.webui.keyword.builtin.VerifyTextPresentKeyword.execute(VerifyTextPresentKeyword.groovy:68)
	at com.kms.katalon.core.keyword.internal.KeywordExecutor.executeKeywordForPlatform(KeywordExecutor.groovy:103)
	at com.kms.katalon.core.webui.keyword.WebUiBuiltInKeywords.verifyTextPresent(WebUiBuiltInKeywords.groovy:1809)
	at Script178060030102.run(Script178060030102.groovy:13)
	at com.kms.katalon.core.main.ScriptEngine.run(ScriptEngine.java:203)
	at com.kms.katalon.core.main.ScriptEngine.runScriptAsRawText(ScriptEngine.java:115)
	at com.kms.katalon.core.main.TestCaseExecutor.runScript(TestCaseExecutor.java:506)
	at com.kms.katalon.core.main.TestCaseExecutor.doExecute(TestCaseExecutor.java:497)
	at com.kms.katalon.core.main.TestCaseExecutor.processExecutionPhase(TestCaseExecutor.java:476)
	at com.kms.katalon.core.main.TestCaseExecutor.accessMainPhase(TestCaseExecutor.java:468)
	at com.kms.katalon.core.main.TestCaseExecutor.execute(TestCaseExecutor.java:334)
	at com.kms.katalon.core.common.CommonExecutor.accessTestCaseMainPhase(CommonExecutor.java:71)
	at com.kms.katalon.core.main.TestSuiteExecutor.accessTestSuiteMainPhase(TestSuiteExecutor.java:153)
	at com.kms.katalon.core.main.TestSuiteExecutor.execute(TestSuiteExecutor.java:110)
	at com.kms.katalon.core.main.TestCaseMain.startTestSuite(TestCaseMain.java:206)
	at S0607_0.run(S0607_0.groovy:40)
	at java.base/jdk.internal.reflect.DirectMethodHandleAccessor.invoke(DirectMethodHandleAccessor.java:103)
Caused by: com.kms.katalon.core.exception.StepFailedException: Text 'Non hai un account' is not present on page 
	... 22 more

2026-06-07 18:36:32.545 INFO  c.k.katalon.core.main.TestCaseExecutor   - END Test Cases/Profilo/TC_3.1_2
2026-06-07 18:36:32.548 INFO  c.k.katalon.core.main.TestCaseExecutor   - --------------------
2026-06-07 18:36:32.548 INFO  c.k.katalon.core.main.TestCaseExecutor   - START Test Cases/Profilo/TC_3.2_1
2026-06-07 18:36:32.648 INFO  com.kms.katalon.core.util.KeywordUtil    - Seed ripristinato prima di: Test Cases/Profilo/TC_3.2_1
2026-06-07 18:36:32.689 DEBUG testcase.TC_3.2_1                        - 1: openBrowser("")
2026-06-07 18:36:32.691 INFO  c.k.k.core.webui.driver.DriverFactory    - Starting 'Chrome' driver
2026-06-07 18:36:32.692 INFO  c.k.k.core.webui.driver.DriverFactory    - Action delay is set to 0 milliseconds
2026-06-07 18:36:33.392 INFO  c.k.k.core.webui.driver.DriverFactory    - sessionId = cca8aa365465af87ddffa802f8bd5722
2026-06-07 18:36:33.393 INFO  c.k.k.core.webui.driver.DriverFactory    - browser = Chrome 148.0.7778.179
2026-06-07 18:36:33.393 INFO  c.k.k.core.webui.driver.DriverFactory    - platform = Windows 11
2026-06-07 18:36:33.393 INFO  c.k.k.core.webui.driver.DriverFactory    - seleniumVersion = 4.39.0
2026-06-07 18:36:33.393 INFO  c.k.k.core.webui.driver.DriverFactory    - proxyInformation = ProxyInformation { proxyOption=NO_PROXY, proxyServerType=HTTP, username=, password=********, proxyServerAddress=, proxyServerPort=0, executionList="", isApplyToDesiredCapabilities=true }
2026-06-07 18:36:33.401 DEBUG testcase.TC_3.2_1                        - 2: navigateToUrl(base + "loginForm.jsp")
2026-06-07 18:36:33.903 DEBUG testcase.TC_3.2_1                        - 3: setText(css("#email"), "t.mansi@studenti.unisa.it")
2026-06-07 18:36:33.904 DEBUG testcase.TC_3.2_1                        - 1: t = new com.kms.katalon.core.testobject.TestObject(sel)
2026-06-07 18:36:33.905 DEBUG testcase.TC_3.2_1                        - 2: t.addProperty("css", EQUALS, sel)
2026-06-07 18:36:33.907 DEBUG testcase.TC_3.2_1                        - 3: return t
2026-06-07 18:36:34.501 DEBUG testcase.TC_3.2_1                        - 4: setText(css("#password"), "321CBA.")
2026-06-07 18:36:34.501 DEBUG testcase.TC_3.2_1                        - 1: t = new com.kms.katalon.core.testobject.TestObject(sel)
2026-06-07 18:36:34.502 DEBUG testcase.TC_3.2_1                        - 2: t.addProperty("css", EQUALS, sel)
2026-06-07 18:36:34.502 DEBUG testcase.TC_3.2_1                        - 3: return t
2026-06-07 18:36:35.089 DEBUG testcase.TC_3.2_1                        - 5: click(css("#submit"))
2026-06-07 18:36:35.089 DEBUG testcase.TC_3.2_1                        - 1: t = new com.kms.katalon.core.testobject.TestObject(sel)
2026-06-07 18:36:35.090 DEBUG testcase.TC_3.2_1                        - 2: t.addProperty("css", EQUALS, sel)
2026-06-07 18:36:35.090 DEBUG testcase.TC_3.2_1                        - 3: return t
2026-06-07 18:36:35.367 DEBUG testcase.TC_3.2_1                        - 6: delay(2)
2026-06-07 18:36:37.379 DEBUG testcase.TC_3.2_1                        - 7: navigateToUrl(base + "Utente.jsp")
2026-06-07 18:36:37.450 DEBUG testcase.TC_3.2_1                        - 8: delay(1)
2026-06-07 18:36:38.454 DEBUG testcase.TC_3.2_1                        - 9: click(css("#editButton"))
2026-06-07 18:36:38.456 DEBUG testcase.TC_3.2_1                        - 1: t = new com.kms.katalon.core.testobject.TestObject(sel)
2026-06-07 18:36:38.456 DEBUG testcase.TC_3.2_1                        - 2: t.addProperty("css", EQUALS, sel)
2026-06-07 18:36:38.457 DEBUG testcase.TC_3.2_1                        - 3: return t
2026-06-07 18:36:38.791 DEBUG testcase.TC_3.2_1                        - 10: delay(1)
2026-06-07 18:36:39.795 DEBUG testcase.TC_3.2_1                        - 11: setText(css("#emailInput"), "nuova.mail@example.com")
2026-06-07 18:36:39.796 DEBUG testcase.TC_3.2_1                        - 1: t = new com.kms.katalon.core.testobject.TestObject(sel)
2026-06-07 18:36:39.797 DEBUG testcase.TC_3.2_1                        - 2: t.addProperty("css", EQUALS, sel)
2026-06-07 18:36:39.798 DEBUG testcase.TC_3.2_1                        - 3: return t
2026-06-07 18:36:40.473 DEBUG testcase.TC_3.2_1                        - 12: click(css("#submitButton"))
2026-06-07 18:36:40.474 DEBUG testcase.TC_3.2_1                        - 1: t = new com.kms.katalon.core.testobject.TestObject(sel)
2026-06-07 18:36:40.474 DEBUG testcase.TC_3.2_1                        - 2: t.addProperty("css", EQUALS, sel)
2026-06-07 18:36:40.475 DEBUG testcase.TC_3.2_1                        - 3: return t
2026-06-07 18:36:40.755 DEBUG testcase.TC_3.2_1                        - 13: delay(2)
2026-06-07 18:36:42.764 DEBUG testcase.TC_3.2_1                        - 14: msg = getAlertText()
2026-06-07 18:36:42.796 DEBUG testcase.TC_3.2_1                        - 15: acceptAlert()
2026-06-07 18:36:42.805 DEBUG testcase.TC_3.2_1                        - 16: takeScreenshot()
2026-06-07 18:36:43.374 DEBUG testcase.TC_3.2_1                        - 17: verifyMatch(msg, ".*Email modificata con successo.*", true)
2026-06-07 18:36:43.381 DEBUG testcase.TC_3.2_1                        - 18: closeBrowser()
2026-06-07 18:36:43.583 INFO  c.k.katalon.core.main.TestCaseExecutor   - END Test Cases/Profilo/TC_3.2_1
2026-06-07 18:36:43.585 INFO  c.k.katalon.core.main.TestCaseExecutor   - --------------------
2026-06-07 18:36:43.585 INFO  c.k.katalon.core.main.TestCaseExecutor   - START Test Cases/Profilo/TC_3.2_2
2026-06-07 18:36:43.657 INFO  com.kms.katalon.core.util.KeywordUtil    - Seed ripristinato prima di: Test Cases/Profilo/TC_3.2_2
2026-06-07 18:36:43.697 DEBUG testcase.TC_3.2_2                        - 1: openBrowser("")
2026-06-07 18:36:43.698 INFO  c.k.k.core.webui.driver.DriverFactory    - Starting 'Chrome' driver
2026-06-07 18:36:43.699 INFO  c.k.k.core.webui.driver.DriverFactory    - Action delay is set to 0 milliseconds
2026-06-07 18:36:44.364 INFO  c.k.k.core.webui.driver.DriverFactory    - sessionId = bd8dbed69f286f4c94f3c108f57a8bd1
2026-06-07 18:36:44.364 INFO  c.k.k.core.webui.driver.DriverFactory    - browser = Chrome 148.0.7778.179
2026-06-07 18:36:44.364 INFO  c.k.k.core.webui.driver.DriverFactory    - platform = Windows 11
2026-06-07 18:36:44.364 INFO  c.k.k.core.webui.driver.DriverFactory    - seleniumVersion = 4.39.0
2026-06-07 18:36:44.364 INFO  c.k.k.core.webui.driver.DriverFactory    - proxyInformation = ProxyInformation { proxyOption=NO_PROXY, proxyServerType=HTTP, username=, password=********, proxyServerAddress=, proxyServerPort=0, executionList="", isApplyToDesiredCapabilities=true }
2026-06-07 18:36:44.372 DEBUG testcase.TC_3.2_2                        - 2: navigateToUrl(base + "loginForm.jsp")
2026-06-07 18:36:45.572 DEBUG testcase.TC_3.2_2                        - 3: setText(css("#email"), "t.mansi@studenti.unisa.it")
2026-06-07 18:36:45.572 DEBUG testcase.TC_3.2_2                        - 1: t = new com.kms.katalon.core.testobject.TestObject(sel)
2026-06-07 18:36:45.574 DEBUG testcase.TC_3.2_2                        - 2: t.addProperty("css", EQUALS, sel)
2026-06-07 18:36:45.574 DEBUG testcase.TC_3.2_2                        - 3: return t
2026-06-07 18:36:46.230 DEBUG testcase.TC_3.2_2                        - 4: setText(css("#password"), "321CBA.")
2026-06-07 18:36:46.230 DEBUG testcase.TC_3.2_2                        - 1: t = new com.kms.katalon.core.testobject.TestObject(sel)
2026-06-07 18:36:46.231 DEBUG testcase.TC_3.2_2                        - 2: t.addProperty("css", EQUALS, sel)
2026-06-07 18:36:46.231 DEBUG testcase.TC_3.2_2                        - 3: return t
2026-06-07 18:36:46.836 DEBUG testcase.TC_3.2_2                        - 5: click(css("#submit"))
2026-06-07 18:36:46.836 DEBUG testcase.TC_3.2_2                        - 1: t = new com.kms.katalon.core.testobject.TestObject(sel)
2026-06-07 18:36:46.836 DEBUG testcase.TC_3.2_2                        - 2: t.addProperty("css", EQUALS, sel)
2026-06-07 18:36:46.837 DEBUG testcase.TC_3.2_2                        - 3: return t
2026-06-07 18:36:47.148 DEBUG testcase.TC_3.2_2                        - 6: delay(2)
2026-06-07 18:36:49.155 DEBUG testcase.TC_3.2_2                        - 7: navigateToUrl(base + "Utente.jsp")
2026-06-07 18:36:49.233 DEBUG testcase.TC_3.2_2                        - 8: delay(1)
2026-06-07 18:36:50.251 DEBUG testcase.TC_3.2_2                        - 9: click(css("#editButton"))
2026-06-07 18:36:50.253 DEBUG testcase.TC_3.2_2                        - 1: t = new com.kms.katalon.core.testobject.TestObject(sel)
2026-06-07 18:36:50.253 DEBUG testcase.TC_3.2_2                        - 2: t.addProperty("css", EQUALS, sel)
2026-06-07 18:36:50.253 DEBUG testcase.TC_3.2_2                        - 3: return t
2026-06-07 18:36:50.544 DEBUG testcase.TC_3.2_2                        - 10: delay(1)
2026-06-07 18:36:51.548 DEBUG testcase.TC_3.2_2                        - 11: setText(css("#emailInput"), "")
2026-06-07 18:36:51.549 DEBUG testcase.TC_3.2_2                        - 1: t = new com.kms.katalon.core.testobject.TestObject(sel)
2026-06-07 18:36:51.550 DEBUG testcase.TC_3.2_2                        - 2: t.addProperty("css", EQUALS, sel)
2026-06-07 18:36:51.551 DEBUG testcase.TC_3.2_2                        - 3: return t
2026-06-07 18:36:52.170 DEBUG testcase.TC_3.2_2                        - 12: click(css("#submitButton"))
2026-06-07 18:36:52.170 DEBUG testcase.TC_3.2_2                        - 1: t = new com.kms.katalon.core.testobject.TestObject(sel)
2026-06-07 18:36:52.171 DEBUG testcase.TC_3.2_2                        - 2: t.addProperty("css", EQUALS, sel)
2026-06-07 18:36:52.171 DEBUG testcase.TC_3.2_2                        - 3: return t
2026-06-07 18:36:52.491 DEBUG testcase.TC_3.2_2                        - 13: delay(2)
2026-06-07 18:36:54.502 DEBUG testcase.TC_3.2_2                        - 14: msg = getAlertText()
2026-06-07 18:36:54.533 DEBUG testcase.TC_3.2_2                        - 15: acceptAlert()
2026-06-07 18:36:54.543 DEBUG testcase.TC_3.2_2                        - 16: takeScreenshot()
2026-06-07 18:36:54.897 DEBUG testcase.TC_3.2_2                        - 17: verifyNotMatch(msg, ".*Email modificata con successo.*", true, CONTINUE_ON_FAILURE)
2026-06-07 18:36:54.914 ERROR c.k.k.core.keyword.internal.KeywordMain  - ❌ Unable to verify not match between actual text 'Email modificata con successo! Ti abbiamo inviato una mail di conferma.' and expected text '.*Email modificata con successo.*'  using regular expression (Root cause: com.kms.katalon.core.exception.StepFailedException: Actual text 'Email modificata con successo! Ti abbiamo inviato una mail di conferma.' and expected text '.*Email modificata con successo.*' are matched  using regular expression, but expected not to be matched
	at com.kms.katalon.core.keyword.builtin.VerifyNotMatchKeyword$_verifyNotMatch_closure1.doCall(VerifyNotMatchKeyword.groovy:54)
	at com.kms.katalon.core.keyword.builtin.VerifyNotMatchKeyword$_verifyNotMatch_closure1.call(VerifyNotMatchKeyword.groovy)
	at com.kms.katalon.core.keyword.internal.KeywordMain.runKeyword(KeywordMain.groovy:75)
	at com.kms.katalon.core.keyword.builtin.VerifyNotMatchKeyword.verifyNotMatch(VerifyNotMatchKeyword.groovy:60)
	at com.kms.katalon.core.keyword.builtin.VerifyNotMatchKeyword.execute(VerifyNotMatchKeyword.groovy:45)
	at com.kms.katalon.core.keyword.internal.KeywordExecutor.executeKeywordForPlatform(KeywordExecutor.groovy:103)
	at com.kms.katalon.core.keyword.BuiltinKeywords.verifyNotMatch(BuiltinKeywords.groovy:81)
	at java.base/jdk.internal.reflect.DirectMethodHandleAccessor.invoke(DirectMethodHandleAccessor.java:103)
	at Script178060030202.run(Script178060030202.groovy:35)
	at com.kms.katalon.core.main.ScriptEngine.run(ScriptEngine.java:203)
	at com.kms.katalon.core.main.ScriptEngine.runScriptAsRawText(ScriptEngine.java:115)
	at com.kms.katalon.core.main.TestCaseExecutor.runScript(TestCaseExecutor.java:506)
	at com.kms.katalon.core.main.TestCaseExecutor.doExecute(TestCaseExecutor.java:497)
	at com.kms.katalon.core.main.TestCaseExecutor.processExecutionPhase(TestCaseExecutor.java:476)
	at com.kms.katalon.core.main.TestCaseExecutor.accessMainPhase(TestCaseExecutor.java:468)
	at com.kms.katalon.core.main.TestCaseExecutor.execute(TestCaseExecutor.java:334)
	at com.kms.katalon.core.common.CommonExecutor.accessTestCaseMainPhase(CommonExecutor.java:71)
	at com.kms.katalon.core.main.TestSuiteExecutor.accessTestSuiteMainPhase(TestSuiteExecutor.java:153)
	at com.kms.katalon.core.main.TestSuiteExecutor.execute(TestSuiteExecutor.java:110)
	at com.kms.katalon.core.main.TestCaseMain.startTestSuite(TestCaseMain.java:206)
	at S0607_0.run(S0607_0.groovy:40)
	at java.base/jdk.internal.reflect.DirectMethodHandleAccessor.invoke(DirectMethodHandleAccessor.java:103)
)
2026-06-07 18:36:54.915 DEBUG testcase.TC_3.2_2                        - 18: closeBrowser()
2026-06-07 18:36:55.118 ERROR c.k.katalon.core.main.TestCaseExecutor   - ❌ Test Cases/Profilo/TC_3.2_2 FAILED.
Reason:
com.kms.katalon.core.exception.StepFailedException: Unable to verify not match between actual text 'Email modificata con successo! Ti abbiamo inviato una mail di conferma.' and expected text '.*Email modificata con successo.*'  using regular expression (Root cause: com.kms.katalon.core.exception.StepFailedException: Actual text 'Email modificata con successo! Ti abbiamo inviato una mail di conferma.' and expected text '.*Email modificata con successo.*' are matched  using regular expression, but expected not to be matched
	at com.kms.katalon.core.keyword.builtin.VerifyNotMatchKeyword$_verifyNotMatch_closure1.doCall(VerifyNotMatchKeyword.groovy:54)
	at com.kms.katalon.core.keyword.builtin.VerifyNotMatchKeyword$_verifyNotMatch_closure1.call(VerifyNotMatchKeyword.groovy)
	at com.kms.katalon.core.keyword.internal.KeywordMain.runKeyword(KeywordMain.groovy:75)
	at com.kms.katalon.core.keyword.builtin.VerifyNotMatchKeyword.verifyNotMatch(VerifyNotMatchKeyword.groovy:60)
	at com.kms.katalon.core.keyword.builtin.VerifyNotMatchKeyword.execute(VerifyNotMatchKeyword.groovy:45)
	at com.kms.katalon.core.keyword.internal.KeywordExecutor.executeKeywordForPlatform(KeywordExecutor.groovy:103)
	at com.kms.katalon.core.keyword.BuiltinKeywords.verifyNotMatch(BuiltinKeywords.groovy:81)
	at java.base/jdk.internal.reflect.DirectMethodHandleAccessor.invoke(DirectMethodHandleAccessor.java:103)
	at Script178060030202.run(Script178060030202.groovy:35)
	at com.kms.katalon.core.main.ScriptEngine.run(ScriptEngine.java:203)
	at com.kms.katalon.core.main.ScriptEngine.runScriptAsRawText(ScriptEngine.java:115)
	at com.kms.katalon.core.main.TestCaseExecutor.runScript(TestCaseExecutor.java:506)
	at com.kms.katalon.core.main.TestCaseExecutor.doExecute(TestCaseExecutor.java:497)
	at com.kms.katalon.core.main.TestCaseExecutor.processExecutionPhase(TestCaseExecutor.java:476)
	at com.kms.katalon.core.main.TestCaseExecutor.accessMainPhase(TestCaseExecutor.java:468)
	at com.kms.katalon.core.main.TestCaseExecutor.execute(TestCaseExecutor.java:334)
	at com.kms.katalon.core.common.CommonExecutor.accessTestCaseMainPhase(CommonExecutor.java:71)
	at com.kms.katalon.core.main.TestSuiteExecutor.accessTestSuiteMainPhase(TestSuiteExecutor.java:153)
	at com.kms.katalon.core.main.TestSuiteExecutor.execute(TestSuiteExecutor.java:110)
	at com.kms.katalon.core.main.TestCaseMain.startTestSuite(TestCaseMain.java:206)
	at S0607_0.run(S0607_0.groovy:40)
	at java.base/jdk.internal.reflect.DirectMethodHandleAccessor.invoke(DirectMethodHandleAccessor.java:103)
)
	at com.kms.katalon.core.keyword.internal.KeywordMain.stepFailed(KeywordMain.groovy:39)
	at com.kms.katalon.core.keyword.internal.KeywordMain.stepFailed(KeywordMain.groovy)
	at com.kms.katalon.core.keyword.internal.KeywordMain.runKeyword(KeywordMain.groovy:77)
	at com.kms.katalon.core.keyword.builtin.VerifyNotMatchKeyword.verifyNotMatch(VerifyNotMatchKeyword.groovy:60)
	at com.kms.katalon.core.keyword.builtin.VerifyNotMatchKeyword.execute(VerifyNotMatchKeyword.groovy:45)
	at com.kms.katalon.core.keyword.internal.KeywordExecutor.executeKeywordForPlatform(KeywordExecutor.groovy:103)
	at com.kms.katalon.core.keyword.BuiltinKeywords.verifyNotMatch(BuiltinKeywords.groovy:81)
	at java.base/jdk.internal.reflect.DirectMethodHandleAccessor.invoke(DirectMethodHandleAccessor.java:103)
	at Script178060030202.run(Script178060030202.groovy:35)
	at com.kms.katalon.core.main.ScriptEngine.run(ScriptEngine.java:203)
	at com.kms.katalon.core.main.ScriptEngine.runScriptAsRawText(ScriptEngine.java:115)
	at com.kms.katalon.core.main.TestCaseExecutor.runScript(TestCaseExecutor.java:506)
	at com.kms.katalon.core.main.TestCaseExecutor.doExecute(TestCaseExecutor.java:497)
	at com.kms.katalon.core.main.TestCaseExecutor.processExecutionPhase(TestCaseExecutor.java:476)
	at com.kms.katalon.core.main.TestCaseExecutor.accessMainPhase(TestCaseExecutor.java:468)
	at com.kms.katalon.core.main.TestCaseExecutor.execute(TestCaseExecutor.java:334)
	at com.kms.katalon.core.common.CommonExecutor.accessTestCaseMainPhase(CommonExecutor.java:71)
	at com.kms.katalon.core.main.TestSuiteExecutor.accessTestSuiteMainPhase(TestSuiteExecutor.java:153)
	at com.kms.katalon.core.main.TestSuiteExecutor.execute(TestSuiteExecutor.java:110)
	at com.kms.katalon.core.main.TestCaseMain.startTestSuite(TestCaseMain.java:206)
	at S0607_0.run(S0607_0.groovy:40)
	at java.base/jdk.internal.reflect.DirectMethodHandleAccessor.invoke(DirectMethodHandleAccessor.java:103)
Caused by: com.kms.katalon.core.exception.StepFailedException: Actual text 'Email modificata con successo! Ti abbiamo inviato una mail di conferma.' and expected text '.*Email modificata con successo.*' are matched  using regular expression, but expected not to be matched
	at com.kms.katalon.core.keyword.builtin.VerifyNotMatchKeyword$_verifyNotMatch_closure1.doCall(VerifyNotMatchKeyword.groovy:54)
	at com.kms.katalon.core.keyword.builtin.VerifyNotMatchKeyword$_verifyNotMatch_closure1.call(VerifyNotMatchKeyword.groovy)
	at com.kms.katalon.core.keyword.internal.KeywordMain.runKeyword(KeywordMain.groovy:75)
	... 19 more

2026-06-07 18:36:55.121 INFO  c.k.katalon.core.main.TestCaseExecutor   - END Test Cases/Profilo/TC_3.2_2
2026-06-07 18:36:55.124 INFO  c.k.katalon.core.main.TestCaseExecutor   - --------------------
2026-06-07 18:36:55.124 INFO  c.k.katalon.core.main.TestCaseExecutor   - START Test Cases/Profilo/TC_3.2_3
2026-06-07 18:36:55.210 INFO  com.kms.katalon.core.util.KeywordUtil    - Seed ripristinato prima di: Test Cases/Profilo/TC_3.2_3
2026-06-07 18:36:55.250 DEBUG testcase.TC_3.2_3                        - 1: openBrowser("")
2026-06-07 18:36:55.251 INFO  c.k.k.core.webui.driver.DriverFactory    - Starting 'Chrome' driver
2026-06-07 18:36:55.252 INFO  c.k.k.core.webui.driver.DriverFactory    - Action delay is set to 0 milliseconds
2026-06-07 18:36:55.935 INFO  c.k.k.core.webui.driver.DriverFactory    - sessionId = 918972ae931f36db7cf870b2108cd84e
2026-06-07 18:36:55.935 INFO  c.k.k.core.webui.driver.DriverFactory    - browser = Chrome 148.0.7778.179
2026-06-07 18:36:55.935 INFO  c.k.k.core.webui.driver.DriverFactory    - platform = Windows 11
2026-06-07 18:36:55.935 INFO  c.k.k.core.webui.driver.DriverFactory    - seleniumVersion = 4.39.0
2026-06-07 18:36:55.935 INFO  c.k.k.core.webui.driver.DriverFactory    - proxyInformation = ProxyInformation { proxyOption=NO_PROXY, proxyServerType=HTTP, username=, password=********, proxyServerAddress=, proxyServerPort=0, executionList="", isApplyToDesiredCapabilities=true }
2026-06-07 18:36:55.944 DEBUG testcase.TC_3.2_3                        - 2: navigateToUrl(base + "loginForm.jsp")
2026-06-07 18:36:56.785 DEBUG testcase.TC_3.2_3                        - 3: setText(css("#email"), "t.mansi@studenti.unisa.it")
2026-06-07 18:36:56.787 DEBUG testcase.TC_3.2_3                        - 1: t = new com.kms.katalon.core.testobject.TestObject(sel)
2026-06-07 18:36:56.788 DEBUG testcase.TC_3.2_3                        - 2: t.addProperty("css", EQUALS, sel)
2026-06-07 18:36:56.789 DEBUG testcase.TC_3.2_3                        - 3: return t
2026-06-07 18:36:57.332 DEBUG testcase.TC_3.2_3                        - 4: setText(css("#password"), "321CBA.")
2026-06-07 18:36:57.332 DEBUG testcase.TC_3.2_3                        - 1: t = new com.kms.katalon.core.testobject.TestObject(sel)
2026-06-07 18:36:57.332 DEBUG testcase.TC_3.2_3                        - 2: t.addProperty("css", EQUALS, sel)
2026-06-07 18:36:57.332 DEBUG testcase.TC_3.2_3                        - 3: return t
2026-06-07 18:36:57.857 DEBUG testcase.TC_3.2_3                        - 5: click(css("#submit"))
2026-06-07 18:36:57.858 DEBUG testcase.TC_3.2_3                        - 1: t = new com.kms.katalon.core.testobject.TestObject(sel)
2026-06-07 18:36:57.858 DEBUG testcase.TC_3.2_3                        - 2: t.addProperty("css", EQUALS, sel)
2026-06-07 18:36:57.859 DEBUG testcase.TC_3.2_3                        - 3: return t
2026-06-07 18:36:58.121 DEBUG testcase.TC_3.2_3                        - 6: delay(2)
2026-06-07 18:37:00.132 DEBUG testcase.TC_3.2_3                        - 7: navigateToUrl(base + "Utente.jsp")
2026-06-07 18:37:00.180 DEBUG testcase.TC_3.2_3                        - 8: delay(1)
2026-06-07 18:37:01.192 DEBUG testcase.TC_3.2_3                        - 9: click(css("#editButton"))
2026-06-07 18:37:01.193 DEBUG testcase.TC_3.2_3                        - 1: t = new com.kms.katalon.core.testobject.TestObject(sel)
2026-06-07 18:37:01.194 DEBUG testcase.TC_3.2_3                        - 2: t.addProperty("css", EQUALS, sel)
2026-06-07 18:37:01.194 DEBUG testcase.TC_3.2_3                        - 3: return t
2026-06-07 18:37:01.511 DEBUG testcase.TC_3.2_3                        - 10: delay(1)
2026-06-07 18:37:02.515 DEBUG testcase.TC_3.2_3                        - 11: setText(css("#emailInput"), "   ")
2026-06-07 18:37:02.516 DEBUG testcase.TC_3.2_3                        - 1: t = new com.kms.katalon.core.testobject.TestObject(sel)
2026-06-07 18:37:02.517 DEBUG testcase.TC_3.2_3                        - 2: t.addProperty("css", EQUALS, sel)
2026-06-07 18:37:02.517 DEBUG testcase.TC_3.2_3                        - 3: return t
2026-06-07 18:37:03.165 DEBUG testcase.TC_3.2_3                        - 12: click(css("#submitButton"))
2026-06-07 18:37:03.165 DEBUG testcase.TC_3.2_3                        - 1: t = new com.kms.katalon.core.testobject.TestObject(sel)
2026-06-07 18:37:03.165 DEBUG testcase.TC_3.2_3                        - 2: t.addProperty("css", EQUALS, sel)
2026-06-07 18:37:03.165 DEBUG testcase.TC_3.2_3                        - 3: return t
2026-06-07 18:37:03.477 DEBUG testcase.TC_3.2_3                        - 13: delay(2)
2026-06-07 18:37:05.492 DEBUG testcase.TC_3.2_3                        - 14: msg = getAlertText()
2026-06-07 18:37:05.512 DEBUG testcase.TC_3.2_3                        - 15: acceptAlert()
2026-06-07 18:37:05.518 DEBUG testcase.TC_3.2_3                        - 16: takeScreenshot()
2026-06-07 18:37:06.073 DEBUG testcase.TC_3.2_3                        - 17: verifyNotMatch(msg, ".*Email modificata con successo.*", true, CONTINUE_ON_FAILURE)
2026-06-07 18:37:06.074 ERROR c.k.k.core.keyword.internal.KeywordMain  - ❌ Unable to verify not match between actual text 'Email modificata con successo! Ti abbiamo inviato una mail di conferma.' and expected text '.*Email modificata con successo.*'  using regular expression (Root cause: com.kms.katalon.core.exception.StepFailedException: Actual text 'Email modificata con successo! Ti abbiamo inviato una mail di conferma.' and expected text '.*Email modificata con successo.*' are matched  using regular expression, but expected not to be matched
	at com.kms.katalon.core.keyword.builtin.VerifyNotMatchKeyword$_verifyNotMatch_closure1.doCall(VerifyNotMatchKeyword.groovy:54)
	at com.kms.katalon.core.keyword.builtin.VerifyNotMatchKeyword$_verifyNotMatch_closure1.call(VerifyNotMatchKeyword.groovy)
	at com.kms.katalon.core.keyword.internal.KeywordMain.runKeyword(KeywordMain.groovy:75)
	at com.kms.katalon.core.keyword.builtin.VerifyNotMatchKeyword.verifyNotMatch(VerifyNotMatchKeyword.groovy:60)
	at com.kms.katalon.core.keyword.builtin.VerifyNotMatchKeyword.execute(VerifyNotMatchKeyword.groovy:45)
	at com.kms.katalon.core.keyword.internal.KeywordExecutor.executeKeywordForPlatform(KeywordExecutor.groovy:103)
	at com.kms.katalon.core.keyword.BuiltinKeywords.verifyNotMatch(BuiltinKeywords.groovy:81)
	at java.base/jdk.internal.reflect.DirectMethodHandleAccessor.invoke(DirectMethodHandleAccessor.java:103)
	at Script178060030203.run(Script178060030203.groovy:33)
	at com.kms.katalon.core.main.ScriptEngine.run(ScriptEngine.java:203)
	at com.kms.katalon.core.main.ScriptEngine.runScriptAsRawText(ScriptEngine.java:115)
	at com.kms.katalon.core.main.TestCaseExecutor.runScript(TestCaseExecutor.java:506)
	at com.kms.katalon.core.main.TestCaseExecutor.doExecute(TestCaseExecutor.java:497)
	at com.kms.katalon.core.main.TestCaseExecutor.processExecutionPhase(TestCaseExecutor.java:476)
	at com.kms.katalon.core.main.TestCaseExecutor.accessMainPhase(TestCaseExecutor.java:468)
	at com.kms.katalon.core.main.TestCaseExecutor.execute(TestCaseExecutor.java:334)
	at com.kms.katalon.core.common.CommonExecutor.accessTestCaseMainPhase(CommonExecutor.java:71)
	at com.kms.katalon.core.main.TestSuiteExecutor.accessTestSuiteMainPhase(TestSuiteExecutor.java:153)
	at com.kms.katalon.core.main.TestSuiteExecutor.execute(TestSuiteExecutor.java:110)
	at com.kms.katalon.core.main.TestCaseMain.startTestSuite(TestCaseMain.java:206)
	at S0607_0.run(S0607_0.groovy:40)
	at java.base/jdk.internal.reflect.DirectMethodHandleAccessor.invoke(DirectMethodHandleAccessor.java:103)
)
2026-06-07 18:37:06.075 DEBUG testcase.TC_3.2_3                        - 18: closeBrowser()
2026-06-07 18:37:06.282 ERROR c.k.katalon.core.main.TestCaseExecutor   - ❌ Test Cases/Profilo/TC_3.2_3 FAILED.
Reason:
com.kms.katalon.core.exception.StepFailedException: Unable to verify not match between actual text 'Email modificata con successo! Ti abbiamo inviato una mail di conferma.' and expected text '.*Email modificata con successo.*'  using regular expression (Root cause: com.kms.katalon.core.exception.StepFailedException: Actual text 'Email modificata con successo! Ti abbiamo inviato una mail di conferma.' and expected text '.*Email modificata con successo.*' are matched  using regular expression, but expected not to be matched
	at com.kms.katalon.core.keyword.builtin.VerifyNotMatchKeyword$_verifyNotMatch_closure1.doCall(VerifyNotMatchKeyword.groovy:54)
	at com.kms.katalon.core.keyword.builtin.VerifyNotMatchKeyword$_verifyNotMatch_closure1.call(VerifyNotMatchKeyword.groovy)
	at com.kms.katalon.core.keyword.internal.KeywordMain.runKeyword(KeywordMain.groovy:75)
	at com.kms.katalon.core.keyword.builtin.VerifyNotMatchKeyword.verifyNotMatch(VerifyNotMatchKeyword.groovy:60)
	at com.kms.katalon.core.keyword.builtin.VerifyNotMatchKeyword.execute(VerifyNotMatchKeyword.groovy:45)
	at com.kms.katalon.core.keyword.internal.KeywordExecutor.executeKeywordForPlatform(KeywordExecutor.groovy:103)
	at com.kms.katalon.core.keyword.BuiltinKeywords.verifyNotMatch(BuiltinKeywords.groovy:81)
	at java.base/jdk.internal.reflect.DirectMethodHandleAccessor.invoke(DirectMethodHandleAccessor.java:103)
	at Script178060030203.run(Script178060030203.groovy:33)
	at com.kms.katalon.core.main.ScriptEngine.run(ScriptEngine.java:203)
	at com.kms.katalon.core.main.ScriptEngine.runScriptAsRawText(ScriptEngine.java:115)
	at com.kms.katalon.core.main.TestCaseExecutor.runScript(TestCaseExecutor.java:506)
	at com.kms.katalon.core.main.TestCaseExecutor.doExecute(TestCaseExecutor.java:497)
	at com.kms.katalon.core.main.TestCaseExecutor.processExecutionPhase(TestCaseExecutor.java:476)
	at com.kms.katalon.core.main.TestCaseExecutor.accessMainPhase(TestCaseExecutor.java:468)
	at com.kms.katalon.core.main.TestCaseExecutor.execute(TestCaseExecutor.java:334)
	at com.kms.katalon.core.common.CommonExecutor.accessTestCaseMainPhase(CommonExecutor.java:71)
	at com.kms.katalon.core.main.TestSuiteExecutor.accessTestSuiteMainPhase(TestSuiteExecutor.java:153)
	at com.kms.katalon.core.main.TestSuiteExecutor.execute(TestSuiteExecutor.java:110)
	at com.kms.katalon.core.main.TestCaseMain.startTestSuite(TestCaseMain.java:206)
	at S0607_0.run(S0607_0.groovy:40)
	at java.base/jdk.internal.reflect.DirectMethodHandleAccessor.invoke(DirectMethodHandleAccessor.java:103)
)
	at com.kms.katalon.core.keyword.internal.KeywordMain.stepFailed(KeywordMain.groovy:39)
	at com.kms.katalon.core.keyword.internal.KeywordMain.stepFailed(KeywordMain.groovy)
	at com.kms.katalon.core.keyword.internal.KeywordMain.runKeyword(KeywordMain.groovy:77)
	at com.kms.katalon.core.keyword.builtin.VerifyNotMatchKeyword.verifyNotMatch(VerifyNotMatchKeyword.groovy:60)
	at com.kms.katalon.core.keyword.builtin.VerifyNotMatchKeyword.execute(VerifyNotMatchKeyword.groovy:45)
	at com.kms.katalon.core.keyword.internal.KeywordExecutor.executeKeywordForPlatform(KeywordExecutor.groovy:103)
	at com.kms.katalon.core.keyword.BuiltinKeywords.verifyNotMatch(BuiltinKeywords.groovy:81)
	at java.base/jdk.internal.reflect.DirectMethodHandleAccessor.invoke(DirectMethodHandleAccessor.java:103)
	at Script178060030203.run(Script178060030203.groovy:33)
	at com.kms.katalon.core.main.ScriptEngine.run(ScriptEngine.java:203)
	at com.kms.katalon.core.main.ScriptEngine.runScriptAsRawText(ScriptEngine.java:115)
	at com.kms.katalon.core.main.TestCaseExecutor.runScript(TestCaseExecutor.java:506)
	at com.kms.katalon.core.main.TestCaseExecutor.doExecute(TestCaseExecutor.java:497)
	at com.kms.katalon.core.main.TestCaseExecutor.processExecutionPhase(TestCaseExecutor.java:476)
	at com.kms.katalon.core.main.TestCaseExecutor.accessMainPhase(TestCaseExecutor.java:468)
	at com.kms.katalon.core.main.TestCaseExecutor.execute(TestCaseExecutor.java:334)
	at com.kms.katalon.core.common.CommonExecutor.accessTestCaseMainPhase(CommonExecutor.java:71)
	at com.kms.katalon.core.main.TestSuiteExecutor.accessTestSuiteMainPhase(TestSuiteExecutor.java:153)
	at com.kms.katalon.core.main.TestSuiteExecutor.execute(TestSuiteExecutor.java:110)
	at com.kms.katalon.core.main.TestCaseMain.startTestSuite(TestCaseMain.java:206)
	at S0607_0.run(S0607_0.groovy:40)
	at java.base/jdk.internal.reflect.DirectMethodHandleAccessor.invoke(DirectMethodHandleAccessor.java:103)
Caused by: com.kms.katalon.core.exception.StepFailedException: Actual text 'Email modificata con successo! Ti abbiamo inviato una mail di conferma.' and expected text '.*Email modificata con successo.*' are matched  using regular expression, but expected not to be matched
	at com.kms.katalon.core.keyword.builtin.VerifyNotMatchKeyword$_verifyNotMatch_closure1.doCall(VerifyNotMatchKeyword.groovy:54)
	at com.kms.katalon.core.keyword.builtin.VerifyNotMatchKeyword$_verifyNotMatch_closure1.call(VerifyNotMatchKeyword.groovy)
	at com.kms.katalon.core.keyword.internal.KeywordMain.runKeyword(KeywordMain.groovy:75)
	... 19 more

2026-06-07 18:37:06.284 INFO  c.k.katalon.core.main.TestCaseExecutor   - END Test Cases/Profilo/TC_3.2_3
2026-06-07 18:37:06.286 INFO  c.k.katalon.core.main.TestCaseExecutor   - --------------------
2026-06-07 18:37:06.286 INFO  c.k.katalon.core.main.TestCaseExecutor   - START Test Cases/Profilo/TC_3.2_4
2026-06-07 18:37:06.358 INFO  com.kms.katalon.core.util.KeywordUtil    - Seed ripristinato prima di: Test Cases/Profilo/TC_3.2_4
2026-06-07 18:37:06.399 DEBUG testcase.TC_3.2_4                        - 1: openBrowser("")
2026-06-07 18:37:06.400 INFO  c.k.k.core.webui.driver.DriverFactory    - Starting 'Chrome' driver
2026-06-07 18:37:06.401 INFO  c.k.k.core.webui.driver.DriverFactory    - Action delay is set to 0 milliseconds
2026-06-07 18:37:07.059 INFO  c.k.k.core.webui.driver.DriverFactory    - sessionId = a35a93e1305c7b502cc45f0bfdc0b80b
2026-06-07 18:37:07.059 INFO  c.k.k.core.webui.driver.DriverFactory    - browser = Chrome 148.0.7778.179
2026-06-07 18:37:07.060 INFO  c.k.k.core.webui.driver.DriverFactory    - platform = Windows 11
2026-06-07 18:37:07.060 INFO  c.k.k.core.webui.driver.DriverFactory    - seleniumVersion = 4.39.0
2026-06-07 18:37:07.060 INFO  c.k.k.core.webui.driver.DriverFactory    - proxyInformation = ProxyInformation { proxyOption=NO_PROXY, proxyServerType=HTTP, username=, password=********, proxyServerAddress=, proxyServerPort=0, executionList="", isApplyToDesiredCapabilities=true }
2026-06-07 18:37:07.069 DEBUG testcase.TC_3.2_4                        - 2: navigateToUrl(base + "loginForm.jsp")
2026-06-07 18:37:07.487 DEBUG testcase.TC_3.2_4                        - 3: setText(css("#email"), "t.mansi@studenti.unisa.it")
2026-06-07 18:37:07.487 DEBUG testcase.TC_3.2_4                        - 1: t = new com.kms.katalon.core.testobject.TestObject(sel)
2026-06-07 18:37:07.488 DEBUG testcase.TC_3.2_4                        - 2: t.addProperty("css", EQUALS, sel)
2026-06-07 18:37:07.488 DEBUG testcase.TC_3.2_4                        - 3: return t
2026-06-07 18:37:08.075 DEBUG testcase.TC_3.2_4                        - 4: setText(css("#password"), "321CBA.")
2026-06-07 18:37:08.075 DEBUG testcase.TC_3.2_4                        - 1: t = new com.kms.katalon.core.testobject.TestObject(sel)
2026-06-07 18:37:08.075 DEBUG testcase.TC_3.2_4                        - 2: t.addProperty("css", EQUALS, sel)
2026-06-07 18:37:08.076 DEBUG testcase.TC_3.2_4                        - 3: return t
2026-06-07 18:37:08.611 DEBUG testcase.TC_3.2_4                        - 5: click(css("#submit"))
2026-06-07 18:37:08.613 DEBUG testcase.TC_3.2_4                        - 1: t = new com.kms.katalon.core.testobject.TestObject(sel)
2026-06-07 18:37:08.613 DEBUG testcase.TC_3.2_4                        - 2: t.addProperty("css", EQUALS, sel)
2026-06-07 18:37:08.613 DEBUG testcase.TC_3.2_4                        - 3: return t
2026-06-07 18:37:08.898 DEBUG testcase.TC_3.2_4                        - 6: delay(2)
2026-06-07 18:37:10.901 DEBUG testcase.TC_3.2_4                        - 7: navigateToUrl(base + "Utente.jsp")
2026-06-07 18:37:10.978 DEBUG testcase.TC_3.2_4                        - 8: delay(1)
2026-06-07 18:37:11.994 DEBUG testcase.TC_3.2_4                        - 9: click(css("#editButton"))
2026-06-07 18:37:11.996 DEBUG testcase.TC_3.2_4                        - 1: t = new com.kms.katalon.core.testobject.TestObject(sel)
2026-06-07 18:37:11.996 DEBUG testcase.TC_3.2_4                        - 2: t.addProperty("css", EQUALS, sel)
2026-06-07 18:37:11.997 DEBUG testcase.TC_3.2_4                        - 3: return t
2026-06-07 18:37:12.313 DEBUG testcase.TC_3.2_4                        - 10: delay(1)
2026-06-07 18:37:13.325 DEBUG testcase.TC_3.2_4                        - 11: setText(css("#emailInput"), "emailnonvalida")
2026-06-07 18:37:13.326 DEBUG testcase.TC_3.2_4                        - 1: t = new com.kms.katalon.core.testobject.TestObject(sel)
2026-06-07 18:37:13.326 DEBUG testcase.TC_3.2_4                        - 2: t.addProperty("css", EQUALS, sel)
2026-06-07 18:37:13.326 DEBUG testcase.TC_3.2_4                        - 3: return t
2026-06-07 18:37:13.947 DEBUG testcase.TC_3.2_4                        - 12: click(css("#submitButton"))
2026-06-07 18:37:13.948 DEBUG testcase.TC_3.2_4                        - 1: t = new com.kms.katalon.core.testobject.TestObject(sel)
2026-06-07 18:37:13.948 DEBUG testcase.TC_3.2_4                        - 2: t.addProperty("css", EQUALS, sel)
2026-06-07 18:37:13.948 DEBUG testcase.TC_3.2_4                        - 3: return t
2026-06-07 18:37:14.272 DEBUG testcase.TC_3.2_4                        - 13: delay(2)
2026-06-07 18:37:16.287 DEBUG testcase.TC_3.2_4                        - 14: msg = getAlertText()
2026-06-07 18:37:16.305 DEBUG testcase.TC_3.2_4                        - 15: acceptAlert()
2026-06-07 18:37:16.316 DEBUG testcase.TC_3.2_4                        - 16: takeScreenshot()
2026-06-07 18:37:16.872 DEBUG testcase.TC_3.2_4                        - 17: verifyNotMatch(msg, ".*Email modificata con successo.*", true, CONTINUE_ON_FAILURE)
2026-06-07 18:37:16.873 ERROR c.k.k.core.keyword.internal.KeywordMain  - ❌ Unable to verify not match between actual text 'Email modificata con successo! Ti abbiamo inviato una mail di conferma.' and expected text '.*Email modificata con successo.*'  using regular expression (Root cause: com.kms.katalon.core.exception.StepFailedException: Actual text 'Email modificata con successo! Ti abbiamo inviato una mail di conferma.' and expected text '.*Email modificata con successo.*' are matched  using regular expression, but expected not to be matched
	at com.kms.katalon.core.keyword.builtin.VerifyNotMatchKeyword$_verifyNotMatch_closure1.doCall(VerifyNotMatchKeyword.groovy:54)
	at com.kms.katalon.core.keyword.builtin.VerifyNotMatchKeyword$_verifyNotMatch_closure1.call(VerifyNotMatchKeyword.groovy)
	at com.kms.katalon.core.keyword.internal.KeywordMain.runKeyword(KeywordMain.groovy:75)
	at com.kms.katalon.core.keyword.builtin.VerifyNotMatchKeyword.verifyNotMatch(VerifyNotMatchKeyword.groovy:60)
	at com.kms.katalon.core.keyword.builtin.VerifyNotMatchKeyword.execute(VerifyNotMatchKeyword.groovy:45)
	at com.kms.katalon.core.keyword.internal.KeywordExecutor.executeKeywordForPlatform(KeywordExecutor.groovy:103)
	at com.kms.katalon.core.keyword.BuiltinKeywords.verifyNotMatch(BuiltinKeywords.groovy:81)
	at java.base/jdk.internal.reflect.DirectMethodHandleAccessor.invoke(DirectMethodHandleAccessor.java:103)
	at Script178060030204.run(Script178060030204.groovy:33)
	at com.kms.katalon.core.main.ScriptEngine.run(ScriptEngine.java:203)
	at com.kms.katalon.core.main.ScriptEngine.runScriptAsRawText(ScriptEngine.java:115)
	at com.kms.katalon.core.main.TestCaseExecutor.runScript(TestCaseExecutor.java:506)
	at com.kms.katalon.core.main.TestCaseExecutor.doExecute(TestCaseExecutor.java:497)
	at com.kms.katalon.core.main.TestCaseExecutor.processExecutionPhase(TestCaseExecutor.java:476)
	at com.kms.katalon.core.main.TestCaseExecutor.accessMainPhase(TestCaseExecutor.java:468)
	at com.kms.katalon.core.main.TestCaseExecutor.execute(TestCaseExecutor.java:334)
	at com.kms.katalon.core.common.CommonExecutor.accessTestCaseMainPhase(CommonExecutor.java:71)
	at com.kms.katalon.core.main.TestSuiteExecutor.accessTestSuiteMainPhase(TestSuiteExecutor.java:153)
	at com.kms.katalon.core.main.TestSuiteExecutor.execute(TestSuiteExecutor.java:110)
	at com.kms.katalon.core.main.TestCaseMain.startTestSuite(TestCaseMain.java:206)
	at S0607_0.run(S0607_0.groovy:40)
	at java.base/jdk.internal.reflect.DirectMethodHandleAccessor.invoke(DirectMethodHandleAccessor.java:103)
)
2026-06-07 18:37:16.874 DEBUG testcase.TC_3.2_4                        - 18: closeBrowser()
2026-06-07 18:37:17.048 ERROR c.k.katalon.core.main.TestCaseExecutor   - ❌ Test Cases/Profilo/TC_3.2_4 FAILED.
Reason:
com.kms.katalon.core.exception.StepFailedException: Unable to verify not match between actual text 'Email modificata con successo! Ti abbiamo inviato una mail di conferma.' and expected text '.*Email modificata con successo.*'  using regular expression (Root cause: com.kms.katalon.core.exception.StepFailedException: Actual text 'Email modificata con successo! Ti abbiamo inviato una mail di conferma.' and expected text '.*Email modificata con successo.*' are matched  using regular expression, but expected not to be matched
	at com.kms.katalon.core.keyword.builtin.VerifyNotMatchKeyword$_verifyNotMatch_closure1.doCall(VerifyNotMatchKeyword.groovy:54)
	at com.kms.katalon.core.keyword.builtin.VerifyNotMatchKeyword$_verifyNotMatch_closure1.call(VerifyNotMatchKeyword.groovy)
	at com.kms.katalon.core.keyword.internal.KeywordMain.runKeyword(KeywordMain.groovy:75)
	at com.kms.katalon.core.keyword.builtin.VerifyNotMatchKeyword.verifyNotMatch(VerifyNotMatchKeyword.groovy:60)
	at com.kms.katalon.core.keyword.builtin.VerifyNotMatchKeyword.execute(VerifyNotMatchKeyword.groovy:45)
	at com.kms.katalon.core.keyword.internal.KeywordExecutor.executeKeywordForPlatform(KeywordExecutor.groovy:103)
	at com.kms.katalon.core.keyword.BuiltinKeywords.verifyNotMatch(BuiltinKeywords.groovy:81)
	at java.base/jdk.internal.reflect.DirectMethodHandleAccessor.invoke(DirectMethodHandleAccessor.java:103)
	at Script178060030204.run(Script178060030204.groovy:33)
	at com.kms.katalon.core.main.ScriptEngine.run(ScriptEngine.java:203)
	at com.kms.katalon.core.main.ScriptEngine.runScriptAsRawText(ScriptEngine.java:115)
	at com.kms.katalon.core.main.TestCaseExecutor.runScript(TestCaseExecutor.java:506)
	at com.kms.katalon.core.main.TestCaseExecutor.doExecute(TestCaseExecutor.java:497)
	at com.kms.katalon.core.main.TestCaseExecutor.processExecutionPhase(TestCaseExecutor.java:476)
	at com.kms.katalon.core.main.TestCaseExecutor.accessMainPhase(TestCaseExecutor.java:468)
	at com.kms.katalon.core.main.TestCaseExecutor.execute(TestCaseExecutor.java:334)
	at com.kms.katalon.core.common.CommonExecutor.accessTestCaseMainPhase(CommonExecutor.java:71)
	at com.kms.katalon.core.main.TestSuiteExecutor.accessTestSuiteMainPhase(TestSuiteExecutor.java:153)
	at com.kms.katalon.core.main.TestSuiteExecutor.execute(TestSuiteExecutor.java:110)
	at com.kms.katalon.core.main.TestCaseMain.startTestSuite(TestCaseMain.java:206)
	at S0607_0.run(S0607_0.groovy:40)
	at java.base/jdk.internal.reflect.DirectMethodHandleAccessor.invoke(DirectMethodHandleAccessor.java:103)
)
	at com.kms.katalon.core.keyword.internal.KeywordMain.stepFailed(KeywordMain.groovy:39)
	at com.kms.katalon.core.keyword.internal.KeywordMain.stepFailed(KeywordMain.groovy)
	at com.kms.katalon.core.keyword.internal.KeywordMain.runKeyword(KeywordMain.groovy:77)
	at com.kms.katalon.core.keyword.builtin.VerifyNotMatchKeyword.verifyNotMatch(VerifyNotMatchKeyword.groovy:60)
	at com.kms.katalon.core.keyword.builtin.VerifyNotMatchKeyword.execute(VerifyNotMatchKeyword.groovy:45)
	at com.kms.katalon.core.keyword.internal.KeywordExecutor.executeKeywordForPlatform(KeywordExecutor.groovy:103)
	at com.kms.katalon.core.keyword.BuiltinKeywords.verifyNotMatch(BuiltinKeywords.groovy:81)
	at java.base/jdk.internal.reflect.DirectMethodHandleAccessor.invoke(DirectMethodHandleAccessor.java:103)
	at Script178060030204.run(Script178060030204.groovy:33)
	at com.kms.katalon.core.main.ScriptEngine.run(ScriptEngine.java:203)
	at com.kms.katalon.core.main.ScriptEngine.runScriptAsRawText(ScriptEngine.java:115)
	at com.kms.katalon.core.main.TestCaseExecutor.runScript(TestCaseExecutor.java:506)
	at com.kms.katalon.core.main.TestCaseExecutor.doExecute(TestCaseExecutor.java:497)
	at com.kms.katalon.core.main.TestCaseExecutor.processExecutionPhase(TestCaseExecutor.java:476)
	at com.kms.katalon.core.main.TestCaseExecutor.accessMainPhase(TestCaseExecutor.java:468)
	at com.kms.katalon.core.main.TestCaseExecutor.execute(TestCaseExecutor.java:334)
	at com.kms.katalon.core.common.CommonExecutor.accessTestCaseMainPhase(CommonExecutor.java:71)
	at com.kms.katalon.core.main.TestSuiteExecutor.accessTestSuiteMainPhase(TestSuiteExecutor.java:153)
	at com.kms.katalon.core.main.TestSuiteExecutor.execute(TestSuiteExecutor.java:110)
	at com.kms.katalon.core.main.TestCaseMain.startTestSuite(TestCaseMain.java:206)
	at S0607_0.run(S0607_0.groovy:40)
	at java.base/jdk.internal.reflect.DirectMethodHandleAccessor.invoke(DirectMethodHandleAccessor.java:103)
Caused by: com.kms.katalon.core.exception.StepFailedException: Actual text 'Email modificata con successo! Ti abbiamo inviato una mail di conferma.' and expected text '.*Email modificata con successo.*' are matched  using regular expression, but expected not to be matched
	at com.kms.katalon.core.keyword.builtin.VerifyNotMatchKeyword$_verifyNotMatch_closure1.doCall(VerifyNotMatchKeyword.groovy:54)
	at com.kms.katalon.core.keyword.builtin.VerifyNotMatchKeyword$_verifyNotMatch_closure1.call(VerifyNotMatchKeyword.groovy)
	at com.kms.katalon.core.keyword.internal.KeywordMain.runKeyword(KeywordMain.groovy:75)
	... 19 more

2026-06-07 18:37:17.049 INFO  c.k.katalon.core.main.TestCaseExecutor   - END Test Cases/Profilo/TC_3.2_4
2026-06-07 18:37:17.051 INFO  c.k.katalon.core.main.TestCaseExecutor   - --------------------
2026-06-07 18:37:17.051 INFO  c.k.katalon.core.main.TestCaseExecutor   - START Test Cases/Profilo/TC_3.3_1
2026-06-07 18:37:17.129 INFO  com.kms.katalon.core.util.KeywordUtil    - Seed ripristinato prima di: Test Cases/Profilo/TC_3.3_1
2026-06-07 18:37:17.160 DEBUG testcase.TC_3.3_1                        - 1: openBrowser("")
2026-06-07 18:37:17.161 INFO  c.k.k.core.webui.driver.DriverFactory    - Starting 'Chrome' driver
2026-06-07 18:37:17.161 INFO  c.k.k.core.webui.driver.DriverFactory    - Action delay is set to 0 milliseconds
2026-06-07 18:37:17.834 INFO  c.k.k.core.webui.driver.DriverFactory    - sessionId = 9af85de692633f7b4964da680d7889c4
2026-06-07 18:37:17.834 INFO  c.k.k.core.webui.driver.DriverFactory    - browser = Chrome 148.0.7778.179
2026-06-07 18:37:17.834 INFO  c.k.k.core.webui.driver.DriverFactory    - platform = Windows 11
2026-06-07 18:37:17.835 INFO  c.k.k.core.webui.driver.DriverFactory    - seleniumVersion = 4.39.0
2026-06-07 18:37:17.835 INFO  c.k.k.core.webui.driver.DriverFactory    - proxyInformation = ProxyInformation { proxyOption=NO_PROXY, proxyServerType=HTTP, username=, password=********, proxyServerAddress=, proxyServerPort=0, executionList="", isApplyToDesiredCapabilities=true }
2026-06-07 18:37:17.842 DEBUG testcase.TC_3.3_1                        - 2: navigateToUrl(base + "loginForm.jsp")
2026-06-07 18:37:18.319 DEBUG testcase.TC_3.3_1                        - 3: setText(css("#email"), "t.mansi@studenti.unisa.it")
2026-06-07 18:37:18.320 DEBUG testcase.TC_3.3_1                        - 1: t = new com.kms.katalon.core.testobject.TestObject(sel)
2026-06-07 18:37:17.834 INFO  c.k.k.core.webui.driver.DriverFactory    - sessionId = 9af85de692633f7b4964da680d7889c4
2026-06-07 18:37:17.834 INFO  c.k.k.core.webui.driver.DriverFactory    - browser = Chrome 148.0.7778.179
2026-06-07 18:37:17.834 INFO  c.k.k.core.webui.driver.DriverFactory    - platform = Windows 11
2026-06-07 18:37:17.835 INFO  c.k.k.core.webui.driver.DriverFactory    - seleniumVersion = 4.39.0
2026-06-07 18:37:17.835 INFO  c.k.k.core.webui.driver.DriverFactory    - proxyInformation = ProxyInformation { proxyOption=NO_PROXY, proxyServerType=HTTP, username=, password=********, proxyServerAddress=, proxyServerPort=0, executionList="", isApplyToDesiredCapabilities=true }
2026-06-07 18:37:17.842 DEBUG testcase.TC_3.3_1                        - 2: navigateToUrl(base + "loginForm.jsp")
2026-06-07 18:37:18.319 DEBUG testcase.TC_3.3_1                        - 3: setText(css("#email"), "t.mansi@studenti.unisa.it")
2026-06-07 18:37:18.320 DEBUG testcase.TC_3.3_1                        - 1: t = new com.kms.katalon.core.testobject.TestObject(sel)
2026-06-07 18:37:18.321 DEBUG testcase.TC_3.3_1                        - 2: t.addProperty("css", EQUALS, sel)
2026-06-07 18:37:18.321 DEBUG testcase.TC_3.3_1                        - 3: return t
2026-06-07 18:37:18.864 DEBUG testcase.TC_3.3_1                        - 4: setText(css("#password"), "321CBA.")
2026-06-07 18:37:18.865 DEBUG testcase.TC_3.3_1                        - 1: t = new com.kms.katalon.core.testobject.TestObject(sel)
2026-06-07 18:37:18.865 DEBUG testcase.TC_3.3_1                        - 2: t.addProperty("css", EQUALS, sel)
2026-06-07 18:37:18.865 DEBUG testcase.TC_3.3_1                        - 3: return t
2026-06-07 18:37:19.372 DEBUG testcase.TC_3.3_1                        - 5: click(css("#submit"))
2026-06-07 18:37:19.373 DEBUG testcase.TC_3.3_1                        - 1: t = new com.kms.katalon.core.testobject.TestObject(sel)
2026-06-07 18:37:19.373 DEBUG testcase.TC_3.3_1                        - 2: t.addProperty("css", EQUALS, sel)
2026-06-07 18:37:19.373 DEBUG testcase.TC_3.3_1                        - 3: return t
2026-06-07 18:37:19.661 DEBUG testcase.TC_3.3_1                        - 6: delay(2)
2026-06-07 18:37:21.666 DEBUG testcase.TC_3.3_1                        - 7: navigateToUrl(base + "Utente.jsp")
2026-06-07 18:37:21.724 DEBUG testcase.TC_3.3_1                        - 8: delay(1)
2026-06-07 18:37:22.738 DEBUG testcase.TC_3.3_1                        - 9: click(css("#editPhoneButton"))
2026-06-07 18:37:22.739 DEBUG testcase.TC_3.3_1                        - 1: t = new com.kms.katalon.core.testobject.TestObject(sel)
2026-06-07 18:37:22.740 DEBUG testcase.TC_3.3_1                        - 2: t.addProperty("css", EQUALS, sel)
2026-06-07 18:37:22.740 DEBUG testcase.TC_3.3_1                        - 3: return t
2026-06-07 18:37:23.113 DEBUG testcase.TC_3.3_1                        - 10: delay(1)
2026-06-07 18:37:24.120 DEBUG testcase.TC_3.3_1                        - 11: setText(css("#phoneInput"), "3399998877")
2026-06-07 18:37:24.121 DEBUG testcase.TC_3.3_1                        - 1: t = new com.kms.katalon.core.testobject.TestObject(sel)
2026-06-07 18:37:24.121 DEBUG testcase.TC_3.3_1                        - 2: t.addProperty("css", EQUALS, sel)
2026-06-07 18:37:24.122 DEBUG testcase.TC_3.3_1                        - 3: return t
2026-06-07 18:37:24.820 DEBUG testcase.TC_3.3_1                        - 12: click(css("#submitPhoneButton"))
2026-06-07 18:37:24.821 DEBUG testcase.TC_3.3_1                        - 1: t = new com.kms.katalon.core.testobject.TestObject(sel)
2026-06-07 18:37:24.821 DEBUG testcase.TC_3.3_1                        - 2: t.addProperty("css", EQUALS, sel)
2026-06-07 18:37:24.821 DEBUG testcase.TC_3.3_1                        - 3: return t
2026-06-07 18:37:25.139 DEBUG testcase.TC_3.3_1                        - 13: delay(2)
2026-06-07 18:37:27.150 DEBUG testcase.TC_3.3_1                        - 14: msg = getAlertText()
2026-06-07 18:37:27.158 DEBUG testcase.TC_3.3_1                        - 15: acceptAlert()
2026-06-07 18:37:27.162 DEBUG testcase.TC_3.3_1                        - 16: takeScreenshot()
2026-06-07 18:37:27.696 DEBUG testcase.TC_3.3_1                        - 17: verifyMatch(msg, ".*Numero di cellulare modificato con successo.*", true)
2026-06-07 18:37:27.698 DEBUG testcase.TC_3.3_1                        - 18: closeBrowser()
2026-06-07 18:37:27.864 INFO  c.k.katalon.core.main.TestCaseExecutor   - END Test Cases/Profilo/TC_3.3_1
2026-06-07 18:37:27.866 INFO  c.k.katalon.core.main.TestCaseExecutor   - --------------------
2026-06-07 18:37:27.866 INFO  c.k.katalon.core.main.TestCaseExecutor   - START Test Cases/Profilo/TC_3.3_2
2026-06-07 18:37:27.933 INFO  com.kms.katalon.core.util.KeywordUtil    - Seed ripristinato prima di: Test Cases/Profilo/TC_3.3_2
2026-06-07 18:37:27.970 DEBUG testcase.TC_3.3_2                        - 1: openBrowser("")
2026-06-07 18:37:27.971 INFO  c.k.k.core.webui.driver.DriverFactory    - Starting 'Chrome' driver
2026-06-07 18:37:27.972 INFO  c.k.k.core.webui.driver.DriverFactory    - Action delay is set to 0 milliseconds
2026-06-07 18:37:28.646 INFO  c.k.k.core.webui.driver.DriverFactory    - sessionId = 5d891667e5ba171bdabeabfa67113806
2026-06-07 18:37:28.647 INFO  c.k.k.core.webui.driver.DriverFactory    - browser = Chrome 148.0.7778.179
2026-06-07 18:37:28.647 INFO  c.k.k.core.webui.driver.DriverFactory    - platform = Windows 11
2026-06-07 18:37:28.647 INFO  c.k.k.core.webui.driver.DriverFactory    - seleniumVersion = 4.39.0
2026-06-07 18:37:28.647 INFO  c.k.k.core.webui.driver.DriverFactory    - proxyInformation = ProxyInformation { proxyOption=NO_PROXY, proxyServerType=HTTP, username=, password=********, proxyServerAddress=, proxyServerPort=0, executionList="", isApplyToDesiredCapabilities=true }
2026-06-07 18:37:28.654 DEBUG testcase.TC_3.3_2                        - 2: navigateToUrl(base + "loginForm.jsp")
2026-06-07 18:37:29.464 DEBUG testcase.TC_3.3_2                        - 3: setText(css("#email"), "t.mansi@studenti.unisa.it")
2026-06-07 18:37:29.465 DEBUG testcase.TC_3.3_2                        - 1: t = new com.kms.katalon.core.testobject.TestObject(sel)
2026-06-07 18:37:29.466 DEBUG testcase.TC_3.3_2                        - 2: t.addProperty("css", EQUALS, sel)
2026-06-07 18:37:29.466 DEBUG testcase.TC_3.3_2                        - 3: return t
2026-06-07 18:37:30.013 DEBUG testcase.TC_3.3_2                        - 4: setText(css("#password"), "321CBA.")
2026-06-07 18:37:30.013 DEBUG testcase.TC_3.3_2                        - 1: t = new com.kms.katalon.core.testobject.TestObject(sel)
2026-06-07 18:37:30.013 DEBUG testcase.TC_3.3_2                        - 2: t.addProperty("css", EQUALS, sel)
2026-06-07 18:37:30.014 DEBUG testcase.TC_3.3_2                        - 3: return t
2026-06-07 18:37:30.546 DEBUG testcase.TC_3.3_2                        - 5: click(css("#submit"))
2026-06-07 18:37:30.546 DEBUG testcase.TC_3.3_2                        - 1: t = new com.kms.katalon.core.testobject.TestObject(sel)
2026-06-07 18:37:30.546 DEBUG testcase.TC_3.3_2                        - 2: t.addProperty("css", EQUALS, sel)
2026-06-07 18:37:30.547 DEBUG testcase.TC_3.3_2                        - 3: return t
2026-06-07 18:37:30.845 DEBUG testcase.TC_3.3_2                        - 6: delay(2)
2026-06-07 18:37:32.848 DEBUG testcase.TC_3.3_2                        - 7: navigateToUrl(base + "Utente.jsp")
2026-06-07 18:37:32.910 DEBUG testcase.TC_3.3_2                        - 8: delay(1)
2026-06-07 18:37:33.918 DEBUG testcase.TC_3.3_2                        - 9: click(css("#editPhoneButton"))
2026-06-07 18:37:33.919 DEBUG testcase.TC_3.3_2                        - 1: t = new com.kms.katalon.core.testobject.TestObject(sel)
2026-06-07 18:37:33.920 DEBUG testcase.TC_3.3_2                        - 2: t.addProperty("css", EQUALS, sel)
2026-06-07 18:37:33.921 DEBUG testcase.TC_3.3_2                        - 3: return t
2026-06-07 18:37:34.253 DEBUG testcase.TC_3.3_2                        - 10: delay(1)
2026-06-07 18:37:35.269 DEBUG testcase.TC_3.3_2                        - 11: setText(css("#phoneInput"), "")
2026-06-07 18:37:35.270 DEBUG testcase.TC_3.3_2                        - 1: t = new com.kms.katalon.core.testobject.TestObject(sel)
2026-06-07 18:37:35.270 DEBUG testcase.TC_3.3_2                        - 2: t.addProperty("css", EQUALS, sel)
2026-06-07 18:37:35.272 DEBUG testcase.TC_3.3_2                        - 3: return t
2026-06-07 18:37:35.890 DEBUG testcase.TC_3.3_2                        - 12: click(css("#submitPhoneButton"))
2026-06-07 18:37:35.890 DEBUG testcase.TC_3.3_2                        - 1: t = new com.kms.katalon.core.testobject.TestObject(sel)
2026-06-07 18:37:35.890 DEBUG testcase.TC_3.3_2                        - 2: t.addProperty("css", EQUALS, sel)
2026-06-07 18:37:35.891 DEBUG testcase.TC_3.3_2                        - 3: return t
2026-06-07 18:37:36.187 DEBUG testcase.TC_3.3_2                        - 13: delay(2)
2026-06-07 18:37:38.198 DEBUG testcase.TC_3.3_2                        - 14: msg = getAlertText()
2026-06-07 18:37:38.215 DEBUG testcase.TC_3.3_2                        - 15: acceptAlert()
2026-06-07 18:37:38.224 DEBUG testcase.TC_3.3_2                        - 16: takeScreenshot()
2026-06-07 18:37:38.537 DEBUG testcase.TC_3.3_2                        - 17: verifyNotMatch(msg, ".*Numero di cellulare modificato con successo.*", true, CONTINUE_ON_FAILURE)
2026-06-07 18:37:38.538 ERROR c.k.k.core.keyword.internal.KeywordMain  - ❌ Unable to verify not match between actual text 'Numero di cellulare modificato con successo!' and expected text '.*Numero di cellulare modificato con successo.*'  using regular expression (Root cause: com.kms.katalon.core.exception.StepFailedException: Actual text 'Numero di cellulare modificato con successo!' and expected text '.*Numero di cellulare modificato con successo.*' are matched  using regular expression, but expected not to be matched
	at com.kms.katalon.core.keyword.builtin.VerifyNotMatchKeyword$_verifyNotMatch_closure1.doCall(VerifyNotMatchKeyword.groovy:54)
	at com.kms.katalon.core.keyword.builtin.VerifyNotMatchKeyword$_verifyNotMatch_closure1.call(VerifyNotMatchKeyword.groovy)
	at com.kms.katalon.core.keyword.internal.KeywordMain.runKeyword(KeywordMain.groovy:75)
	at com.kms.katalon.core.keyword.builtin.VerifyNotMatchKeyword.verifyNotMatch(VerifyNotMatchKeyword.groovy:60)
	at com.kms.katalon.core.keyword.builtin.VerifyNotMatchKeyword.execute(VerifyNotMatchKeyword.groovy:45)
	at com.kms.katalon.core.keyword.internal.KeywordExecutor.executeKeywordForPlatform(KeywordExecutor.groovy:103)
	at com.kms.katalon.core.keyword.BuiltinKeywords.verifyNotMatch(BuiltinKeywords.groovy:81)
	at java.base/jdk.internal.reflect.DirectMethodHandleAccessor.invoke(DirectMethodHandleAccessor.java:103)
	at Script178060030302.run(Script178060030302.groovy:33)
	at com.kms.katalon.core.main.ScriptEngine.run(ScriptEngine.java:203)
	at com.kms.katalon.core.main.ScriptEngine.runScriptAsRawText(ScriptEngine.java:115)
	at com.kms.katalon.core.main.TestCaseExecutor.runScript(TestCaseExecutor.java:506)
	at com.kms.katalon.core.main.TestCaseExecutor.doExecute(TestCaseExecutor.java:497)
	at com.kms.katalon.core.main.TestCaseExecutor.processExecutionPhase(TestCaseExecutor.java:476)
	at com.kms.katalon.core.main.TestCaseExecutor.accessMainPhase(TestCaseExecutor.java:468)
	at com.kms.katalon.core.main.TestCaseExecutor.execute(TestCaseExecutor.java:334)
	at com.kms.katalon.core.common.CommonExecutor.accessTestCaseMainPhase(CommonExecutor.java:71)
	at com.kms.katalon.core.main.TestSuiteExecutor.accessTestSuiteMainPhase(TestSuiteExecutor.java:153)
	at com.kms.katalon.core.main.TestSuiteExecutor.execute(TestSuiteExecutor.java:110)
	at com.kms.katalon.core.main.TestCaseMain.startTestSuite(TestCaseMain.java:206)
	at S0607_0.run(S0607_0.groovy:40)
	at java.base/jdk.internal.reflect.DirectMethodHandleAccessor.invoke(DirectMethodHandleAccessor.java:103)
)
2026-06-07 18:37:38.539 DEBUG testcase.TC_3.3_2                        - 18: closeBrowser()
2026-06-07 18:37:38.726 ERROR c.k.katalon.core.main.TestCaseExecutor   - ❌ Test Cases/Profilo/TC_3.3_2 FAILED.
Reason:
com.kms.katalon.core.exception.StepFailedException: Unable to verify not match between actual text 'Numero di cellulare modificato con successo!' and expected text '.*Numero di cellulare modificato con successo.*'  using regular expression (Root cause: com.kms.katalon.core.exception.StepFailedException: Actual text 'Numero di cellulare modificato con successo!' and expected text '.*Numero di cellulare modificato con successo.*' are matched  using regular expression, but expected not to be matched
	at com.kms.katalon.core.keyword.builtin.VerifyNotMatchKeyword$_verifyNotMatch_closure1.doCall(VerifyNotMatchKeyword.groovy:54)
	at com.kms.katalon.core.keyword.builtin.VerifyNotMatchKeyword$_verifyNotMatch_closure1.call(VerifyNotMatchKeyword.groovy)
	at com.kms.katalon.core.keyword.internal.KeywordMain.runKeyword(KeywordMain.groovy:75)
	at com.kms.katalon.core.keyword.builtin.VerifyNotMatchKeyword.verifyNotMatch(VerifyNotMatchKeyword.groovy:60)
	at com.kms.katalon.core.keyword.builtin.VerifyNotMatchKeyword.execute(VerifyNotMatchKeyword.groovy:45)
	at com.kms.katalon.core.keyword.internal.KeywordExecutor.executeKeywordForPlatform(KeywordExecutor.groovy:103)
	at com.kms.katalon.core.keyword.BuiltinKeywords.verifyNotMatch(BuiltinKeywords.groovy:81)
	at java.base/jdk.internal.reflect.DirectMethodHandleAccessor.invoke(DirectMethodHandleAccessor.java:103)
	at Script178060030302.run(Script178060030302.groovy:33)
	at com.kms.katalon.core.main.ScriptEngine.run(ScriptEngine.java:203)
	at com.kms.katalon.core.main.ScriptEngine.runScriptAsRawText(ScriptEngine.java:115)
	at com.kms.katalon.core.main.TestCaseExecutor.runScript(TestCaseExecutor.java:506)
	at com.kms.katalon.core.main.TestCaseExecutor.doExecute(TestCaseExecutor.java:497)
	at com.kms.katalon.core.main.TestCaseExecutor.processExecutionPhase(TestCaseExecutor.java:476)
	at com.kms.katalon.core.main.TestCaseExecutor.accessMainPhase(TestCaseExecutor.java:468)
	at com.kms.katalon.core.main.TestCaseExecutor.execute(TestCaseExecutor.java:334)
	at com.kms.katalon.core.common.CommonExecutor.accessTestCaseMainPhase(CommonExecutor.java:71)
	at com.kms.katalon.core.main.TestSuiteExecutor.accessTestSuiteMainPhase(TestSuiteExecutor.java:153)
	at com.kms.katalon.core.main.TestSuiteExecutor.execute(TestSuiteExecutor.java:110)
	at com.kms.katalon.core.main.TestCaseMain.startTestSuite(TestCaseMain.java:206)
	at S0607_0.run(S0607_0.groovy:40)
	at java.base/jdk.internal.reflect.DirectMethodHandleAccessor.invoke(DirectMethodHandleAccessor.java:103)
)
	at com.kms.katalon.core.keyword.internal.KeywordMain.stepFailed(KeywordMain.groovy:39)
	at com.kms.katalon.core.keyword.internal.KeywordMain.stepFailed(KeywordMain.groovy)
	at com.kms.katalon.core.keyword.internal.KeywordMain.runKeyword(KeywordMain.groovy:77)
	at com.kms.katalon.core.keyword.builtin.VerifyNotMatchKeyword.verifyNotMatch(VerifyNotMatchKeyword.groovy:60)
	at com.kms.katalon.core.keyword.builtin.VerifyNotMatchKeyword.execute(VerifyNotMatchKeyword.groovy:45)
	at com.kms.katalon.core.keyword.internal.KeywordExecutor.executeKeywordForPlatform(KeywordExecutor.groovy:103)
	at com.kms.katalon.core.keyword.BuiltinKeywords.verifyNotMatch(BuiltinKeywords.groovy:81)
	at java.base/jdk.internal.reflect.DirectMethodHandleAccessor.invoke(DirectMethodHandleAccessor.java:103)
	at Script178060030302.run(Script178060030302.groovy:33)
	at com.kms.katalon.core.main.ScriptEngine.run(ScriptEngine.java:203)
	at com.kms.katalon.core.main.ScriptEngine.runScriptAsRawText(ScriptEngine.java:115)
	at com.kms.katalon.core.main.TestCaseExecutor.runScript(TestCaseExecutor.java:506)
	at com.kms.katalon.core.main.TestCaseExecutor.doExecute(TestCaseExecutor.java:497)
	at com.kms.katalon.core.main.TestCaseExecutor.processExecutionPhase(TestCaseExecutor.java:476)
	at com.kms.katalon.core.main.TestCaseExecutor.accessMainPhase(TestCaseExecutor.java:468)
	at com.kms.katalon.core.main.TestCaseExecutor.execute(TestCaseExecutor.java:334)
	at com.kms.katalon.core.common.CommonExecutor.accessTestCaseMainPhase(CommonExecutor.java:71)
	at com.kms.katalon.core.main.TestSuiteExecutor.accessTestSuiteMainPhase(TestSuiteExecutor.java:153)
	at com.kms.katalon.core.main.TestSuiteExecutor.execute(TestSuiteExecutor.java:110)
	at com.kms.katalon.core.main.TestCaseMain.startTestSuite(TestCaseMain.java:206)
	at S0607_0.run(S0607_0.groovy:40)
	at java.base/jdk.internal.reflect.DirectMethodHandleAccessor.invoke(DirectMethodHandleAccessor.java:103)
Caused by: com.kms.katalon.core.exception.StepFailedException: Actual text 'Numero di cellulare modificato con successo!' and expected text '.*Numero di cellulare modificato con successo.*' are matched  using regular expression, but expected not to be matched
	at com.kms.katalon.core.keyword.builtin.VerifyNotMatchKeyword$_verifyNotMatch_closure1.doCall(VerifyNotMatchKeyword.groovy:54)
	at com.kms.katalon.core.keyword.builtin.VerifyNotMatchKeyword$_verifyNotMatch_closure1.call(VerifyNotMatchKeyword.groovy)
	at com.kms.katalon.core.keyword.internal.KeywordMain.runKeyword(KeywordMain.groovy:75)
	... 19 more

2026-06-07 18:37:38.727 INFO  c.k.katalon.core.main.TestCaseExecutor   - END Test Cases/Profilo/TC_3.3_2
2026-06-07 18:37:38.730 INFO  c.k.katalon.core.main.TestCaseExecutor   - --------------------
2026-06-07 18:37:38.730 INFO  c.k.katalon.core.main.TestCaseExecutor   - START Test Cases/Profilo/TC_3.3_3
2026-06-07 18:37:38.804 INFO  com.kms.katalon.core.util.KeywordUtil    - Seed ripristinato prima di: Test Cases/Profilo/TC_3.3_3
2026-06-07 18:37:38.841 DEBUG testcase.TC_3.3_3                        - 1: openBrowser("")
2026-06-07 18:37:38.842 INFO  c.k.k.core.webui.driver.DriverFactory    - Starting 'Chrome' driver
2026-06-07 18:37:38.843 INFO  c.k.k.core.webui.driver.DriverFactory    - Action delay is set to 0 milliseconds
2026-06-07 18:37:39.505 INFO  c.k.k.core.webui.driver.DriverFactory    - sessionId = 3419424bb09d3b2370ca2c05a4d308b3
2026-06-07 18:37:39.506 INFO  c.k.k.core.webui.driver.DriverFactory    - browser = Chrome 148.0.7778.179
2026-06-07 18:37:39.506 INFO  c.k.k.core.webui.driver.DriverFactory    - platform = Windows 11
2026-06-07 18:37:39.506 INFO  c.k.k.core.webui.driver.DriverFactory    - seleniumVersion = 4.39.0
2026-06-07 18:37:39.506 INFO  c.k.k.core.webui.driver.DriverFactory    - proxyInformation = ProxyInformation { proxyOption=NO_PROXY, proxyServerType=HTTP, username=, password=********, proxyServerAddress=, proxyServerPort=0, executionList="", isApplyToDesiredCapabilities=true }
2026-06-07 18:37:39.517 DEBUG testcase.TC_3.3_3                        - 2: navigateToUrl(base + "loginForm.jsp")
2026-06-07 18:37:39.918 DEBUG testcase.TC_3.3_3                        - 3: setText(css("#email"), "t.mansi@studenti.unisa.it")
2026-06-07 18:37:39.920 DEBUG testcase.TC_3.3_3                        - 1: t = new com.kms.katalon.core.testobject.TestObject(sel)
2026-06-07 18:37:39.921 DEBUG testcase.TC_3.3_3                        - 2: t.addProperty("css", EQUALS, sel)
2026-06-07 18:37:39.922 DEBUG testcase.TC_3.3_3                        - 3: return t
2026-06-07 18:37:40.470 DEBUG testcase.TC_3.3_3                        - 4: setText(css("#password"), "321CBA.")
2026-06-07 18:37:40.470 DEBUG testcase.TC_3.3_3                        - 1: t = new com.kms.katalon.core.testobject.TestObject(sel)
2026-06-07 18:37:40.470 DEBUG testcase.TC_3.3_3                        - 2: t.addProperty("css", EQUALS, sel)
2026-06-07 18:37:40.470 DEBUG testcase.TC_3.3_3                        - 3: return t
2026-06-07 18:37:40.990 DEBUG testcase.TC_3.3_3                        - 5: click(css("#submit"))
2026-06-07 18:37:40.990 DEBUG testcase.TC_3.3_3                        - 1: t = new com.kms.katalon.core.testobject.TestObject(sel)
2026-06-07 18:37:40.991 DEBUG testcase.TC_3.3_3                        - 2: t.addProperty("css", EQUALS, sel)
2026-06-07 18:37:40.991 DEBUG testcase.TC_3.3_3                        - 3: return t
2026-06-07 18:37:41.295 DEBUG testcase.TC_3.3_3                        - 6: delay(2)
2026-06-07 18:37:43.301 DEBUG testcase.TC_3.3_3                        - 7: navigateToUrl(base + "Utente.jsp")
2026-06-07 18:37:43.362 DEBUG testcase.TC_3.3_3                        - 8: delay(1)
2026-06-07 18:37:44.377 DEBUG testcase.TC_3.3_3                        - 9: click(css("#editPhoneButton"))
2026-06-07 18:37:44.378 DEBUG testcase.TC_3.3_3                        - 1: t = new com.kms.katalon.core.testobject.TestObject(sel)
2026-06-07 18:37:44.379 DEBUG testcase.TC_3.3_3                        - 2: t.addProperty("css", EQUALS, sel)
2026-06-07 18:37:44.381 DEBUG testcase.TC_3.3_3                        - 3: return t
2026-06-07 18:37:44.705 DEBUG testcase.TC_3.3_3                        - 10: delay(1)
2026-06-07 18:37:45.721 DEBUG testcase.TC_3.3_3                        - 11: setText(css("#phoneInput"), "   ")
2026-06-07 18:37:45.722 DEBUG testcase.TC_3.3_3                        - 1: t = new com.kms.katalon.core.testobject.TestObject(sel)
2026-06-07 18:37:45.723 DEBUG testcase.TC_3.3_3                        - 2: t.addProperty("css", EQUALS, sel)
2026-06-07 18:37:45.723 DEBUG testcase.TC_3.3_3                        - 3: return t
2026-06-07 18:37:46.351 DEBUG testcase.TC_3.3_3                        - 12: click(css("#submitPhoneButton"))
2026-06-07 18:37:46.351 DEBUG testcase.TC_3.3_3                        - 1: t = new com.kms.katalon.core.testobject.TestObject(sel)
2026-06-07 18:37:46.351 DEBUG testcase.TC_3.3_3                        - 2: t.addProperty("css", EQUALS, sel)
2026-06-07 18:37:46.352 DEBUG testcase.TC_3.3_3                        - 3: return t
2026-06-07 18:37:46.667 DEBUG testcase.TC_3.3_3                        - 13: delay(2)
2026-06-07 18:37:48.678 DEBUG testcase.TC_3.3_3                        - 14: msg = getAlertText()
2026-06-07 18:37:48.696 DEBUG testcase.TC_3.3_3                        - 15: acceptAlert()
2026-06-07 18:37:48.705 DEBUG testcase.TC_3.3_3                        - 16: takeScreenshot()
2026-06-07 18:37:49.263 DEBUG testcase.TC_3.3_3                        - 17: verifyNotMatch(msg, ".*Numero di cellulare modificato con successo.*", true, CONTINUE_ON_FAILURE)
2026-06-07 18:37:49.264 ERROR c.k.k.core.keyword.internal.KeywordMain  - ❌ Unable to verify not match between actual text 'Numero di cellulare modificato con successo!' and expected text '.*Numero di cellulare modificato con successo.*'  using regular expression (Root cause: com.kms.katalon.core.exception.StepFailedException: Actual text 'Numero di cellulare modificato con successo!' and expected text '.*Numero di cellulare modificato con successo.*' are matched  using regular expression, but expected not to be matched
	at com.kms.katalon.core.keyword.builtin.VerifyNotMatchKeyword$_verifyNotMatch_closure1.doCall(VerifyNotMatchKeyword.groovy:54)
	at com.kms.katalon.core.keyword.builtin.VerifyNotMatchKeyword$_verifyNotMatch_closure1.call(VerifyNotMatchKeyword.groovy)
	at com.kms.katalon.core.keyword.internal.KeywordMain.runKeyword(KeywordMain.groovy:75)
	at com.kms.katalon.core.keyword.builtin.VerifyNotMatchKeyword.verifyNotMatch(VerifyNotMatchKeyword.groovy:60)
	at com.kms.katalon.core.keyword.builtin.VerifyNotMatchKeyword.execute(VerifyNotMatchKeyword.groovy:45)
	at com.kms.katalon.core.keyword.internal.KeywordExecutor.executeKeywordForPlatform(KeywordExecutor.groovy:103)
	at com.kms.katalon.core.keyword.BuiltinKeywords.verifyNotMatch(BuiltinKeywords.groovy:81)
	at java.base/jdk.internal.reflect.DirectMethodHandleAccessor.invoke(DirectMethodHandleAccessor.java:103)
	at Script178060030303.run(Script178060030303.groovy:33)
	at com.kms.katalon.core.main.ScriptEngine.run(ScriptEngine.java:203)
	at com.kms.katalon.core.main.ScriptEngine.runScriptAsRawText(ScriptEngine.java:115)
	at com.kms.katalon.core.main.TestCaseExecutor.runScript(TestCaseExecutor.java:506)
	at com.kms.katalon.core.main.TestCaseExecutor.doExecute(TestCaseExecutor.java:497)
	at com.kms.katalon.core.main.TestCaseExecutor.processExecutionPhase(TestCaseExecutor.java:476)
	at com.kms.katalon.core.main.TestCaseExecutor.accessMainPhase(TestCaseExecutor.java:468)
	at com.kms.katalon.core.main.TestCaseExecutor.execute(TestCaseExecutor.java:334)
	at com.kms.katalon.core.common.CommonExecutor.accessTestCaseMainPhase(CommonExecutor.java:71)
	at com.kms.katalon.core.main.TestSuiteExecutor.accessTestSuiteMainPhase(TestSuiteExecutor.java:153)
	at com.kms.katalon.core.main.TestSuiteExecutor.execute(TestSuiteExecutor.java:110)
	at com.kms.katalon.core.main.TestCaseMain.startTestSuite(TestCaseMain.java:206)
	at S0607_0.run(S0607_0.groovy:40)
	at java.base/jdk.internal.reflect.DirectMethodHandleAccessor.invoke(DirectMethodHandleAccessor.java:103)
)
2026-06-07 18:37:49.264 DEBUG testcase.TC_3.3_3                        - 18: closeBrowser()
2026-06-07 18:37:49.398 ERROR c.k.katalon.core.main.TestCaseExecutor   - ❌ Test Cases/Profilo/TC_3.3_3 FAILED.
Reason:
com.kms.katalon.core.exception.StepFailedException: Unable to verify not match between actual text 'Numero di cellulare modificato con successo!' and expected text '.*Numero di cellulare modificato con successo.*'  using regular expression (Root cause: com.kms.katalon.core.exception.StepFailedException: Actual text 'Numero di cellulare modificato con successo!' and expected text '.*Numero di cellulare modificato con successo.*' are matched  using regular expression, but expected not to be matched
	at com.kms.katalon.core.keyword.builtin.VerifyNotMatchKeyword$_verifyNotMatch_closure1.doCall(VerifyNotMatchKeyword.groovy:54)
	at com.kms.katalon.core.keyword.builtin.VerifyNotMatchKeyword$_verifyNotMatch_closure1.call(VerifyNotMatchKeyword.groovy)
	at com.kms.katalon.core.keyword.internal.KeywordMain.runKeyword(KeywordMain.groovy:75)
	at com.kms.katalon.core.keyword.builtin.VerifyNotMatchKeyword.verifyNotMatch(VerifyNotMatchKeyword.groovy:60)
	at com.kms.katalon.core.keyword.builtin.VerifyNotMatchKeyword.execute(VerifyNotMatchKeyword.groovy:45)
	at com.kms.katalon.core.keyword.internal.KeywordExecutor.executeKeywordForPlatform(KeywordExecutor.groovy:103)
	at com.kms.katalon.core.keyword.BuiltinKeywords.verifyNotMatch(BuiltinKeywords.groovy:81)
	at java.base/jdk.internal.reflect.DirectMethodHandleAccessor.invoke(DirectMethodHandleAccessor.java:103)
	at Script178060030303.run(Script178060030303.groovy:33)
	at com.kms.katalon.core.main.ScriptEngine.run(ScriptEngine.java:203)
	at com.kms.katalon.core.main.ScriptEngine.runScriptAsRawText(ScriptEngine.java:115)
	at com.kms.katalon.core.main.TestCaseExecutor.runScript(TestCaseExecutor.java:506)
	at com.kms.katalon.core.main.TestCaseExecutor.doExecute(TestCaseExecutor.java:497)
	at com.kms.katalon.core.main.TestCaseExecutor.processExecutionPhase(TestCaseExecutor.java:476)
	at com.kms.katalon.core.main.TestCaseExecutor.accessMainPhase(TestCaseExecutor.java:468)
	at com.kms.katalon.core.main.TestCaseExecutor.execute(TestCaseExecutor.java:334)
	at com.kms.katalon.core.common.CommonExecutor.accessTestCaseMainPhase(CommonExecutor.java:71)
	at com.kms.katalon.core.main.TestSuiteExecutor.accessTestSuiteMainPhase(TestSuiteExecutor.java:153)
	at com.kms.katalon.core.main.TestSuiteExecutor.execute(TestSuiteExecutor.java:110)
	at com.kms.katalon.core.main.TestCaseMain.startTestSuite(TestCaseMain.java:206)
	at S0607_0.run(S0607_0.groovy:40)
	at java.base/jdk.internal.reflect.DirectMethodHandleAccessor.invoke(DirectMethodHandleAccessor.java:103)
)
	at com.kms.katalon.core.keyword.internal.KeywordMain.stepFailed(KeywordMain.groovy:39)
	at com.kms.katalon.core.keyword.internal.KeywordMain.stepFailed(KeywordMain.groovy)
	at com.kms.katalon.core.keyword.internal.KeywordMain.runKeyword(KeywordMain.groovy:77)
	at com.kms.katalon.core.keyword.builtin.VerifyNotMatchKeyword.verifyNotMatch(VerifyNotMatchKeyword.groovy:60)
	at com.kms.katalon.core.keyword.builtin.VerifyNotMatchKeyword.execute(VerifyNotMatchKeyword.groovy:45)
	at com.kms.katalon.core.keyword.internal.KeywordExecutor.executeKeywordForPlatform(KeywordExecutor.groovy:103)
	at com.kms.katalon.core.keyword.BuiltinKeywords.verifyNotMatch(BuiltinKeywords.groovy:81)
	at java.base/jdk.internal.reflect.DirectMethodHandleAccessor.invoke(DirectMethodHandleAccessor.java:103)
	at Script178060030303.run(Script178060030303.groovy:33)
	at com.kms.katalon.core.main.ScriptEngine.run(ScriptEngine.java:203)
	at com.kms.katalon.core.main.ScriptEngine.runScriptAsRawText(ScriptEngine.java:115)
	at com.kms.katalon.core.main.TestCaseExecutor.runScript(TestCaseExecutor.java:506)
	at com.kms.katalon.core.main.TestCaseExecutor.doExecute(TestCaseExecutor.java:497)
	at com.kms.katalon.core.main.TestCaseExecutor.processExecutionPhase(TestCaseExecutor.java:476)
	at com.kms.katalon.core.main.TestCaseExecutor.accessMainPhase(TestCaseExecutor.java:468)
	at com.kms.katalon.core.main.TestCaseExecutor.execute(TestCaseExecutor.java:334)
	at com.kms.katalon.core.common.CommonExecutor.accessTestCaseMainPhase(CommonExecutor.java:71)
	at com.kms.katalon.core.main.TestSuiteExecutor.accessTestSuiteMainPhase(TestSuiteExecutor.java:153)
	at com.kms.katalon.core.main.TestSuiteExecutor.execute(TestSuiteExecutor.java:110)
	at com.kms.katalon.core.main.TestCaseMain.startTestSuite(TestCaseMain.java:206)
	at S0607_0.run(S0607_0.groovy:40)
	at java.base/jdk.internal.reflect.DirectMethodHandleAccessor.invoke(DirectMethodHandleAccessor.java:103)
Caused by: com.kms.katalon.core.exception.StepFailedException: Actual text 'Numero di cellulare modificato con successo!' and expected text '.*Numero di cellulare modificato con successo.*' are matched  using regular expression, but expected not to be matched
	at com.kms.katalon.core.keyword.builtin.VerifyNotMatchKeyword$_verifyNotMatch_closure1.doCall(VerifyNotMatchKeyword.groovy:54)
	at com.kms.katalon.core.keyword.builtin.VerifyNotMatchKeyword$_verifyNotMatch_closure1.call(VerifyNotMatchKeyword.groovy)
	at com.kms.katalon.core.keyword.internal.KeywordMain.runKeyword(KeywordMain.groovy:75)
	... 19 more

2026-06-07 18:37:49.399 INFO  c.k.katalon.core.main.TestCaseExecutor   - END Test Cases/Profilo/TC_3.3_3
2026-06-07 18:37:49.400 INFO  c.k.katalon.core.main.TestCaseExecutor   - --------------------
2026-06-07 18:37:49.400 INFO  c.k.katalon.core.main.TestCaseExecutor   - START Test Cases/Profilo/TC_3.4_1
2026-06-07 18:37:49.472 INFO  com.kms.katalon.core.util.KeywordUtil    - Seed ripristinato prima di: Test Cases/Profilo/TC_3.4_1
2026-06-07 18:37:49.505 DEBUG testcase.TC_3.4_1                        - 1: openBrowser("")
2026-06-07 18:37:49.505 INFO  c.k.k.core.webui.driver.DriverFactory    - Starting 'Chrome' driver
2026-06-07 18:37:49.506 INFO  c.k.k.core.webui.driver.DriverFactory    - Action delay is set to 0 milliseconds
2026-06-07 18:37:50.157 INFO  c.k.k.core.webui.driver.DriverFactory    - sessionId = 5c1dc18e0ee3107a224a36ab6e46ed14
2026-06-07 18:37:50.158 INFO  c.k.k.core.webui.driver.DriverFactory    - browser = Chrome 148.0.7778.179
2026-06-07 18:37:50.158 INFO  c.k.k.core.webui.driver.DriverFactory    - platform = Windows 11
2026-06-07 18:37:50.158 INFO  c.k.k.core.webui.driver.DriverFactory    - seleniumVersion = 4.39.0
2026-06-07 18:37:50.158 INFO  c.k.k.core.webui.driver.DriverFactory    - proxyInformation = ProxyInformation { proxyOption=NO_PROXY, proxyServerType=HTTP, username=, password=********, proxyServerAddress=, proxyServerPort=0, executionList="", isApplyToDesiredCapabilities=true }
2026-06-07 18:37:50.164 DEBUG testcase.TC_3.4_1                        - 2: navigateToUrl(base + "loginForm.jsp")
2026-06-07 18:37:50.634 DEBUG testcase.TC_3.4_1                        - 3: setText(css("#email"), "t.mansi@studenti.unisa.it")
2026-06-07 18:37:50.635 DEBUG testcase.TC_3.4_1                        - 1: t = new com.kms.katalon.core.testobject.TestObject(sel)
2026-06-07 18:37:50.635 DEBUG testcase.TC_3.4_1                        - 2: t.addProperty("css", EQUALS, sel)
2026-06-07 18:37:50.636 DEBUG testcase.TC_3.4_1                        - 3: return t
2026-06-07 18:37:51.170 DEBUG testcase.TC_3.4_1                        - 4: setText(css("#password"), "321CBA.")
2026-06-07 18:37:51.170 DEBUG testcase.TC_3.4_1                        - 1: t = new com.kms.katalon.core.testobject.TestObject(sel)
2026-06-07 18:37:51.170 DEBUG testcase.TC_3.4_1                        - 2: t.addProperty("css", EQUALS, sel)
2026-06-07 18:37:51.172 DEBUG testcase.TC_3.4_1                        - 3: return t
2026-06-07 18:37:51.684 DEBUG testcase.TC_3.4_1                        - 5: click(css("#submit"))
2026-06-07 18:37:51.684 DEBUG testcase.TC_3.4_1                        - 1: t = new com.kms.katalon.core.testobject.TestObject(sel)
2026-06-07 18:37:51.684 DEBUG testcase.TC_3.4_1                        - 2: t.addProperty("css", EQUALS, sel)
2026-06-07 18:37:51.684 DEBUG testcase.TC_3.4_1                        - 3: return t
2026-06-07 18:37:51.960 DEBUG testcase.TC_3.4_1                        - 6: delay(2)
2026-06-07 18:37:53.973 DEBUG testcase.TC_3.4_1                        - 7: navigateToUrl(base + "Utente.jsp")
2026-06-07 18:37:54.029 DEBUG testcase.TC_3.4_1                        - 8: delay(1)
2026-06-07 18:37:55.038 DEBUG testcase.TC_3.4_1                        - 9: click(css("#editPasswordButton"))
2026-06-07 18:37:55.040 DEBUG testcase.TC_3.4_1                        - 1: t = new com.kms.katalon.core.testobject.TestObject(sel)
2026-06-07 18:37:55.040 DEBUG testcase.TC_3.4_1                        - 2: t.addProperty("css", EQUALS, sel)
2026-06-07 18:37:55.041 DEBUG testcase.TC_3.4_1                        - 3: return t
2026-06-07 18:37:55.353 DEBUG testcase.TC_3.4_1                        - 10: delay(1)
2026-06-07 18:37:56.356 DEBUG testcase.TC_3.4_1                        - 11: setText(css("#oldPasswordInput"), "321CBA.")
2026-06-07 18:37:56.357 DEBUG testcase.TC_3.4_1                        - 1: t = new com.kms.katalon.core.testobject.TestObject(sel)
2026-06-07 18:37:56.357 DEBUG testcase.TC_3.4_1                        - 2: t.addProperty("css", EQUALS, sel)
2026-06-07 18:37:56.358 DEBUG testcase.TC_3.4_1                        - 3: return t
2026-06-07 18:37:57.001 DEBUG testcase.TC_3.4_1                        - 12: setText(css("#newPasswordInput"), "NuovaPass1")
2026-06-07 18:37:57.001 DEBUG testcase.TC_3.4_1                        - 1: t = new com.kms.katalon.core.testobject.TestObject(sel)
2026-06-07 18:37:57.001 DEBUG testcase.TC_3.4_1                        - 2: t.addProperty("css", EQUALS, sel)
2026-06-07 18:37:57.002 DEBUG testcase.TC_3.4_1                        - 3: return t
2026-06-07 18:37:57.610 DEBUG testcase.TC_3.4_1                        - 13: click(css("#submitPasswordButton"))
2026-06-07 18:37:57.611 DEBUG testcase.TC_3.4_1                        - 1: t = new com.kms.katalon.core.testobject.TestObject(sel)
2026-06-07 18:37:57.611 DEBUG testcase.TC_3.4_1                        - 2: t.addProperty("css", EQUALS, sel)
2026-06-07 18:37:57.611 DEBUG testcase.TC_3.4_1                        - 3: return t
2026-06-07 18:37:57.882 DEBUG testcase.TC_3.4_1                        - 14: delay(2)
2026-06-07 18:37:59.886 DEBUG testcase.TC_3.4_1                        - 15: msg = getAlertText()
2026-06-07 18:37:59.910 DEBUG testcase.TC_3.4_1                        - 16: acceptAlert()
2026-06-07 18:37:59.917 DEBUG testcase.TC_3.4_1                        - 17: takeScreenshot()
2026-06-07 18:38:00.243 DEBUG testcase.TC_3.4_1                        - 18: verifyMatch(msg, ".*Password modificata con successo.*", true)
2026-06-07 18:38:00.244 DEBUG testcase.TC_3.4_1                        - 19: closeBrowser()
2026-06-07 18:38:00.410 INFO  c.k.katalon.core.main.TestCaseExecutor   - END Test Cases/Profilo/TC_3.4_1
2026-06-07 18:38:00.411 INFO  c.k.katalon.core.main.TestCaseExecutor   - --------------------
2026-06-07 18:38:00.411 INFO  c.k.katalon.core.main.TestCaseExecutor   - START Test Cases/Profilo/TC_3.4_2
2026-06-07 18:38:00.493 INFO  com.kms.katalon.core.util.KeywordUtil    - Seed ripristinato prima di: Test Cases/Profilo/TC_3.4_2
2026-06-07 18:38:00.523 DEBUG testcase.TC_3.4_2                        - 1: openBrowser("")
2026-06-07 18:38:00.523 INFO  c.k.k.core.webui.driver.DriverFactory    - Starting 'Chrome' driver
2026-06-07 18:38:00.524 INFO  c.k.k.core.webui.driver.DriverFactory    - Action delay is set to 0 milliseconds
2026-06-07 18:38:01.210 INFO  c.k.k.core.webui.driver.DriverFactory    - sessionId = a3d613667a4b59c63b9147a7f60488a0
2026-06-07 18:38:01.210 INFO  c.k.k.core.webui.driver.DriverFactory    - browser = Chrome 148.0.7778.179
2026-06-07 18:38:01.210 INFO  c.k.k.core.webui.driver.DriverFactory    - platform = Windows 11
2026-06-07 18:38:01.210 INFO  c.k.k.core.webui.driver.DriverFactory    - seleniumVersion = 4.39.0
2026-06-07 18:38:01.210 INFO  c.k.k.core.webui.driver.DriverFactory    - proxyInformation = ProxyInformation { proxyOption=NO_PROXY, proxyServerType=HTTP, username=, password=********, proxyServerAddress=, proxyServerPort=0, executionList="", isApplyToDesiredCapabilities=true }
2026-06-07 18:38:01.215 DEBUG testcase.TC_3.4_2                        - 2: navigateToUrl(base + "loginForm.jsp")
2026-06-07 18:38:01.996 DEBUG testcase.TC_3.4_2                        - 3: setText(css("#email"), "t.mansi@studenti.unisa.it")
2026-06-07 18:38:01.997 DEBUG testcase.TC_3.4_2                        - 1: t = new com.kms.katalon.core.testobject.TestObject(sel)
2026-06-07 18:38:01.997 DEBUG testcase.TC_3.4_2                        - 2: t.addProperty("css", EQUALS, sel)
2026-06-07 18:38:01.998 DEBUG testcase.TC_3.4_2                        - 3: return t
2026-06-07 18:38:02.532 DEBUG testcase.TC_3.4_2                        - 4: setText(css("#password"), "321CBA.")
2026-06-07 18:38:02.533 DEBUG testcase.TC_3.4_2                        - 1: t = new com.kms.katalon.core.testobject.TestObject(sel)
2026-06-07 18:38:02.533 DEBUG testcase.TC_3.4_2                        - 2: t.addProperty("css", EQUALS, sel)
2026-06-07 18:38:02.533 DEBUG testcase.TC_3.4_2                        - 3: return t
2026-06-07 18:38:03.045 DEBUG testcase.TC_3.4_2                        - 5: click(css("#submit"))
2026-06-07 18:38:03.046 DEBUG testcase.TC_3.4_2                        - 1: t = new com.kms.katalon.core.testobject.TestObject(sel)
2026-06-07 18:38:03.046 DEBUG testcase.TC_3.4_2                        - 2: t.addProperty("css", EQUALS, sel)
2026-06-07 18:38:03.046 DEBUG testcase.TC_3.4_2                        - 3: return t
2026-06-07 18:38:03.327 DEBUG testcase.TC_3.4_2                        - 6: delay(2)
2026-06-07 18:38:05.332 DEBUG testcase.TC_3.4_2                        - 7: navigateToUrl(base + "Utente.jsp")
2026-06-07 18:38:05.399 DEBUG testcase.TC_3.4_2                        - 8: delay(1)
2026-06-07 18:38:06.409 DEBUG testcase.TC_3.4_2                        - 9: click(css("#editPasswordButton"))
2026-06-07 18:38:06.410 DEBUG testcase.TC_3.4_2                        - 1: t = new com.kms.katalon.core.testobject.TestObject(sel)
2026-06-07 18:38:06.411 DEBUG testcase.TC_3.4_2                        - 2: t.addProperty("css", EQUALS, sel)
2026-06-07 18:38:06.412 DEBUG testcase.TC_3.4_2                        - 3: return t
2026-06-07 18:38:06.700 DEBUG testcase.TC_3.4_2                        - 10: delay(1)
2026-06-07 18:38:07.702 DEBUG testcase.TC_3.4_2                        - 11: setText(css("#oldPasswordInput"), "Sbagliata9")
2026-06-07 18:38:07.703 DEBUG testcase.TC_3.4_2                        - 1: t = new com.kms.katalon.core.testobject.TestObject(sel)
2026-06-07 18:38:07.703 DEBUG testcase.TC_3.4_2                        - 2: t.addProperty("css", EQUALS, sel)
2026-06-07 18:38:07.704 DEBUG testcase.TC_3.4_2                        - 3: return t
2026-06-07 18:38:08.315 DEBUG testcase.TC_3.4_2                        - 12: setText(css("#newPasswordInput"), "NuovaPass1")
2026-06-07 18:38:08.316 DEBUG testcase.TC_3.4_2                        - 1: t = new com.kms.katalon.core.testobject.TestObject(sel)
2026-06-07 18:38:08.316 DEBUG testcase.TC_3.4_2                        - 2: t.addProperty("css", EQUALS, sel)
2026-06-07 18:38:08.316 DEBUG testcase.TC_3.4_2                        - 3: return t
2026-06-07 18:38:08.923 DEBUG testcase.TC_3.4_2                        - 13: click(css("#submitPasswordButton"))
2026-06-07 18:38:08.923 DEBUG testcase.TC_3.4_2                        - 1: t = new com.kms.katalon.core.testobject.TestObject(sel)
2026-06-07 18:38:08.923 DEBUG testcase.TC_3.4_2                        - 2: t.addProperty("css", EQUALS, sel)
2026-06-07 18:38:08.923 DEBUG testcase.TC_3.4_2                        - 3: return t
2026-06-07 18:38:09.274 DEBUG testcase.TC_3.4_2                        - 14: delay(2)
2026-06-07 18:38:11.291 DEBUG testcase.TC_3.4_2                        - 15: msg = getAlertText()
2026-06-07 18:38:11.310 DEBUG testcase.TC_3.4_2                        - 16: acceptAlert()
2026-06-07 18:38:11.317 DEBUG testcase.TC_3.4_2                        - 17: takeScreenshot()
2026-06-07 18:38:11.614 DEBUG testcase.TC_3.4_2                        - 18: verifyMatch(msg, ".*Vecchia password errata.*", true)
2026-06-07 18:38:11.615 DEBUG testcase.TC_3.4_2                        - 19: closeBrowser()
2026-06-07 18:38:11.821 INFO  c.k.katalon.core.main.TestCaseExecutor   - END Test Cases/Profilo/TC_3.4_2
2026-06-07 18:38:11.824 INFO  c.k.katalon.core.main.TestCaseExecutor   - --------------------
2026-06-07 18:38:11.824 INFO  c.k.katalon.core.main.TestCaseExecutor   - START Test Cases/Profilo/TC_3.4_3
2026-06-07 18:38:11.891 INFO  com.kms.katalon.core.util.KeywordUtil    - Seed ripristinato prima di: Test Cases/Profilo/TC_3.4_3
2026-06-07 18:38:11.921 DEBUG testcase.TC_3.4_3                        - 1: openBrowser("")
2026-06-07 18:38:11.922 INFO  c.k.k.core.webui.driver.DriverFactory    - Starting 'Chrome' driver
2026-06-07 18:38:11.922 INFO  c.k.k.core.webui.driver.DriverFactory    - Action delay is set to 0 milliseconds
2026-06-07 18:38:12.587 INFO  c.k.k.core.webui.driver.DriverFactory    - sessionId = f9a34b10feeeafbabd78dddc99893aee
2026-06-07 18:38:12.587 INFO  c.k.k.core.webui.driver.DriverFactory    - browser = Chrome 148.0.7778.179
2026-06-07 18:38:12.587 INFO  c.k.k.core.webui.driver.DriverFactory    - platform = Windows 11
2026-06-07 18:38:12.587 INFO  c.k.k.core.webui.driver.DriverFactory    - seleniumVersion = 4.39.0
2026-06-07 18:38:12.588 INFO  c.k.k.core.webui.driver.DriverFactory    - proxyInformation = ProxyInformation { proxyOption=NO_PROXY, proxyServerType=HTTP, username=, password=********, proxyServerAddress=, proxyServerPort=0, executionList="", isApplyToDesiredCapabilities=true }
2026-06-07 18:38:12.595 DEBUG testcase.TC_3.4_3                        - 2: navigateToUrl(base + "loginForm.jsp")
2026-06-07 18:38:13.003 DEBUG testcase.TC_3.4_3                        - 3: setText(css("#email"), "t.mansi@studenti.unisa.it")
2026-06-07 18:38:13.003 DEBUG testcase.TC_3.4_3                        - 1: t = new com.kms.katalon.core.testobject.TestObject(sel)
2026-06-07 18:38:13.003 DEBUG testcase.TC_3.4_3                        - 2: t.addProperty("css", EQUALS, sel)
2026-06-07 18:38:13.004 DEBUG testcase.TC_3.4_3                        - 3: return t
2026-06-07 18:38:13.537 DEBUG testcase.TC_3.4_3                        - 4: setText(css("#password"), "321CBA.")
2026-06-07 18:38:13.537 DEBUG testcase.TC_3.4_3                        - 1: t = new com.kms.katalon.core.testobject.TestObject(sel)
2026-06-07 18:38:13.537 DEBUG testcase.TC_3.4_3                        - 2: t.addProperty("css", EQUALS, sel)
2026-06-07 18:38:13.537 DEBUG testcase.TC_3.4_3                        - 3: return t
2026-06-07 18:38:14.042 DEBUG testcase.TC_3.4_3                        - 5: click(css("#submit"))
2026-06-07 18:38:14.043 DEBUG testcase.TC_3.4_3                        - 1: t = new com.kms.katalon.core.testobject.TestObject(sel)
2026-06-07 18:38:14.043 DEBUG testcase.TC_3.4_3                        - 2: t.addProperty("css", EQUALS, sel)
2026-06-07 18:38:14.043 DEBUG testcase.TC_3.4_3                        - 3: return t
2026-06-07 18:38:14.301 DEBUG testcase.TC_3.4_3                        - 6: delay(2)
2026-06-07 18:38:16.316 DEBUG testcase.TC_3.4_3                        - 7: navigateToUrl(base + "Utente.jsp")
2026-06-07 18:38:16.369 DEBUG testcase.TC_3.4_3                        - 8: delay(1)
2026-06-07 18:38:17.374 DEBUG testcase.TC_3.4_3                        - 9: click(css("#editPasswordButton"))
2026-06-07 18:38:17.375 DEBUG testcase.TC_3.4_3                        - 1: t = new com.kms.katalon.core.testobject.TestObject(sel)
2026-06-07 18:38:17.376 DEBUG testcase.TC_3.4_3                        - 2: t.addProperty("css", EQUALS, sel)
2026-06-07 18:38:17.376 DEBUG testcase.TC_3.4_3                        - 3: return t
2026-06-07 18:38:17.715 DEBUG testcase.TC_3.4_3                        - 10: delay(1)
2026-06-07 18:38:18.729 DEBUG testcase.TC_3.4_3                        - 11: setText(css("#oldPasswordInput"), "")
2026-06-07 18:38:18.730 DEBUG testcase.TC_3.4_3                        - 1: t = new com.kms.katalon.core.testobject.TestObject(sel)
2026-06-07 18:38:18.730 DEBUG testcase.TC_3.4_3                        - 2: t.addProperty("css", EQUALS, sel)
2026-06-07 18:38:18.731 DEBUG testcase.TC_3.4_3                        - 3: return t
2026-06-07 18:38:19.393 DEBUG testcase.TC_3.4_3                        - 12: setText(css("#newPasswordInput"), "NuovaPass1")
2026-06-07 18:38:19.394 DEBUG testcase.TC_3.4_3                        - 1: t = new com.kms.katalon.core.testobject.TestObject(sel)
2026-06-07 18:38:19.394 DEBUG testcase.TC_3.4_3                        - 2: t.addProperty("css", EQUALS, sel)
2026-06-07 18:38:19.394 DEBUG testcase.TC_3.4_3                        - 3: return t
2026-06-07 18:38:20.013 DEBUG testcase.TC_3.4_3                        - 13: click(css("#submitPasswordButton"))
2026-06-07 18:38:20.014 DEBUG testcase.TC_3.4_3                        - 1: t = new com.kms.katalon.core.testobject.TestObject(sel)
2026-06-07 18:38:20.014 DEBUG testcase.TC_3.4_3                        - 2: t.addProperty("css", EQUALS, sel)
2026-06-07 18:38:20.014 DEBUG testcase.TC_3.4_3                        - 3: return t
2026-06-07 18:38:20.319 DEBUG testcase.TC_3.4_3                        - 14: delay(2)
2026-06-07 18:38:22.332 DEBUG testcase.TC_3.4_3                        - 15: msg = getAlertText()
2026-06-07 18:38:22.347 DEBUG testcase.TC_3.4_3                        - 16: acceptAlert()
2026-06-07 18:38:22.355 DEBUG testcase.TC_3.4_3                        - 17: takeScreenshot()
2026-06-07 18:38:22.679 DEBUG testcase.TC_3.4_3                        - 18: verifyMatch(msg, ".*Vecchia password errata.*", true)
2026-06-07 18:38:22.680 DEBUG testcase.TC_3.4_3                        - 19: closeBrowser()
2026-06-07 18:38:22.875 INFO  c.k.katalon.core.main.TestCaseExecutor   - END Test Cases/Profilo/TC_3.4_3
2026-06-07 18:38:22.876 INFO  c.k.katalon.core.main.TestCaseExecutor   - --------------------
2026-06-07 18:38:22.876 INFO  c.k.katalon.core.main.TestCaseExecutor   - START Test Cases/Profilo/TC_3.4_4
2026-06-07 18:38:22.952 INFO  com.kms.katalon.core.util.KeywordUtil    - Seed ripristinato prima di: Test Cases/Profilo/TC_3.4_4
2026-06-07 18:38:22.988 DEBUG testcase.TC_3.4_4                        - 1: openBrowser("")
2026-06-07 18:38:22.989 INFO  c.k.k.core.webui.driver.DriverFactory    - Starting 'Chrome' driver
2026-06-07 18:38:22.989 INFO  c.k.k.core.webui.driver.DriverFactory    - Action delay is set to 0 milliseconds
2026-06-07 18:38:23.692 INFO  c.k.k.core.webui.driver.DriverFactory    - sessionId = d55912cbab02ebf72856f715b6d9bace
2026-06-07 18:38:23.693 INFO  c.k.k.core.webui.driver.DriverFactory    - browser = Chrome 148.0.7778.179
2026-06-07 18:38:23.693 INFO  c.k.k.core.webui.driver.DriverFactory    - platform = Windows 11
2026-06-07 18:38:23.693 INFO  c.k.k.core.webui.driver.DriverFactory    - seleniumVersion = 4.39.0
2026-06-07 18:38:23.693 INFO  c.k.k.core.webui.driver.DriverFactory    - proxyInformation = ProxyInformation { proxyOption=NO_PROXY, proxyServerType=HTTP, username=, password=********, proxyServerAddress=, proxyServerPort=0, executionList="", isApplyToDesiredCapabilities=true }
2026-06-07 18:38:23.699 DEBUG testcase.TC_3.4_4                        - 2: navigateToUrl(base + "loginForm.jsp")
2026-06-07 18:38:24.186 DEBUG testcase.TC_3.4_4                        - 3: setText(css("#email"), "t.mansi@studenti.unisa.it")
2026-06-07 18:38:24.187 DEBUG testcase.TC_3.4_4                        - 1: t = new com.kms.katalon.core.testobject.TestObject(sel)
2026-06-07 18:38:24.187 DEBUG testcase.TC_3.4_4                        - 2: t.addProperty("css", EQUALS, sel)
2026-06-07 18:38:24.187 DEBUG testcase.TC_3.4_4                        - 3: return t
2026-06-07 18:38:24.755 DEBUG testcase.TC_3.4_4                        - 4: setText(css("#password"), "321CBA.")
2026-06-07 18:38:24.755 DEBUG testcase.TC_3.4_4                        - 1: t = new com.kms.katalon.core.testobject.TestObject(sel)
2026-06-07 18:38:24.756 DEBUG testcase.TC_3.4_4                        - 2: t.addProperty("css", EQUALS, sel)
2026-06-07 18:38:24.756 DEBUG testcase.TC_3.4_4                        - 3: return t
2026-06-07 18:38:25.324 DEBUG testcase.TC_3.4_4                        - 5: click(css("#submit"))
2026-06-07 18:38:25.325 DEBUG testcase.TC_3.4_4                        - 1: t = new com.kms.katalon.core.testobject.TestObject(sel)
2026-06-07 18:38:25.325 DEBUG testcase.TC_3.4_4                        - 2: t.addProperty("css", EQUALS, sel)
2026-06-07 18:38:25.325 DEBUG testcase.TC_3.4_4                        - 3: return t
2026-06-07 18:38:25.586 DEBUG testcase.TC_3.4_4                        - 6: delay(2)
2026-06-07 18:38:27.599 DEBUG testcase.TC_3.4_4                        - 7: navigateToUrl(base + "Utente.jsp")
2026-06-07 18:38:27.667 DEBUG testcase.TC_3.4_4                        - 8: delay(1)
2026-06-07 18:38:28.675 DEBUG testcase.TC_3.4_4                        - 9: click(css("#editPasswordButton"))
2026-06-07 18:38:28.676 DEBUG testcase.TC_3.4_4                        - 1: t = new com.kms.katalon.core.testobject.TestObject(sel)
2026-06-07 18:38:28.676 DEBUG testcase.TC_3.4_4                        - 2: t.addProperty("css", EQUALS, sel)
2026-06-07 18:38:28.677 DEBUG testcase.TC_3.4_4                        - 3: return t
2026-06-07 18:38:29.007 DEBUG testcase.TC_3.4_4                        - 10: delay(1)
2026-06-07 18:38:30.023 DEBUG testcase.TC_3.4_4                        - 11: setText(css("#oldPasswordInput"), "321CBA.")
2026-06-07 18:38:30.025 DEBUG testcase.TC_3.4_4                        - 1: t = new com.kms.katalon.core.testobject.TestObject(sel)
2026-06-07 18:38:30.025 DEBUG testcase.TC_3.4_4                        - 2: t.addProperty("css", EQUALS, sel)
2026-06-07 18:38:30.025 DEBUG testcase.TC_3.4_4                        - 3: return t
2026-06-07 18:38:30.609 DEBUG testcase.TC_3.4_4                        - 12: setText(css("#newPasswordInput"), "")
2026-06-07 18:38:30.610 DEBUG testcase.TC_3.4_4                        - 1: t = new com.kms.katalon.core.testobject.TestObject(sel)
2026-06-07 18:38:30.610 DEBUG testcase.TC_3.4_4                        - 2: t.addProperty("css", EQUALS, sel)
2026-06-07 18:38:30.610 DEBUG testcase.TC_3.4_4                        - 3: return t
2026-06-07 18:38:31.204 DEBUG testcase.TC_3.4_4                        - 13: click(css("#submitPasswordButton"))
2026-06-07 18:38:31.204 DEBUG testcase.TC_3.4_4                        - 1: t = new com.kms.katalon.core.testobject.TestObject(sel)
2026-06-07 18:38:31.205 DEBUG testcase.TC_3.4_4                        - 2: t.addProperty("css", EQUALS, sel)
2026-06-07 18:38:31.205 DEBUG testcase.TC_3.4_4                        - 3: return t
2026-06-07 18:38:31.507 DEBUG testcase.TC_3.4_4                        - 14: delay(2)
2026-06-07 18:38:33.511 DEBUG testcase.TC_3.4_4                        - 15: msg = getAlertText()
2026-06-07 18:38:33.525 DEBUG testcase.TC_3.4_4                        - 16: acceptAlert()
2026-06-07 18:38:33.534 DEBUG testcase.TC_3.4_4                        - 17: takeScreenshot()
2026-06-07 18:38:33.835 DEBUG testcase.TC_3.4_4                        - 18: verifyNotMatch(msg, ".*Password modificata con successo.*", true, CONTINUE_ON_FAILURE)
2026-06-07 18:38:33.837 ERROR c.k.k.core.keyword.internal.KeywordMain  - ❌ Unable to verify not match between actual text 'Password modificata con successo!' and expected text '.*Password modificata con successo.*'  using regular expression (Root cause: com.kms.katalon.core.exception.StepFailedException: Actual text 'Password modificata con successo!' and expected text '.*Password modificata con successo.*' are matched  using regular expression, but expected not to be matched
	at com.kms.katalon.core.keyword.builtin.VerifyNotMatchKeyword$_verifyNotMatch_closure1.doCall(VerifyNotMatchKeyword.groovy:54)
	at com.kms.katalon.core.keyword.builtin.VerifyNotMatchKeyword$_verifyNotMatch_closure1.call(VerifyNotMatchKeyword.groovy)
	at com.kms.katalon.core.keyword.internal.KeywordMain.runKeyword(KeywordMain.groovy:75)
	at com.kms.katalon.core.keyword.builtin.VerifyNotMatchKeyword.verifyNotMatch(VerifyNotMatchKeyword.groovy:60)
	at com.kms.katalon.core.keyword.builtin.VerifyNotMatchKeyword.execute(VerifyNotMatchKeyword.groovy:45)
	at com.kms.katalon.core.keyword.internal.KeywordExecutor.executeKeywordForPlatform(KeywordExecutor.groovy:103)
	at com.kms.katalon.core.keyword.BuiltinKeywords.verifyNotMatch(BuiltinKeywords.groovy:81)
	at java.base/jdk.internal.reflect.DirectMethodHandleAccessor.invoke(DirectMethodHandleAccessor.java:103)
	at Script178060030404.run(Script178060030404.groovy:34)
	at com.kms.katalon.core.main.ScriptEngine.run(ScriptEngine.java:203)
	at com.kms.katalon.core.main.ScriptEngine.runScriptAsRawText(ScriptEngine.java:115)
	at com.kms.katalon.core.main.TestCaseExecutor.runScript(TestCaseExecutor.java:506)
	at com.kms.katalon.core.main.TestCaseExecutor.doExecute(TestCaseExecutor.java:497)
	at com.kms.katalon.core.main.TestCaseExecutor.processExecutionPhase(TestCaseExecutor.java:476)
	at com.kms.katalon.core.main.TestCaseExecutor.accessMainPhase(TestCaseExecutor.java:468)
	at com.kms.katalon.core.main.TestCaseExecutor.execute(TestCaseExecutor.java:334)
	at com.kms.katalon.core.common.CommonExecutor.accessTestCaseMainPhase(CommonExecutor.java:71)
	at com.kms.katalon.core.main.TestSuiteExecutor.accessTestSuiteMainPhase(TestSuiteExecutor.java:153)
	at com.kms.katalon.core.main.TestSuiteExecutor.execute(TestSuiteExecutor.java:110)
	at com.kms.katalon.core.main.TestCaseMain.startTestSuite(TestCaseMain.java:206)
	at S0607_0.run(S0607_0.groovy:40)
	at java.base/jdk.internal.reflect.DirectMethodHandleAccessor.invoke(DirectMethodHandleAccessor.java:103)
)
2026-06-07 18:38:33.838 DEBUG testcase.TC_3.4_4                        - 19: closeBrowser()
2026-06-07 18:38:33.978 ERROR c.k.katalon.core.main.TestCaseExecutor   - ❌ Test Cases/Profilo/TC_3.4_4 FAILED.
Reason:
com.kms.katalon.core.exception.StepFailedException: Unable to verify not match between actual text 'Password modificata con successo!' and expected text '.*Password modificata con successo.*'  using regular expression (Root cause: com.kms.katalon.core.exception.StepFailedException: Actual text 'Password modificata con successo!' and expected text '.*Password modificata con successo.*' are matched  using regular expression, but expected not to be matched
	at com.kms.katalon.core.keyword.builtin.VerifyNotMatchKeyword$_verifyNotMatch_closure1.doCall(VerifyNotMatchKeyword.groovy:54)
	at com.kms.katalon.core.keyword.builtin.VerifyNotMatchKeyword$_verifyNotMatch_closure1.call(VerifyNotMatchKeyword.groovy)
	at com.kms.katalon.core.keyword.internal.KeywordMain.runKeyword(KeywordMain.groovy:75)
	at com.kms.katalon.core.keyword.builtin.VerifyNotMatchKeyword.verifyNotMatch(VerifyNotMatchKeyword.groovy:60)
	at com.kms.katalon.core.keyword.builtin.VerifyNotMatchKeyword.execute(VerifyNotMatchKeyword.groovy:45)
	at com.kms.katalon.core.keyword.internal.KeywordExecutor.executeKeywordForPlatform(KeywordExecutor.groovy:103)
	at com.kms.katalon.core.keyword.BuiltinKeywords.verifyNotMatch(BuiltinKeywords.groovy:81)
	at java.base/jdk.internal.reflect.DirectMethodHandleAccessor.invoke(DirectMethodHandleAccessor.java:103)
	at Script178060030404.run(Script178060030404.groovy:34)
	at com.kms.katalon.core.main.ScriptEngine.run(ScriptEngine.java:203)
	at com.kms.katalon.core.main.ScriptEngine.runScriptAsRawText(ScriptEngine.java:115)
	at com.kms.katalon.core.main.TestCaseExecutor.runScript(TestCaseExecutor.java:506)
	at com.kms.katalon.core.main.TestCaseExecutor.doExecute(TestCaseExecutor.java:497)
	at com.kms.katalon.core.main.TestCaseExecutor.processExecutionPhase(TestCaseExecutor.java:476)
	at com.kms.katalon.core.main.TestCaseExecutor.accessMainPhase(TestCaseExecutor.java:468)
	at com.kms.katalon.core.main.TestCaseExecutor.execute(TestCaseExecutor.java:334)
	at com.kms.katalon.core.common.CommonExecutor.accessTestCaseMainPhase(CommonExecutor.java:71)
	at com.kms.katalon.core.main.TestSuiteExecutor.accessTestSuiteMainPhase(TestSuiteExecutor.java:153)
	at com.kms.katalon.core.main.TestSuiteExecutor.execute(TestSuiteExecutor.java:110)
	at com.kms.katalon.core.main.TestCaseMain.startTestSuite(TestCaseMain.java:206)
	at S0607_0.run(S0607_0.groovy:40)
	at java.base/jdk.internal.reflect.DirectMethodHandleAccessor.invoke(DirectMethodHandleAccessor.java:103)
)
	at com.kms.katalon.core.keyword.internal.KeywordMain.stepFailed(KeywordMain.groovy:39)
	at com.kms.katalon.core.keyword.internal.KeywordMain.stepFailed(KeywordMain.groovy)
	at com.kms.katalon.core.keyword.internal.KeywordMain.runKeyword(KeywordMain.groovy:77)
	at com.kms.katalon.core.keyword.builtin.VerifyNotMatchKeyword.verifyNotMatch(VerifyNotMatchKeyword.groovy:60)
	at com.kms.katalon.core.keyword.builtin.VerifyNotMatchKeyword.execute(VerifyNotMatchKeyword.groovy:45)
	at com.kms.katalon.core.keyword.internal.KeywordExecutor.executeKeywordForPlatform(KeywordExecutor.groovy:103)
	at com.kms.katalon.core.keyword.BuiltinKeywords.verifyNotMatch(BuiltinKeywords.groovy:81)
	at java.base/jdk.internal.reflect.DirectMethodHandleAccessor.invoke(DirectMethodHandleAccessor.java:103)
	at Script178060030404.run(Script178060030404.groovy:34)
	at com.kms.katalon.core.main.ScriptEngine.run(ScriptEngine.java:203)
	at com.kms.katalon.core.main.ScriptEngine.runScriptAsRawText(ScriptEngine.java:115)
	at com.kms.katalon.core.main.TestCaseExecutor.runScript(TestCaseExecutor.java:506)
	at com.kms.katalon.core.main.TestCaseExecutor.doExecute(TestCaseExecutor.java:497)
	at com.kms.katalon.core.main.TestCaseExecutor.processExecutionPhase(TestCaseExecutor.java:476)
	at com.kms.katalon.core.main.TestCaseExecutor.accessMainPhase(TestCaseExecutor.java:468)
	at com.kms.katalon.core.main.TestCaseExecutor.execute(TestCaseExecutor.java:334)
	at com.kms.katalon.core.common.CommonExecutor.accessTestCaseMainPhase(CommonExecutor.java:71)
	at com.kms.katalon.core.main.TestSuiteExecutor.accessTestSuiteMainPhase(TestSuiteExecutor.java:153)
	at com.kms.katalon.core.main.TestSuiteExecutor.execute(TestSuiteExecutor.java:110)
	at com.kms.katalon.core.main.TestCaseMain.startTestSuite(TestCaseMain.java:206)
	at S0607_0.run(S0607_0.groovy:40)
	at java.base/jdk.internal.reflect.DirectMethodHandleAccessor.invoke(DirectMethodHandleAccessor.java:103)
Caused by: com.kms.katalon.core.exception.StepFailedException: Actual text 'Password modificata con successo!' and expected text '.*Password modificata con successo.*' are matched  using regular expression, but expected not to be matched
	at com.kms.katalon.core.keyword.builtin.VerifyNotMatchKeyword$_verifyNotMatch_closure1.doCall(VerifyNotMatchKeyword.groovy:54)
	at com.kms.katalon.core.keyword.builtin.VerifyNotMatchKeyword$_verifyNotMatch_closure1.call(VerifyNotMatchKeyword.groovy)
	at com.kms.katalon.core.keyword.internal.KeywordMain.runKeyword(KeywordMain.groovy:75)
	... 19 more

2026-06-07 18:38:33.979 INFO  c.k.katalon.core.main.TestCaseExecutor   - END Test Cases/Profilo/TC_3.4_4
2026-06-07 18:38:33.981 INFO  c.k.katalon.core.main.TestCaseExecutor   - --------------------
2026-06-07 18:38:33.981 INFO  c.k.katalon.core.main.TestCaseExecutor   - START Test Cases/Profilo/TC_3.4_5
2026-06-07 18:38:34.045 INFO  com.kms.katalon.core.util.KeywordUtil    - Seed ripristinato prima di: Test Cases/Profilo/TC_3.4_5
2026-06-07 18:38:34.082 DEBUG testcase.TC_3.4_5                        - 1: openBrowser("")
2026-06-07 18:38:34.083 INFO  c.k.k.core.webui.driver.DriverFactory    - Starting 'Chrome' driver
2026-06-07 18:38:34.083 INFO  c.k.k.core.webui.driver.DriverFactory    - Action delay is set to 0 milliseconds
2026-06-07 18:38:34.740 INFO  c.k.k.core.webui.driver.DriverFactory    - sessionId = ecfa4f6f931f97ddde6abf6b84c5fd4c
2026-06-07 18:38:34.740 INFO  c.k.k.core.webui.driver.DriverFactory    - browser = Chrome 148.0.7778.179
2026-06-07 18:38:34.740 INFO  c.k.k.core.webui.driver.DriverFactory    - platform = Windows 11
2026-06-07 18:38:34.740 INFO  c.k.k.core.webui.driver.DriverFactory    - seleniumVersion = 4.39.0
2026-06-07 18:38:34.741 INFO  c.k.k.core.webui.driver.DriverFactory    - proxyInformation = ProxyInformation { proxyOption=NO_PROXY, proxyServerType=HTTP, username=, password=********, proxyServerAddress=, proxyServerPort=0, executionList="", isApplyToDesiredCapabilities=true }
2026-06-07 18:38:34.745 DEBUG testcase.TC_3.4_5                        - 2: navigateToUrl(base + "loginForm.jsp")
2026-06-07 18:38:35.314 DEBUG testcase.TC_3.4_5                        - 3: setText(css("#email"), "t.mansi@studenti.unisa.it")
2026-06-07 18:38:35.314 DEBUG testcase.TC_3.4_5                        - 1: t = new com.kms.katalon.core.testobject.TestObject(sel)
2026-06-07 18:38:35.315 DEBUG testcase.TC_3.4_5                        - 2: t.addProperty("css", EQUALS, sel)
2026-06-07 18:38:35.315 DEBUG testcase.TC_3.4_5                        - 3: return t
2026-06-07 18:38:35.850 DEBUG testcase.TC_3.4_5                        - 4: setText(css("#password"), "321CBA.")
2026-06-07 18:38:35.851 DEBUG testcase.TC_3.4_5                        - 1: t = new com.kms.katalon.core.testobject.TestObject(sel)
2026-06-07 18:38:35.851 DEBUG testcase.TC_3.4_5                        - 2: t.addProperty("css", EQUALS, sel)
2026-06-07 18:38:35.851 DEBUG testcase.TC_3.4_5                        - 3: return t
2026-06-07 18:38:36.372 DEBUG testcase.TC_3.4_5                        - 5: click(css("#submit"))
2026-06-07 18:38:36.373 DEBUG testcase.TC_3.4_5                        - 1: t = new com.kms.katalon.core.testobject.TestObject(sel)
2026-06-07 18:38:36.373 DEBUG testcase.TC_3.4_5                        - 2: t.addProperty("css", EQUALS, sel)
2026-06-07 18:38:36.373 DEBUG testcase.TC_3.4_5                        - 3: return t
2026-06-07 18:38:36.650 DEBUG testcase.TC_3.4_5                        - 6: delay(2)
2026-06-07 18:38:38.654 DEBUG testcase.TC_3.4_5                        - 7: navigateToUrl(base + "Utente.jsp")
2026-06-07 18:38:38.686 DEBUG testcase.TC_3.4_5                        - 8: delay(1)
2026-06-07 18:38:39.695 DEBUG testcase.TC_3.4_5                        - 9: click(css("#editPasswordButton"))
2026-06-07 18:38:39.696 DEBUG testcase.TC_3.4_5                        - 1: t = new com.kms.katalon.core.testobject.TestObject(sel)
2026-06-07 18:38:39.696 DEBUG testcase.TC_3.4_5                        - 2: t.addProperty("css", EQUALS, sel)
2026-06-07 18:38:39.697 DEBUG testcase.TC_3.4_5                        - 3: return t
2026-06-07 18:38:40.015 DEBUG testcase.TC_3.4_5                        - 10: delay(1)
2026-06-07 18:38:41.020 DEBUG testcase.TC_3.4_5                        - 11: setText(css("#oldPasswordInput"), "321CBA.")
2026-06-07 18:38:41.021 DEBUG testcase.TC_3.4_5                        - 1: t = new com.kms.katalon.core.testobject.TestObject(sel)
2026-06-07 18:38:41.022 DEBUG testcase.TC_3.4_5                        - 2: t.addProperty("css", EQUALS, sel)
2026-06-07 18:38:41.022 DEBUG testcase.TC_3.4_5                        - 3: return t
2026-06-07 18:38:41.674 DEBUG testcase.TC_3.4_5                        - 12: setText(css("#newPasswordInput"), "   ")
2026-06-07 18:38:41.674 DEBUG testcase.TC_3.4_5                        - 1: t = new com.kms.katalon.core.testobject.TestObject(sel)
2026-06-07 18:38:41.674 DEBUG testcase.TC_3.4_5                        - 2: t.addProperty("css", EQUALS, sel)
2026-06-07 18:38:41.674 DEBUG testcase.TC_3.4_5                        - 3: return t
2026-06-07 18:38:42.302 DEBUG testcase.TC_3.4_5                        - 13: click(css("#submitPasswordButton"))
2026-06-07 18:38:42.302 DEBUG testcase.TC_3.4_5                        - 1: t = new com.kms.katalon.core.testobject.TestObject(sel)
2026-06-07 18:38:42.302 DEBUG testcase.TC_3.4_5                        - 2: t.addProperty("css", EQUALS, sel)
2026-06-07 18:38:42.302 DEBUG testcase.TC_3.4_5                        - 3: return t
2026-06-07 18:38:42.605 DEBUG testcase.TC_3.4_5                        - 14: delay(2)
2026-06-07 18:38:44.613 DEBUG testcase.TC_3.4_5                        - 15: msg = getAlertText()
2026-06-07 18:38:44.629 DEBUG testcase.TC_3.4_5                        - 16: acceptAlert()
2026-06-07 18:38:44.638 DEBUG testcase.TC_3.4_5                        - 17: takeScreenshot()
2026-06-07 18:38:44.954 DEBUG testcase.TC_3.4_5                        - 18: verifyNotMatch(msg, ".*Password modificata con successo.*", true, CONTINUE_ON_FAILURE)
2026-06-07 18:38:44.954 ERROR c.k.k.core.keyword.internal.KeywordMain  - ❌ Unable to verify not match between actual text 'Password modificata con successo!' and expected text '.*Password modificata con successo.*'  using regular expression (Root cause: com.kms.katalon.core.exception.StepFailedException: Actual text 'Password modificata con successo!' and expected text '.*Password modificata con successo.*' are matched  using regular expression, but expected not to be matched
	at com.kms.katalon.core.keyword.builtin.VerifyNotMatchKeyword$_verifyNotMatch_closure1.doCall(VerifyNotMatchKeyword.groovy:54)
	at com.kms.katalon.core.keyword.builtin.VerifyNotMatchKeyword$_verifyNotMatch_closure1.call(VerifyNotMatchKeyword.groovy)
	at com.kms.katalon.core.keyword.internal.KeywordMain.runKeyword(KeywordMain.groovy:75)
	at com.kms.katalon.core.keyword.builtin.VerifyNotMatchKeyword.verifyNotMatch(VerifyNotMatchKeyword.groovy:60)
	at com.kms.katalon.core.keyword.builtin.VerifyNotMatchKeyword.execute(VerifyNotMatchKeyword.groovy:45)
	at com.kms.katalon.core.keyword.internal.KeywordExecutor.executeKeywordForPlatform(KeywordExecutor.groovy:103)
	at com.kms.katalon.core.keyword.BuiltinKeywords.verifyNotMatch(BuiltinKeywords.groovy:81)
	at java.base/jdk.internal.reflect.DirectMethodHandleAccessor.invoke(DirectMethodHandleAccessor.java:103)
	at Script178060030405.run(Script178060030405.groovy:34)
	at com.kms.katalon.core.main.ScriptEngine.run(ScriptEngine.java:203)
	at com.kms.katalon.core.main.ScriptEngine.runScriptAsRawText(ScriptEngine.java:115)
	at com.kms.katalon.core.main.TestCaseExecutor.runScript(TestCaseExecutor.java:506)
	at com.kms.katalon.core.main.TestCaseExecutor.doExecute(TestCaseExecutor.java:497)
	at com.kms.katalon.core.main.TestCaseExecutor.processExecutionPhase(TestCaseExecutor.java:476)
	at com.kms.katalon.core.main.TestCaseExecutor.accessMainPhase(TestCaseExecutor.java:468)
	at com.kms.katalon.core.main.TestCaseExecutor.execute(TestCaseExecutor.java:334)
	at com.kms.katalon.core.common.CommonExecutor.accessTestCaseMainPhase(CommonExecutor.java:71)
	at com.kms.katalon.core.main.TestSuiteExecutor.accessTestSuiteMainPhase(TestSuiteExecutor.java:153)
	at com.kms.katalon.core.main.TestSuiteExecutor.execute(TestSuiteExecutor.java:110)
	at com.kms.katalon.core.main.TestCaseMain.startTestSuite(TestCaseMain.java:206)
	at S0607_0.run(S0607_0.groovy:40)
	at java.base/jdk.internal.reflect.DirectMethodHandleAccessor.invoke(DirectMethodHandleAccessor.java:103)
)
2026-06-07 18:38:44.955 DEBUG testcase.TC_3.4_5                        - 19: closeBrowser()
2026-06-07 18:38:45.058 ERROR c.k.katalon.core.main.TestCaseExecutor   - ❌ Test Cases/Profilo/TC_3.4_5 FAILED.
Reason:
com.kms.katalon.core.exception.StepFailedException: Unable to verify not match between actual text 'Password modificata con successo!' and expected text '.*Password modificata con successo.*'  using regular expression (Root cause: com.kms.katalon.core.exception.StepFailedException: Actual text 'Password modificata con successo!' and expected text '.*Password modificata con successo.*' are matched  using regular expression, but expected not to be matched
	at com.kms.katalon.core.keyword.builtin.VerifyNotMatchKeyword$_verifyNotMatch_closure1.doCall(VerifyNotMatchKeyword.groovy:54)
	at com.kms.katalon.core.keyword.builtin.VerifyNotMatchKeyword$_verifyNotMatch_closure1.call(VerifyNotMatchKeyword.groovy)
	at com.kms.katalon.core.keyword.internal.KeywordMain.runKeyword(KeywordMain.groovy:75)
	at com.kms.katalon.core.keyword.builtin.VerifyNotMatchKeyword.verifyNotMatch(VerifyNotMatchKeyword.groovy:60)
	at com.kms.katalon.core.keyword.builtin.VerifyNotMatchKeyword.execute(VerifyNotMatchKeyword.groovy:45)
	at com.kms.katalon.core.keyword.internal.KeywordExecutor.executeKeywordForPlatform(KeywordExecutor.groovy:103)
	at com.kms.katalon.core.keyword.BuiltinKeywords.verifyNotMatch(BuiltinKeywords.groovy:81)
	at java.base/jdk.internal.reflect.DirectMethodHandleAccessor.invoke(DirectMethodHandleAccessor.java:103)
	at Script178060030405.run(Script178060030405.groovy:34)
	at com.kms.katalon.core.main.ScriptEngine.run(ScriptEngine.java:203)
	at com.kms.katalon.core.main.ScriptEngine.runScriptAsRawText(ScriptEngine.java:115)
	at com.kms.katalon.core.main.TestCaseExecutor.runScript(TestCaseExecutor.java:506)
	at com.kms.katalon.core.main.TestCaseExecutor.doExecute(TestCaseExecutor.java:497)
	at com.kms.katalon.core.main.TestCaseExecutor.processExecutionPhase(TestCaseExecutor.java:476)
	at com.kms.katalon.core.main.TestCaseExecutor.accessMainPhase(TestCaseExecutor.java:468)
	at com.kms.katalon.core.main.TestCaseExecutor.execute(TestCaseExecutor.java:334)
	at com.kms.katalon.core.common.CommonExecutor.accessTestCaseMainPhase(CommonExecutor.java:71)
	at com.kms.katalon.core.main.TestSuiteExecutor.accessTestSuiteMainPhase(TestSuiteExecutor.java:153)
	at com.kms.katalon.core.main.TestSuiteExecutor.execute(TestSuiteExecutor.java:110)
	at com.kms.katalon.core.main.TestCaseMain.startTestSuite(TestCaseMain.java:206)
	at S0607_0.run(S0607_0.groovy:40)
	at java.base/jdk.internal.reflect.DirectMethodHandleAccessor.invoke(DirectMethodHandleAccessor.java:103)
)
	at com.kms.katalon.core.keyword.internal.KeywordMain.stepFailed(KeywordMain.groovy:39)
	at com.kms.katalon.core.keyword.internal.KeywordMain.stepFailed(KeywordMain.groovy)
	at com.kms.katalon.core.keyword.internal.KeywordMain.runKeyword(KeywordMain.groovy:77)
	at com.kms.katalon.core.keyword.builtin.VerifyNotMatchKeyword.verifyNotMatch(VerifyNotMatchKeyword.groovy:60)
	at com.kms.katalon.core.keyword.builtin.VerifyNotMatchKeyword.execute(VerifyNotMatchKeyword.groovy:45)
	at com.kms.katalon.core.keyword.internal.KeywordExecutor.executeKeywordForPlatform(KeywordExecutor.groovy:103)
	at com.kms.katalon.core.keyword.BuiltinKeywords.verifyNotMatch(BuiltinKeywords.groovy:81)
	at java.base/jdk.internal.reflect.DirectMethodHandleAccessor.invoke(DirectMethodHandleAccessor.java:103)
	at Script178060030405.run(Script178060030405.groovy:34)
	at com.kms.katalon.core.main.ScriptEngine.run(ScriptEngine.java:203)
	at com.kms.katalon.core.main.ScriptEngine.runScriptAsRawText(ScriptEngine.java:115)
	at com.kms.katalon.core.main.TestCaseExecutor.runScript(TestCaseExecutor.java:506)
	at com.kms.katalon.core.main.TestCaseExecutor.doExecute(TestCaseExecutor.java:497)
	at com.kms.katalon.core.main.TestCaseExecutor.processExecutionPhase(TestCaseExecutor.java:476)
	at com.kms.katalon.core.main.TestCaseExecutor.accessMainPhase(TestCaseExecutor.java:468)
	at com.kms.katalon.core.main.TestCaseExecutor.execute(TestCaseExecutor.java:334)
	at com.kms.katalon.core.common.CommonExecutor.accessTestCaseMainPhase(CommonExecutor.java:71)
	at com.kms.katalon.core.main.TestSuiteExecutor.accessTestSuiteMainPhase(TestSuiteExecutor.java:153)
	at com.kms.katalon.core.main.TestSuiteExecutor.execute(TestSuiteExecutor.java:110)
	at com.kms.katalon.core.main.TestCaseMain.startTestSuite(TestCaseMain.java:206)
	at S0607_0.run(S0607_0.groovy:40)
	at java.base/jdk.internal.reflect.DirectMethodHandleAccessor.invoke(DirectMethodHandleAccessor.java:103)
Caused by: com.kms.katalon.core.exception.StepFailedException: Actual text 'Password modificata con successo!' and expected text '.*Password modificata con successo.*' are matched  using regular expression, but expected not to be matched
	at com.kms.katalon.core.keyword.builtin.VerifyNotMatchKeyword$_verifyNotMatch_closure1.doCall(VerifyNotMatchKeyword.groovy:54)
	at com.kms.katalon.core.keyword.builtin.VerifyNotMatchKeyword$_verifyNotMatch_closure1.call(VerifyNotMatchKeyword.groovy)
	at com.kms.katalon.core.keyword.internal.KeywordMain.runKeyword(KeywordMain.groovy:75)
	... 19 more

2026-06-07 18:38:45.059 INFO  c.k.katalon.core.main.TestCaseExecutor   - END Test Cases/Profilo/TC_3.4_5
2026-06-07 18:38:45.061 INFO  c.k.katalon.core.main.TestCaseExecutor   - --------------------
2026-06-07 18:38:45.061 INFO  c.k.katalon.core.main.TestCaseExecutor   - START Test Cases/Profilo/TC_3.4_6
2026-06-07 18:38:45.159 INFO  com.kms.katalon.core.util.KeywordUtil    - Seed ripristinato prima di: Test Cases/Profilo/TC_3.4_6
2026-06-07 18:38:45.198 DEBUG testcase.TC_3.4_6                        - 1: openBrowser("")
2026-06-07 18:38:45.198 INFO  c.k.k.core.webui.driver.DriverFactory    - Starting 'Chrome' driver
2026-06-07 18:38:45.200 INFO  c.k.k.core.webui.driver.DriverFactory    - Action delay is set to 0 milliseconds
2026-06-07 18:38:45.878 INFO  c.k.k.core.webui.driver.DriverFactory    - sessionId = 192f9d5d040fa79b0d7ee486ccad53a3
2026-06-07 18:38:45.878 INFO  c.k.k.core.webui.driver.DriverFactory    - browser = Chrome 148.0.7778.179
2026-06-07 18:38:45.878 INFO  c.k.k.core.webui.driver.DriverFactory    - platform = Windows 11
2026-06-07 18:38:45.878 INFO  c.k.k.core.webui.driver.DriverFactory    - seleniumVersion = 4.39.0
2026-06-07 18:38:45.879 INFO  c.k.k.core.webui.driver.DriverFactory    - proxyInformation = ProxyInformation { proxyOption=NO_PROXY, proxyServerType=HTTP, username=, password=********, proxyServerAddress=, proxyServerPort=0, executionList="", isApplyToDesiredCapabilities=true }
2026-06-07 18:38:45.885 DEBUG testcase.TC_3.4_6                        - 2: navigateToUrl(base + "loginForm.jsp")
2026-06-07 18:38:46.315 DEBUG testcase.TC_3.4_6                        - 3: setText(css("#email"), "t.mansi@studenti.unisa.it")
2026-06-07 18:38:46.316 DEBUG testcase.TC_3.4_6                        - 1: t = new com.kms.katalon.core.testobject.TestObject(sel)
2026-06-07 18:38:46.316 DEBUG testcase.TC_3.4_6                        - 2: t.addProperty("css", EQUALS, sel)
2026-06-07 18:38:46.316 DEBUG testcase.TC_3.4_6                        - 3: return t
2026-06-07 18:38:46.855 DEBUG testcase.TC_3.4_6                        - 4: setText(css("#password"), "321CBA.")
2026-06-07 18:38:46.855 DEBUG testcase.TC_3.4_6                        - 1: t = new com.kms.katalon.core.testobject.TestObject(sel)
2026-06-07 18:38:46.855 DEBUG testcase.TC_3.4_6                        - 2: t.addProperty("css", EQUALS, sel)
2026-06-07 18:38:46.855 DEBUG testcase.TC_3.4_6                        - 3: return t
2026-06-07 18:38:47.362 DEBUG testcase.TC_3.4_6                        - 5: click(css("#submit"))
2026-06-07 18:38:47.362 DEBUG testcase.TC_3.4_6                        - 1: t = new com.kms.katalon.core.testobject.TestObject(sel)
2026-06-07 18:38:47.363 DEBUG testcase.TC_3.4_6                        - 2: t.addProperty("css", EQUALS, sel)
2026-06-07 18:38:47.363 DEBUG testcase.TC_3.4_6                        - 3: return t
2026-06-07 18:38:47.629 DEBUG testcase.TC_3.4_6                        - 6: delay(2)
2026-06-07 18:38:49.643 DEBUG testcase.TC_3.4_6                        - 7: navigateToUrl(base + "Utente.jsp")
2026-06-07 18:38:49.701 DEBUG testcase.TC_3.4_6                        - 8: delay(1)
2026-06-07 18:38:50.713 DEBUG testcase.TC_3.4_6                        - 9: click(css("#editPasswordButton"))
2026-06-07 18:38:50.714 DEBUG testcase.TC_3.4_6                        - 1: t = new com.kms.katalon.core.testobject.TestObject(sel)
2026-06-07 18:38:50.714 DEBUG testcase.TC_3.4_6                        - 2: t.addProperty("css", EQUALS, sel)
2026-06-07 18:38:50.714 DEBUG testcase.TC_3.4_6                        - 3: return t
2026-06-07 18:38:51.044 DEBUG testcase.TC_3.4_6                        - 10: delay(1)
2026-06-07 18:38:52.051 DEBUG testcase.TC_3.4_6                        - 11: setText(css("#oldPasswordInput"), "321CBA.")
2026-06-07 18:38:52.052 DEBUG testcase.TC_3.4_6                        - 1: t = new com.kms.katalon.core.testobject.TestObject(sel)
2026-06-07 18:38:52.052 DEBUG testcase.TC_3.4_6                        - 2: t.addProperty("css", EQUALS, sel)
2026-06-07 18:38:52.053 DEBUG testcase.TC_3.4_6                        - 3: return t
2026-06-07 18:38:52.719 DEBUG testcase.TC_3.4_6                        - 12: setText(css("#newPasswordInput"), "NuovaPass1")
2026-06-07 18:38:52.719 DEBUG testcase.TC_3.4_6                        - 1: t = new com.kms.katalon.core.testobject.TestObject(sel)
2026-06-07 18:38:52.719 DEBUG testcase.TC_3.4_6                        - 2: t.addProperty("css", EQUALS, sel)
2026-06-07 18:38:52.720 DEBUG testcase.TC_3.4_6                        - 3: return t
2026-06-07 18:38:53.354 DEBUG testcase.TC_3.4_6                        - 13: click(css("#submitPasswordButton"))
2026-06-07 18:38:53.355 DEBUG testcase.TC_3.4_6                        - 1: t = new com.kms.katalon.core.testobject.TestObject(sel)
2026-06-07 18:38:53.355 DEBUG testcase.TC_3.4_6                        - 2: t.addProperty("css", EQUALS, sel)
2026-06-07 18:38:53.355 DEBUG testcase.TC_3.4_6                        - 3: return t
2026-06-07 18:38:53.651 DEBUG testcase.TC_3.4_6                        - 14: delay(2)
2026-06-07 18:38:55.658 DEBUG testcase.TC_3.4_6                        - 15: msg1 = getAlertText()
2026-06-07 18:38:55.675 DEBUG testcase.TC_3.4_6                        - 16: acceptAlert()
2026-06-07 18:38:55.683 DEBUG testcase.TC_3.4_6                        - 17: verifyMatch(msg1, ".*Password modificata con successo.*", true, CONTINUE_ON_FAILURE)
2026-06-07 18:38:55.684 DEBUG testcase.TC_3.4_6                        - 18: click(css("#editPasswordButton"))
2026-06-07 18:38:55.685 DEBUG testcase.TC_3.4_6                        - 1: t = new com.kms.katalon.core.testobject.TestObject(sel)
2026-06-07 18:38:55.685 DEBUG testcase.TC_3.4_6                        - 2: t.addProperty("css", EQUALS, sel)
2026-06-07 18:38:55.686 DEBUG testcase.TC_3.4_6                        - 3: return t
2026-06-07 18:38:56.010 DEBUG testcase.TC_3.4_6                        - 19: delay(1)
2026-06-07 18:38:57.026 DEBUG testcase.TC_3.4_6                        - 20: setText(css("#oldPasswordInput"), "NuovaPass1")
2026-06-07 18:38:57.027 DEBUG testcase.TC_3.4_6                        - 1: t = new com.kms.katalon.core.testobject.TestObject(sel)
2026-06-07 18:38:57.028 DEBUG testcase.TC_3.4_6                        - 2: t.addProperty("css", EQUALS, sel)
2026-06-07 18:38:57.028 DEBUG testcase.TC_3.4_6                        - 3: return t
2026-06-07 18:38:57.663 DEBUG testcase.TC_3.4_6                        - 21: setText(css("#newPasswordInput"), "AltraPass2")
2026-06-07 18:38:57.664 DEBUG testcase.TC_3.4_6                        - 1: t = new com.kms.katalon.core.testobject.TestObject(sel)
2026-06-07 18:38:57.664 DEBUG testcase.TC_3.4_6                        - 2: t.addProperty("css", EQUALS, sel)
2026-06-07 18:38:57.664 DEBUG testcase.TC_3.4_6                        - 3: return t
2026-06-07 18:38:58.221 DEBUG testcase.TC_3.4_6                        - 22: click(css("#submitPasswordButton"))
2026-06-07 18:38:58.221 DEBUG testcase.TC_3.4_6                        - 1: t = new com.kms.katalon.core.testobject.TestObject(sel)
2026-06-07 18:38:58.221 DEBUG testcase.TC_3.4_6                        - 2: t.addProperty("css", EQUALS, sel)
2026-06-07 18:38:58.221 DEBUG testcase.TC_3.4_6                        - 3: return t
2026-06-07 18:38:58.547 DEBUG testcase.TC_3.4_6                        - 23: delay(2)
2026-06-07 18:39:00.554 DEBUG testcase.TC_3.4_6                        - 24: msg2 = getAlertText()
2026-06-07 18:39:00.561 DEBUG testcase.TC_3.4_6                        - 25: acceptAlert()
2026-06-07 18:39:00.571 DEBUG testcase.TC_3.4_6                        - 26: takeScreenshot()
2026-06-07 18:39:00.929 DEBUG testcase.TC_3.4_6                        - 27: verifyMatch(msg2, ".*Password modificata con successo.*", true, CONTINUE_ON_FAILURE)
2026-06-07 18:39:00.930 ERROR c.k.k.core.keyword.internal.KeywordMain  - ❌ Unable to verify match between actual text 'Vecchia password errata. Riprova.' and expected text '.*Password modificata con successo.*' using regular expression (Root cause: com.kms.katalon.core.exception.StepFailedException: Actual text 'Vecchia password errata. Riprova.' and expected text '.*Password modificata con successo.*' are not matched using regular expression
	at com.kms.katalon.core.keyword.builtin.VerifyMatchKeyword$_verifyMatch_closure1.doCall(VerifyMatchKeyword.groovy:57)
	at com.kms.katalon.core.keyword.builtin.VerifyMatchKeyword$_verifyMatch_closure1.call(VerifyMatchKeyword.groovy)
	at com.kms.katalon.core.keyword.internal.KeywordMain.runKeyword(KeywordMain.groovy:75)
	at com.kms.katalon.core.keyword.builtin.VerifyMatchKeyword.verifyMatch(VerifyMatchKeyword.groovy:60)
	at com.kms.katalon.core.keyword.builtin.VerifyMatchKeyword.execute(VerifyMatchKeyword.groovy:45)
	at com.kms.katalon.core.keyword.internal.KeywordExecutor.executeKeywordForPlatform(KeywordExecutor.groovy:103)
	at com.kms.katalon.core.keyword.BuiltinKeywords.verifyMatch(BuiltinKeywords.groovy:44)
	at java.base/jdk.internal.reflect.DirectMethodHandleAccessor.invoke(DirectMethodHandleAccessor.java:103)
	at Script178060030406.run(Script178060030406.groovy:48)
	at com.kms.katalon.core.main.ScriptEngine.run(ScriptEngine.java:203)
	at com.kms.katalon.core.main.ScriptEngine.runScriptAsRawText(ScriptEngine.java:115)
	at com.kms.katalon.core.main.TestCaseExecutor.runScript(TestCaseExecutor.java:506)
	at com.kms.katalon.core.main.TestCaseExecutor.doExecute(TestCaseExecutor.java:497)
	at com.kms.katalon.core.main.TestCaseExecutor.processExecutionPhase(TestCaseExecutor.java:476)
	at com.kms.katalon.core.main.TestCaseExecutor.accessMainPhase(TestCaseExecutor.java:468)
	at com.kms.katalon.core.main.TestCaseExecutor.execute(TestCaseExecutor.java:334)
	at com.kms.katalon.core.common.CommonExecutor.accessTestCaseMainPhase(CommonExecutor.java:71)
	at com.kms.katalon.core.main.TestSuiteExecutor.accessTestSuiteMainPhase(TestSuiteExecutor.java:153)
	at com.kms.katalon.core.main.TestSuiteExecutor.execute(TestSuiteExecutor.java:110)
	at com.kms.katalon.core.main.TestCaseMain.startTestSuite(TestCaseMain.java:206)
	at S0607_0.run(S0607_0.groovy:40)
	at java.base/jdk.internal.reflect.DirectMethodHandleAccessor.invoke(DirectMethodHandleAccessor.java:103)
)
2026-06-07 18:39:00.930 DEBUG testcase.TC_3.4_6                        - 28: closeBrowser()
2026-06-07 18:39:01.093 ERROR c.k.katalon.core.main.TestCaseExecutor   - ❌ Test Cases/Profilo/TC_3.4_6 FAILED.
Reason:
com.kms.katalon.core.exception.StepFailedException: Unable to verify match between actual text 'Vecchia password errata. Riprova.' and expected text '.*Password modificata con successo.*' using regular expression (Root cause: com.kms.katalon.core.exception.StepFailedException: Actual text 'Vecchia password errata. Riprova.' and expected text '.*Password modificata con successo.*' are not matched using regular expression
	at com.kms.katalon.core.keyword.builtin.VerifyMatchKeyword$_verifyMatch_closure1.doCall(VerifyMatchKeyword.groovy:57)
	at com.kms.katalon.core.keyword.builtin.VerifyMatchKeyword$_verifyMatch_closure1.call(VerifyMatchKeyword.groovy)
	at com.kms.katalon.core.keyword.internal.KeywordMain.runKeyword(KeywordMain.groovy:75)
	at com.kms.katalon.core.keyword.builtin.VerifyMatchKeyword.verifyMatch(VerifyMatchKeyword.groovy:60)
	at com.kms.katalon.core.keyword.builtin.VerifyMatchKeyword.execute(VerifyMatchKeyword.groovy:45)
	at com.kms.katalon.core.keyword.internal.KeywordExecutor.executeKeywordForPlatform(KeywordExecutor.groovy:103)
	at com.kms.katalon.core.keyword.BuiltinKeywords.verifyMatch(BuiltinKeywords.groovy:44)
	at java.base/jdk.internal.reflect.DirectMethodHandleAccessor.invoke(DirectMethodHandleAccessor.java:103)
	at Script178060030406.run(Script178060030406.groovy:48)
	at com.kms.katalon.core.main.ScriptEngine.run(ScriptEngine.java:203)
	at com.kms.katalon.core.main.ScriptEngine.runScriptAsRawText(ScriptEngine.java:115)
	at com.kms.katalon.core.main.TestCaseExecutor.runScript(TestCaseExecutor.java:506)
	at com.kms.katalon.core.main.TestCaseExecutor.doExecute(TestCaseExecutor.java:497)
	at com.kms.katalon.core.main.TestCaseExecutor.processExecutionPhase(TestCaseExecutor.java:476)
	at com.kms.katalon.core.main.TestCaseExecutor.accessMainPhase(TestCaseExecutor.java:468)
	at com.kms.katalon.core.main.TestCaseExecutor.execute(TestCaseExecutor.java:334)
	at com.kms.katalon.core.common.CommonExecutor.accessTestCaseMainPhase(CommonExecutor.java:71)
	at com.kms.katalon.core.main.TestSuiteExecutor.accessTestSuiteMainPhase(TestSuiteExecutor.java:153)
	at com.kms.katalon.core.main.TestSuiteExecutor.execute(TestSuiteExecutor.java:110)
	at com.kms.katalon.core.main.TestCaseMain.startTestSuite(TestCaseMain.java:206)
	at S0607_0.run(S0607_0.groovy:40)
	at java.base/jdk.internal.reflect.DirectMethodHandleAccessor.invoke(DirectMethodHandleAccessor.java:103)
)
	at com.kms.katalon.core.keyword.internal.KeywordMain.stepFailed(KeywordMain.groovy:39)
	at com.kms.katalon.core.keyword.internal.KeywordMain.stepFailed(KeywordMain.groovy)
	at com.kms.katalon.core.keyword.internal.KeywordMain.runKeyword(KeywordMain.groovy:77)
	at com.kms.katalon.core.keyword.builtin.VerifyMatchKeyword.verifyMatch(VerifyMatchKeyword.groovy:60)
	at com.kms.katalon.core.keyword.builtin.VerifyMatchKeyword.execute(VerifyMatchKeyword.groovy:45)
	at com.kms.katalon.core.keyword.internal.KeywordExecutor.executeKeywordForPlatform(KeywordExecutor.groovy:103)
	at com.kms.katalon.core.keyword.BuiltinKeywords.verifyMatch(BuiltinKeywords.groovy:44)
	at java.base/jdk.internal.reflect.DirectMethodHandleAccessor.invoke(DirectMethodHandleAccessor.java:103)
	at Script178060030406.run(Script178060030406.groovy:48)
	at com.kms.katalon.core.main.ScriptEngine.run(ScriptEngine.java:203)
	at com.kms.katalon.core.main.ScriptEngine.runScriptAsRawText(ScriptEngine.java:115)
	at com.kms.katalon.core.main.TestCaseExecutor.runScript(TestCaseExecutor.java:506)
	at com.kms.katalon.core.main.TestCaseExecutor.doExecute(TestCaseExecutor.java:497)
	at com.kms.katalon.core.main.TestCaseExecutor.processExecutionPhase(TestCaseExecutor.java:476)
	at com.kms.katalon.core.main.TestCaseExecutor.accessMainPhase(TestCaseExecutor.java:468)
	at com.kms.katalon.core.main.TestCaseExecutor.execute(TestCaseExecutor.java:334)
	at com.kms.katalon.core.common.CommonExecutor.accessTestCaseMainPhase(CommonExecutor.java:71)
	at com.kms.katalon.core.main.TestSuiteExecutor.accessTestSuiteMainPhase(TestSuiteExecutor.java:153)
	at com.kms.katalon.core.main.TestSuiteExecutor.execute(TestSuiteExecutor.java:110)
	at com.kms.katalon.core.main.TestCaseMain.startTestSuite(TestCaseMain.java:206)
	at S0607_0.run(S0607_0.groovy:40)
	at java.base/jdk.internal.reflect.DirectMethodHandleAccessor.invoke(DirectMethodHandleAccessor.java:103)
Caused by: com.kms.katalon.core.exception.StepFailedException: Actual text 'Vecchia password errata. Riprova.' and expected text '.*Password modificata con successo.*' are not matched using regular expression
	at com.kms.katalon.core.keyword.builtin.VerifyMatchKeyword$_verifyMatch_closure1.doCall(VerifyMatchKeyword.groovy:57)
	at com.kms.katalon.core.keyword.builtin.VerifyMatchKeyword$_verifyMatch_closure1.call(VerifyMatchKeyword.groovy)
	at com.kms.katalon.core.keyword.internal.KeywordMain.runKeyword(KeywordMain.groovy:75)
	... 19 more

2026-06-07 18:39:01.096 INFO  c.k.katalon.core.main.TestCaseExecutor   - END Test Cases/Profilo/TC_3.4_6
2026-06-07 18:39:01.098 INFO  c.k.katalon.core.main.TestCaseExecutor   - --------------------
2026-06-07 18:39:01.098 INFO  c.k.katalon.core.main.TestCaseExecutor   - START Test Cases/Profilo/TC_3.5_1
2026-06-07 18:39:01.177 INFO  com.kms.katalon.core.util.KeywordUtil    - Seed ripristinato prima di: Test Cases/Profilo/TC_3.5_1
2026-06-07 18:39:01.210 DEBUG testcase.TC_3.5_1                        - 1: openBrowser("")
2026-06-07 18:39:01.210 INFO  c.k.k.core.webui.driver.DriverFactory    - Starting 'Chrome' driver
2026-06-07 18:39:01.211 INFO  c.k.k.core.webui.driver.DriverFactory    - Action delay is set to 0 milliseconds
2026-06-07 18:39:01.928 INFO  c.k.k.core.webui.driver.DriverFactory    - sessionId = 896cdf1ac56ac7b24142dc090d9cf5c2
2026-06-07 18:39:01.928 INFO  c.k.k.core.webui.driver.DriverFactory    - browser = Chrome 148.0.7778.179
2026-06-07 18:39:01.928 INFO  c.k.k.core.webui.driver.DriverFactory    - platform = Windows 11
2026-06-07 18:39:01.928 INFO  c.k.k.core.webui.driver.DriverFactory    - seleniumVersion = 4.39.0
2026-06-07 18:39:01.929 INFO  c.k.k.core.webui.driver.DriverFactory    - proxyInformation = ProxyInformation { proxyOption=NO_PROXY, proxyServerType=HTTP, username=, password=********, proxyServerAddress=, proxyServerPort=0, executionList="", isApplyToDesiredCapabilities=true }
2026-06-07 18:39:01.933 DEBUG testcase.TC_3.5_1                        - 2: navigateToUrl(base + "loginForm.jsp")
2026-06-07 18:39:02.533 DEBUG testcase.TC_3.5_1                        - 3: setText(css("#email"), "t.mansi@studenti.unisa.it")
2026-06-07 18:39:02.534 DEBUG testcase.TC_3.5_1                        - 1: t = new com.kms.katalon.core.testobject.TestObject(sel)
2026-06-07 18:39:02.535 DEBUG testcase.TC_3.5_1                        - 2: t.addProperty("css", EQUALS, sel)
2026-06-07 18:39:02.535 DEBUG testcase.TC_3.5_1                        - 3: return t
2026-06-07 18:39:03.067 DEBUG testcase.TC_3.5_1                        - 4: setText(css("#password"), "321CBA.")
2026-06-07 18:39:03.067 DEBUG testcase.TC_3.5_1                        - 1: t = new com.kms.katalon.core.testobject.TestObject(sel)
2026-06-07 18:39:03.067 DEBUG testcase.TC_3.5_1                        - 2: t.addProperty("css", EQUALS, sel)
2026-06-07 18:39:03.067 DEBUG testcase.TC_3.5_1                        - 3: return t
2026-06-07 18:39:03.578 DEBUG testcase.TC_3.5_1                        - 5: click(css("#submit"))
2026-06-07 18:39:03.578 DEBUG testcase.TC_3.5_1                        - 1: t = new com.kms.katalon.core.testobject.TestObject(sel)
2026-06-07 18:39:03.578 DEBUG testcase.TC_3.5_1                        - 2: t.addProperty("css", EQUALS, sel)
2026-06-07 18:39:03.578 DEBUG testcase.TC_3.5_1                        - 3: return t
2026-06-07 18:39:03.854 DEBUG testcase.TC_3.5_1                        - 6: delay(2)
2026-06-07 18:39:05.868 DEBUG testcase.TC_3.5_1                        - 7: navigateToUrl(base + "Utente.jsp")
2026-06-07 18:39:06.665 DEBUG testcase.TC_3.5_1                        - 8: delay(1)
2026-06-07 18:39:07.675 DEBUG testcase.TC_3.5_1                        - 9: takeScreenshot()
2026-06-07 18:39:08.018 DEBUG testcase.TC_3.5_1                        - 10: verifyTextPresent("INDIRIZZI", false)
2026-06-07 18:39:08.294 DEBUG testcase.TC_3.5_1                        - 11: closeBrowser()
2026-06-07 18:39:08.434 INFO  c.k.katalon.core.main.TestCaseExecutor   - END Test Cases/Profilo/TC_3.5_1
2026-06-07 18:39:08.435 INFO  c.k.katalon.core.main.TestCaseExecutor   - --------------------
2026-06-07 18:39:08.435 INFO  c.k.katalon.core.main.TestCaseExecutor   - START Test Cases/Profilo/TC_3.5_2
2026-06-07 18:39:08.504 INFO  com.kms.katalon.core.util.KeywordUtil    - Seed ripristinato prima di: Test Cases/Profilo/TC_3.5_2
2026-06-07 18:39:08.534 DEBUG testcase.TC_3.5_2                        - 1: openBrowser("")
2026-06-07 18:39:08.534 INFO  c.k.k.core.webui.driver.DriverFactory    - Starting 'Chrome' driver
2026-06-07 18:39:08.535 INFO  c.k.k.core.webui.driver.DriverFactory    - Action delay is set to 0 milliseconds
2026-06-07 18:39:09.220 INFO  c.k.k.core.webui.driver.DriverFactory    - sessionId = 839faa81aa45321b8d6776c947086cd7
2026-06-07 18:39:09.221 INFO  c.k.k.core.webui.driver.DriverFactory    - browser = Chrome 148.0.7778.179
2026-06-07 18:39:09.221 INFO  c.k.k.core.webui.driver.DriverFactory    - platform = Windows 11
2026-06-07 18:39:09.221 INFO  c.k.k.core.webui.driver.DriverFactory    - seleniumVersion = 4.39.0
2026-06-07 18:39:09.221 INFO  c.k.k.core.webui.driver.DriverFactory    - proxyInformation = ProxyInformation { proxyOption=NO_PROXY, proxyServerType=HTTP, username=, password=********, proxyServerAddress=, proxyServerPort=0, executionList="", isApplyToDesiredCapabilities=true }
2026-06-07 18:39:09.227 DEBUG testcase.TC_3.5_2                        - 2: navigateToUrl(base + "SignForm.jsp")
2026-06-07 18:39:09.742 DEBUG testcase.TC_3.5_2                        - 3: executeJavaScript("document.getElementById('nome').value='Test';" + "document.getElementById('cognome').value='SenzaIndirizzi';" + "document.getElementById('data_nascita').value='2000-01-01';" + "document.getElementById('codice_fiscale').value='TSTSNZ00A01F839X';" + "document.getElementById('telefono').value='3330000000';" + "document.getElementById('email').value='senza.indirizzi@example.com';" + "document.getElementById('password').value='Password1';", null)
2026-06-07 18:39:09.759 DEBUG testcase.TC_3.5_2                        - 4: click(css("#submit"))
2026-06-07 18:39:09.759 DEBUG testcase.TC_3.5_2                        - 1: t = new com.kms.katalon.core.testobject.TestObject(sel)
2026-06-07 18:39:09.759 DEBUG testcase.TC_3.5_2                        - 2: t.addProperty("css", EQUALS, sel)
2026-06-07 18:39:09.760 DEBUG testcase.TC_3.5_2                        - 3: return t
2026-06-07 18:39:10.077 DEBUG testcase.TC_3.5_2                        - 5: delay(2)
2026-06-07 18:39:12.085 DEBUG testcase.TC_3.5_2                        - 6: navigateToUrl(base + "loginForm.jsp")
2026-06-07 18:39:12.128 DEBUG testcase.TC_3.5_2                        - 7: setText(css("#email"), "senza.indirizzi@example.com")
2026-06-07 18:39:12.128 DEBUG testcase.TC_3.5_2                        - 1: t = new com.kms.katalon.core.testobject.TestObject(sel)
2026-06-07 18:39:12.128 DEBUG testcase.TC_3.5_2                        - 2: t.addProperty("css", EQUALS, sel)
2026-06-07 18:39:12.128 DEBUG testcase.TC_3.5_2                        - 3: return t
2026-06-07 18:39:12.966 DEBUG testcase.TC_3.5_2                        - 8: setText(css("#password"), "Password1")
2026-06-07 18:39:12.967 DEBUG testcase.TC_3.5_2                        - 1: t = new com.kms.katalon.core.testobject.TestObject(sel)
2026-06-07 18:39:12.967 DEBUG testcase.TC_3.5_2                        - 2: t.addProperty("css", EQUALS, sel)
2026-06-07 18:39:12.967 DEBUG testcase.TC_3.5_2                        - 3: return t
2026-06-07 18:39:13.593 DEBUG testcase.TC_3.5_2                        - 9: click(css("#submit"))
2026-06-07 18:39:13.594 DEBUG testcase.TC_3.5_2                        - 1: t = new com.kms.katalon.core.testobject.TestObject(sel)
2026-06-07 18:39:13.594 DEBUG testcase.TC_3.5_2                        - 2: t.addProperty("css", EQUALS, sel)
2026-06-07 18:39:13.594 DEBUG testcase.TC_3.5_2                        - 3: return t
2026-06-07 18:39:13.934 DEBUG testcase.TC_3.5_2                        - 10: delay(2)
2026-06-07 18:39:15.937 DEBUG testcase.TC_3.5_2                        - 11: navigateToUrl(base + "Utente.jsp")
2026-06-07 18:39:15.988 DEBUG testcase.TC_3.5_2                        - 12: delay(1)
2026-06-07 18:39:16.999 DEBUG testcase.TC_3.5_2                        - 13: takeScreenshot()
2026-06-07 18:39:17.313 DEBUG testcase.TC_3.5_2                        - 14: verifyTextNotPresent("INDIRIZZI", false)
2026-06-07 18:39:17.586 DEBUG testcase.TC_3.5_2                        - 15: closeBrowser()
2026-06-07 18:39:17.704 INFO  c.k.katalon.core.main.TestCaseExecutor   - END Test Cases/Profilo/TC_3.5_2
2026-06-07 18:39:17.705 INFO  c.k.katalon.core.main.TestCaseExecutor   - --------------------
2026-06-07 18:39:17.705 INFO  c.k.katalon.core.main.TestCaseExecutor   - START Test Cases/Profilo/TC_3.6_1
2026-06-07 18:39:17.790 INFO  com.kms.katalon.core.util.KeywordUtil    - Seed ripristinato prima di: Test Cases/Profilo/TC_3.6_1
2026-06-07 18:39:17.830 DEBUG testcase.TC_3.6_1                        - 1: openBrowser("")
2026-06-07 18:39:17.831 INFO  c.k.k.core.webui.driver.DriverFactory    - Starting 'Chrome' driver
2026-06-07 18:39:17.831 INFO  c.k.k.core.webui.driver.DriverFactory    - Action delay is set to 0 milliseconds
2026-06-07 18:39:18.479 INFO  c.k.k.core.webui.driver.DriverFactory    - sessionId = 4fc8ea750a9356bc5281e003246c7b79
2026-06-07 18:39:18.479 INFO  c.k.k.core.webui.driver.DriverFactory    - browser = Chrome 148.0.7778.179
2026-06-07 18:39:18.479 INFO  c.k.k.core.webui.driver.DriverFactory    - platform = Windows 11
2026-06-07 18:39:18.479 INFO  c.k.k.core.webui.driver.DriverFactory    - seleniumVersion = 4.39.0
2026-06-07 18:39:18.479 INFO  c.k.k.core.webui.driver.DriverFactory    - proxyInformation = ProxyInformation { proxyOption=NO_PROXY, proxyServerType=HTTP, username=, password=********, proxyServerAddress=, proxyServerPort=0, executionList="", isApplyToDesiredCapabilities=true }
2026-06-07 18:39:18.483 DEBUG testcase.TC_3.6_1                        - 2: navigateToUrl(base + "loginForm.jsp")
2026-06-07 18:39:19.919 DEBUG testcase.TC_3.6_1                        - 3: setText(css("#email"), "t.mansi@studenti.unisa.it")
2026-06-07 18:39:19.919 DEBUG testcase.TC_3.6_1                        - 1: t = new com.kms.katalon.core.testobject.TestObject(sel)
2026-06-07 18:39:19.920 DEBUG testcase.TC_3.6_1                        - 2: t.addProperty("css", EQUALS, sel)
2026-06-07 18:39:19.920 DEBUG testcase.TC_3.6_1                        - 3: return t
2026-06-07 18:39:20.531 DEBUG testcase.TC_3.6_1                        - 4: setText(css("#password"), "321CBA.")
2026-06-07 18:39:20.531 DEBUG testcase.TC_3.6_1                        - 1: t = new com.kms.katalon.core.testobject.TestObject(sel)
2026-06-07 18:39:20.532 DEBUG testcase.TC_3.6_1                        - 2: t.addProperty("css", EQUALS, sel)
2026-06-07 18:39:20.532 DEBUG testcase.TC_3.6_1                        - 3: return t
2026-06-07 18:39:21.115 DEBUG testcase.TC_3.6_1                        - 5: click(css("#submit"))
2026-06-07 18:39:21.115 DEBUG testcase.TC_3.6_1                        - 1: t = new com.kms.katalon.core.testobject.TestObject(sel)
2026-06-07 18:39:21.116 DEBUG testcase.TC_3.6_1                        - 2: t.addProperty("css", EQUALS, sel)
2026-06-07 18:39:21.116 DEBUG testcase.TC_3.6_1                        - 3: return t
2026-06-07 18:39:21.451 DEBUG testcase.TC_3.6_1                        - 6: delay(2)
2026-06-07 18:39:23.462 DEBUG testcase.TC_3.6_1                        - 7: navigateToUrl(base + "AddressForm.jsp")
2026-06-07 18:39:23.642 DEBUG testcase.TC_3.6_1                        - 8: delay(1)
2026-06-07 18:39:24.646 DEBUG testcase.TC_3.6_1                        - 9: setText(css("#citta"), "Salerno")
2026-06-07 18:39:24.647 DEBUG testcase.TC_3.6_1                        - 1: t = new com.kms.katalon.core.testobject.TestObject(sel)
2026-06-07 18:39:24.647 DEBUG testcase.TC_3.6_1                        - 2: t.addProperty("css", EQUALS, sel)
2026-06-07 18:39:24.648 DEBUG testcase.TC_3.6_1                        - 3: return t
2026-06-07 18:39:25.269 DEBUG testcase.TC_3.6_1                        - 10: setText(css("#provincia"), "SA")
2026-06-07 18:39:25.269 DEBUG testcase.TC_3.6_1                        - 1: t = new com.kms.katalon.core.testobject.TestObject(sel)
2026-06-07 18:39:25.270 DEBUG testcase.TC_3.6_1                        - 2: t.addProperty("css", EQUALS, sel)
2026-06-07 18:39:25.270 DEBUG testcase.TC_3.6_1                        - 3: return t
2026-06-07 18:39:25.900 DEBUG testcase.TC_3.6_1                        - 11: setText(css("#cap"), "84100")
2026-06-07 18:39:25.902 DEBUG testcase.TC_3.6_1                        - 1: t = new com.kms.katalon.core.testobject.TestObject(sel)
2026-06-07 18:39:25.902 DEBUG testcase.TC_3.6_1                        - 2: t.addProperty("css", EQUALS, sel)
2026-06-07 18:39:25.902 DEBUG testcase.TC_3.6_1                        - 3: return t
2026-06-07 18:39:26.521 DEBUG testcase.TC_3.6_1                        - 12: setText(css("#via"), "Via Roma")
2026-06-07 18:39:26.522 DEBUG testcase.TC_3.6_1                        - 1: t = new com.kms.katalon.core.testobject.TestObject(sel)
2026-06-07 18:39:26.522 DEBUG testcase.TC_3.6_1                        - 2: t.addProperty("css", EQUALS, sel)
2026-06-07 18:39:26.522 DEBUG testcase.TC_3.6_1                        - 3: return t
2026-06-07 18:39:27.171 DEBUG testcase.TC_3.6_1                        - 13: setText(css("#numero_civico"), "12")
2026-06-07 18:39:27.171 DEBUG testcase.TC_3.6_1                        - 1: t = new com.kms.katalon.core.testobject.TestObject(sel)
2026-06-07 18:39:27.171 DEBUG testcase.TC_3.6_1                        - 2: t.addProperty("css", EQUALS, sel)
2026-06-07 18:39:27.172 DEBUG testcase.TC_3.6_1                        - 3: return t
2026-06-07 18:39:27.728 DEBUG testcase.TC_3.6_1                        - 14: setText(css("#stato"), "Italia")
2026-06-07 18:39:27.728 DEBUG testcase.TC_3.6_1                        - 1: t = new com.kms.katalon.core.testobject.TestObject(sel)
2026-06-07 18:39:27.728 DEBUG testcase.TC_3.6_1                        - 2: t.addProperty("css", EQUALS, sel)
2026-06-07 18:39:27.728 DEBUG testcase.TC_3.6_1                        - 3: return t
2026-06-07 18:39:28.278 DEBUG testcase.TC_3.6_1                        - 15: click(css(".submit-button"))
2026-06-07 18:39:28.278 DEBUG testcase.TC_3.6_1                        - 1: t = new com.kms.katalon.core.testobject.TestObject(sel)
2026-06-07 18:39:28.279 DEBUG testcase.TC_3.6_1                        - 2: t.addProperty("css", EQUALS, sel)
2026-06-07 18:39:28.279 DEBUG testcase.TC_3.6_1                        - 3: return t
2026-06-07 18:39:28.672 DEBUG testcase.TC_3.6_1                        - 16: delay(2)
2026-06-07 18:39:30.688 DEBUG testcase.TC_3.6_1                        - 17: navigateToUrl(base + "Utente.jsp")
2026-06-07 18:39:30.741 DEBUG testcase.TC_3.6_1                        - 18: delay(1)
2026-06-07 18:39:31.753 DEBUG testcase.TC_3.6_1                        - 19: waitForElementPresent(css("table"), 10)
2026-06-07 18:39:31.753 DEBUG testcase.TC_3.6_1                        - 1: t = new com.kms.katalon.core.testobject.TestObject(sel)
2026-06-07 18:39:31.753 DEBUG testcase.TC_3.6_1                        - 2: t.addProperty("css", EQUALS, sel)
2026-06-07 18:39:31.753 DEBUG testcase.TC_3.6_1                        - 3: return t
2026-06-07 18:39:32.007 DEBUG testcase.TC_3.6_1                        - 20: takeScreenshot()
2026-06-07 18:39:32.341 DEBUG testcase.TC_3.6_1                        - 21: verifyTextPresent("Via Roma", false, CONTINUE_ON_FAILURE)
2026-06-07 18:39:32.611 ERROR c.k.k.core.keyword.internal.KeywordMain  - ❌ Text 'Via Roma' is not present on page  (Root cause: com.kms.katalon.core.exception.StepFailedException: Text 'Via Roma' is not present on page 
	at com.kms.katalon.core.webui.keyword.internal.WebUIKeywordMain.stepFailed(WebUIKeywordMain.groovy:177)
	at com.kms.katalon.core.webui.keyword.builtin.VerifyTextPresentKeyword$_verifyTextPresent_closure1.doCall(VerifyTextPresentKeyword.groovy:79)
	at com.kms.katalon.core.webui.keyword.builtin.VerifyTextPresentKeyword$_verifyTextPresent_closure1.call(VerifyTextPresentKeyword.groovy)
	at com.kms.katalon.core.webui.keyword.internal.WebUIKeywordMain.runKeyword(WebUIKeywordMain.groovy:41)
	at com.kms.katalon.core.webui.keyword.builtin.VerifyTextPresentKeyword.verifyTextPresent(VerifyTextPresentKeyword.groovy:83)
	at com.kms.katalon.core.webui.keyword.builtin.VerifyTextPresentKeyword.execute(VerifyTextPresentKeyword.groovy:68)
	at com.kms.katalon.core.keyword.internal.KeywordExecutor.executeKeywordForPlatform(KeywordExecutor.groovy:103)
	at com.kms.katalon.core.webui.keyword.WebUiBuiltInKeywords.verifyTextPresent(WebUiBuiltInKeywords.groovy:1809)
	at Script178060030601.run(Script178060030601.groovy:40)
	at com.kms.katalon.core.main.ScriptEngine.run(ScriptEngine.java:203)
	at com.kms.katalon.core.main.ScriptEngine.runScriptAsRawText(ScriptEngine.java:115)
	at com.kms.katalon.core.main.TestCaseExecutor.runScript(TestCaseExecutor.java:506)
	at com.kms.katalon.core.main.TestCaseExecutor.doExecute(TestCaseExecutor.java:497)
	at com.kms.katalon.core.main.TestCaseExecutor.processExecutionPhase(TestCaseExecutor.java:476)
	at com.kms.katalon.core.main.TestCaseExecutor.accessMainPhase(TestCaseExecutor.java:468)
	at com.kms.katalon.core.main.TestCaseExecutor.execute(TestCaseExecutor.java:334)
	at com.kms.katalon.core.common.CommonExecutor.accessTestCaseMainPhase(CommonExecutor.java:71)
	at com.kms.katalon.core.main.TestSuiteExecutor.accessTestSuiteMainPhase(TestSuiteExecutor.java:153)
	at com.kms.katalon.core.main.TestSuiteExecutor.execute(TestSuiteExecutor.java:110)
	at com.kms.katalon.core.main.TestCaseMain.startTestSuite(TestCaseMain.java:206)
	at S0607_0.run(S0607_0.groovy:40)
	at java.base/jdk.internal.reflect.DirectMethodHandleAccessor.invoke(DirectMethodHandleAccessor.java:103)
)
2026-06-07 18:39:32.613 DEBUG testcase.TC_3.6_1                        - 22: closeBrowser()
2026-06-07 18:39:32.723 ERROR c.k.katalon.core.main.TestCaseExecutor   - ❌ Test Cases/Profilo/TC_3.6_1 FAILED.
Reason:
com.kms.katalon.core.exception.StepFailedException: Text 'Via Roma' is not present on page  (Root cause: com.kms.katalon.core.exception.StepFailedException: Text 'Via Roma' is not present on page 
	at com.kms.katalon.core.webui.keyword.internal.WebUIKeywordMain.stepFailed(WebUIKeywordMain.groovy:177)
	at com.kms.katalon.core.webui.keyword.builtin.VerifyTextPresentKeyword$_verifyTextPresent_closure1.doCall(VerifyTextPresentKeyword.groovy:79)
	at com.kms.katalon.core.webui.keyword.builtin.VerifyTextPresentKeyword$_verifyTextPresent_closure1.call(VerifyTextPresentKeyword.groovy)
	at com.kms.katalon.core.webui.keyword.internal.WebUIKeywordMain.runKeyword(WebUIKeywordMain.groovy:41)
	at com.kms.katalon.core.webui.keyword.builtin.VerifyTextPresentKeyword.verifyTextPresent(VerifyTextPresentKeyword.groovy:83)
	at com.kms.katalon.core.webui.keyword.builtin.VerifyTextPresentKeyword.execute(VerifyTextPresentKeyword.groovy:68)
	at com.kms.katalon.core.keyword.internal.KeywordExecutor.executeKeywordForPlatform(KeywordExecutor.groovy:103)
	at com.kms.katalon.core.webui.keyword.WebUiBuiltInKeywords.verifyTextPresent(WebUiBuiltInKeywords.groovy:1809)
	at Script178060030601.run(Script178060030601.groovy:40)
	at com.kms.katalon.core.main.ScriptEngine.run(ScriptEngine.java:203)
	at com.kms.katalon.core.main.ScriptEngine.runScriptAsRawText(ScriptEngine.java:115)
	at com.kms.katalon.core.main.TestCaseExecutor.runScript(TestCaseExecutor.java:506)
	at com.kms.katalon.core.main.TestCaseExecutor.doExecute(TestCaseExecutor.java:497)
	at com.kms.katalon.core.main.TestCaseExecutor.processExecutionPhase(TestCaseExecutor.java:476)
	at com.kms.katalon.core.main.TestCaseExecutor.accessMainPhase(TestCaseExecutor.java:468)
	at com.kms.katalon.core.main.TestCaseExecutor.execute(TestCaseExecutor.java:334)
	at com.kms.katalon.core.common.CommonExecutor.accessTestCaseMainPhase(CommonExecutor.java:71)
	at com.kms.katalon.core.main.TestSuiteExecutor.accessTestSuiteMainPhase(TestSuiteExecutor.java:153)
	at com.kms.katalon.core.main.TestSuiteExecutor.execute(TestSuiteExecutor.java:110)
	at com.kms.katalon.core.main.TestCaseMain.startTestSuite(TestCaseMain.java:206)
	at S0607_0.run(S0607_0.groovy:40)
	at java.base/jdk.internal.reflect.DirectMethodHandleAccessor.invoke(DirectMethodHandleAccessor.java:103)
)
	at com.kms.katalon.core.keyword.internal.KeywordMain.stepFailed(KeywordMain.groovy:39)
	at com.kms.katalon.core.webui.keyword.internal.WebUIKeywordMain.stepFailed(WebUIKeywordMain.groovy:177)
	at com.kms.katalon.core.webui.keyword.builtin.VerifyTextPresentKeyword$_verifyTextPresent_closure1.doCall(VerifyTextPresentKeyword.groovy:79)
	at com.kms.katalon.core.webui.keyword.builtin.VerifyTextPresentKeyword$_verifyTextPresent_closure1.call(VerifyTextPresentKeyword.groovy)
	at com.kms.katalon.core.webui.keyword.internal.WebUIKeywordMain.runKeyword(WebUIKeywordMain.groovy:41)
	at com.kms.katalon.core.webui.keyword.builtin.VerifyTextPresentKeyword.verifyTextPresent(VerifyTextPresentKeyword.groovy:83)
	at com.kms.katalon.core.webui.keyword.builtin.VerifyTextPresentKeyword.execute(VerifyTextPresentKeyword.groovy:68)
	at com.kms.katalon.core.keyword.internal.KeywordExecutor.executeKeywordForPlatform(KeywordExecutor.groovy:103)
	at com.kms.katalon.core.webui.keyword.WebUiBuiltInKeywords.verifyTextPresent(WebUiBuiltInKeywords.groovy:1809)
	at Script178060030601.run(Script178060030601.groovy:40)
	at com.kms.katalon.core.main.ScriptEngine.run(ScriptEngine.java:203)
	at com.kms.katalon.core.main.ScriptEngine.runScriptAsRawText(ScriptEngine.java:115)
	at com.kms.katalon.core.main.TestCaseExecutor.runScript(TestCaseExecutor.java:506)
	at com.kms.katalon.core.main.TestCaseExecutor.doExecute(TestCaseExecutor.java:497)
	at com.kms.katalon.core.main.TestCaseExecutor.processExecutionPhase(TestCaseExecutor.java:476)
	at com.kms.katalon.core.main.TestCaseExecutor.accessMainPhase(TestCaseExecutor.java:468)
	at com.kms.katalon.core.main.TestCaseExecutor.execute(TestCaseExecutor.java:334)
	at com.kms.katalon.core.common.CommonExecutor.accessTestCaseMainPhase(CommonExecutor.java:71)
	at com.kms.katalon.core.main.TestSuiteExecutor.accessTestSuiteMainPhase(TestSuiteExecutor.java:153)
	at com.kms.katalon.core.main.TestSuiteExecutor.execute(TestSuiteExecutor.java:110)
	at com.kms.katalon.core.main.TestCaseMain.startTestSuite(TestCaseMain.java:206)
	at S0607_0.run(S0607_0.groovy:40)
	at java.base/jdk.internal.reflect.DirectMethodHandleAccessor.invoke(DirectMethodHandleAccessor.java:103)
Caused by: com.kms.katalon.core.exception.StepFailedException: Text 'Via Roma' is not present on page 
	... 22 more

2026-06-07 18:39:32.724 INFO  c.k.katalon.core.main.TestCaseExecutor   - END Test Cases/Profilo/TC_3.6_1
2026-06-07 18:39:32.725 INFO  c.k.katalon.core.main.TestCaseExecutor   - --------------------
2026-06-07 18:39:32.725 INFO  c.k.katalon.core.main.TestCaseExecutor   - START Test Cases/Profilo/TC_3.6_2
2026-06-07 18:39:32.797 INFO  com.kms.katalon.core.util.KeywordUtil    - Seed ripristinato prima di: Test Cases/Profilo/TC_3.6_2
2026-06-07 18:39:32.829 DEBUG testcase.TC_3.6_2                        - 1: openBrowser("")
2026-06-07 18:39:32.829 INFO  c.k.k.core.webui.driver.DriverFactory    - Starting 'Chrome' driver
2026-06-07 18:39:32.830 INFO  c.k.k.core.webui.driver.DriverFactory    - Action delay is set to 0 milliseconds
2026-06-07 18:39:33.550 INFO  c.k.k.core.webui.driver.DriverFactory    - sessionId = 86d1294376008c1cdefb27eed58e9ed5
2026-06-07 18:39:33.550 INFO  c.k.k.core.webui.driver.DriverFactory    - browser = Chrome 148.0.7778.179
2026-06-07 18:39:33.550 INFO  c.k.k.core.webui.driver.DriverFactory    - platform = Windows 11
2026-06-07 18:39:33.550 INFO  c.k.k.core.webui.driver.DriverFactory    - seleniumVersion = 4.39.0
2026-06-07 18:39:33.550 INFO  c.k.k.core.webui.driver.DriverFactory    - proxyInformation = ProxyInformation { proxyOption=NO_PROXY, proxyServerType=HTTP, username=, password=********, proxyServerAddress=, proxyServerPort=0, executionList="", isApplyToDesiredCapabilities=true }
2026-06-07 18:39:33.555 DEBUG testcase.TC_3.6_2                        - 2: navigateToUrl(base + "loginForm.jsp")
2026-06-07 18:39:33.955 DEBUG testcase.TC_3.6_2                        - 3: setText(css("#email"), "t.mansi@studenti.unisa.it")
2026-06-07 18:39:33.955 DEBUG testcase.TC_3.6_2                        - 1: t = new com.kms.katalon.core.testobject.TestObject(sel)
2026-06-07 18:39:33.956 DEBUG testcase.TC_3.6_2                        - 2: t.addProperty("css", EQUALS, sel)
2026-06-07 18:39:33.956 DEBUG testcase.TC_3.6_2                        - 3: return t
2026-06-07 18:39:34.477 DEBUG testcase.TC_3.6_2                        - 4: setText(css("#password"), "321CBA.")
2026-06-07 18:39:34.477 DEBUG testcase.TC_3.6_2                        - 1: t = new com.kms.katalon.core.testobject.TestObject(sel)
2026-06-07 18:39:34.477 DEBUG testcase.TC_3.6_2                        - 2: t.addProperty("css", EQUALS, sel)
2026-06-07 18:39:34.477 DEBUG testcase.TC_3.6_2                        - 3: return t
2026-06-07 18:39:34.986 DEBUG testcase.TC_3.6_2                        - 5: click(css("#submit"))
2026-06-07 18:39:34.987 DEBUG testcase.TC_3.6_2                        - 1: t = new com.kms.katalon.core.testobject.TestObject(sel)
2026-06-07 18:39:34.987 DEBUG testcase.TC_3.6_2                        - 2: t.addProperty("css", EQUALS, sel)
2026-06-07 18:39:34.987 DEBUG testcase.TC_3.6_2                        - 3: return t
2026-06-07 18:39:35.248 DEBUG testcase.TC_3.6_2                        - 6: delay(2)
2026-06-07 18:39:37.260 DEBUG testcase.TC_3.6_2                        - 7: navigateToUrl(base + "AddressForm.jsp")
2026-06-07 18:39:37.284 DEBUG testcase.TC_3.6_2                        - 8: delay(1)
2026-06-07 18:39:38.293 DEBUG testcase.TC_3.6_2                        - 9: setText(css("#provincia"), "SA")
2026-06-07 18:39:38.294 DEBUG testcase.TC_3.6_2                        - 1: t = new com.kms.katalon.core.testobject.TestObject(sel)
2026-06-07 18:39:38.295 DEBUG testcase.TC_3.6_2                        - 2: t.addProperty("css", EQUALS, sel)
2026-06-07 18:39:38.295 DEBUG testcase.TC_3.6_2                        - 3: return t
2026-06-07 18:39:38.908 DEBUG testcase.TC_3.6_2                        - 10: setText(css("#cap"), "84100")
2026-06-07 18:39:38.908 DEBUG testcase.TC_3.6_2                        - 1: t = new com.kms.katalon.core.testobject.TestObject(sel)
2026-06-07 18:39:38.908 DEBUG testcase.TC_3.6_2                        - 2: t.addProperty("css", EQUALS, sel)
2026-06-07 18:39:38.908 DEBUG testcase.TC_3.6_2                        - 3: return t
2026-06-07 18:39:39.529 DEBUG testcase.TC_3.6_2                        - 11: setText(css("#via"), "Via Roma")
2026-06-07 18:39:39.530 DEBUG testcase.TC_3.6_2                        - 1: t = new com.kms.katalon.core.testobject.TestObject(sel)
2026-06-07 18:39:39.530 DEBUG testcase.TC_3.6_2                        - 2: t.addProperty("css", EQUALS, sel)
2026-06-07 18:39:39.530 DEBUG testcase.TC_3.6_2                        - 3: return t
2026-06-07 18:39:40.154 DEBUG testcase.TC_3.6_2                        - 12: setText(css("#numero_civico"), "12")
2026-06-07 18:39:40.154 DEBUG testcase.TC_3.6_2                        - 1: t = new com.kms.katalon.core.testobject.TestObject(sel)
2026-06-07 18:39:40.155 DEBUG testcase.TC_3.6_2                        - 2: t.addProperty("css", EQUALS, sel)
2026-06-07 18:39:40.155 DEBUG testcase.TC_3.6_2                        - 3: return t
2026-06-07 18:39:40.774 DEBUG testcase.TC_3.6_2                        - 13: setText(css("#stato"), "Italia")
2026-06-07 18:39:40.774 DEBUG testcase.TC_3.6_2                        - 1: t = new com.kms.katalon.core.testobject.TestObject(sel)
2026-06-07 18:39:40.774 DEBUG testcase.TC_3.6_2                        - 2: t.addProperty("css", EQUALS, sel)
2026-06-07 18:39:40.774 DEBUG testcase.TC_3.6_2                        - 3: return t
2026-06-07 18:39:41.392 DEBUG testcase.TC_3.6_2                        - 14: valid = executeJavaScript("return document.getElementById('citta').checkValidity()", null)
2026-06-07 18:39:41.397 DEBUG testcase.TC_3.6_2                        - 15: verifyEqual(valid, false)
2026-06-07 18:39:41.402 DEBUG testcase.TC_3.6_2                        - 16: click(css(".submit-button"))
2026-06-07 18:39:41.403 DEBUG testcase.TC_3.6_2                        - 1: t = new com.kms.katalon.core.testobject.TestObject(sel)
2026-06-07 18:39:41.403 DEBUG testcase.TC_3.6_2                        - 2: t.addProperty("css", EQUALS, sel)
2026-06-07 18:39:41.403 DEBUG testcase.TC_3.6_2                        - 3: return t
2026-06-07 18:39:41.697 DEBUG testcase.TC_3.6_2                        - 17: delay(1)
2026-06-07 18:39:42.713 DEBUG testcase.TC_3.6_2                        - 18: takeScreenshot()
2026-06-07 18:39:43.085 DEBUG testcase.TC_3.6_2                        - 19: verifyElementPresent(css("#cap"), 5)
2026-06-07 18:39:43.085 DEBUG testcase.TC_3.6_2                        - 1: t = new com.kms.katalon.core.testobject.TestObject(sel)
2026-06-07 18:39:43.085 DEBUG testcase.TC_3.6_2                        - 2: t.addProperty("css", EQUALS, sel)
2026-06-07 18:39:43.085 DEBUG testcase.TC_3.6_2                        - 3: return t
2026-06-07 18:39:43.323 DEBUG testcase.TC_3.6_2                        - 20: closeBrowser()
2026-06-07 18:39:43.482 INFO  c.k.katalon.core.main.TestCaseExecutor   - END Test Cases/Profilo/TC_3.6_2
2026-06-07 18:39:43.483 INFO  c.k.katalon.core.main.TestCaseExecutor   - --------------------
2026-06-07 18:39:43.483 INFO  c.k.katalon.core.main.TestCaseExecutor   - START Test Cases/Profilo/TC_3.6_3
2026-06-07 18:39:43.549 INFO  com.kms.katalon.core.util.KeywordUtil    - Seed ripristinato prima di: Test Cases/Profilo/TC_3.6_3
2026-06-07 18:39:43.582 DEBUG testcase.TC_3.6_3                        - 1: openBrowser("")
2026-06-07 18:39:43.582 INFO  c.k.k.core.webui.driver.DriverFactory    - Starting 'Chrome' driver
2026-06-07 18:39:43.582 INFO  c.k.k.core.webui.driver.DriverFactory    - Action delay is set to 0 milliseconds
2026-06-07 18:39:44.299 INFO  c.k.k.core.webui.driver.DriverFactory    - sessionId = 1924cdf84b4f83e302235eba3ba80bb3
2026-06-07 18:39:44.299 INFO  c.k.k.core.webui.driver.DriverFactory    - browser = Chrome 148.0.7778.179
2026-06-07 18:39:44.299 INFO  c.k.k.core.webui.driver.DriverFactory    - platform = Windows 11
2026-06-07 18:39:44.299 INFO  c.k.k.core.webui.driver.DriverFactory    - seleniumVersion = 4.39.0
2026-06-07 18:39:44.299 INFO  c.k.k.core.webui.driver.DriverFactory    - proxyInformation = ProxyInformation { proxyOption=NO_PROXY, proxyServerType=HTTP, username=, password=********, proxyServerAddress=, proxyServerPort=0, executionList="", isApplyToDesiredCapabilities=true }
2026-06-07 18:39:44.305 DEBUG testcase.TC_3.6_3                        - 2: navigateToUrl(base + "loginForm.jsp")
2026-06-07 18:39:44.716 DEBUG testcase.TC_3.6_3                        - 3: setText(css("#email"), "t.mansi@studenti.unisa.it")
2026-06-07 18:39:44.717 DEBUG testcase.TC_3.6_3                        - 1: t = new com.kms.katalon.core.testobject.TestObject(sel)
2026-06-07 18:39:44.718 DEBUG testcase.TC_3.6_3                        - 2: t.addProperty("css", EQUALS, sel)
2026-06-07 18:39:44.718 DEBUG testcase.TC_3.6_3                        - 3: return t
2026-06-07 18:39:45.257 DEBUG testcase.TC_3.6_3                        - 4: setText(css("#password"), "321CBA.")
2026-06-07 18:39:45.258 DEBUG testcase.TC_3.6_3                        - 1: t = new com.kms.katalon.core.testobject.TestObject(sel)
2026-06-07 18:39:45.258 DEBUG testcase.TC_3.6_3                        - 2: t.addProperty("css", EQUALS, sel)
2026-06-07 18:39:45.258 DEBUG testcase.TC_3.6_3                        - 3: return t
2026-06-07 18:39:45.810 DEBUG testcase.TC_3.6_3                        - 5: click(css("#submit"))
2026-06-07 18:39:45.811 DEBUG testcase.TC_3.6_3                        - 1: t = new com.kms.katalon.core.testobject.TestObject(sel)
2026-06-07 18:39:45.811 DEBUG testcase.TC_3.6_3                        - 2: t.addProperty("css", EQUALS, sel)
2026-06-07 18:39:45.811 DEBUG testcase.TC_3.6_3                        - 3: return t
2026-06-07 18:39:46.111 DEBUG testcase.TC_3.6_3                        - 6: delay(2)
2026-06-07 18:39:48.112 DEBUG testcase.TC_3.6_3                        - 7: navigateToUrl(base + "AddressForm.jsp")
2026-06-07 18:39:48.157 DEBUG testcase.TC_3.6_3                        - 8: delay(1)
2026-06-07 18:39:49.159 DEBUG testcase.TC_3.6_3                        - 9: setText(css("#citta"), "Salerno")
2026-06-07 18:39:49.160 DEBUG testcase.TC_3.6_3                        - 1: t = new com.kms.katalon.core.testobject.TestObject(sel)
2026-06-07 18:39:49.160 DEBUG testcase.TC_3.6_3                        - 2: t.addProperty("css", EQUALS, sel)
2026-06-07 18:39:49.160 DEBUG testcase.TC_3.6_3                        - 3: return t
2026-06-07 18:39:49.791 DEBUG testcase.TC_3.6_3                        - 10: setText(css("#cap"), "84100")
2026-06-07 18:39:49.791 DEBUG testcase.TC_3.6_3                        - 1: t = new com.kms.katalon.core.testobject.TestObject(sel)
2026-06-07 18:39:49.793 DEBUG testcase.TC_3.6_3                        - 2: t.addProperty("css", EQUALS, sel)
2026-06-07 18:39:49.793 DEBUG testcase.TC_3.6_3                        - 3: return t
2026-06-07 18:39:50.409 DEBUG testcase.TC_3.6_3                        - 11: setText(css("#via"), "Via Roma")
2026-06-07 18:39:50.411 DEBUG testcase.TC_3.6_3                        - 1: t = new com.kms.katalon.core.testobject.TestObject(sel)
2026-06-07 18:39:50.411 DEBUG testcase.TC_3.6_3                        - 2: t.addProperty("css", EQUALS, sel)
2026-06-07 18:39:50.411 DEBUG testcase.TC_3.6_3                        - 3: return t
2026-06-07 18:39:51.023 DEBUG testcase.TC_3.6_3                        - 12: setText(css("#numero_civico"), "12")
2026-06-07 18:39:51.024 DEBUG testcase.TC_3.6_3                        - 1: t = new com.kms.katalon.core.testobject.TestObject(sel)
2026-06-07 18:39:51.024 DEBUG testcase.TC_3.6_3                        - 2: t.addProperty("css", EQUALS, sel)
2026-06-07 18:39:51.024 DEBUG testcase.TC_3.6_3                        - 3: return t
2026-06-07 18:39:51.622 DEBUG testcase.TC_3.6_3                        - 13: setText(css("#stato"), "Italia")
2026-06-07 18:39:51.622 DEBUG testcase.TC_3.6_3                        - 1: t = new com.kms.katalon.core.testobject.TestObject(sel)
2026-06-07 18:39:51.622 DEBUG testcase.TC_3.6_3                        - 2: t.addProperty("css", EQUALS, sel)
2026-06-07 18:39:51.622 DEBUG testcase.TC_3.6_3                        - 3: return t
2026-06-07 18:39:52.256 DEBUG testcase.TC_3.6_3                        - 14: valid = executeJavaScript("return document.getElementById('provincia').checkValidity()", null)
2026-06-07 18:39:52.259 DEBUG testcase.TC_3.6_3                        - 15: verifyEqual(valid, false)
2026-06-07 18:39:52.260 DEBUG testcase.TC_3.6_3                        - 16: click(css(".submit-button"))
2026-06-07 18:39:52.260 DEBUG testcase.TC_3.6_3                        - 1: t = new com.kms.katalon.core.testobject.TestObject(sel)
2026-06-07 18:39:52.261 DEBUG testcase.TC_3.6_3                        - 2: t.addProperty("css", EQUALS, sel)
2026-06-07 18:39:52.261 DEBUG testcase.TC_3.6_3                        - 3: return t
2026-06-07 18:39:52.576 DEBUG testcase.TC_3.6_3                        - 17: delay(1)
2026-06-07 18:39:53.590 DEBUG testcase.TC_3.6_3                        - 18: takeScreenshot()
2026-06-07 18:39:53.977 DEBUG testcase.TC_3.6_3                        - 19: verifyElementPresent(css("#cap"), 5)
2026-06-07 18:39:53.977 DEBUG testcase.TC_3.6_3                        - 1: t = new com.kms.katalon.core.testobject.TestObject(sel)
2026-06-07 18:39:53.977 DEBUG testcase.TC_3.6_3                        - 2: t.addProperty("css", EQUALS, sel)
2026-06-07 18:39:53.977 DEBUG testcase.TC_3.6_3                        - 3: return t
2026-06-07 18:39:54.217 DEBUG testcase.TC_3.6_3                        - 20: closeBrowser()
2026-06-07 18:39:54.399 INFO  c.k.katalon.core.main.TestCaseExecutor   - END Test Cases/Profilo/TC_3.6_3
2026-06-07 18:39:54.402 INFO  c.k.katalon.core.main.TestCaseExecutor   - --------------------
2026-06-07 18:39:54.402 INFO  c.k.katalon.core.main.TestCaseExecutor   - START Test Cases/Profilo/TC_3.6_4
2026-06-07 18:39:54.491 INFO  com.kms.katalon.core.util.KeywordUtil    - Seed ripristinato prima di: Test Cases/Profilo/TC_3.6_4
2026-06-07 18:39:54.526 DEBUG testcase.TC_3.6_4                        - 1: openBrowser("")
2026-06-07 18:39:54.526 INFO  c.k.k.core.webui.driver.DriverFactory    - Starting 'Chrome' driver
2026-06-07 18:39:54.527 INFO  c.k.k.core.webui.driver.DriverFactory    - Action delay is set to 0 milliseconds
2026-06-07 18:39:55.226 INFO  c.k.k.core.webui.driver.DriverFactory    - sessionId = 40849d5521aa9c145c81813cfc4c00b0
2026-06-07 18:39:55.227 INFO  c.k.k.core.webui.driver.DriverFactory    - browser = Chrome 148.0.7778.179
2026-06-07 18:39:55.227 INFO  c.k.k.core.webui.driver.DriverFactory    - platform = Windows 11
2026-06-07 18:39:55.227 INFO  c.k.k.core.webui.driver.DriverFactory    - seleniumVersion = 4.39.0
2026-06-07 18:39:55.227 INFO  c.k.k.core.webui.driver.DriverFactory    - proxyInformation = ProxyInformation { proxyOption=NO_PROXY, proxyServerType=HTTP, username=, password=********, proxyServerAddress=, proxyServerPort=0, executionList="", isApplyToDesiredCapabilities=true }
2026-06-07 18:39:55.236 DEBUG testcase.TC_3.6_4                        - 2: navigateToUrl(base + "loginForm.jsp")
2026-06-07 18:39:55.679 DEBUG testcase.TC_3.6_4                        - 3: setText(css("#email"), "t.mansi@studenti.unisa.it")
2026-06-07 18:39:55.680 DEBUG testcase.TC_3.6_4                        - 1: t = new com.kms.katalon.core.testobject.TestObject(sel)
2026-06-07 18:39:55.681 DEBUG testcase.TC_3.6_4                        - 2: t.addProperty("css", EQUALS, sel)
2026-06-07 18:39:55.682 DEBUG testcase.TC_3.6_4                        - 3: return t
2026-06-07 18:39:56.228 DEBUG testcase.TC_3.6_4                        - 4: setText(css("#password"), "321CBA.")
2026-06-07 18:39:56.228 DEBUG testcase.TC_3.6_4                        - 1: t = new com.kms.katalon.core.testobject.TestObject(sel)
2026-06-07 18:39:56.228 DEBUG testcase.TC_3.6_4                        - 2: t.addProperty("css", EQUALS, sel)
2026-06-07 18:39:56.228 DEBUG testcase.TC_3.6_4                        - 3: return t
2026-06-07 18:39:56.741 DEBUG testcase.TC_3.6_4                        - 5: click(css("#submit"))
2026-06-07 18:39:56.741 DEBUG testcase.TC_3.6_4                        - 1: t = new com.kms.katalon.core.testobject.TestObject(sel)
2026-06-07 18:39:56.741 DEBUG testcase.TC_3.6_4                        - 2: t.addProperty("css", EQUALS, sel)
2026-06-07 18:39:56.741 DEBUG testcase.TC_3.6_4                        - 3: return t
2026-06-07 18:39:57.008 DEBUG testcase.TC_3.6_4                        - 6: delay(2)
2026-06-07 18:39:59.018 DEBUG testcase.TC_3.6_4                        - 7: navigateToUrl(base + "AddressForm.jsp")
2026-06-07 18:39:59.046 DEBUG testcase.TC_3.6_4                        - 8: delay(1)
2026-06-07 18:40:00.058 DEBUG testcase.TC_3.6_4                        - 9: setText(css("#citta"), "Salerno")
2026-06-07 18:40:00.058 DEBUG testcase.TC_3.6_4                        - 1: t = new com.kms.katalon.core.testobject.TestObject(sel)
2026-06-07 18:40:00.059 DEBUG testcase.TC_3.6_4                        - 2: t.addProperty("css", EQUALS, sel)
2026-06-07 18:40:00.060 DEBUG testcase.TC_3.6_4                        - 3: return t
2026-06-07 18:40:00.711 DEBUG testcase.TC_3.6_4                        - 10: setText(css("#provincia"), "SA")
2026-06-07 18:40:00.711 DEBUG testcase.TC_3.6_4                        - 1: t = new com.kms.katalon.core.testobject.TestObject(sel)
2026-06-07 18:40:00.711 DEBUG testcase.TC_3.6_4                        - 2: t.addProperty("css", EQUALS, sel)
2026-06-07 18:40:00.711 DEBUG testcase.TC_3.6_4                        - 3: return t
2026-06-07 18:40:01.314 DEBUG testcase.TC_3.6_4                        - 11: setText(css("#via"), "Via Roma")
2026-06-07 18:40:01.316 DEBUG testcase.TC_3.6_4                        - 1: t = new com.kms.katalon.core.testobject.TestObject(sel)
2026-06-07 18:40:01.316 DEBUG testcase.TC_3.6_4                        - 2: t.addProperty("css", EQUALS, sel)
2026-06-07 18:40:01.316 DEBUG testcase.TC_3.6_4                        - 3: return t
2026-06-07 18:40:01.923 DEBUG testcase.TC_3.6_4                        - 12: setText(css("#numero_civico"), "12")
2026-06-07 18:40:01.925 DEBUG testcase.TC_3.6_4                        - 1: t = new com.kms.katalon.core.testobject.TestObject(sel)
2026-06-07 18:40:01.925 DEBUG testcase.TC_3.6_4                        - 2: t.addProperty("css", EQUALS, sel)
2026-06-07 18:40:01.925 DEBUG testcase.TC_3.6_4                        - 3: return t
2026-06-07 18:40:02.555 DEBUG testcase.TC_3.6_4                        - 13: setText(css("#stato"), "Italia")
2026-06-07 18:40:02.555 DEBUG testcase.TC_3.6_4                        - 1: t = new com.kms.katalon.core.testobject.TestObject(sel)
2026-06-07 18:40:02.556 DEBUG testcase.TC_3.6_4                        - 2: t.addProperty("css", EQUALS, sel)
2026-06-07 18:40:02.556 DEBUG testcase.TC_3.6_4                        - 3: return t
2026-06-07 18:40:03.171 DEBUG testcase.TC_3.6_4                        - 14: valid = executeJavaScript("return document.getElementById('cap').checkValidity()", null)
2026-06-07 18:40:03.175 DEBUG testcase.TC_3.6_4                        - 15: verifyEqual(valid, false)
2026-06-07 18:40:03.175 DEBUG testcase.TC_3.6_4                        - 16: click(css(".submit-button"))
2026-06-07 18:40:03.176 DEBUG testcase.TC_3.6_4                        - 1: t = new com.kms.katalon.core.testobject.TestObject(sel)
2026-06-07 18:40:03.176 DEBUG testcase.TC_3.6_4                        - 2: t.addProperty("css", EQUALS, sel)
2026-06-07 18:40:03.176 DEBUG testcase.TC_3.6_4                        - 3: return t
2026-06-07 18:40:03.472 DEBUG testcase.TC_3.6_4                        - 17: delay(1)
2026-06-07 18:40:04.477 DEBUG testcase.TC_3.6_4                        - 18: takeScreenshot()
2026-06-07 18:40:04.840 DEBUG testcase.TC_3.6_4                        - 19: verifyElementPresent(css("#citta"), 5)
2026-06-07 18:40:04.840 DEBUG testcase.TC_3.6_4                        - 1: t = new com.kms.katalon.core.testobject.TestObject(sel)
2026-06-07 18:40:04.840 DEBUG testcase.TC_3.6_4                        - 2: t.addProperty("css", EQUALS, sel)
2026-06-07 18:40:04.840 DEBUG testcase.TC_3.6_4                        - 3: return t
2026-06-07 18:40:05.084 DEBUG testcase.TC_3.6_4                        - 20: closeBrowser()
2026-06-07 18:40:05.235 INFO  c.k.katalon.core.main.TestCaseExecutor   - END Test Cases/Profilo/TC_3.6_4
2026-06-07 18:40:05.237 INFO  c.k.katalon.core.main.TestCaseExecutor   - --------------------
2026-06-07 18:40:05.237 INFO  c.k.katalon.core.main.TestCaseExecutor   - START Test Cases/Profilo/TC_3.6_5
2026-06-07 18:40:05.311 INFO  com.kms.katalon.core.util.KeywordUtil    - Seed ripristinato prima di: Test Cases/Profilo/TC_3.6_5
2026-06-07 18:40:05.346 DEBUG testcase.TC_3.6_5                        - 1: openBrowser("")
2026-06-07 18:40:05.347 INFO  c.k.k.core.webui.driver.DriverFactory    - Starting 'Chrome' driver
2026-06-07 18:40:05.347 INFO  c.k.k.core.webui.driver.DriverFactory    - Action delay is set to 0 milliseconds
2026-06-07 18:40:05.997 INFO  c.k.k.core.webui.driver.DriverFactory    - sessionId = 0950bb53fad55f94a5f47a18922db055
2026-06-07 18:40:05.999 INFO  c.k.k.core.webui.driver.DriverFactory    - browser = Chrome 148.0.7778.179
2026-06-07 18:40:05.999 INFO  c.k.k.core.webui.driver.DriverFactory    - platform = Windows 11
2026-06-07 18:40:05.999 INFO  c.k.k.core.webui.driver.DriverFactory    - seleniumVersion = 4.39.0
2026-06-07 18:40:05.999 INFO  c.k.k.core.webui.driver.DriverFactory    - proxyInformation = ProxyInformation { proxyOption=NO_PROXY, proxyServerType=HTTP, username=, password=********, proxyServerAddress=, proxyServerPort=0, executionList="", isApplyToDesiredCapabilities=true }
2026-06-07 18:40:06.004 DEBUG testcase.TC_3.6_5                        - 2: navigateToUrl(base + "loginForm.jsp")
2026-06-07 18:40:06.443 DEBUG testcase.TC_3.6_5                        - 3: setText(css("#email"), "t.mansi@studenti.unisa.it")
2026-06-07 18:40:06.443 DEBUG testcase.TC_3.6_5                        - 1: t = new com.kms.katalon.core.testobject.TestObject(sel)
2026-06-07 18:40:06.443 DEBUG testcase.TC_3.6_5                        - 2: t.addProperty("css", EQUALS, sel)
2026-06-07 18:40:06.444 DEBUG testcase.TC_3.6_5                        - 3: return t
2026-06-07 18:40:07.008 DEBUG testcase.TC_3.6_5                        - 4: setText(css("#password"), "321CBA.")
2026-06-07 18:40:07.009 DEBUG testcase.TC_3.6_5                        - 1: t = new com.kms.katalon.core.testobject.TestObject(sel)
2026-06-07 18:40:07.009 DEBUG testcase.TC_3.6_5                        - 2: t.addProperty("css", EQUALS, sel)
2026-06-07 18:40:07.009 DEBUG testcase.TC_3.6_5                        - 3: return t
2026-06-07 18:40:07.525 DEBUG testcase.TC_3.6_5                        - 5: click(css("#submit"))
2026-06-07 18:40:07.526 DEBUG testcase.TC_3.6_5                        - 1: t = new com.kms.katalon.core.testobject.TestObject(sel)
2026-06-07 18:40:07.526 DEBUG testcase.TC_3.6_5                        - 2: t.addProperty("css", EQUALS, sel)
2026-06-07 18:40:07.526 DEBUG testcase.TC_3.6_5                        - 3: return t
2026-06-07 18:40:07.797 DEBUG testcase.TC_3.6_5                        - 6: delay(2)
2026-06-07 18:40:09.810 DEBUG testcase.TC_3.6_5                        - 7: navigateToUrl(base + "AddressForm.jsp")
2026-06-07 18:40:09.857 DEBUG testcase.TC_3.6_5                        - 8: delay(1)
2026-06-07 18:40:10.862 DEBUG testcase.TC_3.6_5                        - 9: setText(css("#citta"), "Salerno")
2026-06-07 18:40:10.863 DEBUG testcase.TC_3.6_5                        - 1: t = new com.kms.katalon.core.testobject.TestObject(sel)
2026-06-07 18:40:10.864 DEBUG testcase.TC_3.6_5                        - 2: t.addProperty("css", EQUALS, sel)
2026-06-07 18:40:10.866 DEBUG testcase.TC_3.6_5                        - 3: return t
2026-06-07 18:40:11.485 DEBUG testcase.TC_3.6_5                        - 10: setText(css("#provincia"), "SA")
2026-06-07 18:40:11.485 DEBUG testcase.TC_3.6_5                        - 1: t = new com.kms.katalon.core.testobject.TestObject(sel)
2026-06-07 18:40:11.485 DEBUG testcase.TC_3.6_5                        - 2: t.addProperty("css", EQUALS, sel)
2026-06-07 18:40:11.485 DEBUG testcase.TC_3.6_5                        - 3: return t
2026-06-07 18:40:12.096 DEBUG testcase.TC_3.6_5                        - 11: setText(css("#cap"), "84100")
2026-06-07 18:40:12.097 DEBUG testcase.TC_3.6_5                        - 1: t = new com.kms.katalon.core.testobject.TestObject(sel)
2026-06-07 18:40:12.097 DEBUG testcase.TC_3.6_5                        - 2: t.addProperty("css", EQUALS, sel)
2026-06-07 18:40:12.097 DEBUG testcase.TC_3.6_5                        - 3: return t
2026-06-07 18:40:12.750 DEBUG testcase.TC_3.6_5                        - 12: setText(css("#numero_civico"), "12")
2026-06-07 18:40:12.750 DEBUG testcase.TC_3.6_5                        - 1: t = new com.kms.katalon.core.testobject.TestObject(sel)
2026-06-07 18:40:12.751 DEBUG testcase.TC_3.6_5                        - 2: t.addProperty("css", EQUALS, sel)
2026-06-07 18:40:12.751 DEBUG testcase.TC_3.6_5                        - 3: return t
2026-06-07 18:40:13.380 DEBUG testcase.TC_3.6_5                        - 13: setText(css("#stato"), "Italia")
2026-06-07 18:40:13.380 DEBUG testcase.TC_3.6_5                        - 1: t = new com.kms.katalon.core.testobject.TestObject(sel)
2026-06-07 18:40:13.380 DEBUG testcase.TC_3.6_5                        - 2: t.addProperty("css", EQUALS, sel)
2026-06-07 18:40:13.380 DEBUG testcase.TC_3.6_5                        - 3: return t
2026-06-07 18:40:13.995 DEBUG testcase.TC_3.6_5                        - 14: valid = executeJavaScript("return document.getElementById('via').checkValidity()", null)
2026-06-07 18:40:13.999 DEBUG testcase.TC_3.6_5                        - 15: verifyEqual(valid, false)
2026-06-07 18:40:13.999 DEBUG testcase.TC_3.6_5                        - 16: click(css(".submit-button"))
2026-06-07 18:40:13.999 DEBUG testcase.TC_3.6_5                        - 1: t = new com.kms.katalon.core.testobject.TestObject(sel)
2026-06-07 18:40:14.000 DEBUG testcase.TC_3.6_5                        - 2: t.addProperty("css", EQUALS, sel)
2026-06-07 18:40:14.000 DEBUG testcase.TC_3.6_5                        - 3: return t
2026-06-07 18:40:14.287 DEBUG testcase.TC_3.6_5                        - 17: delay(1)
2026-06-07 18:40:15.298 DEBUG testcase.TC_3.6_5                        - 18: takeScreenshot()
2026-06-07 18:40:15.676 DEBUG testcase.TC_3.6_5                        - 19: verifyElementPresent(css("#cap"), 5)
2026-06-07 18:40:15.676 DEBUG testcase.TC_3.6_5                        - 1: t = new com.kms.katalon.core.testobject.TestObject(sel)
2026-06-07 18:40:15.676 DEBUG testcase.TC_3.6_5                        - 2: t.addProperty("css", EQUALS, sel)
2026-06-07 18:40:15.676 DEBUG testcase.TC_3.6_5                        - 3: return t
2026-06-07 18:40:15.906 DEBUG testcase.TC_3.6_5                        - 20: closeBrowser()
2026-06-07 18:40:16.061 INFO  c.k.katalon.core.main.TestCaseExecutor   - END Test Cases/Profilo/TC_3.6_5
2026-06-07 18:40:16.063 INFO  c.k.katalon.core.main.TestCaseExecutor   - --------------------
2026-06-07 18:40:16.063 INFO  c.k.katalon.core.main.TestCaseExecutor   - START Test Cases/Profilo/TC_3.6_6
2026-06-07 18:40:16.146 INFO  com.kms.katalon.core.util.KeywordUtil    - Seed ripristinato prima di: Test Cases/Profilo/TC_3.6_6
2026-06-07 18:40:16.178 DEBUG testcase.TC_3.6_6                        - 1: openBrowser("")
2026-06-07 18:40:16.179 INFO  c.k.k.core.webui.driver.DriverFactory    - Starting 'Chrome' driver
2026-06-07 18:40:16.179 INFO  c.k.k.core.webui.driver.DriverFactory    - Action delay is set to 0 milliseconds
2026-06-07 18:40:16.892 INFO  c.k.k.core.webui.driver.DriverFactory    - sessionId = 1414618266a0763c41c0f7a21d552c23
2026-06-07 18:40:16.893 INFO  c.k.k.core.webui.driver.DriverFactory    - browser = Chrome 148.0.7778.179
2026-06-07 18:40:16.893 INFO  c.k.k.core.webui.driver.DriverFactory    - platform = Windows 11
2026-06-07 18:40:16.893 INFO  c.k.k.core.webui.driver.DriverFactory    - seleniumVersion = 4.39.0
2026-06-07 18:40:16.893 INFO  c.k.k.core.webui.driver.DriverFactory    - proxyInformation = ProxyInformation { proxyOption=NO_PROXY, proxyServerType=HTTP, username=, password=********, proxyServerAddress=, proxyServerPort=0, executionList="", isApplyToDesiredCapabilities=true }
2026-06-07 18:40:16.898 DEBUG testcase.TC_3.6_6                        - 2: navigateToUrl(base + "loginForm.jsp")
2026-06-07 18:40:17.478 DEBUG testcase.TC_3.6_6                        - 3: setText(css("#email"), "t.mansi@studenti.unisa.it")
2026-06-07 18:40:17.479 DEBUG testcase.TC_3.6_6                        - 1: t = new com.kms.katalon.core.testobject.TestObject(sel)
2026-06-07 18:40:17.479 DEBUG testcase.TC_3.6_6                        - 2: t.addProperty("css", EQUALS, sel)
2026-06-07 18:40:17.479 DEBUG testcase.TC_3.6_6                        - 3: return t
2026-06-07 18:40:18.033 DEBUG testcase.TC_3.6_6                        - 4: setText(css("#password"), "321CBA.")
2026-06-07 18:40:18.034 DEBUG testcase.TC_3.6_6                        - 1: t = new com.kms.katalon.core.testobject.TestObject(sel)
2026-06-07 18:40:18.034 DEBUG testcase.TC_3.6_6                        - 2: t.addProperty("css", EQUALS, sel)
2026-06-07 18:40:18.034 DEBUG testcase.TC_3.6_6                        - 3: return t
2026-06-07 18:40:18.541 DEBUG testcase.TC_3.6_6                        - 5: click(css("#submit"))
2026-06-07 18:40:18.541 DEBUG testcase.TC_3.6_6                        - 1: t = new com.kms.katalon.core.testobject.TestObject(sel)
2026-06-07 18:40:18.541 DEBUG testcase.TC_3.6_6                        - 2: t.addProperty("css", EQUALS, sel)
2026-06-07 18:40:18.541 DEBUG testcase.TC_3.6_6                        - 3: return t
2026-06-07 18:40:18.810 DEBUG testcase.TC_3.6_6                        - 6: delay(2)
2026-06-07 18:40:20.825 DEBUG testcase.TC_3.6_6                        - 7: navigateToUrl(base + "AddressForm.jsp")
2026-06-07 18:40:20.867 DEBUG testcase.TC_3.6_6                        - 8: delay(1)
2026-06-07 18:40:21.872 DEBUG testcase.TC_3.6_6                        - 9: setText(css("#citta"), "Salerno")
2026-06-07 18:40:21.874 DEBUG testcase.TC_3.6_6                        - 1: t = new com.kms.katalon.core.testobject.TestObject(sel)
2026-06-07 18:40:21.874 DEBUG testcase.TC_3.6_6                        - 2: t.addProperty("css", EQUALS, sel)
2026-06-07 18:40:21.875 DEBUG testcase.TC_3.6_6                        - 3: return t
2026-06-07 18:40:22.493 DEBUG testcase.TC_3.6_6                        - 10: setText(css("#provincia"), "SA")
2026-06-07 18:40:22.493 DEBUG testcase.TC_3.6_6                        - 1: t = new com.kms.katalon.core.testobject.TestObject(sel)
2026-06-07 18:40:22.493 DEBUG testcase.TC_3.6_6                        - 2: t.addProperty("css", EQUALS, sel)
2026-06-07 18:40:22.493 DEBUG testcase.TC_3.6_6                        - 3: return t
2026-06-07 18:40:23.101 DEBUG testcase.TC_3.6_6                        - 11: setText(css("#cap"), "84100")
2026-06-07 18:40:23.102 DEBUG testcase.TC_3.6_6                        - 1: t = new com.kms.katalon.core.testobject.TestObject(sel)
2026-06-07 18:40:23.102 DEBUG testcase.TC_3.6_6                        - 2: t.addProperty("css", EQUALS, sel)
2026-06-07 18:40:23.102 DEBUG testcase.TC_3.6_6                        - 3: return t
2026-06-07 18:40:23.754 DEBUG testcase.TC_3.6_6                        - 12: setText(css("#via"), "Via Roma")
2026-06-07 18:40:23.754 DEBUG testcase.TC_3.6_6                        - 1: t = new com.kms.katalon.core.testobject.TestObject(sel)
2026-06-07 18:40:23.756 DEBUG testcase.TC_3.6_6                        - 2: t.addProperty("css", EQUALS, sel)
2026-06-07 18:40:23.756 DEBUG testcase.TC_3.6_6                        - 3: return t
2026-06-07 18:40:24.325 DEBUG testcase.TC_3.6_6                        - 13: setText(css("#stato"), "Italia")
2026-06-07 18:40:24.325 DEBUG testcase.TC_3.6_6                        - 1: t = new com.kms.katalon.core.testobject.TestObject(sel)
2026-06-07 18:40:24.325 DEBUG testcase.TC_3.6_6                        - 2: t.addProperty("css", EQUALS, sel)
2026-06-07 18:40:24.326 DEBUG testcase.TC_3.6_6                        - 3: return t
2026-06-07 18:40:24.942 DEBUG testcase.TC_3.6_6                        - 14: valid = executeJavaScript("return document.getElementById('numero_civico').checkValidity()", null)
2026-06-07 18:40:24.945 DEBUG testcase.TC_3.6_6                        - 15: verifyEqual(valid, false)
2026-06-07 18:40:24.946 DEBUG testcase.TC_3.6_6                        - 16: click(css(".submit-button"))
2026-06-07 18:40:24.946 DEBUG testcase.TC_3.6_6                        - 1: t = new com.kms.katalon.core.testobject.TestObject(sel)
2026-06-07 18:40:24.946 DEBUG testcase.TC_3.6_6                        - 2: t.addProperty("css", EQUALS, sel)
2026-06-07 18:40:24.946 DEBUG testcase.TC_3.6_6                        - 3: return t
2026-06-07 18:40:25.270 DEBUG testcase.TC_3.6_6                        - 17: delay(1)
2026-06-07 18:40:26.274 DEBUG testcase.TC_3.6_6                        - 18: takeScreenshot()
2026-06-07 18:40:26.666 DEBUG testcase.TC_3.6_6                        - 19: verifyElementPresent(css("#cap"), 5)
2026-06-07 18:40:26.667 DEBUG testcase.TC_3.6_6                        - 1: t = new com.kms.katalon.core.testobject.TestObject(sel)
2026-06-07 18:40:26.667 DEBUG testcase.TC_3.6_6                        - 2: t.addProperty("css", EQUALS, sel)
2026-06-07 18:40:26.667 DEBUG testcase.TC_3.6_6                        - 3: return t
2026-06-07 18:40:26.910 DEBUG testcase.TC_3.6_6                        - 20: closeBrowser()
2026-06-07 18:40:27.094 INFO  c.k.katalon.core.main.TestCaseExecutor   - END Test Cases/Profilo/TC_3.6_6
2026-06-07 18:40:27.095 INFO  c.k.katalon.core.main.TestCaseExecutor   - --------------------
2026-06-07 18:40:27.095 INFO  c.k.katalon.core.main.TestCaseExecutor   - START Test Cases/Profilo/TC_3.6_7
2026-06-07 18:40:27.167 INFO  com.kms.katalon.core.util.KeywordUtil    - Seed ripristinato prima di: Test Cases/Profilo/TC_3.6_7
2026-06-07 18:40:27.203 DEBUG testcase.TC_3.6_7                        - 1: openBrowser("")
2026-06-07 18:40:27.203 INFO  c.k.k.core.webui.driver.DriverFactory    - Starting 'Chrome' driver
2026-06-07 18:40:27.204 INFO  c.k.k.core.webui.driver.DriverFactory    - Action delay is set to 0 milliseconds
2026-06-07 18:40:27.978 INFO  c.k.k.core.webui.driver.DriverFactory    - sessionId = 7745a1074c8ef8c3e17b51a4c79a694f
2026-06-07 18:40:27.978 INFO  c.k.k.core.webui.driver.DriverFactory    - browser = Chrome 148.0.7778.179
2026-06-07 18:40:27.978 INFO  c.k.k.core.webui.driver.DriverFactory    - platform = Windows 11
2026-06-07 18:40:27.978 INFO  c.k.k.core.webui.driver.DriverFactory    - seleniumVersion = 4.39.0
2026-06-07 18:40:27.978 INFO  c.k.k.core.webui.driver.DriverFactory    - proxyInformation = ProxyInformation { proxyOption=NO_PROXY, proxyServerType=HTTP, username=, password=********, proxyServerAddress=, proxyServerPort=0, executionList="", isApplyToDesiredCapabilities=true }
2026-06-07 18:40:27.986 DEBUG testcase.TC_3.6_7                        - 2: navigateToUrl(base + "loginForm.jsp")
2026-06-07 18:40:28.388 DEBUG testcase.TC_3.6_7                        - 3: setText(css("#email"), "t.mansi@studenti.unisa.it")
2026-06-07 18:40:28.388 DEBUG testcase.TC_3.6_7                        - 1: t = new com.kms.katalon.core.testobject.TestObject(sel)
2026-06-07 18:40:28.388 DEBUG testcase.TC_3.6_7                        - 2: t.addProperty("css", EQUALS, sel)
2026-06-07 18:40:28.388 DEBUG testcase.TC_3.6_7                        - 3: return t
2026-06-07 18:40:28.958 DEBUG testcase.TC_3.6_7                        - 4: setText(css("#password"), "321CBA.")
2026-06-07 18:40:28.958 DEBUG testcase.TC_3.6_7                        - 1: t = new com.kms.katalon.core.testobject.TestObject(sel)
2026-06-07 18:40:28.958 DEBUG testcase.TC_3.6_7                        - 2: t.addProperty("css", EQUALS, sel)
2026-06-07 18:40:28.958 DEBUG testcase.TC_3.6_7                        - 3: return t
2026-06-07 18:40:29.517 DEBUG testcase.TC_3.6_7                        - 5: click(css("#submit"))
2026-06-07 18:40:29.517 DEBUG testcase.TC_3.6_7                        - 1: t = new com.kms.katalon.core.testobject.TestObject(sel)
2026-06-07 18:40:29.517 DEBUG testcase.TC_3.6_7                        - 2: t.addProperty("css", EQUALS, sel)
2026-06-07 18:40:29.517 DEBUG testcase.TC_3.6_7                        - 3: return t
2026-06-07 18:40:29.825 DEBUG testcase.TC_3.6_7                        - 6: delay(2)
2026-06-07 18:40:31.839 DEBUG testcase.TC_3.6_7                        - 7: navigateToUrl(base + "AddressForm.jsp")
2026-06-07 18:40:31.889 DEBUG testcase.TC_3.6_7                        - 8: delay(1)
2026-06-07 18:40:32.894 DEBUG testcase.TC_3.6_7                        - 9: setText(css("#citta"), "Salerno")
2026-06-07 18:40:32.895 DEBUG testcase.TC_3.6_7                        - 1: t = new com.kms.katalon.core.testobject.TestObject(sel)
2026-06-07 18:40:32.896 DEBUG testcase.TC_3.6_7                        - 2: t.addProperty("css", EQUALS, sel)
2026-06-07 18:40:32.896 DEBUG testcase.TC_3.6_7                        - 3: return t
2026-06-07 18:40:33.523 DEBUG testcase.TC_3.6_7                        - 10: setText(css("#provincia"), "SA")
2026-06-07 18:40:33.523 DEBUG testcase.TC_3.6_7                        - 1: t = new com.kms.katalon.core.testobject.TestObject(sel)
2026-06-07 18:40:33.523 DEBUG testcase.TC_3.6_7                        - 2: t.addProperty("css", EQUALS, sel)
2026-06-07 18:40:33.523 DEBUG testcase.TC_3.6_7                        - 3: return t
2026-06-07 18:40:34.106 DEBUG testcase.TC_3.6_7                        - 11: setText(css("#cap"), "84100")
2026-06-07 18:40:34.106 DEBUG testcase.TC_3.6_7                        - 1: t = new com.kms.katalon.core.testobject.TestObject(sel)
2026-06-07 18:40:34.106 DEBUG testcase.TC_3.6_7                        - 2: t.addProperty("css", EQUALS, sel)
2026-06-07 18:40:34.106 DEBUG testcase.TC_3.6_7                        - 3: return t
2026-06-07 18:40:34.724 DEBUG testcase.TC_3.6_7                        - 12: setText(css("#via"), "Via Roma")
2026-06-07 18:40:34.725 DEBUG testcase.TC_3.6_7                        - 1: t = new com.kms.katalon.core.testobject.TestObject(sel)
2026-06-07 18:40:34.725 DEBUG testcase.TC_3.6_7                        - 2: t.addProperty("css", EQUALS, sel)
2026-06-07 18:40:34.725 DEBUG testcase.TC_3.6_7                        - 3: return t
2026-06-07 18:40:35.338 DEBUG testcase.TC_3.6_7                        - 13: setText(css("#numero_civico"), "12")
2026-06-07 18:40:35.338 DEBUG testcase.TC_3.6_7                        - 1: t = new com.kms.katalon.core.testobject.TestObject(sel)
2026-06-07 18:40:35.338 DEBUG testcase.TC_3.6_7                        - 2: t.addProperty("css", EQUALS, sel)
2026-06-07 18:40:35.338 DEBUG testcase.TC_3.6_7                        - 3: return t
2026-06-07 18:40:35.854 DEBUG testcase.TC_3.6_7                        - 14: valid = executeJavaScript("return document.getElementById('stato').checkValidity()", null)
2026-06-07 18:40:35.857 DEBUG testcase.TC_3.6_7                        - 15: verifyEqual(valid, false)
2026-06-07 18:40:35.858 DEBUG testcase.TC_3.6_7                        - 16: click(css(".submit-button"))
2026-06-07 18:40:35.858 DEBUG testcase.TC_3.6_7                        - 1: t = new com.kms.katalon.core.testobject.TestObject(sel)
2026-06-07 18:40:35.858 DEBUG testcase.TC_3.6_7                        - 2: t.addProperty("css", EQUALS, sel)
2026-06-07 18:40:35.858 DEBUG testcase.TC_3.6_7                        - 3: return t
2026-06-07 18:40:36.202 DEBUG testcase.TC_3.6_7                        - 17: delay(1)
2026-06-07 18:40:37.214 DEBUG testcase.TC_3.6_7                        - 18: takeScreenshot()
2026-06-07 18:40:37.596 DEBUG testcase.TC_3.6_7                        - 19: verifyElementPresent(css("#cap"), 5)
2026-06-07 18:40:37.596 DEBUG testcase.TC_3.6_7                        - 1: t = new com.kms.katalon.core.testobject.TestObject(sel)
2026-06-07 18:40:37.596 DEBUG testcase.TC_3.6_7                        - 2: t.addProperty("css", EQUALS, sel)
2026-06-07 18:40:37.596 DEBUG testcase.TC_3.6_7                        - 3: return t
2026-06-07 18:40:37.830 DEBUG testcase.TC_3.6_7                        - 20: closeBrowser()
2026-06-07 18:40:38.007 INFO  c.k.katalon.core.main.TestCaseExecutor   - END Test Cases/Profilo/TC_3.6_7
2026-06-07 18:40:38.008 INFO  c.k.katalon.core.main.TestCaseExecutor   - --------------------
2026-06-07 18:40:38.008 INFO  c.k.katalon.core.main.TestCaseExecutor   - START Test Cases/Profilo/TC_3.6_8
2026-06-07 18:40:38.074 INFO  com.kms.katalon.core.util.KeywordUtil    - Seed ripristinato prima di: Test Cases/Profilo/TC_3.6_8
2026-06-07 18:40:38.111 DEBUG testcase.TC_3.6_8                        - 1: openBrowser("")
2026-06-07 18:40:38.111 INFO  c.k.k.core.webui.driver.DriverFactory    - Starting 'Chrome' driver
2026-06-07 18:40:38.111 INFO  c.k.k.core.webui.driver.DriverFactory    - Action delay is set to 0 milliseconds
2026-06-07 18:40:38.811 INFO  c.k.k.core.webui.driver.DriverFactory    - sessionId = cde3c08b8ebe91e36efaf851e79b7bb4
2026-06-07 18:40:38.811 INFO  c.k.k.core.webui.driver.DriverFactory    - browser = Chrome 148.0.7778.179
2026-06-07 18:40:38.811 INFO  c.k.k.core.webui.driver.DriverFactory    - platform = Windows 11
2026-06-07 18:40:38.811 INFO  c.k.k.core.webui.driver.DriverFactory    - seleniumVersion = 4.39.0
2026-06-07 18:40:38.811 INFO  c.k.k.core.webui.driver.DriverFactory    - proxyInformation = ProxyInformation { proxyOption=NO_PROXY, proxyServerType=HTTP, username=, password=********, proxyServerAddress=, proxyServerPort=0, executionList="", isApplyToDesiredCapabilities=true }
2026-06-07 18:40:38.817 DEBUG testcase.TC_3.6_8                        - 2: navigateToUrl(base + "loginForm.jsp")
2026-06-07 18:40:39.240 DEBUG testcase.TC_3.6_8                        - 3: setText(css("#email"), "t.mansi@studenti.unisa.it")
2026-06-07 18:40:39.240 DEBUG testcase.TC_3.6_8                        - 1: t = new com.kms.katalon.core.testobject.TestObject(sel)
2026-06-07 18:40:39.241 DEBUG testcase.TC_3.6_8                        - 2: t.addProperty("css", EQUALS, sel)
2026-06-07 18:40:39.241 DEBUG testcase.TC_3.6_8                        - 3: return t
2026-06-07 18:40:39.774 DEBUG testcase.TC_3.6_8                        - 4: setText(css("#password"), "321CBA.")
2026-06-07 18:40:39.775 DEBUG testcase.TC_3.6_8                        - 1: t = new com.kms.katalon.core.testobject.TestObject(sel)
2026-06-07 18:40:39.775 DEBUG testcase.TC_3.6_8                        - 2: t.addProperty("css", EQUALS, sel)
2026-06-07 18:40:39.775 DEBUG testcase.TC_3.6_8                        - 3: return t
2026-06-07 18:40:40.291 DEBUG testcase.TC_3.6_8                        - 5: click(css("#submit"))
2026-06-07 18:40:40.291 DEBUG testcase.TC_3.6_8                        - 1: t = new com.kms.katalon.core.testobject.TestObject(sel)
2026-06-07 18:40:40.292 DEBUG testcase.TC_3.6_8                        - 2: t.addProperty("css", EQUALS, sel)
2026-06-07 18:40:40.292 DEBUG testcase.TC_3.6_8                        - 3: return t
2026-06-07 18:40:40.551 DEBUG testcase.TC_3.6_8                        - 6: delay(2)
2026-06-07 18:40:42.563 DEBUG testcase.TC_3.6_8                        - 7: navigateToUrl(base + "AddressForm.jsp")
2026-06-07 18:40:42.585 DEBUG testcase.TC_3.6_8                        - 8: delay(1)
2026-06-07 18:40:43.590 DEBUG testcase.TC_3.6_8                        - 9: setText(css("#citta"), "   ")
2026-06-07 18:40:43.591 DEBUG testcase.TC_3.6_8                        - 1: t = new com.kms.katalon.core.testobject.TestObject(sel)
2026-06-07 18:40:43.591 DEBUG testcase.TC_3.6_8                        - 2: t.addProperty("css", EQUALS, sel)
2026-06-07 18:40:43.592 DEBUG testcase.TC_3.6_8                        - 3: return t
2026-06-07 18:40:44.232 DEBUG testcase.TC_3.6_8                        - 10: setText(css("#provincia"), "SA")
2026-06-07 18:40:44.233 DEBUG testcase.TC_3.6_8                        - 1: t = new com.kms.katalon.core.testobject.TestObject(sel)
2026-06-07 18:40:44.233 DEBUG testcase.TC_3.6_8                        - 2: t.addProperty("css", EQUALS, sel)
2026-06-07 18:40:44.233 DEBUG testcase.TC_3.6_8                        - 3: return t
2026-06-07 18:40:44.890 DEBUG testcase.TC_3.6_8                        - 11: setText(css("#cap"), "84100")
2026-06-07 18:40:44.890 DEBUG testcase.TC_3.6_8                        - 1: t = new com.kms.katalon.core.testobject.TestObject(sel)
2026-06-07 18:40:44.891 DEBUG testcase.TC_3.6_8                        - 2: t.addProperty("css", EQUALS, sel)
2026-06-07 18:40:44.891 DEBUG testcase.TC_3.6_8                        - 3: return t
2026-06-07 18:40:45.507 DEBUG testcase.TC_3.6_8                        - 12: setText(css("#via"), "Via Roma")
2026-06-07 18:40:45.507 DEBUG testcase.TC_3.6_8                        - 1: t = new com.kms.katalon.core.testobject.TestObject(sel)
2026-06-07 18:40:45.507 DEBUG testcase.TC_3.6_8                        - 2: t.addProperty("css", EQUALS, sel)
2026-06-07 18:40:45.508 DEBUG testcase.TC_3.6_8                        - 3: return t
2026-06-07 18:40:46.148 DEBUG testcase.TC_3.6_8                        - 13: setText(css("#numero_civico"), "12")
2026-06-07 18:40:46.148 DEBUG testcase.TC_3.6_8                        - 1: t = new com.kms.katalon.core.testobject.TestObject(sel)
2026-06-07 18:40:46.148 DEBUG testcase.TC_3.6_8                        - 2: t.addProperty("css", EQUALS, sel)
2026-06-07 18:40:46.149 DEBUG testcase.TC_3.6_8                        - 3: return t
2026-06-07 18:40:46.790 DEBUG testcase.TC_3.6_8                        - 14: setText(css("#stato"), "Italia")
2026-06-07 18:40:46.791 DEBUG testcase.TC_3.6_8                        - 1: t = new com.kms.katalon.core.testobject.TestObject(sel)
2026-06-07 18:40:46.791 DEBUG testcase.TC_3.6_8                        - 2: t.addProperty("css", EQUALS, sel)
2026-06-07 18:40:46.791 DEBUG testcase.TC_3.6_8                        - 3: return t
2026-06-07 18:40:47.453 DEBUG testcase.TC_3.6_8                        - 15: click(css(".submit-button"))
2026-06-07 18:40:47.453 DEBUG testcase.TC_3.6_8                        - 1: t = new com.kms.katalon.core.testobject.TestObject(sel)
2026-06-07 18:40:47.453 DEBUG testcase.TC_3.6_8                        - 2: t.addProperty("css", EQUALS, sel)
2026-06-07 18:40:47.453 DEBUG testcase.TC_3.6_8                        - 3: return t
2026-06-07 18:40:47.814 DEBUG testcase.TC_3.6_8                        - 16: delay(2)
2026-06-07 18:40:49.824 DEBUG testcase.TC_3.6_8                        - 17: takeScreenshot()
2026-06-07 18:40:50.149 DEBUG testcase.TC_3.6_8                        - 18: verifyElementPresent(css("#cap"), 5, CONTINUE_ON_FAILURE)
2026-06-07 18:40:50.149 DEBUG testcase.TC_3.6_8                        - 1: t = new com.kms.katalon.core.testobject.TestObject(sel)
2026-06-07 18:40:50.150 DEBUG testcase.TC_3.6_8                        - 2: t.addProperty("css", EQUALS, sel)
2026-06-07 18:40:50.150 DEBUG testcase.TC_3.6_8                        - 3: return t
2026-06-07 18:40:55.341 ERROR c.k.k.core.keyword.internal.KeywordMain  - ❌ com.kms.katalon.core.webui.exception.WebElementNotFoundException: Web element with id: '#cap' located by 'By.cssSelector: #cap' not found (Root cause: com.kms.katalon.core.exception.StepFailedException: com.kms.katalon.core.webui.exception.WebElementNotFoundException: Web element with id: '#cap' located by 'By.cssSelector: #cap' not found
	at com.kms.katalon.core.webui.keyword.internal.WebUIKeywordMain.stepFailed(WebUIKeywordMain.groovy:177)
	at com.kms.katalon.core.webui.keyword.builtin.VerifyElementPresentKeyword$_verifyElementPresent_closure1.doCall(VerifyElementPresentKeyword.groovy:88)
	at com.kms.katalon.core.webui.keyword.builtin.VerifyElementPresentKeyword$_verifyElementPresent_closure1.call(VerifyElementPresentKeyword.groovy)
	at com.kms.katalon.core.webui.keyword.internal.WebUIKeywordMain.runKeyword(WebUIKeywordMain.groovy:41)
	at com.kms.katalon.core.webui.keyword.builtin.VerifyElementPresentKeyword.verifyElementPresent(VerifyElementPresentKeyword.groovy:95)
	at com.kms.katalon.core.webui.keyword.builtin.VerifyElementPresentKeyword.execute(VerifyElementPresentKeyword.groovy:68)
	at com.kms.katalon.core.keyword.internal.KeywordExecutor.executeKeywordForPlatform(KeywordExecutor.groovy:103)
	at com.kms.katalon.core.webui.keyword.WebUiBuiltInKeywords.verifyElementPresent(WebUiBuiltInKeywords.groovy:1550)
	at Script178060030608.run(Script178060030608.groovy:34)
	at com.kms.katalon.core.main.ScriptEngine.run(ScriptEngine.java:203)
	at com.kms.katalon.core.main.ScriptEngine.runScriptAsRawText(ScriptEngine.java:115)
	at com.kms.katalon.core.main.TestCaseExecutor.runScript(TestCaseExecutor.java:506)
	at com.kms.katalon.core.main.TestCaseExecutor.doExecute(TestCaseExecutor.java:497)
	at com.kms.katalon.core.main.TestCaseExecutor.processExecutionPhase(TestCaseExecutor.java:476)
	at com.kms.katalon.core.main.TestCaseExecutor.accessMainPhase(TestCaseExecutor.java:468)
	at com.kms.katalon.core.main.TestCaseExecutor.execute(TestCaseExecutor.java:334)
	at com.kms.katalon.core.common.CommonExecutor.accessTestCaseMainPhase(CommonExecutor.java:71)
	at com.kms.katalon.core.main.TestSuiteExecutor.accessTestSuiteMainPhase(TestSuiteExecutor.java:153)
	at com.kms.katalon.core.main.TestSuiteExecutor.execute(TestSuiteExecutor.java:110)
	at com.kms.katalon.core.main.TestCaseMain.startTestSuite(TestCaseMain.java:206)
	at S0607_0.run(S0607_0.groovy:40)
	at java.base/jdk.internal.reflect.DirectMethodHandleAccessor.invoke(DirectMethodHandleAccessor.java:103)
)
2026-06-07 18:40:55.342 DEBUG testcase.TC_3.6_8                        - 19: closeBrowser()
2026-06-07 18:40:55.552 ERROR c.k.katalon.core.main.TestCaseExecutor   - ❌ Test Cases/Profilo/TC_3.6_8 FAILED.
Reason:
com.kms.katalon.core.exception.StepFailedException: com.kms.katalon.core.webui.exception.WebElementNotFoundException: Web element with id: '#cap' located by 'By.cssSelector: #cap' not found (Root cause: com.kms.katalon.core.exception.StepFailedException: com.kms.katalon.core.webui.exception.WebElementNotFoundException: Web element with id: '#cap' located by 'By.cssSelector: #cap' not found
	at com.kms.katalon.core.webui.keyword.internal.WebUIKeywordMain.stepFailed(WebUIKeywordMain.groovy:177)
	at com.kms.katalon.core.webui.keyword.builtin.VerifyElementPresentKeyword$_verifyElementPresent_closure1.doCall(VerifyElementPresentKeyword.groovy:88)
	at com.kms.katalon.core.webui.keyword.builtin.VerifyElementPresentKeyword$_verifyElementPresent_closure1.call(VerifyElementPresentKeyword.groovy)
	at com.kms.katalon.core.webui.keyword.internal.WebUIKeywordMain.runKeyword(WebUIKeywordMain.groovy:41)
	at com.kms.katalon.core.webui.keyword.builtin.VerifyElementPresentKeyword.verifyElementPresent(VerifyElementPresentKeyword.groovy:95)
	at com.kms.katalon.core.webui.keyword.builtin.VerifyElementPresentKeyword.execute(VerifyElementPresentKeyword.groovy:68)
	at com.kms.katalon.core.keyword.internal.KeywordExecutor.executeKeywordForPlatform(KeywordExecutor.groovy:103)
	at com.kms.katalon.core.webui.keyword.WebUiBuiltInKeywords.verifyElementPresent(WebUiBuiltInKeywords.groovy:1550)
	at Script178060030608.run(Script178060030608.groovy:34)
	at com.kms.katalon.core.main.ScriptEngine.run(ScriptEngine.java:203)
	at com.kms.katalon.core.main.ScriptEngine.runScriptAsRawText(ScriptEngine.java:115)
	at com.kms.katalon.core.main.TestCaseExecutor.runScript(TestCaseExecutor.java:506)
	at com.kms.katalon.core.main.TestCaseExecutor.doExecute(TestCaseExecutor.java:497)
	at com.kms.katalon.core.main.TestCaseExecutor.processExecutionPhase(TestCaseExecutor.java:476)
	at com.kms.katalon.core.main.TestCaseExecutor.accessMainPhase(TestCaseExecutor.java:468)
	at com.kms.katalon.core.main.TestCaseExecutor.execute(TestCaseExecutor.java:334)
	at com.kms.katalon.core.common.CommonExecutor.accessTestCaseMainPhase(CommonExecutor.java:71)
	at com.kms.katalon.core.main.TestSuiteExecutor.accessTestSuiteMainPhase(TestSuiteExecutor.java:153)
	at com.kms.katalon.core.main.TestSuiteExecutor.execute(TestSuiteExecutor.java:110)
	at com.kms.katalon.core.main.TestCaseMain.startTestSuite(TestCaseMain.java:206)
	at S0607_0.run(S0607_0.groovy:40)
	at java.base/jdk.internal.reflect.DirectMethodHandleAccessor.invoke(DirectMethodHandleAccessor.java:103)
)
	at com.kms.katalon.core.keyword.internal.KeywordMain.stepFailed(KeywordMain.groovy:39)
	at com.kms.katalon.core.webui.keyword.internal.WebUIKeywordMain.stepFailed(WebUIKeywordMain.groovy:177)
	at com.kms.katalon.core.webui.keyword.builtin.VerifyElementPresentKeyword$_verifyElementPresent_closure1.doCall(VerifyElementPresentKeyword.groovy:88)
	at com.kms.katalon.core.webui.keyword.builtin.VerifyElementPresentKeyword$_verifyElementPresent_closure1.call(VerifyElementPresentKeyword.groovy)
	at com.kms.katalon.core.webui.keyword.internal.WebUIKeywordMain.runKeyword(WebUIKeywordMain.groovy:41)
	at com.kms.katalon.core.webui.keyword.builtin.VerifyElementPresentKeyword.verifyElementPresent(VerifyElementPresentKeyword.groovy:95)
	at com.kms.katalon.core.webui.keyword.builtin.VerifyElementPresentKeyword.execute(VerifyElementPresentKeyword.groovy:68)
	at com.kms.katalon.core.keyword.internal.KeywordExecutor.executeKeywordForPlatform(KeywordExecutor.groovy:103)
	at com.kms.katalon.core.webui.keyword.WebUiBuiltInKeywords.verifyElementPresent(WebUiBuiltInKeywords.groovy:1550)
	at Script178060030608.run(Script178060030608.groovy:34)
	at com.kms.katalon.core.main.ScriptEngine.run(ScriptEngine.java:203)
	at com.kms.katalon.core.main.ScriptEngine.runScriptAsRawText(ScriptEngine.java:115)
	at com.kms.katalon.core.main.TestCaseExecutor.runScript(TestCaseExecutor.java:506)
	at com.kms.katalon.core.main.TestCaseExecutor.doExecute(TestCaseExecutor.java:497)
	at com.kms.katalon.core.main.TestCaseExecutor.processExecutionPhase(TestCaseExecutor.java:476)
	at com.kms.katalon.core.main.TestCaseExecutor.accessMainPhase(TestCaseExecutor.java:468)
	at com.kms.katalon.core.main.TestCaseExecutor.execute(TestCaseExecutor.java:334)
	at com.kms.katalon.core.common.CommonExecutor.accessTestCaseMainPhase(CommonExecutor.java:71)
	at com.kms.katalon.core.main.TestSuiteExecutor.accessTestSuiteMainPhase(TestSuiteExecutor.java:153)
	at com.kms.katalon.core.main.TestSuiteExecutor.execute(TestSuiteExecutor.java:110)
	at com.kms.katalon.core.main.TestCaseMain.startTestSuite(TestCaseMain.java:206)
	at S0607_0.run(S0607_0.groovy:40)
	at java.base/jdk.internal.reflect.DirectMethodHandleAccessor.invoke(DirectMethodHandleAccessor.java:103)
Caused by: com.kms.katalon.core.exception.StepFailedException: com.kms.katalon.core.webui.exception.WebElementNotFoundException: Web element with id: '#cap' located by 'By.cssSelector: #cap' not found
	... 22 more

2026-06-07 18:40:55.552 INFO  c.k.katalon.core.main.TestCaseExecutor   - END Test Cases/Profilo/TC_3.6_8
2026-06-07 18:40:55.554 INFO  c.k.katalon.core.main.TestCaseExecutor   - --------------------
2026-06-07 18:40:55.554 INFO  c.k.katalon.core.main.TestCaseExecutor   - START Test Cases/Profilo/TC_3.6_9
2026-06-07 18:40:55.623 INFO  com.kms.katalon.core.util.KeywordUtil    - Seed ripristinato prima di: Test Cases/Profilo/TC_3.6_9
2026-06-07 18:40:55.656 DEBUG testcase.TC_3.6_9                        - 1: openBrowser("")
2026-06-07 18:40:55.656 INFO  c.k.k.core.webui.driver.DriverFactory    - Starting 'Chrome' driver
2026-06-07 18:40:55.657 INFO  c.k.k.core.webui.driver.DriverFactory    - Action delay is set to 0 milliseconds
2026-06-07 18:40:56.310 INFO  c.k.k.core.webui.driver.DriverFactory    - sessionId = 32d5a62f8e44ed97250ce598f01f89b2
2026-06-07 18:40:56.310 INFO  c.k.k.core.webui.driver.DriverFactory    - browser = Chrome 148.0.7778.179
2026-06-07 18:40:56.310 INFO  c.k.k.core.webui.driver.DriverFactory    - platform = Windows 11
2026-06-07 18:40:56.310 INFO  c.k.k.core.webui.driver.DriverFactory    - seleniumVersion = 4.39.0
2026-06-07 18:40:56.311 INFO  c.k.k.core.webui.driver.DriverFactory    - proxyInformation = ProxyInformation { proxyOption=NO_PROXY, proxyServerType=HTTP, username=, password=********, proxyServerAddress=, proxyServerPort=0, executionList="", isApplyToDesiredCapabilities=true }
2026-06-07 18:40:56.316 DEBUG testcase.TC_3.6_9                        - 2: navigateToUrl(base + "loginForm.jsp")
2026-06-07 18:40:57.253 DEBUG testcase.TC_3.6_9                        - 3: setText(css("#email"), "t.mansi@studenti.unisa.it")
2026-06-07 18:40:57.254 DEBUG testcase.TC_3.6_9                        - 1: t = new com.kms.katalon.core.testobject.TestObject(sel)
2026-06-07 18:40:57.254 DEBUG testcase.TC_3.6_9                        - 2: t.addProperty("css", EQUALS, sel)
2026-06-07 18:40:57.254 DEBUG testcase.TC_3.6_9                        - 3: return t
2026-06-07 18:40:57.802 DEBUG testcase.TC_3.6_9                        - 4: setText(css("#password"), "321CBA.")
2026-06-07 18:40:57.802 DEBUG testcase.TC_3.6_9                        - 1: t = new com.kms.katalon.core.testobject.TestObject(sel)
2026-06-07 18:40:57.802 DEBUG testcase.TC_3.6_9                        - 2: t.addProperty("css", EQUALS, sel)
2026-06-07 18:40:57.802 DEBUG testcase.TC_3.6_9                        - 3: return t
2026-06-07 18:40:58.300 DEBUG testcase.TC_3.6_9                        - 5: click(css("#submit"))
2026-06-07 18:40:58.300 DEBUG testcase.TC_3.6_9                        - 1: t = new com.kms.katalon.core.testobject.TestObject(sel)
2026-06-07 18:40:58.300 DEBUG testcase.TC_3.6_9                        - 2: t.addProperty("css", EQUALS, sel)
2026-06-07 18:40:58.300 DEBUG testcase.TC_3.6_9                        - 3: return t
2026-06-07 18:40:58.554 DEBUG testcase.TC_3.6_9                        - 6: delay(2)
2026-06-07 18:41:00.568 DEBUG testcase.TC_3.6_9                        - 7: navigateToUrl(base + "AddressForm.jsp")
2026-06-07 18:41:00.603 DEBUG testcase.TC_3.6_9                        - 8: delay(1)
2026-06-07 18:41:01.609 DEBUG testcase.TC_3.6_9                        - 9: setText(css("#citta"), "Salerno")
2026-06-07 18:41:01.610 DEBUG testcase.TC_3.6_9                        - 1: t = new com.kms.katalon.core.testobject.TestObject(sel)
2026-06-07 18:41:01.611 DEBUG testcase.TC_3.6_9                        - 2: t.addProperty("css", EQUALS, sel)
2026-06-07 18:41:01.611 DEBUG testcase.TC_3.6_9                        - 3: return t
2026-06-07 18:41:02.197 DEBUG testcase.TC_3.6_9                        - 10: setText(css("#provincia"), "SA")
2026-06-07 18:41:02.197 DEBUG testcase.TC_3.6_9                        - 1: t = new com.kms.katalon.core.testobject.TestObject(sel)
2026-06-07 18:41:02.197 DEBUG testcase.TC_3.6_9                        - 2: t.addProperty("css", EQUALS, sel)
2026-06-07 18:41:02.197 DEBUG testcase.TC_3.6_9                        - 3: return t
2026-06-07 18:41:02.780 DEBUG testcase.TC_3.6_9                        - 11: setText(css("#cap"), "84100")
2026-06-07 18:41:02.782 DEBUG testcase.TC_3.6_9                        - 1: t = new com.kms.katalon.core.testobject.TestObject(sel)
2026-06-07 18:41:02.782 DEBUG testcase.TC_3.6_9                        - 2: t.addProperty("css", EQUALS, sel)
2026-06-07 18:41:02.782 DEBUG testcase.TC_3.6_9                        - 3: return t
2026-06-07 18:41:03.377 DEBUG testcase.TC_3.6_9                        - 12: setText(css("#via"), "   ")
2026-06-07 18:41:03.377 DEBUG testcase.TC_3.6_9                        - 1: t = new com.kms.katalon.core.testobject.TestObject(sel)
2026-06-07 18:41:03.378 DEBUG testcase.TC_3.6_9                        - 2: t.addProperty("css", EQUALS, sel)
2026-06-07 18:41:03.378 DEBUG testcase.TC_3.6_9                        - 3: return t
2026-06-07 18:41:03.968 DEBUG testcase.TC_3.6_9                        - 13: setText(css("#numero_civico"), "12")
2026-06-07 18:41:03.968 DEBUG testcase.TC_3.6_9                        - 1: t = new com.kms.katalon.core.testobject.TestObject(sel)
2026-06-07 18:41:03.968 DEBUG testcase.TC_3.6_9                        - 2: t.addProperty("css", EQUALS, sel)
2026-06-07 18:41:03.968 DEBUG testcase.TC_3.6_9                        - 3: return t
2026-06-07 18:41:04.580 DEBUG testcase.TC_3.6_9                        - 14: setText(css("#stato"), "Italia")
2026-06-07 18:41:04.580 DEBUG testcase.TC_3.6_9                        - 1: t = new com.kms.katalon.core.testobject.TestObject(sel)
2026-06-07 18:41:04.580 DEBUG testcase.TC_3.6_9                        - 2: t.addProperty("css", EQUALS, sel)
2026-06-07 18:41:04.581 DEBUG testcase.TC_3.6_9                        - 3: return t
2026-06-07 18:41:05.204 DEBUG testcase.TC_3.6_9                        - 15: click(css(".submit-button"))
2026-06-07 18:41:05.205 DEBUG testcase.TC_3.6_9                        - 1: t = new com.kms.katalon.core.testobject.TestObject(sel)
2026-06-07 18:41:05.205 DEBUG testcase.TC_3.6_9                        - 2: t.addProperty("css", EQUALS, sel)
2026-06-07 18:41:05.205 DEBUG testcase.TC_3.6_9                        - 3: return t
2026-06-07 18:41:05.550 DEBUG testcase.TC_3.6_9                        - 16: delay(2)
2026-06-07 18:41:07.552 DEBUG testcase.TC_3.6_9                        - 17: takeScreenshot()
2026-06-07 18:41:07.837 DEBUG testcase.TC_3.6_9                        - 18: verifyElementPresent(css("#cap"), 5, CONTINUE_ON_FAILURE)
2026-06-07 18:41:07.837 DEBUG testcase.TC_3.6_9                        - 1: t = new com.kms.katalon.core.testobject.TestObject(sel)
2026-06-07 18:41:07.837 DEBUG testcase.TC_3.6_9                        - 2: t.addProperty("css", EQUALS, sel)
2026-06-07 18:41:07.837 DEBUG testcase.TC_3.6_9                        - 3: return t
2026-06-07 18:41:13.054 ERROR c.k.k.core.keyword.internal.KeywordMain  - ❌ com.kms.katalon.core.webui.exception.WebElementNotFoundException: Web element with id: '#cap' located by 'By.cssSelector: #cap' not found (Root cause: com.kms.katalon.core.exception.StepFailedException: com.kms.katalon.core.webui.exception.WebElementNotFoundException: Web element with id: '#cap' located by 'By.cssSelector: #cap' not found
	at com.kms.katalon.core.webui.keyword.internal.WebUIKeywordMain.stepFailed(WebUIKeywordMain.groovy:177)
	at com.kms.katalon.core.webui.keyword.builtin.VerifyElementPresentKeyword$_verifyElementPresent_closure1.doCall(VerifyElementPresentKeyword.groovy:88)
	at com.kms.katalon.core.webui.keyword.builtin.VerifyElementPresentKeyword$_verifyElementPresent_closure1.call(VerifyElementPresentKeyword.groovy)
	at com.kms.katalon.core.webui.keyword.internal.WebUIKeywordMain.runKeyword(WebUIKeywordMain.groovy:41)
	at com.kms.katalon.core.webui.keyword.builtin.VerifyElementPresentKeyword.verifyElementPresent(VerifyElementPresentKeyword.groovy:95)
	at com.kms.katalon.core.webui.keyword.builtin.VerifyElementPresentKeyword.execute(VerifyElementPresentKeyword.groovy:68)
	at com.kms.katalon.core.keyword.internal.KeywordExecutor.executeKeywordForPlatform(KeywordExecutor.groovy:103)
	at com.kms.katalon.core.webui.keyword.WebUiBuiltInKeywords.verifyElementPresent(WebUiBuiltInKeywords.groovy:1550)
	at Script178060030609.run(Script178060030609.groovy:33)
	at com.kms.katalon.core.main.ScriptEngine.run(ScriptEngine.java:203)
	at com.kms.katalon.core.main.ScriptEngine.runScriptAsRawText(ScriptEngine.java:115)
	at com.kms.katalon.core.main.TestCaseExecutor.runScript(TestCaseExecutor.java:506)
	at com.kms.katalon.core.main.TestCaseExecutor.doExecute(TestCaseExecutor.java:497)
	at com.kms.katalon.core.main.TestCaseExecutor.processExecutionPhase(TestCaseExecutor.java:476)
	at com.kms.katalon.core.main.TestCaseExecutor.accessMainPhase(TestCaseExecutor.java:468)
	at com.kms.katalon.core.main.TestCaseExecutor.execute(TestCaseExecutor.java:334)
	at com.kms.katalon.core.common.CommonExecutor.accessTestCaseMainPhase(CommonExecutor.java:71)
	at com.kms.katalon.core.main.TestSuiteExecutor.accessTestSuiteMainPhase(TestSuiteExecutor.java:153)
	at com.kms.katalon.core.main.TestSuiteExecutor.execute(TestSuiteExecutor.java:110)
	at com.kms.katalon.core.main.TestCaseMain.startTestSuite(TestCaseMain.java:206)
	at S0607_0.run(S0607_0.groovy:40)
	at java.base/jdk.internal.reflect.DirectMethodHandleAccessor.invoke(DirectMethodHandleAccessor.java:103)
)
2026-06-07 18:41:13.054 DEBUG testcase.TC_3.6_9                        - 19: closeBrowser()
2026-06-07 18:41:13.252 ERROR c.k.katalon.core.main.TestCaseExecutor   - ❌ Test Cases/Profilo/TC_3.6_9 FAILED.
Reason:
com.kms.katalon.core.exception.StepFailedException: com.kms.katalon.core.webui.exception.WebElementNotFoundException: Web element with id: '#cap' located by 'By.cssSelector: #cap' not found (Root cause: com.kms.katalon.core.exception.StepFailedException: com.kms.katalon.core.webui.exception.WebElementNotFoundException: Web element with id: '#cap' located by 'By.cssSelector: #cap' not found
	at com.kms.katalon.core.webui.keyword.internal.WebUIKeywordMain.stepFailed(WebUIKeywordMain.groovy:177)
	at com.kms.katalon.core.webui.keyword.builtin.VerifyElementPresentKeyword$_verifyElementPresent_closure1.doCall(VerifyElementPresentKeyword.groovy:88)
	at com.kms.katalon.core.webui.keyword.builtin.VerifyElementPresentKeyword$_verifyElementPresent_closure1.call(VerifyElementPresentKeyword.groovy)
	at com.kms.katalon.core.webui.keyword.internal.WebUIKeywordMain.runKeyword(WebUIKeywordMain.groovy:41)
	at com.kms.katalon.core.webui.keyword.builtin.VerifyElementPresentKeyword.verifyElementPresent(VerifyElementPresentKeyword.groovy:95)
	at com.kms.katalon.core.webui.keyword.builtin.VerifyElementPresentKeyword.execute(VerifyElementPresentKeyword.groovy:68)
	at com.kms.katalon.core.keyword.internal.KeywordExecutor.executeKeywordForPlatform(KeywordExecutor.groovy:103)
	at com.kms.katalon.core.webui.keyword.WebUiBuiltInKeywords.verifyElementPresent(WebUiBuiltInKeywords.groovy:1550)
	at Script178060030609.run(Script178060030609.groovy:33)
	at com.kms.katalon.core.main.ScriptEngine.run(ScriptEngine.java:203)
	at com.kms.katalon.core.main.ScriptEngine.runScriptAsRawText(ScriptEngine.java:115)
	at com.kms.katalon.core.main.TestCaseExecutor.runScript(TestCaseExecutor.java:506)
	at com.kms.katalon.core.main.TestCaseExecutor.doExecute(TestCaseExecutor.java:497)
	at com.kms.katalon.core.main.TestCaseExecutor.processExecutionPhase(TestCaseExecutor.java:476)
	at com.kms.katalon.core.main.TestCaseExecutor.accessMainPhase(TestCaseExecutor.java:468)
	at com.kms.katalon.core.main.TestCaseExecutor.execute(TestCaseExecutor.java:334)
	at com.kms.katalon.core.common.CommonExecutor.accessTestCaseMainPhase(CommonExecutor.java:71)
	at com.kms.katalon.core.main.TestSuiteExecutor.accessTestSuiteMainPhase(TestSuiteExecutor.java:153)
	at com.kms.katalon.core.main.TestSuiteExecutor.execute(TestSuiteExecutor.java:110)
	at com.kms.katalon.core.main.TestCaseMain.startTestSuite(TestCaseMain.java:206)
	at S0607_0.run(S0607_0.groovy:40)
	at java.base/jdk.internal.reflect.DirectMethodHandleAccessor.invoke(DirectMethodHandleAccessor.java:103)
)
	at com.kms.katalon.core.keyword.internal.KeywordMain.stepFailed(KeywordMain.groovy:39)
	at com.kms.katalon.core.webui.keyword.internal.WebUIKeywordMain.stepFailed(WebUIKeywordMain.groovy:177)
	at com.kms.katalon.core.webui.keyword.builtin.VerifyElementPresentKeyword$_verifyElementPresent_closure1.doCall(VerifyElementPresentKeyword.groovy:88)
	at com.kms.katalon.core.webui.keyword.builtin.VerifyElementPresentKeyword$_verifyElementPresent_closure1.call(VerifyElementPresentKeyword.groovy)
	at com.kms.katalon.core.webui.keyword.internal.WebUIKeywordMain.runKeyword(WebUIKeywordMain.groovy:41)
	at com.kms.katalon.core.webui.keyword.builtin.VerifyElementPresentKeyword.verifyElementPresent(VerifyElementPresentKeyword.groovy:95)
	at com.kms.katalon.core.webui.keyword.builtin.VerifyElementPresentKeyword.execute(VerifyElementPresentKeyword.groovy:68)
	at com.kms.katalon.core.keyword.internal.KeywordExecutor.executeKeywordForPlatform(KeywordExecutor.groovy:103)
	at com.kms.katalon.core.webui.keyword.WebUiBuiltInKeywords.verifyElementPresent(WebUiBuiltInKeywords.groovy:1550)
	at Script178060030609.run(Script178060030609.groovy:33)
	at com.kms.katalon.core.main.ScriptEngine.run(ScriptEngine.java:203)
	at com.kms.katalon.core.main.ScriptEngine.runScriptAsRawText(ScriptEngine.java:115)
	at com.kms.katalon.core.main.TestCaseExecutor.runScript(TestCaseExecutor.java:506)
	at com.kms.katalon.core.main.TestCaseExecutor.doExecute(TestCaseExecutor.java:497)
	at com.kms.katalon.core.main.TestCaseExecutor.processExecutionPhase(TestCaseExecutor.java:476)
	at com.kms.katalon.core.main.TestCaseExecutor.accessMainPhase(TestCaseExecutor.java:468)
	at com.kms.katalon.core.main.TestCaseExecutor.execute(TestCaseExecutor.java:334)
	at com.kms.katalon.core.common.CommonExecutor.accessTestCaseMainPhase(CommonExecutor.java:71)
	at com.kms.katalon.core.main.TestSuiteExecutor.accessTestSuiteMainPhase(TestSuiteExecutor.java:153)
	at com.kms.katalon.core.main.TestSuiteExecutor.execute(TestSuiteExecutor.java:110)
	at com.kms.katalon.core.main.TestCaseMain.startTestSuite(TestCaseMain.java:206)
	at S0607_0.run(S0607_0.groovy:40)
	at java.base/jdk.internal.reflect.DirectMethodHandleAccessor.invoke(DirectMethodHandleAccessor.java:103)
Caused by: com.kms.katalon.core.exception.StepFailedException: com.kms.katalon.core.webui.exception.WebElementNotFoundException: Web element with id: '#cap' located by 'By.cssSelector: #cap' not found
	... 22 more

2026-06-07 18:41:13.253 INFO  c.k.katalon.core.main.TestCaseExecutor   - END Test Cases/Profilo/TC_3.6_9
2026-06-07 18:41:13.256 INFO  c.k.katalon.core.main.TestCaseExecutor   - --------------------
2026-06-07 18:41:13.257 INFO  c.k.katalon.core.main.TestCaseExecutor   - START Test Cases/Profilo/TC_3.6_10
2026-06-07 18:41:13.335 INFO  com.kms.katalon.core.util.KeywordUtil    - Seed ripristinato prima di: Test Cases/Profilo/TC_3.6_10
2026-06-07 18:41:13.383 DEBUG testcase.TC_3.6_10                       - 1: openBrowser("")
2026-06-07 18:41:13.383 INFO  c.k.k.core.webui.driver.DriverFactory    - Starting 'Chrome' driver
2026-06-07 18:41:13.384 INFO  c.k.k.core.webui.driver.DriverFactory    - Action delay is set to 0 milliseconds
2026-06-07 18:41:14.044 INFO  c.k.k.core.webui.driver.DriverFactory    - sessionId = 70b976bafbbe09012f64f77b87b9c427
2026-06-07 18:41:14.045 INFO  c.k.k.core.webui.driver.DriverFactory    - browser = Chrome 148.0.7778.179
2026-06-07 18:41:14.045 INFO  c.k.k.core.webui.driver.DriverFactory    - platform = Windows 11
2026-06-07 18:41:14.045 INFO  c.k.k.core.webui.driver.DriverFactory    - seleniumVersion = 4.39.0
2026-06-07 18:41:14.045 INFO  c.k.k.core.webui.driver.DriverFactory    - proxyInformation = ProxyInformation { proxyOption=NO_PROXY, proxyServerType=HTTP, username=, password=********, proxyServerAddress=, proxyServerPort=0, executionList="", isApplyToDesiredCapabilities=true }
2026-06-07 18:41:14.048 DEBUG testcase.TC_3.6_10                       - 2: navigateToUrl(base + "loginForm.jsp")
2026-06-07 18:41:14.482 DEBUG testcase.TC_3.6_10                       - 3: setText(css("#email"), "t.mansi@studenti.unisa.it")
2026-06-07 18:41:14.482 DEBUG testcase.TC_3.6_10                       - 1: t = new com.kms.katalon.core.testobject.TestObject(sel)
2026-06-07 18:41:14.482 DEBUG testcase.TC_3.6_10                       - 2: t.addProperty("css", EQUALS, sel)
2026-06-07 18:41:14.483 DEBUG testcase.TC_3.6_10                       - 3: return t
2026-06-07 18:41:15.010 DEBUG testcase.TC_3.6_10                       - 4: setText(css("#password"), "321CBA.")
2026-06-07 18:41:15.011 DEBUG testcase.TC_3.6_10                       - 1: t = new com.kms.katalon.core.testobject.TestObject(sel)
2026-06-07 18:41:15.011 DEBUG testcase.TC_3.6_10                       - 2: t.addProperty("css", EQUALS, sel)
2026-06-07 18:41:15.011 DEBUG testcase.TC_3.6_10                       - 3: return t
2026-06-07 18:41:15.522 DEBUG testcase.TC_3.6_10                       - 5: click(css("#submit"))
2026-06-07 18:41:15.522 DEBUG testcase.TC_3.6_10                       - 1: t = new com.kms.katalon.core.testobject.TestObject(sel)
2026-06-07 18:41:15.522 DEBUG testcase.TC_3.6_10                       - 2: t.addProperty("css", EQUALS, sel)
2026-06-07 18:41:15.522 DEBUG testcase.TC_3.6_10                       - 3: return t
2026-06-07 18:41:15.784 DEBUG testcase.TC_3.6_10                       - 6: delay(2)
2026-06-07 18:41:17.791 DEBUG testcase.TC_3.6_10                       - 7: navigateToUrl(base + "AddressForm.jsp")
2026-06-07 18:41:17.817 DEBUG testcase.TC_3.6_10                       - 8: delay(1)
2026-06-07 18:41:18.820 DEBUG testcase.TC_3.6_10                       - 9: setText(css("#citta"), "Salerno")
2026-06-07 18:41:18.821 DEBUG testcase.TC_3.6_10                       - 1: t = new com.kms.katalon.core.testobject.TestObject(sel)
2026-06-07 18:41:18.821 DEBUG testcase.TC_3.6_10                       - 2: t.addProperty("css", EQUALS, sel)
2026-06-07 18:41:18.821 DEBUG testcase.TC_3.6_10                       - 3: return t
2026-06-07 18:41:19.429 DEBUG testcase.TC_3.6_10                       - 10: setText(css("#provincia"), "SA")
2026-06-07 18:41:19.429 DEBUG testcase.TC_3.6_10                       - 1: t = new com.kms.katalon.core.testobject.TestObject(sel)
2026-06-07 18:41:19.429 DEBUG testcase.TC_3.6_10                       - 2: t.addProperty("css", EQUALS, sel)
2026-06-07 18:41:19.429 DEBUG testcase.TC_3.6_10                       - 3: return t
2026-06-07 18:41:20.048 DEBUG testcase.TC_3.6_10                       - 11: setText(css("#cap"), "84100")
2026-06-07 18:41:20.048 DEBUG testcase.TC_3.6_10                       - 1: t = new com.kms.katalon.core.testobject.TestObject(sel)
2026-06-07 18:41:20.048 DEBUG testcase.TC_3.6_10                       - 2: t.addProperty("css", EQUALS, sel)
2026-06-07 18:41:20.048 DEBUG testcase.TC_3.6_10                       - 3: return t
2026-06-07 18:41:20.631 DEBUG testcase.TC_3.6_10                       - 12: setText(css("#via"), "Via Roma")
2026-06-07 18:41:20.631 DEBUG testcase.TC_3.6_10                       - 1: t = new com.kms.katalon.core.testobject.TestObject(sel)
2026-06-07 18:41:20.631 DEBUG testcase.TC_3.6_10                       - 2: t.addProperty("css", EQUALS, sel)
2026-06-07 18:41:20.631 DEBUG testcase.TC_3.6_10                       - 3: return t
2026-06-07 18:41:21.258 DEBUG testcase.TC_3.6_10                       - 13: setText(css("#numero_civico"), "12")
2026-06-07 18:41:21.258 DEBUG testcase.TC_3.6_10                       - 1: t = new com.kms.katalon.core.testobject.TestObject(sel)
2026-06-07 18:41:21.258 DEBUG testcase.TC_3.6_10                       - 2: t.addProperty("css", EQUALS, sel)
2026-06-07 18:41:21.258 DEBUG testcase.TC_3.6_10                       - 3: return t
2026-06-07 18:41:21.826 DEBUG testcase.TC_3.6_10                       - 14: setText(css("#stato"), "   ")
2026-06-07 18:41:21.826 DEBUG testcase.TC_3.6_10                       - 1: t = new com.kms.katalon.core.testobject.TestObject(sel)
2026-06-07 18:41:21.826 DEBUG testcase.TC_3.6_10                       - 2: t.addProperty("css", EQUALS, sel)
2026-06-07 18:41:21.828 DEBUG testcase.TC_3.6_10                       - 3: return t
2026-06-07 18:41:22.430 DEBUG testcase.TC_3.6_10                       - 15: click(css(".submit-button"))
2026-06-07 18:41:22.430 DEBUG testcase.TC_3.6_10                       - 1: t = new com.kms.katalon.core.testobject.TestObject(sel)
2026-06-07 18:41:22.430 DEBUG testcase.TC_3.6_10                       - 2: t.addProperty("css", EQUALS, sel)
2026-06-07 18:41:22.430 DEBUG testcase.TC_3.6_10                       - 3: return t
2026-06-07 18:41:22.749 DEBUG testcase.TC_3.6_10                       - 16: delay(2)
2026-06-07 18:41:24.752 DEBUG testcase.TC_3.6_10                       - 17: takeScreenshot()
2026-06-07 18:41:25.060 DEBUG testcase.TC_3.6_10                       - 18: verifyElementPresent(css("#cap"), 5, CONTINUE_ON_FAILURE)
2026-06-07 18:41:25.060 DEBUG testcase.TC_3.6_10                       - 1: t = new com.kms.katalon.core.testobject.TestObject(sel)
2026-06-07 18:41:25.060 DEBUG testcase.TC_3.6_10                       - 2: t.addProperty("css", EQUALS, sel)
2026-06-07 18:41:25.060 DEBUG testcase.TC_3.6_10                       - 3: return t
2026-06-07 18:41:30.135 ERROR c.k.k.core.keyword.internal.KeywordMain  - ❌ com.kms.katalon.core.webui.exception.WebElementNotFoundException: Web element with id: '#cap' located by 'By.cssSelector: #cap' not found (Root cause: com.kms.katalon.core.exception.StepFailedException: com.kms.katalon.core.webui.exception.WebElementNotFoundException: Web element with id: '#cap' located by 'By.cssSelector: #cap' not found
	at com.kms.katalon.core.webui.keyword.internal.WebUIKeywordMain.stepFailed(WebUIKeywordMain.groovy:177)
	at com.kms.katalon.core.webui.keyword.builtin.VerifyElementPresentKeyword$_verifyElementPresent_closure1.doCall(VerifyElementPresentKeyword.groovy:88)
	at com.kms.katalon.core.webui.keyword.builtin.VerifyElementPresentKeyword$_verifyElementPresent_closure1.call(VerifyElementPresentKeyword.groovy)
	at com.kms.katalon.core.webui.keyword.internal.WebUIKeywordMain.runKeyword(WebUIKeywordMain.groovy:41)
	at com.kms.katalon.core.webui.keyword.builtin.VerifyElementPresentKeyword.verifyElementPresent(VerifyElementPresentKeyword.groovy:95)
	at com.kms.katalon.core.webui.keyword.builtin.VerifyElementPresentKeyword.execute(VerifyElementPresentKeyword.groovy:68)
	at com.kms.katalon.core.keyword.internal.KeywordExecutor.executeKeywordForPlatform(KeywordExecutor.groovy:103)
	at com.kms.katalon.core.webui.keyword.WebUiBuiltInKeywords.verifyElementPresent(WebUiBuiltInKeywords.groovy:1550)
	at Script178060030610.run(Script178060030610.groovy:33)
	at com.kms.katalon.core.main.ScriptEngine.run(ScriptEngine.java:203)
	at com.kms.katalon.core.main.ScriptEngine.runScriptAsRawText(ScriptEngine.java:115)
	at com.kms.katalon.core.main.TestCaseExecutor.runScript(TestCaseExecutor.java:506)
	at com.kms.katalon.core.main.TestCaseExecutor.doExecute(TestCaseExecutor.java:497)
	at com.kms.katalon.core.main.TestCaseExecutor.processExecutionPhase(TestCaseExecutor.java:476)
	at com.kms.katalon.core.main.TestCaseExecutor.accessMainPhase(TestCaseExecutor.java:468)
	at com.kms.katalon.core.main.TestCaseExecutor.execute(TestCaseExecutor.java:334)
	at com.kms.katalon.core.common.CommonExecutor.accessTestCaseMainPhase(CommonExecutor.java:71)
	at com.kms.katalon.core.main.TestSuiteExecutor.accessTestSuiteMainPhase(TestSuiteExecutor.java:153)
	at com.kms.katalon.core.main.TestSuiteExecutor.execute(TestSuiteExecutor.java:110)
	at com.kms.katalon.core.main.TestCaseMain.startTestSuite(TestCaseMain.java:206)
	at S0607_0.run(S0607_0.groovy:40)
	at java.base/jdk.internal.reflect.DirectMethodHandleAccessor.invoke(DirectMethodHandleAccessor.java:103)
)
2026-06-07 18:41:30.135 DEBUG testcase.TC_3.6_10                       - 19: closeBrowser()
2026-06-07 18:41:30.253 ERROR c.k.katalon.core.main.TestCaseExecutor   - ❌ Test Cases/Profilo/TC_3.6_10 FAILED.
Reason:
com.kms.katalon.core.exception.StepFailedException: com.kms.katalon.core.webui.exception.WebElementNotFoundException: Web element with id: '#cap' located by 'By.cssSelector: #cap' not found (Root cause: com.kms.katalon.core.exception.StepFailedException: com.kms.katalon.core.webui.exception.WebElementNotFoundException: Web element with id: '#cap' located by 'By.cssSelector: #cap' not found
	at com.kms.katalon.core.webui.keyword.internal.WebUIKeywordMain.stepFailed(WebUIKeywordMain.groovy:177)
	at com.kms.katalon.core.webui.keyword.builtin.VerifyElementPresentKeyword$_verifyElementPresent_closure1.doCall(VerifyElementPresentKeyword.groovy:88)
	at com.kms.katalon.core.webui.keyword.builtin.VerifyElementPresentKeyword$_verifyElementPresent_closure1.call(VerifyElementPresentKeyword.groovy)
	at com.kms.katalon.core.webui.keyword.internal.WebUIKeywordMain.runKeyword(WebUIKeywordMain.groovy:41)
	at com.kms.katalon.core.webui.keyword.builtin.VerifyElementPresentKeyword.verifyElementPresent(VerifyElementPresentKeyword.groovy:95)
	at com.kms.katalon.core.webui.keyword.builtin.VerifyElementPresentKeyword.execute(VerifyElementPresentKeyword.groovy:68)
	at com.kms.katalon.core.keyword.internal.KeywordExecutor.executeKeywordForPlatform(KeywordExecutor.groovy:103)
	at com.kms.katalon.core.webui.keyword.WebUiBuiltInKeywords.verifyElementPresent(WebUiBuiltInKeywords.groovy:1550)
	at Script178060030610.run(Script178060030610.groovy:33)
	at com.kms.katalon.core.main.ScriptEngine.run(ScriptEngine.java:203)
	at com.kms.katalon.core.main.ScriptEngine.runScriptAsRawText(ScriptEngine.java:115)
	at com.kms.katalon.core.main.TestCaseExecutor.runScript(TestCaseExecutor.java:506)
	at com.kms.katalon.core.main.TestCaseExecutor.doExecute(TestCaseExecutor.java:497)
	at com.kms.katalon.core.main.TestCaseExecutor.processExecutionPhase(TestCaseExecutor.java:476)
	at com.kms.katalon.core.main.TestCaseExecutor.accessMainPhase(TestCaseExecutor.java:468)
	at com.kms.katalon.core.main.TestCaseExecutor.execute(TestCaseExecutor.java:334)
	at com.kms.katalon.core.common.CommonExecutor.accessTestCaseMainPhase(CommonExecutor.java:71)
	at com.kms.katalon.core.main.TestSuiteExecutor.accessTestSuiteMainPhase(TestSuiteExecutor.java:153)
	at com.kms.katalon.core.main.TestSuiteExecutor.execute(TestSuiteExecutor.java:110)
	at com.kms.katalon.core.main.TestCaseMain.startTestSuite(TestCaseMain.java:206)
	at S0607_0.run(S0607_0.groovy:40)
	at java.base/jdk.internal.reflect.DirectMethodHandleAccessor.invoke(DirectMethodHandleAccessor.java:103)
)
	at com.kms.katalon.core.keyword.internal.KeywordMain.stepFailed(KeywordMain.groovy:39)
	at com.kms.katalon.core.webui.keyword.internal.WebUIKeywordMain.stepFailed(WebUIKeywordMain.groovy:177)
	at com.kms.katalon.core.webui.keyword.builtin.VerifyElementPresentKeyword$_verifyElementPresent_closure1.doCall(VerifyElementPresentKeyword.groovy:88)
	at com.kms.katalon.core.webui.keyword.builtin.VerifyElementPresentKeyword$_verifyElementPresent_closure1.call(VerifyElementPresentKeyword.groovy)
	at com.kms.katalon.core.webui.keyword.internal.WebUIKeywordMain.runKeyword(WebUIKeywordMain.groovy:41)
	at com.kms.katalon.core.webui.keyword.builtin.VerifyElementPresentKeyword.verifyElementPresent(VerifyElementPresentKeyword.groovy:95)
	at com.kms.katalon.core.webui.keyword.builtin.VerifyElementPresentKeyword.execute(VerifyElementPresentKeyword.groovy:68)
	at com.kms.katalon.core.keyword.internal.KeywordExecutor.executeKeywordForPlatform(KeywordExecutor.groovy:103)
	at com.kms.katalon.core.webui.keyword.WebUiBuiltInKeywords.verifyElementPresent(WebUiBuiltInKeywords.groovy:1550)
	at Script178060030610.run(Script178060030610.groovy:33)
	at com.kms.katalon.core.main.ScriptEngine.run(ScriptEngine.java:203)
	at com.kms.katalon.core.main.ScriptEngine.runScriptAsRawText(ScriptEngine.java:115)
	at com.kms.katalon.core.main.TestCaseExecutor.runScript(TestCaseExecutor.java:506)
	at com.kms.katalon.core.main.TestCaseExecutor.doExecute(TestCaseExecutor.java:497)
	at com.kms.katalon.core.main.TestCaseExecutor.processExecutionPhase(TestCaseExecutor.java:476)
	at com.kms.katalon.core.main.TestCaseExecutor.accessMainPhase(TestCaseExecutor.java:468)
	at com.kms.katalon.core.main.TestCaseExecutor.execute(TestCaseExecutor.java:334)
	at com.kms.katalon.core.common.CommonExecutor.accessTestCaseMainPhase(CommonExecutor.java:71)
	at com.kms.katalon.core.main.TestSuiteExecutor.accessTestSuiteMainPhase(TestSuiteExecutor.java:153)
	at com.kms.katalon.core.main.TestSuiteExecutor.execute(TestSuiteExecutor.java:110)
	at com.kms.katalon.core.main.TestCaseMain.startTestSuite(TestCaseMain.java:206)
	at S0607_0.run(S0607_0.groovy:40)
	at java.base/jdk.internal.reflect.DirectMethodHandleAccessor.invoke(DirectMethodHandleAccessor.java:103)
Caused by: com.kms.katalon.core.exception.StepFailedException: com.kms.katalon.core.webui.exception.WebElementNotFoundException: Web element with id: '#cap' located by 'By.cssSelector: #cap' not found
	... 22 more

2026-06-07 18:41:30.253 INFO  c.k.katalon.core.main.TestCaseExecutor   - END Test Cases/Profilo/TC_3.6_10
2026-06-07 18:41:30.255 INFO  c.k.katalon.core.main.TestCaseExecutor   - --------------------
2026-06-07 18:41:30.255 INFO  c.k.katalon.core.main.TestCaseExecutor   - START Test Cases/Profilo/TC_3.6_11
2026-06-07 18:41:30.344 INFO  com.kms.katalon.core.util.KeywordUtil    - Seed ripristinato prima di: Test Cases/Profilo/TC_3.6_11
2026-06-07 18:41:30.378 DEBUG testcase.TC_3.6_11                       - 1: openBrowser("")
2026-06-07 18:41:30.378 INFO  c.k.k.core.webui.driver.DriverFactory    - Starting 'Chrome' driver
2026-06-07 18:41:30.379 INFO  c.k.k.core.webui.driver.DriverFactory    - Action delay is set to 0 milliseconds
2026-06-07 18:41:31.036 INFO  c.k.k.core.webui.driver.DriverFactory    - sessionId = 57aa6e6697591dcb0c8b2312be82f5b1
2026-06-07 18:41:31.037 INFO  c.k.k.core.webui.driver.DriverFactory    - browser = Chrome 148.0.7778.179
2026-06-07 18:41:31.037 INFO  c.k.k.core.webui.driver.DriverFactory    - platform = Windows 11
2026-06-07 18:41:31.037 INFO  c.k.k.core.webui.driver.DriverFactory    - seleniumVersion = 4.39.0
2026-06-07 18:41:31.037 INFO  c.k.k.core.webui.driver.DriverFactory    - proxyInformation = ProxyInformation { proxyOption=NO_PROXY, proxyServerType=HTTP, username=, password=********, proxyServerAddress=, proxyServerPort=0, executionList="", isApplyToDesiredCapabilities=true }
2026-06-07 18:41:31.042 DEBUG testcase.TC_3.6_11                       - 2: navigateToUrl(base + "loginForm.jsp")
2026-06-07 18:41:31.508 DEBUG testcase.TC_3.6_11                       - 3: setText(css("#email"), "t.mansi@studenti.unisa.it")
2026-06-07 18:41:31.508 DEBUG testcase.TC_3.6_11                       - 1: t = new com.kms.katalon.core.testobject.TestObject(sel)
2026-06-07 18:41:31.509 DEBUG testcase.TC_3.6_11                       - 2: t.addProperty("css", EQUALS, sel)
2026-06-07 18:41:31.509 DEBUG testcase.TC_3.6_11                       - 3: return t
2026-06-07 18:41:32.055 DEBUG testcase.TC_3.6_11                       - 4: setText(css("#password"), "321CBA.")
2026-06-07 18:41:32.055 DEBUG testcase.TC_3.6_11                       - 1: t = new com.kms.katalon.core.testobject.TestObject(sel)
2026-06-07 18:41:32.055 DEBUG testcase.TC_3.6_11                       - 2: t.addProperty("css", EQUALS, sel)
2026-06-07 18:41:32.056 DEBUG testcase.TC_3.6_11                       - 3: return t
2026-06-07 18:41:32.573 DEBUG testcase.TC_3.6_11                       - 5: click(css("#submit"))
2026-06-07 18:41:32.574 DEBUG testcase.TC_3.6_11                       - 1: t = new com.kms.katalon.core.testobject.TestObject(sel)
2026-06-07 18:41:32.574 DEBUG testcase.TC_3.6_11                       - 2: t.addProperty("css", EQUALS, sel)
2026-06-07 18:41:32.574 DEBUG testcase.TC_3.6_11                       - 3: return t
2026-06-07 18:41:32.844 DEBUG testcase.TC_3.6_11                       - 6: delay(2)
2026-06-07 18:41:34.847 DEBUG testcase.TC_3.6_11                       - 7: navigateToUrl(base + "AddressForm.jsp")
2026-06-07 18:41:34.900 DEBUG testcase.TC_3.6_11                       - 8: delay(1)
2026-06-07 18:41:35.907 DEBUG testcase.TC_3.6_11                       - 9: setText(css("#citta"), "Salerno")
2026-06-07 18:41:35.908 DEBUG testcase.TC_3.6_11                       - 1: t = new com.kms.katalon.core.testobject.TestObject(sel)
2026-06-07 18:41:35.908 DEBUG testcase.TC_3.6_11                       - 2: t.addProperty("css", EQUALS, sel)
2026-06-07 18:41:35.908 DEBUG testcase.TC_3.6_11                       - 3: return t
2026-06-07 18:41:36.536 DEBUG testcase.TC_3.6_11                       - 10: setText(css("#provincia"), "SAL")
2026-06-07 18:41:36.536 DEBUG testcase.TC_3.6_11                       - 1: t = new com.kms.katalon.core.testobject.TestObject(sel)
2026-06-07 18:41:36.536 DEBUG testcase.TC_3.6_11                       - 2: t.addProperty("css", EQUALS, sel)
2026-06-07 18:41:36.536 DEBUG testcase.TC_3.6_11                       - 3: return t
2026-06-07 18:41:37.057 DEBUG testcase.TC_3.6_11                       - 11: setText(css("#cap"), "84100")
2026-06-07 18:41:37.057 DEBUG testcase.TC_3.6_11                       - 1: t = new com.kms.katalon.core.testobject.TestObject(sel)
2026-06-07 18:41:37.057 DEBUG testcase.TC_3.6_11                       - 2: t.addProperty("css", EQUALS, sel)
2026-06-07 18:41:37.057 DEBUG testcase.TC_3.6_11                       - 3: return t
2026-06-07 18:41:37.685 DEBUG testcase.TC_3.6_11                       - 12: setText(css("#via"), "Via Roma")
2026-06-07 18:41:37.685 DEBUG testcase.TC_3.6_11                       - 1: t = new com.kms.katalon.core.testobject.TestObject(sel)
2026-06-07 18:41:37.685 DEBUG testcase.TC_3.6_11                       - 2: t.addProperty("css", EQUALS, sel)
2026-06-07 18:41:37.685 DEBUG testcase.TC_3.6_11                       - 3: return t
2026-06-07 18:41:38.348 DEBUG testcase.TC_3.6_11                       - 13: setText(css("#numero_civico"), "12")
2026-06-07 18:41:38.350 DEBUG testcase.TC_3.6_11                       - 1: t = new com.kms.katalon.core.testobject.TestObject(sel)
2026-06-07 18:41:38.350 DEBUG testcase.TC_3.6_11                       - 2: t.addProperty("css", EQUALS, sel)
2026-06-07 18:41:38.350 DEBUG testcase.TC_3.6_11                       - 3: return t
2026-06-07 18:41:38.956 DEBUG testcase.TC_3.6_11                       - 14: setText(css("#stato"), "Italia")
2026-06-07 18:41:38.956 DEBUG testcase.TC_3.6_11                       - 1: t = new com.kms.katalon.core.testobject.TestObject(sel)
2026-06-07 18:41:38.956 DEBUG testcase.TC_3.6_11                       - 2: t.addProperty("css", EQUALS, sel)
2026-06-07 18:41:38.956 DEBUG testcase.TC_3.6_11                       - 3: return t
2026-06-07 18:41:39.546 DEBUG testcase.TC_3.6_11                       - 15: click(css(".submit-button"))
2026-06-07 18:41:39.546 DEBUG testcase.TC_3.6_11                       - 1: t = new com.kms.katalon.core.testobject.TestObject(sel)
2026-06-07 18:41:39.546 DEBUG testcase.TC_3.6_11                       - 2: t.addProperty("css", EQUALS, sel)
2026-06-07 18:41:39.546 DEBUG testcase.TC_3.6_11                       - 3: return t
2026-06-07 18:41:39.876 DEBUG testcase.TC_3.6_11                       - 16: delay(2)
2026-06-07 18:41:41.887 DEBUG testcase.TC_3.6_11                       - 17: takeScreenshot()
2026-06-07 18:41:42.320 DEBUG testcase.TC_3.6_11                       - 18: verifyElementPresent(css("#cap"), 5, CONTINUE_ON_FAILURE)
2026-06-07 18:41:42.321 DEBUG testcase.TC_3.6_11                       - 1: t = new com.kms.katalon.core.testobject.TestObject(sel)
2026-06-07 18:41:42.322 DEBUG testcase.TC_3.6_11                       - 2: t.addProperty("css", EQUALS, sel)
2026-06-07 18:41:42.323 DEBUG testcase.TC_3.6_11                       - 3: return t
2026-06-07 18:41:47.596 ERROR c.k.k.core.keyword.internal.KeywordMain  - ❌ com.kms.katalon.core.webui.exception.WebElementNotFoundException: Web element with id: '#cap' located by 'By.cssSelector: #cap' not found (Root cause: com.kms.katalon.core.exception.StepFailedException: com.kms.katalon.core.webui.exception.WebElementNotFoundException: Web element with id: '#cap' located by 'By.cssSelector: #cap' not found
	at com.kms.katalon.core.webui.keyword.internal.WebUIKeywordMain.stepFailed(WebUIKeywordMain.groovy:177)
	at com.kms.katalon.core.webui.keyword.builtin.VerifyElementPresentKeyword$_verifyElementPresent_closure1.doCall(VerifyElementPresentKeyword.groovy:88)
	at com.kms.katalon.core.webui.keyword.builtin.VerifyElementPresentKeyword$_verifyElementPresent_closure1.call(VerifyElementPresentKeyword.groovy)
	at com.kms.katalon.core.webui.keyword.internal.WebUIKeywordMain.runKeyword(WebUIKeywordMain.groovy:41)
	at com.kms.katalon.core.webui.keyword.builtin.VerifyElementPresentKeyword.verifyElementPresent(VerifyElementPresentKeyword.groovy:95)
	at com.kms.katalon.core.webui.keyword.builtin.VerifyElementPresentKeyword.execute(VerifyElementPresentKeyword.groovy:68)
	at com.kms.katalon.core.keyword.internal.KeywordExecutor.executeKeywordForPlatform(KeywordExecutor.groovy:103)
	at com.kms.katalon.core.webui.keyword.WebUiBuiltInKeywords.verifyElementPresent(WebUiBuiltInKeywords.groovy:1550)
	at Script178060030611.run(Script178060030611.groovy:34)
	at com.kms.katalon.core.main.ScriptEngine.run(ScriptEngine.java:203)
	at com.kms.katalon.core.main.ScriptEngine.runScriptAsRawText(ScriptEngine.java:115)
	at com.kms.katalon.core.main.TestCaseExecutor.runScript(TestCaseExecutor.java:506)
	at com.kms.katalon.core.main.TestCaseExecutor.doExecute(TestCaseExecutor.java:497)
	at com.kms.katalon.core.main.TestCaseExecutor.processExecutionPhase(TestCaseExecutor.java:476)
	at com.kms.katalon.core.main.TestCaseExecutor.accessMainPhase(TestCaseExecutor.java:468)
	at com.kms.katalon.core.main.TestCaseExecutor.execute(TestCaseExecutor.java:334)
	at com.kms.katalon.core.common.CommonExecutor.accessTestCaseMainPhase(CommonExecutor.java:71)
	at com.kms.katalon.core.main.TestSuiteExecutor.accessTestSuiteMainPhase(TestSuiteExecutor.java:153)
	at com.kms.katalon.core.main.TestSuiteExecutor.execute(TestSuiteExecutor.java:110)
	at com.kms.katalon.core.main.TestCaseMain.startTestSuite(TestCaseMain.java:206)
	at S0607_0.run(S0607_0.groovy:40)
	at java.base/jdk.internal.reflect.DirectMethodHandleAccessor.invoke(DirectMethodHandleAccessor.java:103)
)
2026-06-07 18:41:47.599 DEBUG testcase.TC_3.6_11                       - 19: closeBrowser()
2026-06-07 18:41:48.083 ERROR c.k.katalon.core.main.TestCaseExecutor   - ❌ Test Cases/Profilo/TC_3.6_11 FAILED.
Reason:
com.kms.katalon.core.exception.StepFailedException: com.kms.katalon.core.webui.exception.WebElementNotFoundException: Web element with id: '#cap' located by 'By.cssSelector: #cap' not found (Root cause: com.kms.katalon.core.exception.StepFailedException: com.kms.katalon.core.webui.exception.WebElementNotFoundException: Web element with id: '#cap' located by 'By.cssSelector: #cap' not found
	at com.kms.katalon.core.webui.keyword.internal.WebUIKeywordMain.stepFailed(WebUIKeywordMain.groovy:177)
	at com.kms.katalon.core.webui.keyword.builtin.VerifyElementPresentKeyword$_verifyElementPresent_closure1.doCall(VerifyElementPresentKeyword.groovy:88)
	at com.kms.katalon.core.webui.keyword.builtin.VerifyElementPresentKeyword$_verifyElementPresent_closure1.call(VerifyElementPresentKeyword.groovy)
	at com.kms.katalon.core.webui.keyword.internal.WebUIKeywordMain.runKeyword(WebUIKeywordMain.groovy:41)
	at com.kms.katalon.core.webui.keyword.builtin.VerifyElementPresentKeyword.verifyElementPresent(VerifyElementPresentKeyword.groovy:95)
	at com.kms.katalon.core.webui.keyword.builtin.VerifyElementPresentKeyword.execute(VerifyElementPresentKeyword.groovy:68)
	at com.kms.katalon.core.keyword.internal.KeywordExecutor.executeKeywordForPlatform(KeywordExecutor.groovy:103)
	at com.kms.katalon.core.webui.keyword.WebUiBuiltInKeywords.verifyElementPresent(WebUiBuiltInKeywords.groovy:1550)
	at Script178060030611.run(Script178060030611.groovy:34)
	at com.kms.katalon.core.main.ScriptEngine.run(ScriptEngine.java:203)
	at com.kms.katalon.core.main.ScriptEngine.runScriptAsRawText(ScriptEngine.java:115)
	at com.kms.katalon.core.main.TestCaseExecutor.runScript(TestCaseExecutor.java:506)
	at com.kms.katalon.core.main.TestCaseExecutor.doExecute(TestCaseExecutor.java:497)
	at com.kms.katalon.core.main.TestCaseExecutor.processExecutionPhase(TestCaseExecutor.java:476)
	at com.kms.katalon.core.main.TestCaseExecutor.accessMainPhase(TestCaseExecutor.java:468)
	at com.kms.katalon.core.main.TestCaseExecutor.execute(TestCaseExecutor.java:334)
	at com.kms.katalon.core.common.CommonExecutor.accessTestCaseMainPhase(CommonExecutor.java:71)
	at com.kms.katalon.core.main.TestSuiteExecutor.accessTestSuiteMainPhase(TestSuiteExecutor.java:153)
	at com.kms.katalon.core.main.TestSuiteExecutor.execute(TestSuiteExecutor.java:110)
	at com.kms.katalon.core.main.TestCaseMain.startTestSuite(TestCaseMain.java:206)
	at S0607_0.run(S0607_0.groovy:40)
	at java.base/jdk.internal.reflect.DirectMethodHandleAccessor.invoke(DirectMethodHandleAccessor.java:103)
)
	at com.kms.katalon.core.keyword.internal.KeywordMain.stepFailed(KeywordMain.groovy:39)
	at com.kms.katalon.core.webui.keyword.internal.WebUIKeywordMain.stepFailed(WebUIKeywordMain.groovy:177)
	at com.kms.katalon.core.webui.keyword.builtin.VerifyElementPresentKeyword$_verifyElementPresent_closure1.doCall(VerifyElementPresentKeyword.groovy:88)
	at com.kms.katalon.core.webui.keyword.builtin.VerifyElementPresentKeyword$_verifyElementPresent_closure1.call(VerifyElementPresentKeyword.groovy)
	at com.kms.katalon.core.webui.keyword.internal.WebUIKeywordMain.runKeyword(WebUIKeywordMain.groovy:41)
	at com.kms.katalon.core.webui.keyword.builtin.VerifyElementPresentKeyword.verifyElementPresent(VerifyElementPresentKeyword.groovy:95)
	at com.kms.katalon.core.webui.keyword.builtin.VerifyElementPresentKeyword.execute(VerifyElementPresentKeyword.groovy:68)
	at com.kms.katalon.core.keyword.internal.KeywordExecutor.executeKeywordForPlatform(KeywordExecutor.groovy:103)
	at com.kms.katalon.core.webui.keyword.WebUiBuiltInKeywords.verifyElementPresent(WebUiBuiltInKeywords.groovy:1550)
	at Script178060030611.run(Script178060030611.groovy:34)
	at com.kms.katalon.core.main.ScriptEngine.run(ScriptEngine.java:203)
	at com.kms.katalon.core.main.ScriptEngine.runScriptAsRawText(ScriptEngine.java:115)
	at com.kms.katalon.core.main.TestCaseExecutor.runScript(TestCaseExecutor.java:506)
	at com.kms.katalon.core.main.TestCaseExecutor.doExecute(TestCaseExecutor.java:497)
	at com.kms.katalon.core.main.TestCaseExecutor.processExecutionPhase(TestCaseExecutor.java:476)
	at com.kms.katalon.core.main.TestCaseExecutor.accessMainPhase(TestCaseExecutor.java:468)
	at com.kms.katalon.core.main.TestCaseExecutor.execute(TestCaseExecutor.java:334)
	at com.kms.katalon.core.common.CommonExecutor.accessTestCaseMainPhase(CommonExecutor.java:71)
	at com.kms.katalon.core.main.TestSuiteExecutor.accessTestSuiteMainPhase(TestSuiteExecutor.java:153)
	at com.kms.katalon.core.main.TestSuiteExecutor.execute(TestSuiteExecutor.java:110)
	at com.kms.katalon.core.main.TestCaseMain.startTestSuite(TestCaseMain.java:206)
	at S0607_0.run(S0607_0.groovy:40)
	at java.base/jdk.internal.reflect.DirectMethodHandleAccessor.invoke(DirectMethodHandleAccessor.java:103)
Caused by: com.kms.katalon.core.exception.StepFailedException: com.kms.katalon.core.webui.exception.WebElementNotFoundException: Web element with id: '#cap' located by 'By.cssSelector: #cap' not found
	... 22 more

2026-06-07 18:41:48.083 INFO  c.k.katalon.core.main.TestCaseExecutor   - END Test Cases/Profilo/TC_3.6_11
2026-06-07 18:41:48.099 INFO  c.k.katalon.core.main.TestCaseExecutor   - --------------------
2026-06-07 18:41:48.099 INFO  c.k.katalon.core.main.TestCaseExecutor   - START Test Cases/Profilo/TC_3.6_12
2026-06-07 18:41:48.209 INFO  com.kms.katalon.core.util.KeywordUtil    - Seed ripristinato prima di: Test Cases/Profilo/TC_3.6_12
2026-06-07 18:41:48.464 DEBUG testcase.TC_3.6_12                       - 1: openBrowser("")
2026-06-07 18:41:48.464 INFO  c.k.k.core.webui.driver.DriverFactory    - Starting 'Chrome' driver
2026-06-07 18:41:48.464 INFO  c.k.k.core.webui.driver.DriverFactory    - Action delay is set to 0 milliseconds
2026-06-07 18:41:49.293 INFO  c.k.k.core.webui.driver.DriverFactory    - sessionId = b92fc294e677686a42a60aec33bbbb84
2026-06-07 18:41:49.294 INFO  c.k.k.core.webui.driver.DriverFactory    - browser = Chrome 148.0.7778.179
2026-06-07 18:41:49.294 INFO  c.k.k.core.webui.driver.DriverFactory    - platform = Windows 11
2026-06-07 18:41:49.295 INFO  c.k.k.core.webui.driver.DriverFactory    - seleniumVersion = 4.39.0
2026-06-07 18:41:49.295 INFO  c.k.k.core.webui.driver.DriverFactory    - proxyInformation = ProxyInformation { proxyOption=NO_PROXY, proxyServerType=HTTP, username=, password=********, proxyServerAddress=, proxyServerPort=0, executionList="", isApplyToDesiredCapabilities=true }
2026-06-07 18:41:49.317 DEBUG testcase.TC_3.6_12                       - 2: navigateToUrl(base + "loginForm.jsp")
2026-06-07 18:41:49.781 DEBUG testcase.TC_3.6_12                       - 3: setText(css("#email"), "t.mansi@studenti.unisa.it")
2026-06-07 18:41:49.783 DEBUG testcase.TC_3.6_12                       - 1: t = new com.kms.katalon.core.testobject.TestObject(sel)
2026-06-07 18:41:49.784 DEBUG testcase.TC_3.6_12                       - 2: t.addProperty("css", EQUALS, sel)
2026-06-07 18:41:49.784 DEBUG testcase.TC_3.6_12                       - 3: return t
2026-06-07 18:41:50.471 DEBUG testcase.TC_3.6_12                       - 4: setText(css("#password"), "321CBA.")
2026-06-07 18:41:50.472 DEBUG testcase.TC_3.6_12                       - 1: t = new com.kms.katalon.core.testobject.TestObject(sel)
2026-06-07 18:41:50.473 DEBUG testcase.TC_3.6_12                       - 2: t.addProperty("css", EQUALS, sel)
2026-06-07 18:41:50.474 DEBUG testcase.TC_3.6_12                       - 3: return t
2026-06-07 18:41:51.114 DEBUG testcase.TC_3.6_12                       - 5: click(css("#submit"))
2026-06-07 18:41:51.114 DEBUG testcase.TC_3.6_12                       - 1: t = new com.kms.katalon.core.testobject.TestObject(sel)
2026-06-07 18:41:51.114 DEBUG testcase.TC_3.6_12                       - 2: t.addProperty("css", EQUALS, sel)
2026-06-07 18:41:51.114 DEBUG testcase.TC_3.6_12                       - 3: return t
2026-06-07 18:41:51.416 DEBUG testcase.TC_3.6_12                       - 6: delay(2)
2026-06-07 18:41:53.430 DEBUG testcase.TC_3.6_12                       - 7: navigateToUrl(base + "AddressForm.jsp")
2026-06-07 18:41:53.530 DEBUG testcase.TC_3.6_12                       - 8: delay(1)
2026-06-07 18:41:54.540 DEBUG testcase.TC_3.6_12                       - 9: setText(css("#citta"), "Salerno")
2026-06-07 18:41:54.542 DEBUG testcase.TC_3.6_12                       - 1: t = new com.kms.katalon.core.testobject.TestObject(sel)
2026-06-07 18:41:54.542 DEBUG testcase.TC_3.6_12                       - 2: t.addProperty("css", EQUALS, sel)
2026-06-07 18:41:54.542 DEBUG testcase.TC_3.6_12                       - 3: return t
2026-06-07 18:41:55.375 DEBUG testcase.TC_3.6_12                       - 10: setText(css("#provincia"), "SA")
2026-06-07 18:41:55.375 DEBUG testcase.TC_3.6_12                       - 1: t = new com.kms.katalon.core.testobject.TestObject(sel)
2026-06-07 18:41:55.375 DEBUG testcase.TC_3.6_12                       - 2: t.addProperty("css", EQUALS, sel)
2026-06-07 18:41:55.375 DEBUG testcase.TC_3.6_12                       - 3: return t
2026-06-07 18:41:56.277 DEBUG testcase.TC_3.6_12                       - 11: setText(css("#cap"), "841000")
2026-06-07 18:41:56.278 DEBUG testcase.TC_3.6_12                       - 1: t = new com.kms.katalon.core.testobject.TestObject(sel)
2026-06-07 18:41:56.279 DEBUG testcase.TC_3.6_12                       - 2: t.addProperty("css", EQUALS, sel)
2026-06-07 18:41:56.280 DEBUG testcase.TC_3.6_12                       - 3: return t
2026-06-07 18:41:57.114 DEBUG testcase.TC_3.6_12                       - 12: setText(css("#via"), "Via Roma")
2026-06-07 18:41:57.114 DEBUG testcase.TC_3.6_12                       - 1: t = new com.kms.katalon.core.testobject.TestObject(sel)
2026-06-07 18:41:57.114 DEBUG testcase.TC_3.6_12                       - 2: t.addProperty("css", EQUALS, sel)
2026-06-07 18:41:57.114 DEBUG testcase.TC_3.6_12                       - 3: return t
2026-06-07 18:41:57.954 DEBUG testcase.TC_3.6_12                       - 13: setText(css("#numero_civico"), "12")
2026-06-07 18:41:57.954 DEBUG testcase.TC_3.6_12                       - 1: t = new com.kms.katalon.core.testobject.TestObject(sel)
2026-06-07 18:41:57.954 DEBUG testcase.TC_3.6_12                       - 2: t.addProperty("css", EQUALS, sel)
2026-06-07 18:41:57.963 DEBUG testcase.TC_3.6_12                       - 3: return t
2026-06-07 18:41:58.735 DEBUG testcase.TC_3.6_12                       - 14: setText(css("#stato"), "Italia")
2026-06-07 18:41:58.735 DEBUG testcase.TC_3.6_12                       - 1: t = new com.kms.katalon.core.testobject.TestObject(sel)
2026-06-07 18:41:58.735 DEBUG testcase.TC_3.6_12                       - 2: t.addProperty("css", EQUALS, sel)
2026-06-07 18:41:58.752 DEBUG testcase.TC_3.6_12                       - 3: return t
2026-06-07 18:41:59.572 DEBUG testcase.TC_3.6_12                       - 15: click(css(".submit-button"))
2026-06-07 18:41:59.573 DEBUG testcase.TC_3.6_12                       - 1: t = new com.kms.katalon.core.testobject.TestObject(sel)
2026-06-07 18:41:59.573 DEBUG testcase.TC_3.6_12                       - 2: t.addProperty("css", EQUALS, sel)
2026-06-07 18:41:59.574 DEBUG testcase.TC_3.6_12                       - 3: return t
2026-06-07 18:42:00.014 DEBUG testcase.TC_3.6_12                       - 16: delay(2)
2026-06-07 18:42:02.028 DEBUG testcase.TC_3.6_12                       - 17: takeScreenshot()
2026-06-07 18:42:02.459 DEBUG testcase.TC_3.6_12                       - 18: verifyElementPresent(css("#citta"), 5, CONTINUE_ON_FAILURE)
2026-06-07 18:42:02.460 DEBUG testcase.TC_3.6_12                       - 1: t = new com.kms.katalon.core.testobject.TestObject(sel)
2026-06-07 18:42:02.461 DEBUG testcase.TC_3.6_12                       - 2: t.addProperty("css", EQUALS, sel)
2026-06-07 18:42:02.461 DEBUG testcase.TC_3.6_12                       - 3: return t
2026-06-07 18:42:07.748 ERROR c.k.k.core.keyword.internal.KeywordMain  - ❌ com.kms.katalon.core.webui.exception.WebElementNotFoundException: Web element with id: '#citta' located by 'By.cssSelector: #citta' not found (Root cause: com.kms.katalon.core.exception.StepFailedException: com.kms.katalon.core.webui.exception.WebElementNotFoundException: Web element with id: '#citta' located by 'By.cssSelector: #citta' not found
	at com.kms.katalon.core.webui.keyword.internal.WebUIKeywordMain.stepFailed(WebUIKeywordMain.groovy:177)
	at com.kms.katalon.core.webui.keyword.builtin.VerifyElementPresentKeyword$_verifyElementPresent_closure1.doCall(VerifyElementPresentKeyword.groovy:88)
	at com.kms.katalon.core.webui.keyword.builtin.VerifyElementPresentKeyword$_verifyElementPresent_closure1.call(VerifyElementPresentKeyword.groovy)
	at com.kms.katalon.core.webui.keyword.internal.WebUIKeywordMain.runKeyword(WebUIKeywordMain.groovy:41)
	at com.kms.katalon.core.webui.keyword.builtin.VerifyElementPresentKeyword.verifyElementPresent(VerifyElementPresentKeyword.groovy:95)
	at com.kms.katalon.core.webui.keyword.builtin.VerifyElementPresentKeyword.execute(VerifyElementPresentKeyword.groovy:68)
	at com.kms.katalon.core.keyword.internal.KeywordExecutor.executeKeywordForPlatform(KeywordExecutor.groovy:103)
	at com.kms.katalon.core.webui.keyword.WebUiBuiltInKeywords.verifyElementPresent(WebUiBuiltInKeywords.groovy:1550)
	at Script178060030612.run(Script178060030612.groovy:33)
	at com.kms.katalon.core.main.ScriptEngine.run(ScriptEngine.java:203)
	at com.kms.katalon.core.main.ScriptEngine.runScriptAsRawText(ScriptEngine.java:115)
	at com.kms.katalon.core.main.TestCaseExecutor.runScript(TestCaseExecutor.java:506)
	at com.kms.katalon.core.main.TestCaseExecutor.doExecute(TestCaseExecutor.java:497)
	at com.kms.katalon.core.main.TestCaseExecutor.processExecutionPhase(TestCaseExecutor.java:476)
	at com.kms.katalon.core.main.TestCaseExecutor.accessMainPhase(TestCaseExecutor.java:468)
	at com.kms.katalon.core.main.TestCaseExecutor.execute(TestCaseExecutor.java:334)
	at com.kms.katalon.core.common.CommonExecutor.accessTestCaseMainPhase(CommonExecutor.java:71)
	at com.kms.katalon.core.main.TestSuiteExecutor.accessTestSuiteMainPhase(TestSuiteExecutor.java:153)
	at com.kms.katalon.core.main.TestSuiteExecutor.execute(TestSuiteExecutor.java:110)
	at com.kms.katalon.core.main.TestCaseMain.startTestSuite(TestCaseMain.java:206)
	at S0607_0.run(S0607_0.groovy:40)
	at java.base/jdk.internal.reflect.DirectMethodHandleAccessor.invoke(DirectMethodHandleAccessor.java:103)
)
2026-06-07 18:42:07.751 DEBUG testcase.TC_3.6_12                       - 19: closeBrowser()
2026-06-07 18:42:08.172 ERROR c.k.katalon.core.main.TestCaseExecutor   - ❌ Test Cases/Profilo/TC_3.6_12 FAILED.
Reason:
com.kms.katalon.core.exception.StepFailedException: com.kms.katalon.core.webui.exception.WebElementNotFoundException: Web element with id: '#citta' located by 'By.cssSelector: #citta' not found (Root cause: com.kms.katalon.core.exception.StepFailedException: com.kms.katalon.core.webui.exception.WebElementNotFoundException: Web element with id: '#citta' located by 'By.cssSelector: #citta' not found
	at com.kms.katalon.core.webui.keyword.internal.WebUIKeywordMain.stepFailed(WebUIKeywordMain.groovy:177)
	at com.kms.katalon.core.webui.keyword.builtin.VerifyElementPresentKeyword$_verifyElementPresent_closure1.doCall(VerifyElementPresentKeyword.groovy:88)
	at com.kms.katalon.core.webui.keyword.builtin.VerifyElementPresentKeyword$_verifyElementPresent_closure1.call(VerifyElementPresentKeyword.groovy)
	at com.kms.katalon.core.webui.keyword.internal.WebUIKeywordMain.runKeyword(WebUIKeywordMain.groovy:41)
	at com.kms.katalon.core.webui.keyword.builtin.VerifyElementPresentKeyword.verifyElementPresent(VerifyElementPresentKeyword.groovy:95)
	at com.kms.katalon.core.webui.keyword.builtin.VerifyElementPresentKeyword.execute(VerifyElementPresentKeyword.groovy:68)
	at com.kms.katalon.core.keyword.internal.KeywordExecutor.executeKeywordForPlatform(KeywordExecutor.groovy:103)
	at com.kms.katalon.core.webui.keyword.WebUiBuiltInKeywords.verifyElementPresent(WebUiBuiltInKeywords.groovy:1550)
	at Script178060030612.run(Script178060030612.groovy:33)
	at com.kms.katalon.core.main.ScriptEngine.run(ScriptEngine.java:203)
	at com.kms.katalon.core.main.ScriptEngine.runScriptAsRawText(ScriptEngine.java:115)
	at com.kms.katalon.core.main.TestCaseExecutor.runScript(TestCaseExecutor.java:506)
	at com.kms.katalon.core.main.TestCaseExecutor.doExecute(TestCaseExecutor.java:497)
	at com.kms.katalon.core.main.TestCaseExecutor.processExecutionPhase(TestCaseExecutor.java:476)
	at com.kms.katalon.core.main.TestCaseExecutor.accessMainPhase(TestCaseExecutor.java:468)
	at com.kms.katalon.core.main.TestCaseExecutor.execute(TestCaseExecutor.java:334)
	at com.kms.katalon.core.common.CommonExecutor.accessTestCaseMainPhase(CommonExecutor.java:71)
	at com.kms.katalon.core.main.TestSuiteExecutor.accessTestSuiteMainPhase(TestSuiteExecutor.java:153)
	at com.kms.katalon.core.main.TestSuiteExecutor.execute(TestSuiteExecutor.java:110)
	at com.kms.katalon.core.main.TestCaseMain.startTestSuite(TestCaseMain.java:206)
	at S0607_0.run(S0607_0.groovy:40)
	at java.base/jdk.internal.reflect.DirectMethodHandleAccessor.invoke(DirectMethodHandleAccessor.java:103)
)
	at com.kms.katalon.core.keyword.internal.KeywordMain.stepFailed(KeywordMain.groovy:39)
	at com.kms.katalon.core.webui.keyword.internal.WebUIKeywordMain.stepFailed(WebUIKeywordMain.groovy:177)
	at com.kms.katalon.core.webui.keyword.builtin.VerifyElementPresentKeyword$_verifyElementPresent_closure1.doCall(VerifyElementPresentKeyword.groovy:88)
	at com.kms.katalon.core.webui.keyword.builtin.VerifyElementPresentKeyword$_verifyElementPresent_closure1.call(VerifyElementPresentKeyword.groovy)
	at com.kms.katalon.core.webui.keyword.internal.WebUIKeywordMain.runKeyword(WebUIKeywordMain.groovy:41)
	at com.kms.katalon.core.webui.keyword.builtin.VerifyElementPresentKeyword.verifyElementPresent(VerifyElementPresentKeyword.groovy:95)
	at com.kms.katalon.core.webui.keyword.builtin.VerifyElementPresentKeyword.execute(VerifyElementPresentKeyword.groovy:68)
	at com.kms.katalon.core.keyword.internal.KeywordExecutor.executeKeywordForPlatform(KeywordExecutor.groovy:103)
	at com.kms.katalon.core.webui.keyword.WebUiBuiltInKeywords.verifyElementPresent(WebUiBuiltInKeywords.groovy:1550)
	at Script178060030612.run(Script178060030612.groovy:33)
	at com.kms.katalon.core.main.ScriptEngine.run(ScriptEngine.java:203)
	at com.kms.katalon.core.main.ScriptEngine.runScriptAsRawText(ScriptEngine.java:115)
	at com.kms.katalon.core.main.TestCaseExecutor.runScript(TestCaseExecutor.java:506)
	at com.kms.katalon.core.main.TestCaseExecutor.doExecute(TestCaseExecutor.java:497)
	at com.kms.katalon.core.main.TestCaseExecutor.processExecutionPhase(TestCaseExecutor.java:476)
	at com.kms.katalon.core.main.TestCaseExecutor.accessMainPhase(TestCaseExecutor.java:468)
	at com.kms.katalon.core.main.TestCaseExecutor.execute(TestCaseExecutor.java:334)
	at com.kms.katalon.core.common.CommonExecutor.accessTestCaseMainPhase(CommonExecutor.java:71)
	at com.kms.katalon.core.main.TestSuiteExecutor.accessTestSuiteMainPhase(TestSuiteExecutor.java:153)
	at com.kms.katalon.core.main.TestSuiteExecutor.execute(TestSuiteExecutor.java:110)
	at com.kms.katalon.core.main.TestCaseMain.startTestSuite(TestCaseMain.java:206)
	at S0607_0.run(S0607_0.groovy:40)
	at java.base/jdk.internal.reflect.DirectMethodHandleAccessor.invoke(DirectMethodHandleAccessor.java:103)
Caused by: com.kms.katalon.core.exception.StepFailedException: com.kms.katalon.core.webui.exception.WebElementNotFoundException: Web element with id: '#citta' located by 'By.cssSelector: #citta' not found
	... 22 more

2026-06-07 18:42:08.184 INFO  c.k.katalon.core.main.TestCaseExecutor   - END Test Cases/Profilo/TC_3.6_12
2026-06-07 18:42:08.184 INFO  c.k.katalon.core.main.TestCaseExecutor   - --------------------
2026-06-07 18:42:08.184 INFO  c.k.katalon.core.main.TestCaseExecutor   - START Test Cases/Profilo/TC_3.6_13
2026-06-07 18:42:08.300 INFO  com.kms.katalon.core.util.KeywordUtil    - Seed ripristinato prima di: Test Cases/Profilo/TC_3.6_13
2026-06-07 18:42:08.549 DEBUG testcase.TC_3.6_13                       - 1: openBrowser("")
2026-06-07 18:42:08.562 INFO  c.k.k.core.webui.driver.DriverFactory    - Starting 'Chrome' driver
2026-06-07 18:42:08.565 INFO  c.k.k.core.webui.driver.DriverFactory    - Action delay is set to 0 milliseconds
2026-06-07 18:42:09.374 INFO  c.k.k.core.webui.driver.DriverFactory    - sessionId = 52c400c9dfbfe582209b2a848b78a8cb
2026-06-07 18:42:09.374 INFO  c.k.k.core.webui.driver.DriverFactory    - browser = Chrome 148.0.7778.179
2026-06-07 18:42:09.374 INFO  c.k.k.core.webui.driver.DriverFactory    - platform = Windows 11
2026-06-07 18:42:09.375 INFO  c.k.k.core.webui.driver.DriverFactory    - seleniumVersion = 4.39.0
2026-06-07 18:42:09.375 INFO  c.k.k.core.webui.driver.DriverFactory    - proxyInformation = ProxyInformation { proxyOption=NO_PROXY, proxyServerType=HTTP, username=, password=********, proxyServerAddress=, proxyServerPort=0, executionList="", isApplyToDesiredCapabilities=true }
2026-06-07 18:42:09.399 DEBUG testcase.TC_3.6_13                       - 2: navigateToUrl(base + "loginForm.jsp")
2026-06-07 18:42:09.825 DEBUG testcase.TC_3.6_13                       - 3: setText(css("#email"), "t.mansi@studenti.unisa.it")
2026-06-07 18:42:09.826 DEBUG testcase.TC_3.6_13                       - 1: t = new com.kms.katalon.core.testobject.TestObject(sel)
2026-06-07 18:42:09.827 DEBUG testcase.TC_3.6_13                       - 2: t.addProperty("css", EQUALS, sel)
2026-06-07 18:42:09.829 DEBUG testcase.TC_3.6_13                       - 3: return t
2026-06-07 18:42:10.427 DEBUG testcase.TC_3.6_13                       - 4: setText(css("#password"), "321CBA.")
2026-06-07 18:42:10.429 DEBUG testcase.TC_3.6_13                       - 1: t = new com.kms.katalon.core.testobject.TestObject(sel)
2026-06-07 18:42:10.429 DEBUG testcase.TC_3.6_13                       - 2: t.addProperty("css", EQUALS, sel)
2026-06-07 18:42:10.431 DEBUG testcase.TC_3.6_13                       - 3: return t
2026-06-07 18:42:11.063 DEBUG testcase.TC_3.6_13                       - 5: click(css("#submit"))
2026-06-07 18:42:11.063 DEBUG testcase.TC_3.6_13                       - 1: t = new com.kms.katalon.core.testobject.TestObject(sel)
2026-06-07 18:42:11.063 DEBUG testcase.TC_3.6_13                       - 2: t.addProperty("css", EQUALS, sel)
2026-06-07 18:42:11.063 DEBUG testcase.TC_3.6_13                       - 3: return t
2026-06-07 18:42:11.354 DEBUG testcase.TC_3.6_13                       - 6: delay(2)
2026-06-07 18:42:13.364 DEBUG testcase.TC_3.6_13                       - 7: navigateToUrl(base + "AddressForm.jsp")
2026-06-07 18:42:13.422 DEBUG testcase.TC_3.6_13                       - 8: delay(1)
2026-06-07 18:42:14.428 DEBUG testcase.TC_3.6_13                       - 9: setText(css("#citta"), "Salerno")
2026-06-07 18:42:14.429 DEBUG testcase.TC_3.6_13                       - 1: t = new com.kms.katalon.core.testobject.TestObject(sel)
2026-06-07 18:42:14.433 DEBUG testcase.TC_3.6_13                       - 2: t.addProperty("css", EQUALS, sel)
2026-06-07 18:42:14.436 DEBUG testcase.TC_3.6_13                       - 3: return t
2026-06-07 18:42:15.291 DEBUG testcase.TC_3.6_13                       - 10: setText(css("#provincia"), "SA")
2026-06-07 18:42:15.292 DEBUG testcase.TC_3.6_13                       - 1: t = new com.kms.katalon.core.testobject.TestObject(sel)
2026-06-07 18:42:15.293 DEBUG testcase.TC_3.6_13                       - 2: t.addProperty("css", EQUALS, sel)
2026-06-07 18:42:15.293 DEBUG testcase.TC_3.6_13                       - 3: return t
2026-06-07 18:42:16.097 DEBUG testcase.TC_3.6_13                       - 11: setText(css("#cap"), "84100")
2026-06-07 18:42:16.102 DEBUG testcase.TC_3.6_13                       - 1: t = new com.kms.katalon.core.testobject.TestObject(sel)
2026-06-07 18:42:16.104 DEBUG testcase.TC_3.6_13                       - 2: t.addProperty("css", EQUALS, sel)
2026-06-07 18:42:16.105 DEBUG testcase.TC_3.6_13                       - 3: return t
2026-06-07 18:42:16.938 DEBUG testcase.TC_3.6_13                       - 12: setText(css("#via"), "Via Roma")
2026-06-07 18:42:16.939 DEBUG testcase.TC_3.6_13                       - 1: t = new com.kms.katalon.core.testobject.TestObject(sel)
2026-06-07 18:42:16.941 DEBUG testcase.TC_3.6_13                       - 2: t.addProperty("css", EQUALS, sel)
2026-06-07 18:42:16.942 DEBUG testcase.TC_3.6_13                       - 3: return t
2026-06-07 18:42:17.783 DEBUG testcase.TC_3.6_13                       - 13: setText(css("#numero_civico"), "12345")
2026-06-07 18:42:17.784 DEBUG testcase.TC_3.6_13                       - 1: t = new com.kms.katalon.core.testobject.TestObject(sel)
2026-06-07 18:42:17.784 DEBUG testcase.TC_3.6_13                       - 2: t.addProperty("css", EQUALS, sel)
2026-06-07 18:42:17.784 DEBUG testcase.TC_3.6_13                       - 3: return t
2026-06-07 18:42:18.634 DEBUG testcase.TC_3.6_13                       - 14: setText(css("#stato"), "Italia")
2026-06-07 18:42:18.635 DEBUG testcase.TC_3.6_13                       - 1: t = new com.kms.katalon.core.testobject.TestObject(sel)
2026-06-07 18:42:18.636 DEBUG testcase.TC_3.6_13                       - 2: t.addProperty("css", EQUALS, sel)
2026-06-07 18:42:18.637 DEBUG testcase.TC_3.6_13                       - 3: return t
2026-06-07 18:42:19.382 DEBUG testcase.TC_3.6_13                       - 15: click(css(".submit-button"))
2026-06-07 18:42:19.382 DEBUG testcase.TC_3.6_13                       - 1: t = new com.kms.katalon.core.testobject.TestObject(sel)
2026-06-07 18:42:19.382 DEBUG testcase.TC_3.6_13                       - 2: t.addProperty("css", EQUALS, sel)
2026-06-07 18:42:19.382 DEBUG testcase.TC_3.6_13                       - 3: return t
2026-06-07 18:42:19.923 DEBUG testcase.TC_3.6_13                       - 16: delay(2)
2026-06-07 18:42:21.930 DEBUG testcase.TC_3.6_13                       - 17: takeScreenshot()
2026-06-07 18:42:22.336 DEBUG testcase.TC_3.6_13                       - 18: verifyElementPresent(css("#cap"), 5, CONTINUE_ON_FAILURE)
2026-06-07 18:42:22.338 DEBUG testcase.TC_3.6_13                       - 1: t = new com.kms.katalon.core.testobject.TestObject(sel)
2026-06-07 18:42:22.338 DEBUG testcase.TC_3.6_13                       - 2: t.addProperty("css", EQUALS, sel)
2026-06-07 18:42:22.340 DEBUG testcase.TC_3.6_13                       - 3: return t
2026-06-07 18:42:27.696 ERROR c.k.k.core.keyword.internal.KeywordMain  - ❌ com.kms.katalon.core.webui.exception.WebElementNotFoundException: Web element with id: '#cap' located by 'By.cssSelector: #cap' not found (Root cause: com.kms.katalon.core.exception.StepFailedException: com.kms.katalon.core.webui.exception.WebElementNotFoundException: Web element with id: '#cap' located by 'By.cssSelector: #cap' not found
	at com.kms.katalon.core.webui.keyword.internal.WebUIKeywordMain.stepFailed(WebUIKeywordMain.groovy:177)
	at com.kms.katalon.core.webui.keyword.builtin.VerifyElementPresentKeyword$_verifyElementPresent_closure1.doCall(VerifyElementPresentKeyword.groovy:88)
	at com.kms.katalon.core.webui.keyword.builtin.VerifyElementPresentKeyword$_verifyElementPresent_closure1.call(VerifyElementPresentKeyword.groovy)
	at com.kms.katalon.core.webui.keyword.internal.WebUIKeywordMain.runKeyword(WebUIKeywordMain.groovy:41)
	at com.kms.katalon.core.webui.keyword.builtin.VerifyElementPresentKeyword.verifyElementPresent(VerifyElementPresentKeyword.groovy:95)
	at com.kms.katalon.core.webui.keyword.builtin.VerifyElementPresentKeyword.execute(VerifyElementPresentKeyword.groovy:68)
	at com.kms.katalon.core.keyword.internal.KeywordExecutor.executeKeywordForPlatform(KeywordExecutor.groovy:103)
	at com.kms.katalon.core.webui.keyword.WebUiBuiltInKeywords.verifyElementPresent(WebUiBuiltInKeywords.groovy:1550)
	at Script178060030613.run(Script178060030613.groovy:33)
	at com.kms.katalon.core.main.ScriptEngine.run(ScriptEngine.java:203)
	at com.kms.katalon.core.main.ScriptEngine.runScriptAsRawText(ScriptEngine.java:115)
	at com.kms.katalon.core.main.TestCaseExecutor.runScript(TestCaseExecutor.java:506)
	at com.kms.katalon.core.main.TestCaseExecutor.doExecute(TestCaseExecutor.java:497)
	at com.kms.katalon.core.main.TestCaseExecutor.processExecutionPhase(TestCaseExecutor.java:476)
	at com.kms.katalon.core.main.TestCaseExecutor.accessMainPhase(TestCaseExecutor.java:468)
	at com.kms.katalon.core.main.TestCaseExecutor.execute(TestCaseExecutor.java:334)
	at com.kms.katalon.core.common.CommonExecutor.accessTestCaseMainPhase(CommonExecutor.java:71)
	at com.kms.katalon.core.main.TestSuiteExecutor.accessTestSuiteMainPhase(TestSuiteExecutor.java:153)
	at com.kms.katalon.core.main.TestSuiteExecutor.execute(TestSuiteExecutor.java:110)
	at com.kms.katalon.core.main.TestCaseMain.startTestSuite(TestCaseMain.java:206)
	at S0607_0.run(S0607_0.groovy:40)
	at java.base/jdk.internal.reflect.DirectMethodHandleAccessor.invoke(DirectMethodHandleAccessor.java:103)
)
2026-06-07 18:42:27.697 DEBUG testcase.TC_3.6_13                       - 19: closeBrowser()
2026-06-07 18:42:28.133 ERROR c.k.katalon.core.main.TestCaseExecutor   - ❌ Test Cases/Profilo/TC_3.6_13 FAILED.
Reason:
com.kms.katalon.core.exception.StepFailedException: com.kms.katalon.core.webui.exception.WebElementNotFoundException: Web element with id: '#cap' located by 'By.cssSelector: #cap' not found (Root cause: com.kms.katalon.core.exception.StepFailedException: com.kms.katalon.core.webui.exception.WebElementNotFoundException: Web element with id: '#cap' located by 'By.cssSelector: #cap' not found
	at com.kms.katalon.core.webui.keyword.internal.WebUIKeywordMain.stepFailed(WebUIKeywordMain.groovy:177)
	at com.kms.katalon.core.webui.keyword.builtin.VerifyElementPresentKeyword$_verifyElementPresent_closure1.doCall(VerifyElementPresentKeyword.groovy:88)
	at com.kms.katalon.core.webui.keyword.builtin.VerifyElementPresentKeyword$_verifyElementPresent_closure1.call(VerifyElementPresentKeyword.groovy)
	at com.kms.katalon.core.webui.keyword.internal.WebUIKeywordMain.runKeyword(WebUIKeywordMain.groovy:41)
	at com.kms.katalon.core.webui.keyword.builtin.VerifyElementPresentKeyword.verifyElementPresent(VerifyElementPresentKeyword.groovy:95)
	at com.kms.katalon.core.webui.keyword.builtin.VerifyElementPresentKeyword.execute(VerifyElementPresentKeyword.groovy:68)
	at com.kms.katalon.core.keyword.internal.KeywordExecutor.executeKeywordForPlatform(KeywordExecutor.groovy:103)
	at com.kms.katalon.core.webui.keyword.WebUiBuiltInKeywords.verifyElementPresent(WebUiBuiltInKeywords.groovy:1550)
	at Script178060030613.run(Script178060030613.groovy:33)
	at com.kms.katalon.core.main.ScriptEngine.run(ScriptEngine.java:203)
	at com.kms.katalon.core.main.ScriptEngine.runScriptAsRawText(ScriptEngine.java:115)
	at com.kms.katalon.core.main.TestCaseExecutor.runScript(TestCaseExecutor.java:506)
	at com.kms.katalon.core.main.TestCaseExecutor.doExecute(TestCaseExecutor.java:497)
	at com.kms.katalon.core.main.TestCaseExecutor.processExecutionPhase(TestCaseExecutor.java:476)
	at com.kms.katalon.core.main.TestCaseExecutor.accessMainPhase(TestCaseExecutor.java:468)
	at com.kms.katalon.core.main.TestCaseExecutor.execute(TestCaseExecutor.java:334)
	at com.kms.katalon.core.common.CommonExecutor.accessTestCaseMainPhase(CommonExecutor.java:71)
	at com.kms.katalon.core.main.TestSuiteExecutor.accessTestSuiteMainPhase(TestSuiteExecutor.java:153)
	at com.kms.katalon.core.main.TestSuiteExecutor.execute(TestSuiteExecutor.java:110)
	at com.kms.katalon.core.main.TestCaseMain.startTestSuite(TestCaseMain.java:206)
	at S0607_0.run(S0607_0.groovy:40)
	at java.base/jdk.internal.reflect.DirectMethodHandleAccessor.invoke(DirectMethodHandleAccessor.java:103)
)
	at com.kms.katalon.core.keyword.internal.KeywordMain.stepFailed(KeywordMain.groovy:39)
	at com.kms.katalon.core.webui.keyword.internal.WebUIKeywordMain.stepFailed(WebUIKeywordMain.groovy:177)
	at com.kms.katalon.core.webui.keyword.builtin.VerifyElementPresentKeyword$_verifyElementPresent_closure1.doCall(VerifyElementPresentKeyword.groovy:88)
	at com.kms.katalon.core.webui.keyword.builtin.VerifyElementPresentKeyword$_verifyElementPresent_closure1.call(VerifyElementPresentKeyword.groovy)
	at com.kms.katalon.core.webui.keyword.internal.WebUIKeywordMain.runKeyword(WebUIKeywordMain.groovy:41)
	at com.kms.katalon.core.webui.keyword.builtin.VerifyElementPresentKeyword.verifyElementPresent(VerifyElementPresentKeyword.groovy:95)
	at com.kms.katalon.core.webui.keyword.builtin.VerifyElementPresentKeyword.execute(VerifyElementPresentKeyword.groovy:68)
	at com.kms.katalon.core.keyword.internal.KeywordExecutor.executeKeywordForPlatform(KeywordExecutor.groovy:103)
	at com.kms.katalon.core.webui.keyword.WebUiBuiltInKeywords.verifyElementPresent(WebUiBuiltInKeywords.groovy:1550)
	at Script178060030613.run(Script178060030613.groovy:33)
	at com.kms.katalon.core.main.ScriptEngine.run(ScriptEngine.java:203)
	at com.kms.katalon.core.main.ScriptEngine.runScriptAsRawText(ScriptEngine.java:115)
	at com.kms.katalon.core.main.TestCaseExecutor.runScript(TestCaseExecutor.java:506)
	at com.kms.katalon.core.main.TestCaseExecutor.doExecute(TestCaseExecutor.java:497)
	at com.kms.katalon.core.main.TestCaseExecutor.processExecutionPhase(TestCaseExecutor.java:476)
	at com.kms.katalon.core.main.TestCaseExecutor.accessMainPhase(TestCaseExecutor.java:468)
	at com.kms.katalon.core.main.TestCaseExecutor.execute(TestCaseExecutor.java:334)
	at com.kms.katalon.core.common.CommonExecutor.accessTestCaseMainPhase(CommonExecutor.java:71)
	at com.kms.katalon.core.main.TestSuiteExecutor.accessTestSuiteMainPhase(TestSuiteExecutor.java:153)
	at com.kms.katalon.core.main.TestSuiteExecutor.execute(TestSuiteExecutor.java:110)
	at com.kms.katalon.core.main.TestCaseMain.startTestSuite(TestCaseMain.java:206)
	at S0607_0.run(S0607_0.groovy:40)
	at java.base/jdk.internal.reflect.DirectMethodHandleAccessor.invoke(DirectMethodHandleAccessor.java:103)
Caused by: com.kms.katalon.core.exception.StepFailedException: com.kms.katalon.core.webui.exception.WebElementNotFoundException: Web element with id: '#cap' located by 'By.cssSelector: #cap' not found
	... 22 more

2026-06-07 18:42:28.139 INFO  c.k.katalon.core.main.TestCaseExecutor   - END Test Cases/Profilo/TC_3.6_13
2026-06-07 18:42:28.145 INFO  c.k.katalon.core.main.TestCaseExecutor   - --------------------
2026-06-07 18:42:28.145 INFO  c.k.katalon.core.main.TestCaseExecutor   - START Test Cases/Profilo/TC_3.7_1
2026-06-07 18:42:28.251 INFO  com.kms.katalon.core.util.KeywordUtil    - Seed ripristinato prima di: Test Cases/Profilo/TC_3.7_1
2026-06-07 18:42:28.480 DEBUG testcase.TC_3.7_1                        - 1: openBrowser("")
2026-06-07 18:42:28.483 INFO  c.k.k.core.webui.driver.DriverFactory    - Starting 'Chrome' driver
2026-06-07 18:42:28.486 INFO  c.k.k.core.webui.driver.DriverFactory    - Action delay is set to 0 milliseconds
2026-06-07 18:42:29.188 INFO  c.k.k.core.webui.driver.DriverFactory    - sessionId = dca550144ec00b0beffc932a78eaf2a4
2026-06-07 18:42:29.194 INFO  c.k.k.core.webui.driver.DriverFactory    - browser = Chrome 148.0.7778.179
2026-06-07 18:42:29.194 INFO  c.k.k.core.webui.driver.DriverFactory    - platform = Windows 11
2026-06-07 18:42:29.194 INFO  c.k.k.core.webui.driver.DriverFactory    - seleniumVersion = 4.39.0
2026-06-07 18:42:29.194 INFO  c.k.k.core.webui.driver.DriverFactory    - proxyInformation = ProxyInformation { proxyOption=NO_PROXY, proxyServerType=HTTP, username=, password=********, proxyServerAddress=, proxyServerPort=0, executionList="", isApplyToDesiredCapabilities=true }
2026-06-07 18:42:29.221 DEBUG testcase.TC_3.7_1                        - 2: navigateToUrl(base + "loginForm.jsp")
2026-06-07 18:42:29.711 DEBUG testcase.TC_3.7_1                        - 3: setText(css("#email"), "t.mansi@studenti.unisa.it")
2026-06-07 18:42:29.711 DEBUG testcase.TC_3.7_1                        - 1: t = new com.kms.katalon.core.testobject.TestObject(sel)
2026-06-07 18:42:29.714 DEBUG testcase.TC_3.7_1                        - 2: t.addProperty("css", EQUALS, sel)
2026-06-07 18:42:29.715 DEBUG testcase.TC_3.7_1                        - 3: return t
2026-06-07 18:42:30.291 DEBUG testcase.TC_3.7_1                        - 4: setText(css("#password"), "321CBA.")
2026-06-07 18:42:30.292 DEBUG testcase.TC_3.7_1                        - 1: t = new com.kms.katalon.core.testobject.TestObject(sel)
2026-06-07 18:42:30.293 DEBUG testcase.TC_3.7_1                        - 2: t.addProperty("css", EQUALS, sel)
2026-06-07 18:42:30.294 DEBUG testcase.TC_3.7_1                        - 3: return t
2026-06-07 18:42:30.881 DEBUG testcase.TC_3.7_1                        - 5: click(css("#submit"))
2026-06-07 18:42:30.883 DEBUG testcase.TC_3.7_1                        - 1: t = new com.kms.katalon.core.testobject.TestObject(sel)
2026-06-07 18:42:30.883 DEBUG testcase.TC_3.7_1                        - 2: t.addProperty("css", EQUALS, sel)
2026-06-07 18:42:30.885 DEBUG testcase.TC_3.7_1                        - 3: return t
2026-06-07 18:42:31.208 DEBUG testcase.TC_3.7_1                        - 6: delay(2)
2026-06-07 18:42:33.213 DEBUG testcase.TC_3.7_1                        - 7: navigateToUrl(base + "Utente.jsp")
2026-06-07 18:42:33.314 DEBUG testcase.TC_3.7_1                        - 8: delay(1)
2026-06-07 18:42:34.329 DEBUG testcase.TC_3.7_1                        - 9: takeScreenshot()
2026-06-07 18:42:34.792 DEBUG testcase.TC_3.7_1                        - 10: verifyTextPresent("ORDINI EFFETTUATI", false)
2026-06-07 18:42:35.097 DEBUG testcase.TC_3.7_1                        - 11: closeBrowser()
2026-06-07 18:42:35.457 INFO  c.k.katalon.core.main.TestCaseExecutor   - END Test Cases/Profilo/TC_3.7_1
2026-06-07 18:42:35.469 INFO  c.k.katalon.core.main.TestCaseExecutor   - --------------------
2026-06-07 18:42:35.469 INFO  c.k.katalon.core.main.TestCaseExecutor   - START Test Cases/Profilo/TC_3.7_2
2026-06-07 18:42:35.627 INFO  com.kms.katalon.core.util.KeywordUtil    - Seed ripristinato prima di: Test Cases/Profilo/TC_3.7_2
2026-06-07 18:42:35.827 DEBUG testcase.TC_3.7_2                        - 1: openBrowser("")
2026-06-07 18:42:35.827 INFO  c.k.k.core.webui.driver.DriverFactory    - Starting 'Chrome' driver
2026-06-07 18:42:35.842 INFO  c.k.k.core.webui.driver.DriverFactory    - Action delay is set to 0 milliseconds
2026-06-07 18:42:36.635 INFO  c.k.k.core.webui.driver.DriverFactory    - sessionId = 8f5fe235f7101b34cd26510758b24b67
2026-06-07 18:42:36.636 INFO  c.k.k.core.webui.driver.DriverFactory    - browser = Chrome 148.0.7778.179
2026-06-07 18:42:36.636 INFO  c.k.k.core.webui.driver.DriverFactory    - platform = Windows 11
2026-06-07 18:42:36.636 INFO  c.k.k.core.webui.driver.DriverFactory    - seleniumVersion = 4.39.0
2026-06-07 18:42:36.636 INFO  c.k.k.core.webui.driver.DriverFactory    - proxyInformation = ProxyInformation { proxyOption=NO_PROXY, proxyServerType=HTTP, username=, password=********, proxyServerAddress=, proxyServerPort=0, executionList="", isApplyToDesiredCapabilities=true }
2026-06-07 18:42:36.653 DEBUG testcase.TC_3.7_2                        - 2: navigateToUrl(base + "loginForm.jsp")
2026-06-07 18:42:37.075 DEBUG testcase.TC_3.7_2                        - 3: setText(css("#email"), "g.barba14@studenti.unisa.it")
2026-06-07 18:42:37.077 DEBUG testcase.TC_3.7_2                        - 1: t = new com.kms.katalon.core.testobject.TestObject(sel)
2026-06-07 18:42:37.081 DEBUG testcase.TC_3.7_2                        - 2: t.addProperty("css", EQUALS, sel)
2026-06-07 18:42:37.083 DEBUG testcase.TC_3.7_2                        - 3: return t
2026-06-07 18:42:37.723 DEBUG testcase.TC_3.7_2                        - 4: setText(css("#password"), "ABC123.")
2026-06-07 18:42:37.724 DEBUG testcase.TC_3.7_2                        - 1: t = new com.kms.katalon.core.testobject.TestObject(sel)
2026-06-07 18:42:37.725 DEBUG testcase.TC_3.7_2                        - 2: t.addProperty("css", EQUALS, sel)
2026-06-07 18:42:37.727 DEBUG testcase.TC_3.7_2                        - 3: return t
2026-06-07 18:42:38.378 DEBUG testcase.TC_3.7_2                        - 5: click(css("#submit"))
2026-06-07 18:42:38.378 DEBUG testcase.TC_3.7_2                        - 1: t = new com.kms.katalon.core.testobject.TestObject(sel)
2026-06-07 18:42:38.378 DEBUG testcase.TC_3.7_2                        - 2: t.addProperty("css", EQUALS, sel)
2026-06-07 18:42:38.378 DEBUG testcase.TC_3.7_2                        - 3: return t
2026-06-07 18:42:38.660 DEBUG testcase.TC_3.7_2                        - 6: delay(2)
2026-06-07 18:42:40.672 DEBUG testcase.TC_3.7_2                        - 7: navigateToUrl(base + "Utente.jsp")
2026-06-07 18:42:40.802 DEBUG testcase.TC_3.7_2                        - 8: delay(1)
2026-06-07 18:42:41.811 DEBUG testcase.TC_3.7_2                        - 9: takeScreenshot()
2026-06-07 18:42:42.344 DEBUG testcase.TC_3.7_2                        - 10: verifyTextNotPresent("ORDINI EFFETTUATI", false)
2026-06-07 18:42:42.667 DEBUG testcase.TC_3.7_2                        - 11: closeBrowser()
2026-06-07 18:42:43.115 INFO  c.k.katalon.core.main.TestCaseExecutor   - END Test Cases/Profilo/TC_3.7_2
2026-06-07 18:42:43.229 INFO  c.k.katalon.core.main.TestSuiteExecutor  - --------------------
2026-06-07 18:42:43.229 INFO  c.k.katalon.core.main.TestSuiteExecutor  - END Test Suites/Profilo
2026-06-07 18:42:43.229 INFO  c.k.katalon.core.main.TestSuiteExecutor  - ====================
