2026-06-08 22:23:08.806 INFO  c.k.k.c.l.logback.LogbackConfigurator    - Logback default configuration initialized from: C:\Users\gianf\.katalon\packages\KS-11.2.0\configuration\org.eclipse.osgi\151\0\.cp\resources\logback\logback-execution.xml
2026-06-08 22:23:08.810 INFO  c.k.k.c.l.logback.LogbackConfigurator    - Logback custom configuration initialized from: C:\Users\gianf\Documents\Vaporant-IGES\StorageSession\testing\katalon\Vaporant-Baseline\Include\config\log.properties
2026-06-08 22:23:10.129 INFO  c.k.katalon.core.main.TestSuiteExecutor  - START Test Suites/Registrazione
2026-06-08 22:23:10.270 INFO  c.k.katalon.core.main.TestSuiteExecutor  - userFullName = Gianfranco Barba
2026-06-08 22:23:10.271 INFO  c.k.katalon.core.main.TestSuiteExecutor  - projectName = Vaporant-Baseline
2026-06-08 22:23:10.272 INFO  c.k.katalon.core.main.TestSuiteExecutor  - hostName = gianf - Gianfranco
2026-06-08 22:23:10.274 INFO  c.k.katalon.core.main.TestSuiteExecutor  - os = Windows 11 64bit
2026-06-08 22:23:10.275 INFO  c.k.katalon.core.main.TestSuiteExecutor  - hostAddress = 26.38.161.220
2026-06-08 22:23:10.276 INFO  c.k.katalon.core.main.TestSuiteExecutor  - katalonVersion = 11.2.0.0
2026-06-08 22:23:10.484 INFO  c.k.katalon.core.main.TestCaseExecutor   - --------------------
2026-06-08 22:23:10.485 INFO  c.k.katalon.core.main.TestCaseExecutor   - START Test Cases/Registrazione/TC_2.1_1
2026-06-08 22:23:10.909 INFO  com.kms.katalon.core.util.KeywordUtil    - Seed ripristinato prima di: Test Cases/Registrazione/TC_2.1_1
2026-06-08 22:23:11.017 DEBUG testcase.TC_2.1_1                        - 1: openBrowser("")
2026-06-08 22:23:11.364 INFO  c.k.k.core.webui.driver.DriverFactory    - Starting 'Chrome' driver
2026-06-08 22:23:11.410 INFO  c.k.k.core.webui.driver.DriverFactory    - Action delay is set to 0 milliseconds
2026-06-08 22:23:14.015 INFO  c.k.k.core.webui.driver.DriverFactory    - sessionId = 763648b34757a412fefa7d56e0eb5744
2026-06-08 22:23:14.017 INFO  c.k.k.core.webui.driver.DriverFactory    - browser = Chrome 148.0.7778.179
2026-06-08 22:23:14.018 INFO  c.k.k.core.webui.driver.DriverFactory    - platform = Windows 11
2026-06-08 22:23:14.018 INFO  c.k.k.core.webui.driver.DriverFactory    - seleniumVersion = 4.39.0
2026-06-08 22:23:14.025 INFO  c.k.k.core.webui.driver.DriverFactory    - proxyInformation = ProxyInformation { proxyOption=NO_PROXY, proxyServerType=HTTP, username=, password=********, proxyServerAddress=, proxyServerPort=0, executionList="", isApplyToDesiredCapabilities=true }
2026-06-08 22:23:14.086 DEBUG testcase.TC_2.1_1                        - 2: navigateToUrl(base + "SignForm.jsp")
2026-06-08 22:23:14.699 DEBUG testcase.TC_2.1_1                        - 3: executeJavaScript("document.getElementById('nome').value='Mario';" + "document.getElementById('cognome').value='Rossi';" + "document.getElementById('data_nascita').value='2000-05-15';" + "document.getElementById('codice_fiscale').value='RSSMRA00E15F839X';" + "document.getElementById('telefono').value='3331234567';" + "document.getElementById('email').value='mario.rossi@example.com';" + "document.getElementById('password').value='Password1';", null)
2026-06-08 22:23:15.021 DEBUG testcase.TC_2.1_1                        - 4: takeScreenshot()
2026-06-08 22:23:15.769 DEBUG testcase.TC_2.1_1                        - 5: click(css("#submit"))
2026-06-08 22:23:15.771 DEBUG testcase.TC_2.1_1                        - 1: t = new com.kms.katalon.core.testobject.TestObject(sel)
2026-06-08 22:23:15.786 DEBUG testcase.TC_2.1_1                        - 2: t.addProperty("css", EQUALS, sel)
2026-06-08 22:23:15.798 DEBUG testcase.TC_2.1_1                        - 3: return t
2026-06-08 22:23:19.762 DEBUG testcase.TC_2.1_1                        - 6: delay(2)
2026-06-08 22:23:21.814 DEBUG testcase.TC_2.1_1                        - 7: takeScreenshot()
2026-06-08 22:23:22.575 DEBUG testcase.TC_2.1_1                        - 8: verifyTextPresent("Non hai un account", false, CONTINUE_ON_FAILURE)
2026-06-08 22:23:22.912 DEBUG testcase.TC_2.1_1                        - 9: closeBrowser()
2026-06-08 22:23:23.262 INFO  c.k.katalon.core.main.TestCaseExecutor   - END Test Cases/Registrazione/TC_2.1_1
2026-06-08 22:23:23.269 INFO  c.k.katalon.core.main.TestCaseExecutor   - --------------------
2026-06-08 22:23:23.269 INFO  c.k.katalon.core.main.TestCaseExecutor   - START Test Cases/Registrazione/TC_2.1_2
2026-06-08 22:23:23.443 INFO  com.kms.katalon.core.util.KeywordUtil    - Seed ripristinato prima di: Test Cases/Registrazione/TC_2.1_2
2026-06-08 22:23:23.516 DEBUG testcase.TC_2.1_2                        - 1: openBrowser("")
2026-06-08 22:23:23.520 INFO  c.k.k.core.webui.driver.DriverFactory    - Starting 'Chrome' driver
2026-06-08 22:23:23.524 INFO  c.k.k.core.webui.driver.DriverFactory    - Action delay is set to 0 milliseconds
2026-06-08 22:23:24.578 INFO  c.k.k.core.webui.driver.DriverFactory    - sessionId = f9c94b27cabe0c372fdee85a507b923d
2026-06-08 22:23:24.579 INFO  c.k.k.core.webui.driver.DriverFactory    - browser = Chrome 148.0.7778.179
2026-06-08 22:23:24.580 INFO  c.k.k.core.webui.driver.DriverFactory    - platform = Windows 11
2026-06-08 22:23:24.581 INFO  c.k.k.core.webui.driver.DriverFactory    - seleniumVersion = 4.39.0
2026-06-08 22:23:24.582 INFO  c.k.k.core.webui.driver.DriverFactory    - proxyInformation = ProxyInformation { proxyOption=NO_PROXY, proxyServerType=HTTP, username=, password=********, proxyServerAddress=, proxyServerPort=0, executionList="", isApplyToDesiredCapabilities=true }
2026-06-08 22:23:24.609 DEBUG testcase.TC_2.1_2                        - 2: navigateToUrl(base + "SignForm.jsp")
2026-06-08 22:23:25.189 DEBUG testcase.TC_2.1_2                        - 3: delay(1)
2026-06-08 22:23:26.210 DEBUG testcase.TC_2.1_2                        - 4: executeJavaScript("document.getElementById('cognome').value='Rossi';" + "document.getElementById('data_nascita').value='2000-05-15';" + "document.getElementById('codice_fiscale').value='RSSMRA00E15F839X';" + "document.getElementById('telefono').value='3331234567';" + "document.getElementById('email').value='mario.rossi@example.com';" + "document.getElementById('password').value='Password1';", null)
2026-06-08 22:23:26.230 DEBUG testcase.TC_2.1_2                        - 5: valid = executeJavaScript("return document.getElementById('nome').checkValidity()", null)
2026-06-08 22:23:26.243 DEBUG testcase.TC_2.1_2                        - 6: verifyEqual(valid, false)
2026-06-08 22:23:26.270 DEBUG testcase.TC_2.1_2                        - 7: click(css("#submit"))
2026-06-08 22:23:26.272 DEBUG testcase.TC_2.1_2                        - 1: t = new com.kms.katalon.core.testobject.TestObject(sel)
2026-06-08 22:23:26.275 DEBUG testcase.TC_2.1_2                        - 2: t.addProperty("css", EQUALS, sel)
2026-06-08 22:23:26.278 DEBUG testcase.TC_2.1_2                        - 3: return t
2026-06-08 22:23:26.695 DEBUG testcase.TC_2.1_2                        - 8: delay(1)
2026-06-08 22:23:27.705 DEBUG testcase.TC_2.1_2                        - 9: takeScreenshot()
2026-06-08 22:23:28.472 DEBUG testcase.TC_2.1_2                        - 10: verifyTextNotPresent("Non hai un account", false)
2026-06-08 22:23:28.782 DEBUG testcase.TC_2.1_2                        - 11: closeBrowser()
2026-06-08 22:23:29.177 INFO  c.k.katalon.core.main.TestCaseExecutor   - END Test Cases/Registrazione/TC_2.1_2
2026-06-08 22:23:29.181 INFO  c.k.katalon.core.main.TestCaseExecutor   - --------------------
2026-06-08 22:23:29.181 INFO  c.k.katalon.core.main.TestCaseExecutor   - START Test Cases/Registrazione/TC_2.1_3
2026-06-08 22:23:29.465 INFO  com.kms.katalon.core.util.KeywordUtil    - Seed ripristinato prima di: Test Cases/Registrazione/TC_2.1_3
2026-06-08 22:23:29.543 DEBUG testcase.TC_2.1_3                        - 1: openBrowser("")
2026-06-08 22:23:29.545 INFO  c.k.k.core.webui.driver.DriverFactory    - Starting 'Chrome' driver
2026-06-08 22:23:29.547 INFO  c.k.k.core.webui.driver.DriverFactory    - Action delay is set to 0 milliseconds
2026-06-08 22:23:30.571 INFO  c.k.k.core.webui.driver.DriverFactory    - sessionId = 860736785b7fdc786b2e31ddf6254904
2026-06-08 22:23:30.571 INFO  c.k.k.core.webui.driver.DriverFactory    - browser = Chrome 148.0.7778.179
2026-06-08 22:23:30.571 INFO  c.k.k.core.webui.driver.DriverFactory    - platform = Windows 11
2026-06-08 22:23:30.571 INFO  c.k.k.core.webui.driver.DriverFactory    - seleniumVersion = 4.39.0
2026-06-08 22:23:30.571 INFO  c.k.k.core.webui.driver.DriverFactory    - proxyInformation = ProxyInformation { proxyOption=NO_PROXY, proxyServerType=HTTP, username=, password=********, proxyServerAddress=, proxyServerPort=0, executionList="", isApplyToDesiredCapabilities=true }
2026-06-08 22:23:30.597 DEBUG testcase.TC_2.1_3                        - 2: navigateToUrl(base + "SignForm.jsp")
2026-06-08 22:23:30.985 DEBUG testcase.TC_2.1_3                        - 3: delay(1)
2026-06-08 22:23:32.004 DEBUG testcase.TC_2.1_3                        - 4: executeJavaScript("document.getElementById('nome').value='Mario';" + "document.getElementById('data_nascita').value='2000-05-15';" + "document.getElementById('codice_fiscale').value='RSSMRA00E15F839X';" + "document.getElementById('telefono').value='3331234567';" + "document.getElementById('email').value='mario.rossi@example.com';" + "document.getElementById('password').value='Password1';", null)
2026-06-08 22:23:32.024 DEBUG testcase.TC_2.1_3                        - 5: valid = executeJavaScript("return document.getElementById('cognome').checkValidity()", null)
2026-06-08 22:23:32.037 DEBUG testcase.TC_2.1_3                        - 6: verifyEqual(valid, false)
2026-06-08 22:23:32.042 DEBUG testcase.TC_2.1_3                        - 7: click(css("#submit"))
2026-06-08 22:23:32.044 DEBUG testcase.TC_2.1_3                        - 1: t = new com.kms.katalon.core.testobject.TestObject(sel)
2026-06-08 22:23:32.047 DEBUG testcase.TC_2.1_3                        - 2: t.addProperty("css", EQUALS, sel)
2026-06-08 22:23:32.049 DEBUG testcase.TC_2.1_3                        - 3: return t
2026-06-08 22:23:32.427 DEBUG testcase.TC_2.1_3                        - 8: delay(1)
2026-06-08 22:23:33.439 DEBUG testcase.TC_2.1_3                        - 9: takeScreenshot()
2026-06-08 22:23:34.233 DEBUG testcase.TC_2.1_3                        - 10: verifyTextNotPresent("Non hai un account", false)
2026-06-08 22:23:34.500 DEBUG testcase.TC_2.1_3                        - 11: closeBrowser()
2026-06-08 22:23:35.275 INFO  c.k.katalon.core.main.TestCaseExecutor   - END Test Cases/Registrazione/TC_2.1_3
2026-06-08 22:23:35.279 INFO  c.k.katalon.core.main.TestCaseExecutor   - --------------------
2026-06-08 22:23:35.279 INFO  c.k.katalon.core.main.TestCaseExecutor   - START Test Cases/Registrazione/TC_2.1_4
2026-06-08 22:23:35.407 INFO  com.kms.katalon.core.util.KeywordUtil    - Seed ripristinato prima di: Test Cases/Registrazione/TC_2.1_4
2026-06-08 22:23:35.483 DEBUG testcase.TC_2.1_4                        - 1: openBrowser("")
2026-06-08 22:23:35.485 INFO  c.k.k.core.webui.driver.DriverFactory    - Starting 'Chrome' driver
2026-06-08 22:23:35.488 INFO  c.k.k.core.webui.driver.DriverFactory    - Action delay is set to 0 milliseconds
2026-06-08 22:23:36.505 INFO  c.k.k.core.webui.driver.DriverFactory    - sessionId = e2e94cf81d0b6a3e2b0f89fedca6867f
2026-06-08 22:23:36.506 INFO  c.k.k.core.webui.driver.DriverFactory    - browser = Chrome 148.0.7778.179
2026-06-08 22:23:36.506 INFO  c.k.k.core.webui.driver.DriverFactory    - platform = Windows 11
2026-06-08 22:23:36.506 INFO  c.k.k.core.webui.driver.DriverFactory    - seleniumVersion = 4.39.0
2026-06-08 22:23:36.508 INFO  c.k.k.core.webui.driver.DriverFactory    - proxyInformation = ProxyInformation { proxyOption=NO_PROXY, proxyServerType=HTTP, username=, password=********, proxyServerAddress=, proxyServerPort=0, executionList="", isApplyToDesiredCapabilities=true }
2026-06-08 22:23:36.531 DEBUG testcase.TC_2.1_4                        - 2: navigateToUrl(base + "SignForm.jsp")
2026-06-08 22:23:36.903 DEBUG testcase.TC_2.1_4                        - 3: delay(1)
2026-06-08 22:23:37.912 DEBUG testcase.TC_2.1_4                        - 4: executeJavaScript("document.getElementById('nome').value='Mario';" + "document.getElementById('cognome').value='Rossi';" + "document.getElementById('codice_fiscale').value='RSSMRA00E15F839X';" + "document.getElementById('telefono').value='3331234567';" + "document.getElementById('email').value='mario.rossi@example.com';" + "document.getElementById('password').value='Password1';", null)
2026-06-08 22:23:37.938 DEBUG testcase.TC_2.1_4                        - 5: valid = executeJavaScript("return document.getElementById('data_nascita').checkValidity()", null)
2026-06-08 22:23:37.953 DEBUG testcase.TC_2.1_4                        - 6: verifyEqual(valid, false)
2026-06-08 22:23:37.956 DEBUG testcase.TC_2.1_4                        - 7: click(css("#submit"))
2026-06-08 22:23:37.959 DEBUG testcase.TC_2.1_4                        - 1: t = new com.kms.katalon.core.testobject.TestObject(sel)
2026-06-08 22:23:37.960 DEBUG testcase.TC_2.1_4                        - 2: t.addProperty("css", EQUALS, sel)
2026-06-08 22:23:37.962 DEBUG testcase.TC_2.1_4                        - 3: return t
2026-06-08 22:23:38.363 DEBUG testcase.TC_2.1_4                        - 8: delay(1)
2026-06-08 22:23:39.383 DEBUG testcase.TC_2.1_4                        - 9: takeScreenshot()
2026-06-08 22:23:40.186 DEBUG testcase.TC_2.1_4                        - 10: verifyTextNotPresent("Non hai un account", false)
2026-06-08 22:23:40.455 DEBUG testcase.TC_2.1_4                        - 11: closeBrowser()
2026-06-08 22:23:40.918 INFO  c.k.katalon.core.main.TestCaseExecutor   - END Test Cases/Registrazione/TC_2.1_4
2026-06-08 22:23:40.921 INFO  c.k.katalon.core.main.TestCaseExecutor   - --------------------
2026-06-08 22:23:40.922 INFO  c.k.katalon.core.main.TestCaseExecutor   - START Test Cases/Registrazione/TC_2.1_5
2026-06-08 22:23:41.041 INFO  com.kms.katalon.core.util.KeywordUtil    - Seed ripristinato prima di: Test Cases/Registrazione/TC_2.1_5
2026-06-08 22:23:41.099 DEBUG testcase.TC_2.1_5                        - 1: openBrowser("")
2026-06-08 22:23:41.101 INFO  c.k.k.core.webui.driver.DriverFactory    - Starting 'Chrome' driver
2026-06-08 22:23:41.104 INFO  c.k.k.core.webui.driver.DriverFactory    - Action delay is set to 0 milliseconds
2026-06-08 22:23:42.053 INFO  c.k.k.core.webui.driver.DriverFactory    - sessionId = 9649b45eca76ab83bc4c64641265180c
2026-06-08 22:23:42.054 INFO  c.k.k.core.webui.driver.DriverFactory    - browser = Chrome 148.0.7778.179
2026-06-08 22:23:42.054 INFO  c.k.k.core.webui.driver.DriverFactory    - platform = Windows 11
2026-06-08 22:23:42.055 INFO  c.k.k.core.webui.driver.DriverFactory    - seleniumVersion = 4.39.0
2026-06-08 22:23:42.055 INFO  c.k.k.core.webui.driver.DriverFactory    - proxyInformation = ProxyInformation { proxyOption=NO_PROXY, proxyServerType=HTTP, username=, password=********, proxyServerAddress=, proxyServerPort=0, executionList="", isApplyToDesiredCapabilities=true }
2026-06-08 22:23:42.076 DEBUG testcase.TC_2.1_5                        - 2: navigateToUrl(base + "SignForm.jsp")
2026-06-08 22:23:42.451 DEBUG testcase.TC_2.1_5                        - 3: delay(1)
2026-06-08 22:23:43.467 DEBUG testcase.TC_2.1_5                        - 4: executeJavaScript("document.getElementById('nome').value='Mario';" + "document.getElementById('cognome').value='Rossi';" + "document.getElementById('data_nascita').value='2000-05-15';" + "document.getElementById('telefono').value='3331234567';" + "document.getElementById('email').value='mario.rossi@example.com';" + "document.getElementById('password').value='Password1';", null)
2026-06-08 22:23:43.487 DEBUG testcase.TC_2.1_5                        - 5: valid = executeJavaScript("return document.getElementById('codice_fiscale').checkValidity()", null)
2026-06-08 22:23:43.501 DEBUG testcase.TC_2.1_5                        - 6: verifyEqual(valid, false)
2026-06-08 22:23:43.505 DEBUG testcase.TC_2.1_5                        - 7: click(css("#submit"))
2026-06-08 22:23:43.507 DEBUG testcase.TC_2.1_5                        - 1: t = new com.kms.katalon.core.testobject.TestObject(sel)
2026-06-08 22:23:43.509 DEBUG testcase.TC_2.1_5                        - 2: t.addProperty("css", EQUALS, sel)
2026-06-08 22:23:43.512 DEBUG testcase.TC_2.1_5                        - 3: return t
2026-06-08 22:23:43.944 DEBUG testcase.TC_2.1_5                        - 8: delay(1)
2026-06-08 22:23:44.959 DEBUG testcase.TC_2.1_5                        - 9: takeScreenshot()
2026-06-08 22:23:45.741 DEBUG testcase.TC_2.1_5                        - 10: verifyTextNotPresent("Non hai un account", false)
2026-06-08 22:23:46.008 DEBUG testcase.TC_2.1_5                        - 11: closeBrowser()
2026-06-08 22:23:51.973 INFO  c.k.katalon.core.main.TestCaseExecutor   - END Test Cases/Registrazione/TC_2.1_5
2026-06-08 22:23:51.977 INFO  c.k.katalon.core.main.TestCaseExecutor   - --------------------
2026-06-08 22:23:51.978 INFO  c.k.katalon.core.main.TestCaseExecutor   - START Test Cases/Registrazione/TC_2.1_6
2026-06-08 22:23:52.091 INFO  com.kms.katalon.core.util.KeywordUtil    - Seed ripristinato prima di: Test Cases/Registrazione/TC_2.1_6
2026-06-08 22:23:52.150 DEBUG testcase.TC_2.1_6                        - 1: openBrowser("")
2026-06-08 22:23:52.152 INFO  c.k.k.core.webui.driver.DriverFactory    - Starting 'Chrome' driver
2026-06-08 22:23:52.153 INFO  c.k.k.core.webui.driver.DriverFactory    - Action delay is set to 0 milliseconds
2026-06-08 22:23:53.302 INFO  c.k.k.core.webui.driver.DriverFactory    - sessionId = fe7d8a7e7f64978b7c8c05e6bc61b436
2026-06-08 22:23:53.302 INFO  c.k.k.core.webui.driver.DriverFactory    - browser = Chrome 148.0.7778.179
2026-06-08 22:23:53.302 INFO  c.k.k.core.webui.driver.DriverFactory    - platform = Windows 11
2026-06-08 22:23:53.303 INFO  c.k.k.core.webui.driver.DriverFactory    - seleniumVersion = 4.39.0
2026-06-08 22:23:53.303 INFO  c.k.k.core.webui.driver.DriverFactory    - proxyInformation = ProxyInformation { proxyOption=NO_PROXY, proxyServerType=HTTP, username=, password=********, proxyServerAddress=, proxyServerPort=0, executionList="", isApplyToDesiredCapabilities=true }
2026-06-08 22:23:53.322 DEBUG testcase.TC_2.1_6                        - 2: navigateToUrl(base + "SignForm.jsp")
2026-06-08 22:23:53.683 DEBUG testcase.TC_2.1_6                        - 3: delay(1)
2026-06-08 22:23:54.696 DEBUG testcase.TC_2.1_6                        - 4: executeJavaScript("document.getElementById('nome').value='Mario';" + "document.getElementById('cognome').value='Rossi';" + "document.getElementById('data_nascita').value='2000-05-15';" + "document.getElementById('codice_fiscale').value='RSSMRA00E15F839X';" + "document.getElementById('email').value='mario.rossi@example.com';" + "document.getElementById('password').value='Password1';", null)
2026-06-08 22:23:54.714 DEBUG testcase.TC_2.1_6                        - 5: valid = executeJavaScript("return document.getElementById('telefono').checkValidity()", null)
2026-06-08 22:23:54.724 DEBUG testcase.TC_2.1_6                        - 6: verifyEqual(valid, false)
2026-06-08 22:23:54.727 DEBUG testcase.TC_2.1_6                        - 7: click(css("#submit"))
2026-06-08 22:23:54.729 DEBUG testcase.TC_2.1_6                        - 1: t = new com.kms.katalon.core.testobject.TestObject(sel)
2026-06-08 22:23:54.730 DEBUG testcase.TC_2.1_6                        - 2: t.addProperty("css", EQUALS, sel)
2026-06-08 22:23:54.732 DEBUG testcase.TC_2.1_6                        - 3: return t
2026-06-08 22:23:55.098 DEBUG testcase.TC_2.1_6                        - 8: delay(1)
2026-06-08 22:23:56.108 DEBUG testcase.TC_2.1_6                        - 9: takeScreenshot()
2026-06-08 22:23:56.868 DEBUG testcase.TC_2.1_6                        - 10: verifyTextNotPresent("Non hai un account", false)
2026-06-08 22:23:57.126 DEBUG testcase.TC_2.1_6                        - 11: closeBrowser()
2026-06-08 22:23:57.497 INFO  c.k.katalon.core.main.TestCaseExecutor   - END Test Cases/Registrazione/TC_2.1_6
2026-06-08 22:23:57.501 INFO  c.k.katalon.core.main.TestCaseExecutor   - --------------------
2026-06-08 22:23:57.501 INFO  c.k.katalon.core.main.TestCaseExecutor   - START Test Cases/Registrazione/TC_2.1_7
2026-06-08 22:23:57.722 INFO  com.kms.katalon.core.util.KeywordUtil    - Seed ripristinato prima di: Test Cases/Registrazione/TC_2.1_7
2026-06-08 22:23:57.783 DEBUG testcase.TC_2.1_7                        - 1: openBrowser("")
2026-06-08 22:23:57.785 INFO  c.k.k.core.webui.driver.DriverFactory    - Starting 'Chrome' driver
2026-06-08 22:23:57.786 INFO  c.k.k.core.webui.driver.DriverFactory    - Action delay is set to 0 milliseconds
2026-06-08 22:23:59.069 INFO  c.k.k.core.webui.driver.DriverFactory    - sessionId = 7e35e2a794e4ca753b709f322a410fe8
2026-06-08 22:23:59.070 INFO  c.k.k.core.webui.driver.DriverFactory    - browser = Chrome 148.0.7778.179
2026-06-08 22:23:59.070 INFO  c.k.k.core.webui.driver.DriverFactory    - platform = Windows 11
2026-06-08 22:23:59.070 INFO  c.k.k.core.webui.driver.DriverFactory    - seleniumVersion = 4.39.0
2026-06-08 22:23:59.071 INFO  c.k.k.core.webui.driver.DriverFactory    - proxyInformation = ProxyInformation { proxyOption=NO_PROXY, proxyServerType=HTTP, username=, password=********, proxyServerAddress=, proxyServerPort=0, executionList="", isApplyToDesiredCapabilities=true }
2026-06-08 22:23:59.091 DEBUG testcase.TC_2.1_7                        - 2: navigateToUrl(base + "SignForm.jsp")
2026-06-08 22:23:59.483 DEBUG testcase.TC_2.1_7                        - 3: delay(1)
2026-06-08 22:24:00.495 DEBUG testcase.TC_2.1_7                        - 4: executeJavaScript("document.getElementById('nome').value='Mario';" + "document.getElementById('cognome').value='Rossi';" + "document.getElementById('data_nascita').value='2000-05-15';" + "document.getElementById('codice_fiscale').value='RSSMRA00E15F839X';" + "document.getElementById('telefono').value='3331234567';" + "document.getElementById('password').value='Password1';", null)
2026-06-08 22:24:00.514 DEBUG testcase.TC_2.1_7                        - 5: valid = executeJavaScript("return document.getElementById('email').checkValidity()", null)
2026-06-08 22:24:00.529 DEBUG testcase.TC_2.1_7                        - 6: verifyEqual(valid, false)
2026-06-08 22:24:00.532 DEBUG testcase.TC_2.1_7                        - 7: click(css("#submit"))
2026-06-08 22:24:00.535 DEBUG testcase.TC_2.1_7                        - 1: t = new com.kms.katalon.core.testobject.TestObject(sel)
2026-06-08 22:24:00.535 DEBUG testcase.TC_2.1_7                        - 2: t.addProperty("css", EQUALS, sel)
2026-06-08 22:24:00.537 DEBUG testcase.TC_2.1_7                        - 3: return t
2026-06-08 22:24:00.929 DEBUG testcase.TC_2.1_7                        - 8: delay(1)
2026-06-08 22:24:01.953 DEBUG testcase.TC_2.1_7                        - 9: takeScreenshot()
2026-06-08 22:24:02.735 DEBUG testcase.TC_2.1_7                        - 10: verifyTextNotPresent("Non hai un account", false)
2026-06-08 22:24:03.000 DEBUG testcase.TC_2.1_7                        - 11: closeBrowser()
2026-06-08 22:24:03.803 INFO  c.k.katalon.core.main.TestCaseExecutor   - END Test Cases/Registrazione/TC_2.1_7
2026-06-08 22:24:03.807 INFO  c.k.katalon.core.main.TestCaseExecutor   - --------------------
2026-06-08 22:24:03.807 INFO  c.k.katalon.core.main.TestCaseExecutor   - START Test Cases/Registrazione/TC_2.1_8
2026-06-08 22:24:03.922 INFO  com.kms.katalon.core.util.KeywordUtil    - Seed ripristinato prima di: Test Cases/Registrazione/TC_2.1_8
2026-06-08 22:24:03.990 DEBUG testcase.TC_2.1_8                        - 1: openBrowser("")
2026-06-08 22:24:03.991 INFO  c.k.k.core.webui.driver.DriverFactory    - Starting 'Chrome' driver
2026-06-08 22:24:03.993 INFO  c.k.k.core.webui.driver.DriverFactory    - Action delay is set to 0 milliseconds
2026-06-08 22:24:05.160 INFO  c.k.k.core.webui.driver.DriverFactory    - sessionId = e37e40c9b5b437918c648316597fccdd
2026-06-08 22:24:05.161 INFO  c.k.k.core.webui.driver.DriverFactory    - browser = Chrome 148.0.7778.179
2026-06-08 22:24:05.170 INFO  c.k.k.core.webui.driver.DriverFactory    - platform = Windows 11
2026-06-08 22:24:05.171 INFO  c.k.k.core.webui.driver.DriverFactory    - seleniumVersion = 4.39.0
2026-06-08 22:24:05.171 INFO  c.k.k.core.webui.driver.DriverFactory    - proxyInformation = ProxyInformation { proxyOption=NO_PROXY, proxyServerType=HTTP, username=, password=********, proxyServerAddress=, proxyServerPort=0, executionList="", isApplyToDesiredCapabilities=true }
2026-06-08 22:24:05.194 DEBUG testcase.TC_2.1_8                        - 2: navigateToUrl(base + "SignForm.jsp")
2026-06-08 22:24:05.538 DEBUG testcase.TC_2.1_8                        - 3: delay(1)
2026-06-08 22:24:06.548 DEBUG testcase.TC_2.1_8                        - 4: executeJavaScript("document.getElementById('nome').value='Mario';" + "document.getElementById('cognome').value='Rossi';" + "document.getElementById('data_nascita').value='2000-05-15';" + "document.getElementById('codice_fiscale').value='RSSMRA00E15F839X';" + "document.getElementById('telefono').value='3331234567';" + "document.getElementById('email').value='mario.rossi@example.com';", null)
2026-06-08 22:24:06.563 DEBUG testcase.TC_2.1_8                        - 5: valid = executeJavaScript("return document.getElementById('password').checkValidity()", null)
2026-06-08 22:24:06.576 DEBUG testcase.TC_2.1_8                        - 6: verifyEqual(valid, false)
2026-06-08 22:24:06.580 DEBUG testcase.TC_2.1_8                        - 7: click(css("#submit"))
2026-06-08 22:24:06.581 DEBUG testcase.TC_2.1_8                        - 1: t = new com.kms.katalon.core.testobject.TestObject(sel)
2026-06-08 22:24:06.582 DEBUG testcase.TC_2.1_8                        - 2: t.addProperty("css", EQUALS, sel)
2026-06-08 22:24:06.583 DEBUG testcase.TC_2.1_8                        - 3: return t
2026-06-08 22:24:06.961 DEBUG testcase.TC_2.1_8                        - 8: delay(1)
2026-06-08 22:24:07.968 DEBUG testcase.TC_2.1_8                        - 9: takeScreenshot()
2026-06-08 22:24:08.700 DEBUG testcase.TC_2.1_8                        - 10: verifyTextNotPresent("Non hai un account", false)
2026-06-08 22:24:08.967 DEBUG testcase.TC_2.1_8                        - 11: closeBrowser()
2026-06-08 22:24:09.701 INFO  c.k.katalon.core.main.TestCaseExecutor   - END Test Cases/Registrazione/TC_2.1_8
2026-06-08 22:24:09.704 INFO  c.k.katalon.core.main.TestCaseExecutor   - --------------------
2026-06-08 22:24:09.705 INFO  c.k.katalon.core.main.TestCaseExecutor   - START Test Cases/Registrazione/TC_2.1_9
2026-06-08 22:24:09.815 INFO  com.kms.katalon.core.util.KeywordUtil    - Seed ripristinato prima di: Test Cases/Registrazione/TC_2.1_9
2026-06-08 22:24:09.885 DEBUG testcase.TC_2.1_9                        - 1: openBrowser("")
2026-06-08 22:24:09.888 INFO  c.k.k.core.webui.driver.DriverFactory    - Starting 'Chrome' driver
2026-06-08 22:24:09.889 INFO  c.k.k.core.webui.driver.DriverFactory    - Action delay is set to 0 milliseconds
2026-06-08 22:24:10.930 INFO  c.k.k.core.webui.driver.DriverFactory    - sessionId = 8b996a2c0e1cb5c11eb31b8ea56f4e4d
2026-06-08 22:24:10.931 INFO  c.k.k.core.webui.driver.DriverFactory    - browser = Chrome 148.0.7778.179
2026-06-08 22:24:10.931 INFO  c.k.k.core.webui.driver.DriverFactory    - platform = Windows 11
2026-06-08 22:24:10.931 INFO  c.k.k.core.webui.driver.DriverFactory    - seleniumVersion = 4.39.0
2026-06-08 22:24:10.932 INFO  c.k.k.core.webui.driver.DriverFactory    - proxyInformation = ProxyInformation { proxyOption=NO_PROXY, proxyServerType=HTTP, username=, password=********, proxyServerAddress=, proxyServerPort=0, executionList="", isApplyToDesiredCapabilities=true }
2026-06-08 22:24:10.947 DEBUG testcase.TC_2.1_9                        - 2: navigateToUrl(base + "SignForm.jsp")
2026-06-08 22:24:11.947 DEBUG testcase.TC_2.1_9                        - 3: delay(1)
2026-06-08 22:24:12.957 DEBUG testcase.TC_2.1_9                        - 4: executeJavaScript("document.getElementById('nome').value='   ';" + "document.getElementById('cognome').value='Rossi';" + "document.getElementById('data_nascita').value='2000-05-15';" + "document.getElementById('codice_fiscale').value='RSSMRA00E15F839X';" + "document.getElementById('telefono').value='3331234567';" + "document.getElementById('email').value='mario.rossi@example.com';" + "document.getElementById('password').value='Password1';", null)
2026-06-08 22:24:12.974 DEBUG testcase.TC_2.1_9                        - 5: click(css("#submit"))
2026-06-08 22:24:12.976 DEBUG testcase.TC_2.1_9                        - 1: t = new com.kms.katalon.core.testobject.TestObject(sel)
2026-06-08 22:24:12.977 DEBUG testcase.TC_2.1_9                        - 2: t.addProperty("css", EQUALS, sel)
2026-06-08 22:24:12.978 DEBUG testcase.TC_2.1_9                        - 3: return t
2026-06-08 22:24:14.018 DEBUG testcase.TC_2.1_9                        - 6: delay(2)
2026-06-08 22:24:16.029 DEBUG testcase.TC_2.1_9                        - 7: takeScreenshot()
2026-06-08 22:24:16.747 DEBUG testcase.TC_2.1_9                        - 8: verifyTextNotPresent("Non hai un account", false, CONTINUE_ON_FAILURE)
2026-06-08 22:24:17.056 ERROR c.k.k.core.keyword.internal.KeywordMain  - ❌ Text 'Non hai un account' is present on page  (Root cause: com.kms.katalon.core.exception.StepFailedException: Text 'Non hai un account' is present on page 
	at com.kms.katalon.core.webui.keyword.internal.WebUIKeywordMain.stepFailed(WebUIKeywordMain.groovy:177)
	at com.kms.katalon.core.webui.keyword.builtin.VerifyTextNotPresentKeyword$_verifyTextNotPresent_closure1.doCall(VerifyTextNotPresentKeyword.groovy:77)
	at com.kms.katalon.core.webui.keyword.builtin.VerifyTextNotPresentKeyword$_verifyTextNotPresent_closure1.call(VerifyTextNotPresentKeyword.groovy)
	at com.kms.katalon.core.webui.keyword.internal.WebUIKeywordMain.runKeyword(WebUIKeywordMain.groovy:41)
	at com.kms.katalon.core.webui.keyword.builtin.VerifyTextNotPresentKeyword.verifyTextNotPresent(VerifyTextNotPresentKeyword.groovy:82)
	at com.kms.katalon.core.webui.keyword.builtin.VerifyTextNotPresentKeyword.execute(VerifyTextNotPresentKeyword.groovy:68)
	at com.kms.katalon.core.keyword.internal.KeywordExecutor.executeKeywordForPlatform(KeywordExecutor.groovy:103)
	at com.kms.katalon.core.webui.keyword.WebUiBuiltInKeywords.verifyTextNotPresent(WebUiBuiltInKeywords.groovy:1842)
	at TC_2.1_9.run(TC_2.1_9:30)
	at com.kms.katalon.core.main.ScriptEngine.run(ScriptEngine.java:203)
	at com.kms.katalon.core.main.ScriptEngine.runScriptAsRawText(ScriptEngine.java:115)
	at com.kms.katalon.core.main.TestCaseExecutor.runScript(TestCaseExecutor.java:506)
	at com.kms.katalon.core.main.TestCaseExecutor.doExecute(TestCaseExecutor.java:497)
	at com.kms.katalon.core.main.TestCaseExecutor.processExecutionPhase(TestCaseExecutor.java:476)
	at com.kms.katalon.core.main.TestCaseExecutor.accessMainPhase(TestCaseExecutor.java:468)
	at com.kms.katalon.core.main.TestCaseExecutor.execute(TestCaseExecutor.java:334)
	at com.kms.katalon.core.common.CommonExecutor.accessTestCaseMainPhase(CommonExecutor.java:71)
	at com.kms.katalon.core.main.TestSuiteExecutor.accessTestSuiteMainPhase(TestSuiteExecutor.java:153)
	at com.kms.katalon.core.main.TestSuiteExecutor.execute(TestSuiteExecutor.java:110)
	at com.kms.katalon.core.main.TestCaseMain.startTestSuite(TestCaseMain.java:206)
	at S0608_18.run(S0608_18.groovy:40)
	at java.base/jdk.internal.reflect.DirectMethodHandleAccessor.invoke(DirectMethodHandleAccessor.java:103)
)
2026-06-08 22:24:17.060 DEBUG testcase.TC_2.1_9                        - 9: closeBrowser()
2026-06-08 22:24:17.275 ERROR c.k.katalon.core.main.TestCaseExecutor   - ❌ Test Cases/Registrazione/TC_2.1_9 FAILED.
Reason:
com.kms.katalon.core.exception.StepFailedException: Text 'Non hai un account' is present on page  (Root cause: com.kms.katalon.core.exception.StepFailedException: Text 'Non hai un account' is present on page 
	at com.kms.katalon.core.webui.keyword.internal.WebUIKeywordMain.stepFailed(WebUIKeywordMain.groovy:177)
	at com.kms.katalon.core.webui.keyword.builtin.VerifyTextNotPresentKeyword$_verifyTextNotPresent_closure1.doCall(VerifyTextNotPresentKeyword.groovy:77)
	at com.kms.katalon.core.webui.keyword.builtin.VerifyTextNotPresentKeyword$_verifyTextNotPresent_closure1.call(VerifyTextNotPresentKeyword.groovy)
	at com.kms.katalon.core.webui.keyword.internal.WebUIKeywordMain.runKeyword(WebUIKeywordMain.groovy:41)
	at com.kms.katalon.core.webui.keyword.builtin.VerifyTextNotPresentKeyword.verifyTextNotPresent(VerifyTextNotPresentKeyword.groovy:82)
	at com.kms.katalon.core.webui.keyword.builtin.VerifyTextNotPresentKeyword.execute(VerifyTextNotPresentKeyword.groovy:68)
	at com.kms.katalon.core.keyword.internal.KeywordExecutor.executeKeywordForPlatform(KeywordExecutor.groovy:103)
	at com.kms.katalon.core.webui.keyword.WebUiBuiltInKeywords.verifyTextNotPresent(WebUiBuiltInKeywords.groovy:1842)
	at TC_2.1_9.run(TC_2.1_9:30)
	at com.kms.katalon.core.main.ScriptEngine.run(ScriptEngine.java:203)
	at com.kms.katalon.core.main.ScriptEngine.runScriptAsRawText(ScriptEngine.java:115)
	at com.kms.katalon.core.main.TestCaseExecutor.runScript(TestCaseExecutor.java:506)
	at com.kms.katalon.core.main.TestCaseExecutor.doExecute(TestCaseExecutor.java:497)
	at com.kms.katalon.core.main.TestCaseExecutor.processExecutionPhase(TestCaseExecutor.java:476)
	at com.kms.katalon.core.main.TestCaseExecutor.accessMainPhase(TestCaseExecutor.java:468)
	at com.kms.katalon.core.main.TestCaseExecutor.execute(TestCaseExecutor.java:334)
	at com.kms.katalon.core.common.CommonExecutor.accessTestCaseMainPhase(CommonExecutor.java:71)
	at com.kms.katalon.core.main.TestSuiteExecutor.accessTestSuiteMainPhase(TestSuiteExecutor.java:153)
	at com.kms.katalon.core.main.TestSuiteExecutor.execute(TestSuiteExecutor.java:110)
	at com.kms.katalon.core.main.TestCaseMain.startTestSuite(TestCaseMain.java:206)
	at S0608_18.run(S0608_18.groovy:40)
	at java.base/jdk.internal.reflect.DirectMethodHandleAccessor.invoke(DirectMethodHandleAccessor.java:103)
)
	at com.kms.katalon.core.keyword.internal.KeywordMain.stepFailed(KeywordMain.groovy:39)
	at com.kms.katalon.core.webui.keyword.internal.WebUIKeywordMain.stepFailed(WebUIKeywordMain.groovy:177)
	at com.kms.katalon.core.webui.keyword.builtin.VerifyTextNotPresentKeyword$_verifyTextNotPresent_closure1.doCall(VerifyTextNotPresentKeyword.groovy:77)
	at com.kms.katalon.core.webui.keyword.builtin.VerifyTextNotPresentKeyword$_verifyTextNotPresent_closure1.call(VerifyTextNotPresentKeyword.groovy)
	at com.kms.katalon.core.webui.keyword.internal.WebUIKeywordMain.runKeyword(WebUIKeywordMain.groovy:41)
	at com.kms.katalon.core.webui.keyword.builtin.VerifyTextNotPresentKeyword.verifyTextNotPresent(VerifyTextNotPresentKeyword.groovy:82)
	at com.kms.katalon.core.webui.keyword.builtin.VerifyTextNotPresentKeyword.execute(VerifyTextNotPresentKeyword.groovy:68)
	at com.kms.katalon.core.keyword.internal.KeywordExecutor.executeKeywordForPlatform(KeywordExecutor.groovy:103)
	at com.kms.katalon.core.webui.keyword.WebUiBuiltInKeywords.verifyTextNotPresent(WebUiBuiltInKeywords.groovy:1842)
	at TC_2.1_9.run(TC_2.1_9:30)
	at com.kms.katalon.core.main.ScriptEngine.run(ScriptEngine.java:203)
	at com.kms.katalon.core.main.ScriptEngine.runScriptAsRawText(ScriptEngine.java:115)
	at com.kms.katalon.core.main.TestCaseExecutor.runScript(TestCaseExecutor.java:506)
	at com.kms.katalon.core.main.TestCaseExecutor.doExecute(TestCaseExecutor.java:497)
	at com.kms.katalon.core.main.TestCaseExecutor.processExecutionPhase(TestCaseExecutor.java:476)
	at com.kms.katalon.core.main.TestCaseExecutor.accessMainPhase(TestCaseExecutor.java:468)
	at com.kms.katalon.core.main.TestCaseExecutor.execute(TestCaseExecutor.java:334)
	at com.kms.katalon.core.common.CommonExecutor.accessTestCaseMainPhase(CommonExecutor.java:71)
	at com.kms.katalon.core.main.TestSuiteExecutor.accessTestSuiteMainPhase(TestSuiteExecutor.java:153)
	at com.kms.katalon.core.main.TestSuiteExecutor.execute(TestSuiteExecutor.java:110)
	at com.kms.katalon.core.main.TestCaseMain.startTestSuite(TestCaseMain.java:206)
	at S0608_18.run(S0608_18.groovy:40)
	at java.base/jdk.internal.reflect.DirectMethodHandleAccessor.invoke(DirectMethodHandleAccessor.java:103)
Caused by: com.kms.katalon.core.exception.StepFailedException: Text 'Non hai un account' is present on page 
	... 22 more

2026-06-08 22:24:17.277 INFO  c.k.katalon.core.main.TestCaseExecutor   - END Test Cases/Registrazione/TC_2.1_9
2026-06-08 22:24:17.279 INFO  c.k.katalon.core.main.TestCaseExecutor   - --------------------
2026-06-08 22:24:17.280 INFO  c.k.katalon.core.main.TestCaseExecutor   - START Test Cases/Registrazione/TC_2.1_9 - Retry attempt 1
2026-06-08 22:24:17.387 INFO  com.kms.katalon.core.util.KeywordUtil    - Seed ripristinato prima di: Test Cases/Registrazione/TC_2.1_9
2026-06-08 22:24:17.389 DEBUG testcase.TC_2.1_9                        - 1: openBrowser("")
2026-06-08 22:24:17.390 INFO  c.k.k.core.webui.driver.DriverFactory    - Starting 'Chrome' driver
2026-06-08 22:24:17.391 INFO  c.k.k.core.webui.driver.DriverFactory    - Action delay is set to 0 milliseconds
2026-06-08 22:24:18.606 INFO  c.k.k.core.webui.driver.DriverFactory    - sessionId = 1dcedf6d237264df80b2e958e72194f5
2026-06-08 22:24:18.607 INFO  c.k.k.core.webui.driver.DriverFactory    - browser = Chrome 148.0.7778.179
2026-06-08 22:24:18.608 INFO  c.k.k.core.webui.driver.DriverFactory    - platform = Windows 11
2026-06-08 22:24:18.608 INFO  c.k.k.core.webui.driver.DriverFactory    - seleniumVersion = 4.39.0
2026-06-08 22:24:18.609 INFO  c.k.k.core.webui.driver.DriverFactory    - proxyInformation = ProxyInformation { proxyOption=NO_PROXY, proxyServerType=HTTP, username=, password=********, proxyServerAddress=, proxyServerPort=0, executionList="", isApplyToDesiredCapabilities=true }
2026-06-08 22:24:18.628 DEBUG testcase.TC_2.1_9                        - 2: navigateToUrl(base + "SignForm.jsp")
2026-06-08 22:24:18.996 DEBUG testcase.TC_2.1_9                        - 3: delay(1)
2026-06-08 22:24:20.011 DEBUG testcase.TC_2.1_9                        - 4: executeJavaScript("document.getElementById('nome').value='   ';" + "document.getElementById('cognome').value='Rossi';" + "document.getElementById('data_nascita').value='2000-05-15';" + "document.getElementById('codice_fiscale').value='RSSMRA00E15F839X';" + "document.getElementById('telefono').value='3331234567';" + "document.getElementById('email').value='mario.rossi@example.com';" + "document.getElementById('password').value='Password1';", null)
2026-06-08 22:24:20.025 DEBUG testcase.TC_2.1_9                        - 5: click(css("#submit"))
2026-06-08 22:24:20.027 DEBUG testcase.TC_2.1_9                        - 1: t = new com.kms.katalon.core.testobject.TestObject(sel)
2026-06-08 22:24:20.028 DEBUG testcase.TC_2.1_9                        - 2: t.addProperty("css", EQUALS, sel)
2026-06-08 22:24:20.029 DEBUG testcase.TC_2.1_9                        - 3: return t
2026-06-08 22:24:20.487 DEBUG testcase.TC_2.1_9                        - 6: delay(2)
2026-06-08 22:24:22.504 DEBUG testcase.TC_2.1_9                        - 7: takeScreenshot()
2026-06-08 22:24:23.241 DEBUG testcase.TC_2.1_9                        - 8: verifyTextNotPresent("Non hai un account", false, CONTINUE_ON_FAILURE)
2026-06-08 22:24:23.534 ERROR c.k.k.core.keyword.internal.KeywordMain  - ❌ Text 'Non hai un account' is present on page  (Root cause: com.kms.katalon.core.exception.StepFailedException: Text 'Non hai un account' is present on page 
	at com.kms.katalon.core.webui.keyword.internal.WebUIKeywordMain.stepFailed(WebUIKeywordMain.groovy:177)
	at com.kms.katalon.core.webui.keyword.builtin.VerifyTextNotPresentKeyword$_verifyTextNotPresent_closure1.doCall(VerifyTextNotPresentKeyword.groovy:77)
	at com.kms.katalon.core.webui.keyword.builtin.VerifyTextNotPresentKeyword$_verifyTextNotPresent_closure1.call(VerifyTextNotPresentKeyword.groovy)
	at com.kms.katalon.core.webui.keyword.internal.WebUIKeywordMain.runKeyword(WebUIKeywordMain.groovy:41)
	at com.kms.katalon.core.webui.keyword.builtin.VerifyTextNotPresentKeyword.verifyTextNotPresent(VerifyTextNotPresentKeyword.groovy:82)
	at com.kms.katalon.core.webui.keyword.builtin.VerifyTextNotPresentKeyword.execute(VerifyTextNotPresentKeyword.groovy:68)
	at com.kms.katalon.core.keyword.internal.KeywordExecutor.executeKeywordForPlatform(KeywordExecutor.groovy:103)
	at com.kms.katalon.core.webui.keyword.WebUiBuiltInKeywords.verifyTextNotPresent(WebUiBuiltInKeywords.groovy:1842)
	at TC_2.1_9.run(TC_2.1_9:30)
	at com.kms.katalon.core.main.ScriptEngine.run(ScriptEngine.java:203)
	at com.kms.katalon.core.main.ScriptEngine.runScriptAsRawText(ScriptEngine.java:115)
	at com.kms.katalon.core.main.TestCaseExecutor.runScript(TestCaseExecutor.java:506)
	at com.kms.katalon.core.main.TestCaseExecutor.doExecute(TestCaseExecutor.java:497)
	at com.kms.katalon.core.main.TestCaseExecutor.processExecutionPhase(TestCaseExecutor.java:476)
	at com.kms.katalon.core.main.TestCaseExecutor.accessMainPhase(TestCaseExecutor.java:468)
	at com.kms.katalon.core.main.TestCaseExecutor.execute(TestCaseExecutor.java:334)
	at com.kms.katalon.core.main.TestCaseExecutor.execute(TestCaseExecutor.java:426)
	at com.kms.katalon.core.common.CommonExecutor.accessTestCaseMainPhase(CommonExecutor.java:71)
	at com.kms.katalon.core.main.TestSuiteExecutor.accessTestSuiteMainPhase(TestSuiteExecutor.java:153)
	at com.kms.katalon.core.main.TestSuiteExecutor.execute(TestSuiteExecutor.java:110)
	at com.kms.katalon.core.main.TestCaseMain.startTestSuite(TestCaseMain.java:206)
	at S0608_18.run(S0608_18.groovy:40)
	at java.base/jdk.internal.reflect.DirectMethodHandleAccessor.invoke(DirectMethodHandleAccessor.java:103)
)
2026-06-08 22:24:23.536 DEBUG testcase.TC_2.1_9                        - 9: closeBrowser()
2026-06-08 22:24:23.768 ERROR c.k.katalon.core.main.TestCaseExecutor   - ❌ Test Cases/Registrazione/TC_2.1_9 FAILED.
Reason:
com.kms.katalon.core.exception.StepFailedException: Text 'Non hai un account' is present on page  (Root cause: com.kms.katalon.core.exception.StepFailedException: Text 'Non hai un account' is present on page 
	at com.kms.katalon.core.webui.keyword.internal.WebUIKeywordMain.stepFailed(WebUIKeywordMain.groovy:177)
	at com.kms.katalon.core.webui.keyword.builtin.VerifyTextNotPresentKeyword$_verifyTextNotPresent_closure1.doCall(VerifyTextNotPresentKeyword.groovy:77)
	at com.kms.katalon.core.webui.keyword.builtin.VerifyTextNotPresentKeyword$_verifyTextNotPresent_closure1.call(VerifyTextNotPresentKeyword.groovy)
	at com.kms.katalon.core.webui.keyword.internal.WebUIKeywordMain.runKeyword(WebUIKeywordMain.groovy:41)
	at com.kms.katalon.core.webui.keyword.builtin.VerifyTextNotPresentKeyword.verifyTextNotPresent(VerifyTextNotPresentKeyword.groovy:82)
	at com.kms.katalon.core.webui.keyword.builtin.VerifyTextNotPresentKeyword.execute(VerifyTextNotPresentKeyword.groovy:68)
	at com.kms.katalon.core.keyword.internal.KeywordExecutor.executeKeywordForPlatform(KeywordExecutor.groovy:103)
	at com.kms.katalon.core.webui.keyword.WebUiBuiltInKeywords.verifyTextNotPresent(WebUiBuiltInKeywords.groovy:1842)
	at TC_2.1_9.run(TC_2.1_9:30)
	at com.kms.katalon.core.main.ScriptEngine.run(ScriptEngine.java:203)
	at com.kms.katalon.core.main.ScriptEngine.runScriptAsRawText(ScriptEngine.java:115)
	at com.kms.katalon.core.main.TestCaseExecutor.runScript(TestCaseExecutor.java:506)
	at com.kms.katalon.core.main.TestCaseExecutor.doExecute(TestCaseExecutor.java:497)
	at com.kms.katalon.core.main.TestCaseExecutor.processExecutionPhase(TestCaseExecutor.java:476)
	at com.kms.katalon.core.main.TestCaseExecutor.accessMainPhase(TestCaseExecutor.java:468)
	at com.kms.katalon.core.main.TestCaseExecutor.execute(TestCaseExecutor.java:334)
	at com.kms.katalon.core.main.TestCaseExecutor.execute(TestCaseExecutor.java:426)
	at com.kms.katalon.core.common.CommonExecutor.accessTestCaseMainPhase(CommonExecutor.java:71)
	at com.kms.katalon.core.main.TestSuiteExecutor.accessTestSuiteMainPhase(TestSuiteExecutor.java:153)
	at com.kms.katalon.core.main.TestSuiteExecutor.execute(TestSuiteExecutor.java:110)
	at com.kms.katalon.core.main.TestCaseMain.startTestSuite(TestCaseMain.java:206)
	at S0608_18.run(S0608_18.groovy:40)
	at java.base/jdk.internal.reflect.DirectMethodHandleAccessor.invoke(DirectMethodHandleAccessor.java:103)
)
	at com.kms.katalon.core.keyword.internal.KeywordMain.stepFailed(KeywordMain.groovy:39)
	at com.kms.katalon.core.webui.keyword.internal.WebUIKeywordMain.stepFailed(WebUIKeywordMain.groovy:177)
	at com.kms.katalon.core.webui.keyword.builtin.VerifyTextNotPresentKeyword$_verifyTextNotPresent_closure1.doCall(VerifyTextNotPresentKeyword.groovy:77)
	at com.kms.katalon.core.webui.keyword.builtin.VerifyTextNotPresentKeyword$_verifyTextNotPresent_closure1.call(VerifyTextNotPresentKeyword.groovy)
	at com.kms.katalon.core.webui.keyword.internal.WebUIKeywordMain.runKeyword(WebUIKeywordMain.groovy:41)
	at com.kms.katalon.core.webui.keyword.builtin.VerifyTextNotPresentKeyword.verifyTextNotPresent(VerifyTextNotPresentKeyword.groovy:82)
	at com.kms.katalon.core.webui.keyword.builtin.VerifyTextNotPresentKeyword.execute(VerifyTextNotPresentKeyword.groovy:68)
	at com.kms.katalon.core.keyword.internal.KeywordExecutor.executeKeywordForPlatform(KeywordExecutor.groovy:103)
	at com.kms.katalon.core.webui.keyword.WebUiBuiltInKeywords.verifyTextNotPresent(WebUiBuiltInKeywords.groovy:1842)
	at TC_2.1_9.run(TC_2.1_9:30)
	at com.kms.katalon.core.main.ScriptEngine.run(ScriptEngine.java:203)
	at com.kms.katalon.core.main.ScriptEngine.runScriptAsRawText(ScriptEngine.java:115)
	at com.kms.katalon.core.main.TestCaseExecutor.runScript(TestCaseExecutor.java:506)
	at com.kms.katalon.core.main.TestCaseExecutor.doExecute(TestCaseExecutor.java:497)
	at com.kms.katalon.core.main.TestCaseExecutor.processExecutionPhase(TestCaseExecutor.java:476)
	at com.kms.katalon.core.main.TestCaseExecutor.accessMainPhase(TestCaseExecutor.java:468)
	at com.kms.katalon.core.main.TestCaseExecutor.execute(TestCaseExecutor.java:334)
	at com.kms.katalon.core.main.TestCaseExecutor.execute(TestCaseExecutor.java:426)
	at com.kms.katalon.core.common.CommonExecutor.accessTestCaseMainPhase(CommonExecutor.java:71)
	at com.kms.katalon.core.main.TestSuiteExecutor.accessTestSuiteMainPhase(TestSuiteExecutor.java:153)
	at com.kms.katalon.core.main.TestSuiteExecutor.execute(TestSuiteExecutor.java:110)
	at com.kms.katalon.core.main.TestCaseMain.startTestSuite(TestCaseMain.java:206)
	at S0608_18.run(S0608_18.groovy:40)
	at java.base/jdk.internal.reflect.DirectMethodHandleAccessor.invoke(DirectMethodHandleAccessor.java:103)
Caused by: com.kms.katalon.core.exception.StepFailedException: Text 'Non hai un account' is present on page 
	... 23 more

2026-06-08 22:24:23.770 INFO  c.k.katalon.core.main.TestCaseExecutor   - END Test Cases/Registrazione/TC_2.1_9
2026-06-08 22:24:23.773 INFO  c.k.katalon.core.main.TestCaseExecutor   - --------------------
2026-06-08 22:24:23.774 INFO  c.k.katalon.core.main.TestCaseExecutor   - START Test Cases/Registrazione/TC_2.1_9 - Retry attempt 2
2026-06-08 22:24:23.905 INFO  com.kms.katalon.core.util.KeywordUtil    - Seed ripristinato prima di: Test Cases/Registrazione/TC_2.1_9
2026-06-08 22:24:23.907 DEBUG testcase.TC_2.1_9                        - 1: openBrowser("")
2026-06-08 22:24:23.909 INFO  c.k.k.core.webui.driver.DriverFactory    - Starting 'Chrome' driver
2026-06-08 22:24:23.911 INFO  c.k.k.core.webui.driver.DriverFactory    - Action delay is set to 0 milliseconds
2026-06-08 22:24:24.936 INFO  c.k.k.core.webui.driver.DriverFactory    - sessionId = 62dee62d9a23ea74f36ca163a501cbaf
2026-06-08 22:24:24.937 INFO  c.k.k.core.webui.driver.DriverFactory    - browser = Chrome 148.0.7778.179
2026-06-08 22:24:24.937 INFO  c.k.k.core.webui.driver.DriverFactory    - platform = Windows 11
2026-06-08 22:24:24.938 INFO  c.k.k.core.webui.driver.DriverFactory    - seleniumVersion = 4.39.0
2026-06-08 22:24:24.938 INFO  c.k.k.core.webui.driver.DriverFactory    - proxyInformation = ProxyInformation { proxyOption=NO_PROXY, proxyServerType=HTTP, username=, password=********, proxyServerAddress=, proxyServerPort=0, executionList="", isApplyToDesiredCapabilities=true }
2026-06-08 22:24:24.955 DEBUG testcase.TC_2.1_9                        - 2: navigateToUrl(base + "SignForm.jsp")
2026-06-08 22:24:25.329 DEBUG testcase.TC_2.1_9                        - 3: delay(1)
2026-06-08 22:24:26.337 DEBUG testcase.TC_2.1_9                        - 4: executeJavaScript("document.getElementById('nome').value='   ';" + "document.getElementById('cognome').value='Rossi';" + "document.getElementById('data_nascita').value='2000-05-15';" + "document.getElementById('codice_fiscale').value='RSSMRA00E15F839X';" + "document.getElementById('telefono').value='3331234567';" + "document.getElementById('email').value='mario.rossi@example.com';" + "document.getElementById('password').value='Password1';", null)
2026-06-08 22:24:26.353 DEBUG testcase.TC_2.1_9                        - 5: click(css("#submit"))
2026-06-08 22:24:26.354 DEBUG testcase.TC_2.1_9                        - 1: t = new com.kms.katalon.core.testobject.TestObject(sel)
2026-06-08 22:24:26.355 DEBUG testcase.TC_2.1_9                        - 2: t.addProperty("css", EQUALS, sel)
2026-06-08 22:24:26.355 DEBUG testcase.TC_2.1_9                        - 3: return t
2026-06-08 22:24:26.850 DEBUG testcase.TC_2.1_9                        - 6: delay(2)
2026-06-08 22:24:28.855 DEBUG testcase.TC_2.1_9                        - 7: takeScreenshot()
2026-06-08 22:24:29.585 DEBUG testcase.TC_2.1_9                        - 8: verifyTextNotPresent("Non hai un account", false, CONTINUE_ON_FAILURE)
2026-06-08 22:24:29.870 ERROR c.k.k.core.keyword.internal.KeywordMain  - ❌ Text 'Non hai un account' is present on page  (Root cause: com.kms.katalon.core.exception.StepFailedException: Text 'Non hai un account' is present on page 
	at com.kms.katalon.core.webui.keyword.internal.WebUIKeywordMain.stepFailed(WebUIKeywordMain.groovy:177)
	at com.kms.katalon.core.webui.keyword.builtin.VerifyTextNotPresentKeyword$_verifyTextNotPresent_closure1.doCall(VerifyTextNotPresentKeyword.groovy:77)
	at com.kms.katalon.core.webui.keyword.builtin.VerifyTextNotPresentKeyword$_verifyTextNotPresent_closure1.call(VerifyTextNotPresentKeyword.groovy)
	at com.kms.katalon.core.webui.keyword.internal.WebUIKeywordMain.runKeyword(WebUIKeywordMain.groovy:41)
	at com.kms.katalon.core.webui.keyword.builtin.VerifyTextNotPresentKeyword.verifyTextNotPresent(VerifyTextNotPresentKeyword.groovy:82)
	at com.kms.katalon.core.webui.keyword.builtin.VerifyTextNotPresentKeyword.execute(VerifyTextNotPresentKeyword.groovy:68)
	at com.kms.katalon.core.keyword.internal.KeywordExecutor.executeKeywordForPlatform(KeywordExecutor.groovy:103)
	at com.kms.katalon.core.webui.keyword.WebUiBuiltInKeywords.verifyTextNotPresent(WebUiBuiltInKeywords.groovy:1842)
	at TC_2.1_9.run(TC_2.1_9:30)
	at com.kms.katalon.core.main.ScriptEngine.run(ScriptEngine.java:203)
	at com.kms.katalon.core.main.ScriptEngine.runScriptAsRawText(ScriptEngine.java:115)
	at com.kms.katalon.core.main.TestCaseExecutor.runScript(TestCaseExecutor.java:506)
	at com.kms.katalon.core.main.TestCaseExecutor.doExecute(TestCaseExecutor.java:497)
	at com.kms.katalon.core.main.TestCaseExecutor.processExecutionPhase(TestCaseExecutor.java:476)
	at com.kms.katalon.core.main.TestCaseExecutor.accessMainPhase(TestCaseExecutor.java:468)
	at com.kms.katalon.core.main.TestCaseExecutor.execute(TestCaseExecutor.java:334)
	at com.kms.katalon.core.main.TestCaseExecutor.execute(TestCaseExecutor.java:426)
	at com.kms.katalon.core.main.TestCaseExecutor.execute(TestCaseExecutor.java:426)
	at com.kms.katalon.core.common.CommonExecutor.accessTestCaseMainPhase(CommonExecutor.java:71)
	at com.kms.katalon.core.main.TestSuiteExecutor.accessTestSuiteMainPhase(TestSuiteExecutor.java:153)
	at com.kms.katalon.core.main.TestSuiteExecutor.execute(TestSuiteExecutor.java:110)
	at com.kms.katalon.core.main.TestCaseMain.startTestSuite(TestCaseMain.java:206)
	at S0608_18.run(S0608_18.groovy:40)
	at java.base/jdk.internal.reflect.DirectMethodHandleAccessor.invoke(DirectMethodHandleAccessor.java:103)
)
2026-06-08 22:24:29.872 DEBUG testcase.TC_2.1_9                        - 9: closeBrowser()
2026-06-08 22:24:30.086 ERROR c.k.katalon.core.main.TestCaseExecutor   - ❌ Test Cases/Registrazione/TC_2.1_9 FAILED.
Reason:
com.kms.katalon.core.exception.StepFailedException: Text 'Non hai un account' is present on page  (Root cause: com.kms.katalon.core.exception.StepFailedException: Text 'Non hai un account' is present on page 
	at com.kms.katalon.core.webui.keyword.internal.WebUIKeywordMain.stepFailed(WebUIKeywordMain.groovy:177)
	at com.kms.katalon.core.webui.keyword.builtin.VerifyTextNotPresentKeyword$_verifyTextNotPresent_closure1.doCall(VerifyTextNotPresentKeyword.groovy:77)
	at com.kms.katalon.core.webui.keyword.builtin.VerifyTextNotPresentKeyword$_verifyTextNotPresent_closure1.call(VerifyTextNotPresentKeyword.groovy)
	at com.kms.katalon.core.webui.keyword.internal.WebUIKeywordMain.runKeyword(WebUIKeywordMain.groovy:41)
	at com.kms.katalon.core.webui.keyword.builtin.VerifyTextNotPresentKeyword.verifyTextNotPresent(VerifyTextNotPresentKeyword.groovy:82)
	at com.kms.katalon.core.webui.keyword.builtin.VerifyTextNotPresentKeyword.execute(VerifyTextNotPresentKeyword.groovy:68)
	at com.kms.katalon.core.keyword.internal.KeywordExecutor.executeKeywordForPlatform(KeywordExecutor.groovy:103)
	at com.kms.katalon.core.webui.keyword.WebUiBuiltInKeywords.verifyTextNotPresent(WebUiBuiltInKeywords.groovy:1842)
	at TC_2.1_9.run(TC_2.1_9:30)
	at com.kms.katalon.core.main.ScriptEngine.run(ScriptEngine.java:203)
	at com.kms.katalon.core.main.ScriptEngine.runScriptAsRawText(ScriptEngine.java:115)
	at com.kms.katalon.core.main.TestCaseExecutor.runScript(TestCaseExecutor.java:506)
	at com.kms.katalon.core.main.TestCaseExecutor.doExecute(TestCaseExecutor.java:497)
	at com.kms.katalon.core.main.TestCaseExecutor.processExecutionPhase(TestCaseExecutor.java:476)
	at com.kms.katalon.core.main.TestCaseExecutor.accessMainPhase(TestCaseExecutor.java:468)
	at com.kms.katalon.core.main.TestCaseExecutor.execute(TestCaseExecutor.java:334)
	at com.kms.katalon.core.main.TestCaseExecutor.execute(TestCaseExecutor.java:426)
	at com.kms.katalon.core.main.TestCaseExecutor.execute(TestCaseExecutor.java:426)
	at com.kms.katalon.core.common.CommonExecutor.accessTestCaseMainPhase(CommonExecutor.java:71)
	at com.kms.katalon.core.main.TestSuiteExecutor.accessTestSuiteMainPhase(TestSuiteExecutor.java:153)
	at com.kms.katalon.core.main.TestSuiteExecutor.execute(TestSuiteExecutor.java:110)
	at com.kms.katalon.core.main.TestCaseMain.startTestSuite(TestCaseMain.java:206)
	at S0608_18.run(S0608_18.groovy:40)
	at java.base/jdk.internal.reflect.DirectMethodHandleAccessor.invoke(DirectMethodHandleAccessor.java:103)
)
	at com.kms.katalon.core.keyword.internal.KeywordMain.stepFailed(KeywordMain.groovy:39)
	at com.kms.katalon.core.webui.keyword.internal.WebUIKeywordMain.stepFailed(WebUIKeywordMain.groovy:177)
	at com.kms.katalon.core.webui.keyword.builtin.VerifyTextNotPresentKeyword$_verifyTextNotPresent_closure1.doCall(VerifyTextNotPresentKeyword.groovy:77)
	at com.kms.katalon.core.webui.keyword.builtin.VerifyTextNotPresentKeyword$_verifyTextNotPresent_closure1.call(VerifyTextNotPresentKeyword.groovy)
	at com.kms.katalon.core.webui.keyword.internal.WebUIKeywordMain.runKeyword(WebUIKeywordMain.groovy:41)
	at com.kms.katalon.core.webui.keyword.builtin.VerifyTextNotPresentKeyword.verifyTextNotPresent(VerifyTextNotPresentKeyword.groovy:82)
	at com.kms.katalon.core.webui.keyword.builtin.VerifyTextNotPresentKeyword.execute(VerifyTextNotPresentKeyword.groovy:68)
	at com.kms.katalon.core.keyword.internal.KeywordExecutor.executeKeywordForPlatform(KeywordExecutor.groovy:103)
	at com.kms.katalon.core.webui.keyword.WebUiBuiltInKeywords.verifyTextNotPresent(WebUiBuiltInKeywords.groovy:1842)
	at TC_2.1_9.run(TC_2.1_9:30)
	at com.kms.katalon.core.main.ScriptEngine.run(ScriptEngine.java:203)
	at com.kms.katalon.core.main.ScriptEngine.runScriptAsRawText(ScriptEngine.java:115)
	at com.kms.katalon.core.main.TestCaseExecutor.runScript(TestCaseExecutor.java:506)
	at com.kms.katalon.core.main.TestCaseExecutor.doExecute(TestCaseExecutor.java:497)
	at com.kms.katalon.core.main.TestCaseExecutor.processExecutionPhase(TestCaseExecutor.java:476)
	at com.kms.katalon.core.main.TestCaseExecutor.accessMainPhase(TestCaseExecutor.java:468)
	at com.kms.katalon.core.main.TestCaseExecutor.execute(TestCaseExecutor.java:334)
	at com.kms.katalon.core.main.TestCaseExecutor.execute(TestCaseExecutor.java:426)
	at com.kms.katalon.core.main.TestCaseExecutor.execute(TestCaseExecutor.java:426)
	at com.kms.katalon.core.common.CommonExecutor.accessTestCaseMainPhase(CommonExecutor.java:71)
	at com.kms.katalon.core.main.TestSuiteExecutor.accessTestSuiteMainPhase(TestSuiteExecutor.java:153)
	at com.kms.katalon.core.main.TestSuiteExecutor.execute(TestSuiteExecutor.java:110)
	at com.kms.katalon.core.main.TestCaseMain.startTestSuite(TestCaseMain.java:206)
	at S0608_18.run(S0608_18.groovy:40)
	at java.base/jdk.internal.reflect.DirectMethodHandleAccessor.invoke(DirectMethodHandleAccessor.java:103)
Caused by: com.kms.katalon.core.exception.StepFailedException: Text 'Non hai un account' is present on page 
	... 24 more

2026-06-08 22:24:30.088 INFO  c.k.katalon.core.main.TestCaseExecutor   - END Test Cases/Registrazione/TC_2.1_9
2026-06-08 22:24:30.091 INFO  c.k.katalon.core.main.TestCaseExecutor   - --------------------
2026-06-08 22:24:30.091 INFO  c.k.katalon.core.main.TestCaseExecutor   - START Test Cases/Registrazione/TC_2.1_9 - Retry attempt 3
2026-06-08 22:24:30.213 INFO  com.kms.katalon.core.util.KeywordUtil    - Seed ripristinato prima di: Test Cases/Registrazione/TC_2.1_9
2026-06-08 22:24:30.249 DEBUG testcase.TC_2.1_9                        - 1: openBrowser("")
2026-06-08 22:24:30.250 INFO  c.k.k.core.webui.driver.DriverFactory    - Starting 'Chrome' driver
2026-06-08 22:24:30.252 INFO  c.k.k.core.webui.driver.DriverFactory    - Action delay is set to 0 milliseconds
2026-06-08 22:24:31.248 INFO  c.k.k.core.webui.driver.DriverFactory    - sessionId = d7fcc7f32ea80999b1d2912a46d1fcac
2026-06-08 22:24:31.249 INFO  c.k.k.core.webui.driver.DriverFactory    - browser = Chrome 148.0.7778.179
2026-06-08 22:24:31.250 INFO  c.k.k.core.webui.driver.DriverFactory    - platform = Windows 11
2026-06-08 22:24:31.250 INFO  c.k.k.core.webui.driver.DriverFactory    - seleniumVersion = 4.39.0
2026-06-08 22:24:31.250 INFO  c.k.k.core.webui.driver.DriverFactory    - proxyInformation = ProxyInformation { proxyOption=NO_PROXY, proxyServerType=HTTP, username=, password=********, proxyServerAddress=, proxyServerPort=0, executionList="", isApplyToDesiredCapabilities=true }
2026-06-08 22:24:31.268 DEBUG testcase.TC_2.1_9                        - 2: navigateToUrl(base + "SignForm.jsp")
2026-06-08 22:24:31.634 DEBUG testcase.TC_2.1_9                        - 3: delay(1)
2026-06-08 22:24:32.640 DEBUG testcase.TC_2.1_9                        - 4: executeJavaScript("document.getElementById('nome').value='   ';" + "document.getElementById('cognome').value='Rossi';" + "document.getElementById('data_nascita').value='2000-05-15';" + "document.getElementById('codice_fiscale').value='RSSMRA00E15F839X';" + "document.getElementById('telefono').value='3331234567';" + "document.getElementById('email').value='mario.rossi@example.com';" + "document.getElementById('password').value='Password1';", null)
2026-06-08 22:24:32.654 DEBUG testcase.TC_2.1_9                        - 5: click(css("#submit"))
2026-06-08 22:24:32.655 DEBUG testcase.TC_2.1_9                        - 1: t = new com.kms.katalon.core.testobject.TestObject(sel)
2026-06-08 22:24:32.656 DEBUG testcase.TC_2.1_9                        - 2: t.addProperty("css", EQUALS, sel)
2026-06-08 22:24:32.657 DEBUG testcase.TC_2.1_9                        - 3: return t
2026-06-08 22:24:33.082 DEBUG testcase.TC_2.1_9                        - 6: delay(2)
2026-06-08 22:24:35.098 DEBUG testcase.TC_2.1_9                        - 7: takeScreenshot()
2026-06-08 22:24:35.821 DEBUG testcase.TC_2.1_9                        - 8: verifyTextNotPresent("Non hai un account", false, CONTINUE_ON_FAILURE)
2026-06-08 22:24:36.095 ERROR c.k.k.core.keyword.internal.KeywordMain  - ❌ Text 'Non hai un account' is present on page  (Root cause: com.kms.katalon.core.exception.StepFailedException: Text 'Non hai un account' is present on page 
	at com.kms.katalon.core.webui.keyword.internal.WebUIKeywordMain.stepFailed(WebUIKeywordMain.groovy:177)
	at com.kms.katalon.core.webui.keyword.builtin.VerifyTextNotPresentKeyword$_verifyTextNotPresent_closure1.doCall(VerifyTextNotPresentKeyword.groovy:77)
	at com.kms.katalon.core.webui.keyword.builtin.VerifyTextNotPresentKeyword$_verifyTextNotPresent_closure1.call(VerifyTextNotPresentKeyword.groovy)
	at com.kms.katalon.core.webui.keyword.internal.WebUIKeywordMain.runKeyword(WebUIKeywordMain.groovy:41)
	at com.kms.katalon.core.webui.keyword.builtin.VerifyTextNotPresentKeyword.verifyTextNotPresent(VerifyTextNotPresentKeyword.groovy:82)
	at com.kms.katalon.core.webui.keyword.builtin.VerifyTextNotPresentKeyword.execute(VerifyTextNotPresentKeyword.groovy:68)
	at com.kms.katalon.core.keyword.internal.KeywordExecutor.executeKeywordForPlatform(KeywordExecutor.groovy:103)
	at com.kms.katalon.core.webui.keyword.WebUiBuiltInKeywords.verifyTextNotPresent(WebUiBuiltInKeywords.groovy:1842)
	at TC_2.1_9.run(TC_2.1_9:30)
	at com.kms.katalon.core.main.ScriptEngine.run(ScriptEngine.java:203)
	at com.kms.katalon.core.main.ScriptEngine.runScriptAsRawText(ScriptEngine.java:115)
	at com.kms.katalon.core.main.TestCaseExecutor.runScript(TestCaseExecutor.java:506)
	at com.kms.katalon.core.main.TestCaseExecutor.doExecute(TestCaseExecutor.java:497)
	at com.kms.katalon.core.main.TestCaseExecutor.processExecutionPhase(TestCaseExecutor.java:476)
	at com.kms.katalon.core.main.TestCaseExecutor.accessMainPhase(TestCaseExecutor.java:468)
	at com.kms.katalon.core.main.TestCaseExecutor.execute(TestCaseExecutor.java:334)
	at com.kms.katalon.core.main.TestCaseExecutor.execute(TestCaseExecutor.java:426)
	at com.kms.katalon.core.main.TestCaseExecutor.execute(TestCaseExecutor.java:426)
	at com.kms.katalon.core.main.TestCaseExecutor.execute(TestCaseExecutor.java:426)
	at com.kms.katalon.core.common.CommonExecutor.accessTestCaseMainPhase(CommonExecutor.java:71)
	at com.kms.katalon.core.main.TestSuiteExecutor.accessTestSuiteMainPhase(TestSuiteExecutor.java:153)
	at com.kms.katalon.core.main.TestSuiteExecutor.execute(TestSuiteExecutor.java:110)
	at com.kms.katalon.core.main.TestCaseMain.startTestSuite(TestCaseMain.java:206)
	at S0608_18.run(S0608_18.groovy:40)
	at java.base/jdk.internal.reflect.DirectMethodHandleAccessor.invoke(DirectMethodHandleAccessor.java:103)
)
2026-06-08 22:24:36.097 DEBUG testcase.TC_2.1_9                        - 9: closeBrowser()
2026-06-08 22:24:36.521 ERROR c.k.katalon.core.main.TestCaseExecutor   - ❌ Test Cases/Registrazione/TC_2.1_9 FAILED.
Reason:
com.kms.katalon.core.exception.StepFailedException: Text 'Non hai un account' is present on page  (Root cause: com.kms.katalon.core.exception.StepFailedException: Text 'Non hai un account' is present on page 
	at com.kms.katalon.core.webui.keyword.internal.WebUIKeywordMain.stepFailed(WebUIKeywordMain.groovy:177)
	at com.kms.katalon.core.webui.keyword.builtin.VerifyTextNotPresentKeyword$_verifyTextNotPresent_closure1.doCall(VerifyTextNotPresentKeyword.groovy:77)
	at com.kms.katalon.core.webui.keyword.builtin.VerifyTextNotPresentKeyword$_verifyTextNotPresent_closure1.call(VerifyTextNotPresentKeyword.groovy)
	at com.kms.katalon.core.webui.keyword.internal.WebUIKeywordMain.runKeyword(WebUIKeywordMain.groovy:41)
	at com.kms.katalon.core.webui.keyword.builtin.VerifyTextNotPresentKeyword.verifyTextNotPresent(VerifyTextNotPresentKeyword.groovy:82)
	at com.kms.katalon.core.webui.keyword.builtin.VerifyTextNotPresentKeyword.execute(VerifyTextNotPresentKeyword.groovy:68)
	at com.kms.katalon.core.keyword.internal.KeywordExecutor.executeKeywordForPlatform(KeywordExecutor.groovy:103)
	at com.kms.katalon.core.webui.keyword.WebUiBuiltInKeywords.verifyTextNotPresent(WebUiBuiltInKeywords.groovy:1842)
	at TC_2.1_9.run(TC_2.1_9:30)
	at com.kms.katalon.core.main.ScriptEngine.run(ScriptEngine.java:203)
	at com.kms.katalon.core.main.ScriptEngine.runScriptAsRawText(ScriptEngine.java:115)
	at com.kms.katalon.core.main.TestCaseExecutor.runScript(TestCaseExecutor.java:506)
	at com.kms.katalon.core.main.TestCaseExecutor.doExecute(TestCaseExecutor.java:497)
	at com.kms.katalon.core.main.TestCaseExecutor.processExecutionPhase(TestCaseExecutor.java:476)
	at com.kms.katalon.core.main.TestCaseExecutor.accessMainPhase(TestCaseExecutor.java:468)
	at com.kms.katalon.core.main.TestCaseExecutor.execute(TestCaseExecutor.java:334)
	at com.kms.katalon.core.main.TestCaseExecutor.execute(TestCaseExecutor.java:426)
	at com.kms.katalon.core.main.TestCaseExecutor.execute(TestCaseExecutor.java:426)
	at com.kms.katalon.core.main.TestCaseExecutor.execute(TestCaseExecutor.java:426)
	at com.kms.katalon.core.common.CommonExecutor.accessTestCaseMainPhase(CommonExecutor.java:71)
	at com.kms.katalon.core.main.TestSuiteExecutor.accessTestSuiteMainPhase(TestSuiteExecutor.java:153)
	at com.kms.katalon.core.main.TestSuiteExecutor.execute(TestSuiteExecutor.java:110)
	at com.kms.katalon.core.main.TestCaseMain.startTestSuite(TestCaseMain.java:206)
	at S0608_18.run(S0608_18.groovy:40)
	at java.base/jdk.internal.reflect.DirectMethodHandleAccessor.invoke(DirectMethodHandleAccessor.java:103)
)
	at com.kms.katalon.core.keyword.internal.KeywordMain.stepFailed(KeywordMain.groovy:39)
	at com.kms.katalon.core.webui.keyword.internal.WebUIKeywordMain.stepFailed(WebUIKeywordMain.groovy:177)
	at com.kms.katalon.core.webui.keyword.builtin.VerifyTextNotPresentKeyword$_verifyTextNotPresent_closure1.doCall(VerifyTextNotPresentKeyword.groovy:77)
	at com.kms.katalon.core.webui.keyword.builtin.VerifyTextNotPresentKeyword$_verifyTextNotPresent_closure1.call(VerifyTextNotPresentKeyword.groovy)
	at com.kms.katalon.core.webui.keyword.internal.WebUIKeywordMain.runKeyword(WebUIKeywordMain.groovy:41)
	at com.kms.katalon.core.webui.keyword.builtin.VerifyTextNotPresentKeyword.verifyTextNotPresent(VerifyTextNotPresentKeyword.groovy:82)
	at com.kms.katalon.core.webui.keyword.builtin.VerifyTextNotPresentKeyword.execute(VerifyTextNotPresentKeyword.groovy:68)
	at com.kms.katalon.core.keyword.internal.KeywordExecutor.executeKeywordForPlatform(KeywordExecutor.groovy:103)
	at com.kms.katalon.core.webui.keyword.WebUiBuiltInKeywords.verifyTextNotPresent(WebUiBuiltInKeywords.groovy:1842)
	at TC_2.1_9.run(TC_2.1_9:30)
	at com.kms.katalon.core.main.ScriptEngine.run(ScriptEngine.java:203)
	at com.kms.katalon.core.main.ScriptEngine.runScriptAsRawText(ScriptEngine.java:115)
	at com.kms.katalon.core.main.TestCaseExecutor.runScript(TestCaseExecutor.java:506)
	at com.kms.katalon.core.main.TestCaseExecutor.doExecute(TestCaseExecutor.java:497)
	at com.kms.katalon.core.main.TestCaseExecutor.processExecutionPhase(TestCaseExecutor.java:476)
	at com.kms.katalon.core.main.TestCaseExecutor.accessMainPhase(TestCaseExecutor.java:468)
	at com.kms.katalon.core.main.TestCaseExecutor.execute(TestCaseExecutor.java:334)
	at com.kms.katalon.core.main.TestCaseExecutor.execute(TestCaseExecutor.java:426)
	at com.kms.katalon.core.main.TestCaseExecutor.execute(TestCaseExecutor.java:426)
	at com.kms.katalon.core.main.TestCaseExecutor.execute(TestCaseExecutor.java:426)
	at com.kms.katalon.core.common.CommonExecutor.accessTestCaseMainPhase(CommonExecutor.java:71)
	at com.kms.katalon.core.main.TestSuiteExecutor.accessTestSuiteMainPhase(TestSuiteExecutor.java:153)
	at com.kms.katalon.core.main.TestSuiteExecutor.execute(TestSuiteExecutor.java:110)
	at com.kms.katalon.core.main.TestCaseMain.startTestSuite(TestCaseMain.java:206)
	at S0608_18.run(S0608_18.groovy:40)
	at java.base/jdk.internal.reflect.DirectMethodHandleAccessor.invoke(DirectMethodHandleAccessor.java:103)
Caused by: com.kms.katalon.core.exception.StepFailedException: Text 'Non hai un account' is present on page 
	... 25 more

2026-06-08 22:24:36.525 INFO  c.k.katalon.core.main.TestCaseExecutor   - END Test Cases/Registrazione/TC_2.1_9
2026-06-08 22:24:36.529 INFO  c.k.katalon.core.main.TestCaseExecutor   - --------------------
2026-06-08 22:24:36.529 INFO  c.k.katalon.core.main.TestCaseExecutor   - START Test Cases/Registrazione/TC_2.1_10
2026-06-08 22:24:36.627 INFO  com.kms.katalon.core.util.KeywordUtil    - Seed ripristinato prima di: Test Cases/Registrazione/TC_2.1_10
2026-06-08 22:24:36.696 DEBUG testcase.TC_2.1_10                       - 1: openBrowser("")
2026-06-08 22:24:36.698 INFO  c.k.k.core.webui.driver.DriverFactory    - Starting 'Chrome' driver
2026-06-08 22:24:36.700 INFO  c.k.k.core.webui.driver.DriverFactory    - Action delay is set to 0 milliseconds
2026-06-08 22:24:37.927 INFO  c.k.k.core.webui.driver.DriverFactory    - sessionId = dac1c33acd91b75eb590b4ec405427cc
2026-06-08 22:24:37.927 INFO  c.k.k.core.webui.driver.DriverFactory    - browser = Chrome 148.0.7778.179
2026-06-08 22:24:37.928 INFO  c.k.k.core.webui.driver.DriverFactory    - platform = Windows 11
2026-06-08 22:24:37.928 INFO  c.k.k.core.webui.driver.DriverFactory    - seleniumVersion = 4.39.0
2026-06-08 22:24:37.928 INFO  c.k.k.core.webui.driver.DriverFactory    - proxyInformation = ProxyInformation { proxyOption=NO_PROXY, proxyServerType=HTTP, username=, password=********, proxyServerAddress=, proxyServerPort=0, executionList="", isApplyToDesiredCapabilities=true }
2026-06-08 22:24:37.948 DEBUG testcase.TC_2.1_10                       - 2: navigateToUrl(base + "SignForm.jsp")
2026-06-08 22:24:38.383 DEBUG testcase.TC_2.1_10                       - 3: delay(1)
2026-06-08 22:24:39.400 DEBUG testcase.TC_2.1_10                       - 4: executeJavaScript("document.getElementById('nome').value='Mario';" + "document.getElementById('cognome').value='   ';" + "document.getElementById('data_nascita').value='2000-05-15';" + "document.getElementById('codice_fiscale').value='RSSMRA00E15F839X';" + "document.getElementById('telefono').value='3331234567';" + "document.getElementById('email').value='mario.rossi@example.com';" + "document.getElementById('password').value='Password1';", null)
2026-06-08 22:24:39.419 DEBUG testcase.TC_2.1_10                       - 5: click(css("#submit"))
2026-06-08 22:24:39.421 DEBUG testcase.TC_2.1_10                       - 1: t = new com.kms.katalon.core.testobject.TestObject(sel)
2026-06-08 22:24:39.422 DEBUG testcase.TC_2.1_10                       - 2: t.addProperty("css", EQUALS, sel)
2026-06-08 22:24:39.423 DEBUG testcase.TC_2.1_10                       - 3: return t
2026-06-08 22:24:39.897 DEBUG testcase.TC_2.1_10                       - 6: delay(2)
2026-06-08 22:24:41.911 DEBUG testcase.TC_2.1_10                       - 7: takeScreenshot()
2026-06-08 22:24:42.645 DEBUG testcase.TC_2.1_10                       - 8: verifyTextNotPresent("Non hai un account", false, CONTINUE_ON_FAILURE)
2026-06-08 22:24:42.942 ERROR c.k.k.core.keyword.internal.KeywordMain  - ❌ Text 'Non hai un account' is present on page  (Root cause: com.kms.katalon.core.exception.StepFailedException: Text 'Non hai un account' is present on page 
	at com.kms.katalon.core.webui.keyword.internal.WebUIKeywordMain.stepFailed(WebUIKeywordMain.groovy:177)
	at com.kms.katalon.core.webui.keyword.builtin.VerifyTextNotPresentKeyword$_verifyTextNotPresent_closure1.doCall(VerifyTextNotPresentKeyword.groovy:77)
	at com.kms.katalon.core.webui.keyword.builtin.VerifyTextNotPresentKeyword$_verifyTextNotPresent_closure1.call(VerifyTextNotPresentKeyword.groovy)
	at com.kms.katalon.core.webui.keyword.internal.WebUIKeywordMain.runKeyword(WebUIKeywordMain.groovy:41)
	at com.kms.katalon.core.webui.keyword.builtin.VerifyTextNotPresentKeyword.verifyTextNotPresent(VerifyTextNotPresentKeyword.groovy:82)
	at com.kms.katalon.core.webui.keyword.builtin.VerifyTextNotPresentKeyword.execute(VerifyTextNotPresentKeyword.groovy:68)
	at com.kms.katalon.core.keyword.internal.KeywordExecutor.executeKeywordForPlatform(KeywordExecutor.groovy:103)
	at com.kms.katalon.core.webui.keyword.WebUiBuiltInKeywords.verifyTextNotPresent(WebUiBuiltInKeywords.groovy:1842)
	at TC_2.1_10.run(TC_2.1_10:29)
	at com.kms.katalon.core.main.ScriptEngine.run(ScriptEngine.java:203)
	at com.kms.katalon.core.main.ScriptEngine.runScriptAsRawText(ScriptEngine.java:115)
	at com.kms.katalon.core.main.TestCaseExecutor.runScript(TestCaseExecutor.java:506)
	at com.kms.katalon.core.main.TestCaseExecutor.doExecute(TestCaseExecutor.java:497)
	at com.kms.katalon.core.main.TestCaseExecutor.processExecutionPhase(TestCaseExecutor.java:476)
	at com.kms.katalon.core.main.TestCaseExecutor.accessMainPhase(TestCaseExecutor.java:468)
	at com.kms.katalon.core.main.TestCaseExecutor.execute(TestCaseExecutor.java:334)
	at com.kms.katalon.core.common.CommonExecutor.accessTestCaseMainPhase(CommonExecutor.java:71)
	at com.kms.katalon.core.main.TestSuiteExecutor.accessTestSuiteMainPhase(TestSuiteExecutor.java:153)
	at com.kms.katalon.core.main.TestSuiteExecutor.execute(TestSuiteExecutor.java:110)
	at com.kms.katalon.core.main.TestCaseMain.startTestSuite(TestCaseMain.java:206)
	at S0608_18.run(S0608_18.groovy:40)
	at java.base/jdk.internal.reflect.DirectMethodHandleAccessor.invoke(DirectMethodHandleAccessor.java:103)
)
2026-06-08 22:24:42.945 DEBUG testcase.TC_2.1_10                       - 9: closeBrowser()
2026-06-08 22:24:43.180 ERROR c.k.katalon.core.main.TestCaseExecutor   - ❌ Test Cases/Registrazione/TC_2.1_10 FAILED.
Reason:
com.kms.katalon.core.exception.StepFailedException: Text 'Non hai un account' is present on page  (Root cause: com.kms.katalon.core.exception.StepFailedException: Text 'Non hai un account' is present on page 
	at com.kms.katalon.core.webui.keyword.internal.WebUIKeywordMain.stepFailed(WebUIKeywordMain.groovy:177)
	at com.kms.katalon.core.webui.keyword.builtin.VerifyTextNotPresentKeyword$_verifyTextNotPresent_closure1.doCall(VerifyTextNotPresentKeyword.groovy:77)
	at com.kms.katalon.core.webui.keyword.builtin.VerifyTextNotPresentKeyword$_verifyTextNotPresent_closure1.call(VerifyTextNotPresentKeyword.groovy)
	at com.kms.katalon.core.webui.keyword.internal.WebUIKeywordMain.runKeyword(WebUIKeywordMain.groovy:41)
	at com.kms.katalon.core.webui.keyword.builtin.VerifyTextNotPresentKeyword.verifyTextNotPresent(VerifyTextNotPresentKeyword.groovy:82)
	at com.kms.katalon.core.webui.keyword.builtin.VerifyTextNotPresentKeyword.execute(VerifyTextNotPresentKeyword.groovy:68)
	at com.kms.katalon.core.keyword.internal.KeywordExecutor.executeKeywordForPlatform(KeywordExecutor.groovy:103)
	at com.kms.katalon.core.webui.keyword.WebUiBuiltInKeywords.verifyTextNotPresent(WebUiBuiltInKeywords.groovy:1842)
	at TC_2.1_10.run(TC_2.1_10:29)
	at com.kms.katalon.core.main.ScriptEngine.run(ScriptEngine.java:203)
	at com.kms.katalon.core.main.ScriptEngine.runScriptAsRawText(ScriptEngine.java:115)
	at com.kms.katalon.core.main.TestCaseExecutor.runScript(TestCaseExecutor.java:506)
	at com.kms.katalon.core.main.TestCaseExecutor.doExecute(TestCaseExecutor.java:497)
	at com.kms.katalon.core.main.TestCaseExecutor.processExecutionPhase(TestCaseExecutor.java:476)
	at com.kms.katalon.core.main.TestCaseExecutor.accessMainPhase(TestCaseExecutor.java:468)
	at com.kms.katalon.core.main.TestCaseExecutor.execute(TestCaseExecutor.java:334)
	at com.kms.katalon.core.common.CommonExecutor.accessTestCaseMainPhase(CommonExecutor.java:71)
	at com.kms.katalon.core.main.TestSuiteExecutor.accessTestSuiteMainPhase(TestSuiteExecutor.java:153)
	at com.kms.katalon.core.main.TestSuiteExecutor.execute(TestSuiteExecutor.java:110)
	at com.kms.katalon.core.main.TestCaseMain.startTestSuite(TestCaseMain.java:206)
	at S0608_18.run(S0608_18.groovy:40)
	at java.base/jdk.internal.reflect.DirectMethodHandleAccessor.invoke(DirectMethodHandleAccessor.java:103)
)
	at com.kms.katalon.core.keyword.internal.KeywordMain.stepFailed(KeywordMain.groovy:39)
	at com.kms.katalon.core.webui.keyword.internal.WebUIKeywordMain.stepFailed(WebUIKeywordMain.groovy:177)
	at com.kms.katalon.core.webui.keyword.builtin.VerifyTextNotPresentKeyword$_verifyTextNotPresent_closure1.doCall(VerifyTextNotPresentKeyword.groovy:77)
	at com.kms.katalon.core.webui.keyword.builtin.VerifyTextNotPresentKeyword$_verifyTextNotPresent_closure1.call(VerifyTextNotPresentKeyword.groovy)
	at com.kms.katalon.core.webui.keyword.internal.WebUIKeywordMain.runKeyword(WebUIKeywordMain.groovy:41)
	at com.kms.katalon.core.webui.keyword.builtin.VerifyTextNotPresentKeyword.verifyTextNotPresent(VerifyTextNotPresentKeyword.groovy:82)
	at com.kms.katalon.core.webui.keyword.builtin.VerifyTextNotPresentKeyword.execute(VerifyTextNotPresentKeyword.groovy:68)
	at com.kms.katalon.core.keyword.internal.KeywordExecutor.executeKeywordForPlatform(KeywordExecutor.groovy:103)
	at com.kms.katalon.core.webui.keyword.WebUiBuiltInKeywords.verifyTextNotPresent(WebUiBuiltInKeywords.groovy:1842)
	at TC_2.1_10.run(TC_2.1_10:29)
	at com.kms.katalon.core.main.ScriptEngine.run(ScriptEngine.java:203)
	at com.kms.katalon.core.main.ScriptEngine.runScriptAsRawText(ScriptEngine.java:115)
	at com.kms.katalon.core.main.TestCaseExecutor.runScript(TestCaseExecutor.java:506)
	at com.kms.katalon.core.main.TestCaseExecutor.doExecute(TestCaseExecutor.java:497)
	at com.kms.katalon.core.main.TestCaseExecutor.processExecutionPhase(TestCaseExecutor.java:476)
	at com.kms.katalon.core.main.TestCaseExecutor.accessMainPhase(TestCaseExecutor.java:468)
	at com.kms.katalon.core.main.TestCaseExecutor.execute(TestCaseExecutor.java:334)
	at com.kms.katalon.core.common.CommonExecutor.accessTestCaseMainPhase(CommonExecutor.java:71)
	at com.kms.katalon.core.main.TestSuiteExecutor.accessTestSuiteMainPhase(TestSuiteExecutor.java:153)
	at com.kms.katalon.core.main.TestSuiteExecutor.execute(TestSuiteExecutor.java:110)
	at com.kms.katalon.core.main.TestCaseMain.startTestSuite(TestCaseMain.java:206)
	at S0608_18.run(S0608_18.groovy:40)
	at java.base/jdk.internal.reflect.DirectMethodHandleAccessor.invoke(DirectMethodHandleAccessor.java:103)
Caused by: com.kms.katalon.core.exception.StepFailedException: Text 'Non hai un account' is present on page 
	... 22 more

2026-06-08 22:24:43.182 INFO  c.k.katalon.core.main.TestCaseExecutor   - END Test Cases/Registrazione/TC_2.1_10
2026-06-08 22:24:43.184 INFO  c.k.katalon.core.main.TestCaseExecutor   - --------------------
2026-06-08 22:24:43.184 INFO  c.k.katalon.core.main.TestCaseExecutor   - START Test Cases/Registrazione/TC_2.1_10 - Retry attempt 1
2026-06-08 22:24:43.286 INFO  com.kms.katalon.core.util.KeywordUtil    - Seed ripristinato prima di: Test Cases/Registrazione/TC_2.1_10
2026-06-08 22:24:43.288 DEBUG testcase.TC_2.1_10                       - 1: openBrowser("")
2026-06-08 22:24:43.289 INFO  c.k.k.core.webui.driver.DriverFactory    - Starting 'Chrome' driver
2026-06-08 22:24:43.290 INFO  c.k.k.core.webui.driver.DriverFactory    - Action delay is set to 0 milliseconds
2026-06-08 22:24:44.307 INFO  c.k.k.core.webui.driver.DriverFactory    - sessionId = 6aea0a449866df4a9ee3c5c8378d0ffd
2026-06-08 22:24:44.308 INFO  c.k.k.core.webui.driver.DriverFactory    - browser = Chrome 148.0.7778.179
2026-06-08 22:24:44.308 INFO  c.k.k.core.webui.driver.DriverFactory    - platform = Windows 11
2026-06-08 22:24:44.308 INFO  c.k.k.core.webui.driver.DriverFactory    - seleniumVersion = 4.39.0
2026-06-08 22:24:44.309 INFO  c.k.k.core.webui.driver.DriverFactory    - proxyInformation = ProxyInformation { proxyOption=NO_PROXY, proxyServerType=HTTP, username=, password=********, proxyServerAddress=, proxyServerPort=0, executionList="", isApplyToDesiredCapabilities=true }
2026-06-08 22:24:44.323 DEBUG testcase.TC_2.1_10                       - 2: navigateToUrl(base + "SignForm.jsp")
2026-06-08 22:24:44.652 DEBUG testcase.TC_2.1_10                       - 3: delay(1)
2026-06-08 22:24:45.662 DEBUG testcase.TC_2.1_10                       - 4: executeJavaScript("document.getElementById('nome').value='Mario';" + "document.getElementById('cognome').value='   ';" + "document.getElementById('data_nascita').value='2000-05-15';" + "document.getElementById('codice_fiscale').value='RSSMRA00E15F839X';" + "document.getElementById('telefono').value='3331234567';" + "document.getElementById('email').value='mario.rossi@example.com';" + "document.getElementById('password').value='Password1';", null)
2026-06-08 22:24:45.679 DEBUG testcase.TC_2.1_10                       - 5: click(css("#submit"))
2026-06-08 22:24:45.680 DEBUG testcase.TC_2.1_10                       - 1: t = new com.kms.katalon.core.testobject.TestObject(sel)
2026-06-08 22:24:45.680 DEBUG testcase.TC_2.1_10                       - 2: t.addProperty("css", EQUALS, sel)
2026-06-08 22:24:45.681 DEBUG testcase.TC_2.1_10                       - 3: return t
2026-06-08 22:24:46.111 DEBUG testcase.TC_2.1_10                       - 6: delay(2)
2026-06-08 22:24:48.120 DEBUG testcase.TC_2.1_10                       - 7: takeScreenshot()
2026-06-08 22:24:48.852 DEBUG testcase.TC_2.1_10                       - 8: verifyTextNotPresent("Non hai un account", false, CONTINUE_ON_FAILURE)
2026-06-08 22:24:49.139 ERROR c.k.k.core.keyword.internal.KeywordMain  - ❌ Text 'Non hai un account' is present on page  (Root cause: com.kms.katalon.core.exception.StepFailedException: Text 'Non hai un account' is present on page 
	at com.kms.katalon.core.webui.keyword.internal.WebUIKeywordMain.stepFailed(WebUIKeywordMain.groovy:177)
	at com.kms.katalon.core.webui.keyword.builtin.VerifyTextNotPresentKeyword$_verifyTextNotPresent_closure1.doCall(VerifyTextNotPresentKeyword.groovy:77)
	at com.kms.katalon.core.webui.keyword.builtin.VerifyTextNotPresentKeyword$_verifyTextNotPresent_closure1.call(VerifyTextNotPresentKeyword.groovy)
	at com.kms.katalon.core.webui.keyword.internal.WebUIKeywordMain.runKeyword(WebUIKeywordMain.groovy:41)
	at com.kms.katalon.core.webui.keyword.builtin.VerifyTextNotPresentKeyword.verifyTextNotPresent(VerifyTextNotPresentKeyword.groovy:82)
	at com.kms.katalon.core.webui.keyword.builtin.VerifyTextNotPresentKeyword.execute(VerifyTextNotPresentKeyword.groovy:68)
	at com.kms.katalon.core.keyword.internal.KeywordExecutor.executeKeywordForPlatform(KeywordExecutor.groovy:103)
	at com.kms.katalon.core.webui.keyword.WebUiBuiltInKeywords.verifyTextNotPresent(WebUiBuiltInKeywords.groovy:1842)
	at TC_2.1_10.run(TC_2.1_10:29)
	at com.kms.katalon.core.main.ScriptEngine.run(ScriptEngine.java:203)
	at com.kms.katalon.core.main.ScriptEngine.runScriptAsRawText(ScriptEngine.java:115)
	at com.kms.katalon.core.main.TestCaseExecutor.runScript(TestCaseExecutor.java:506)
	at com.kms.katalon.core.main.TestCaseExecutor.doExecute(TestCaseExecutor.java:497)
	at com.kms.katalon.core.main.TestCaseExecutor.processExecutionPhase(TestCaseExecutor.java:476)
	at com.kms.katalon.core.main.TestCaseExecutor.accessMainPhase(TestCaseExecutor.java:468)
	at com.kms.katalon.core.main.TestCaseExecutor.execute(TestCaseExecutor.java:334)
	at com.kms.katalon.core.main.TestCaseExecutor.execute(TestCaseExecutor.java:426)
	at com.kms.katalon.core.common.CommonExecutor.accessTestCaseMainPhase(CommonExecutor.java:71)
	at com.kms.katalon.core.main.TestSuiteExecutor.accessTestSuiteMainPhase(TestSuiteExecutor.java:153)
	at com.kms.katalon.core.main.TestSuiteExecutor.execute(TestSuiteExecutor.java:110)
	at com.kms.katalon.core.main.TestCaseMain.startTestSuite(TestCaseMain.java:206)
	at S0608_18.run(S0608_18.groovy:40)
	at java.base/jdk.internal.reflect.DirectMethodHandleAccessor.invoke(DirectMethodHandleAccessor.java:103)
)
2026-06-08 22:24:49.141 DEBUG testcase.TC_2.1_10                       - 9: closeBrowser()
2026-06-08 22:24:49.371 ERROR c.k.katalon.core.main.TestCaseExecutor   - ❌ Test Cases/Registrazione/TC_2.1_10 FAILED.
Reason:
com.kms.katalon.core.exception.StepFailedException: Text 'Non hai un account' is present on page  (Root cause: com.kms.katalon.core.exception.StepFailedException: Text 'Non hai un account' is present on page 
	at com.kms.katalon.core.webui.keyword.internal.WebUIKeywordMain.stepFailed(WebUIKeywordMain.groovy:177)
	at com.kms.katalon.core.webui.keyword.builtin.VerifyTextNotPresentKeyword$_verifyTextNotPresent_closure1.doCall(VerifyTextNotPresentKeyword.groovy:77)
	at com.kms.katalon.core.webui.keyword.builtin.VerifyTextNotPresentKeyword$_verifyTextNotPresent_closure1.call(VerifyTextNotPresentKeyword.groovy)
	at com.kms.katalon.core.webui.keyword.internal.WebUIKeywordMain.runKeyword(WebUIKeywordMain.groovy:41)
	at com.kms.katalon.core.webui.keyword.builtin.VerifyTextNotPresentKeyword.verifyTextNotPresent(VerifyTextNotPresentKeyword.groovy:82)
	at com.kms.katalon.core.webui.keyword.builtin.VerifyTextNotPresentKeyword.execute(VerifyTextNotPresentKeyword.groovy:68)
	at com.kms.katalon.core.keyword.internal.KeywordExecutor.executeKeywordForPlatform(KeywordExecutor.groovy:103)
	at com.kms.katalon.core.webui.keyword.WebUiBuiltInKeywords.verifyTextNotPresent(WebUiBuiltInKeywords.groovy:1842)
	at TC_2.1_10.run(TC_2.1_10:29)
	at com.kms.katalon.core.main.ScriptEngine.run(ScriptEngine.java:203)
	at com.kms.katalon.core.main.ScriptEngine.runScriptAsRawText(ScriptEngine.java:115)
	at com.kms.katalon.core.main.TestCaseExecutor.runScript(TestCaseExecutor.java:506)
	at com.kms.katalon.core.main.TestCaseExecutor.doExecute(TestCaseExecutor.java:497)
	at com.kms.katalon.core.main.TestCaseExecutor.processExecutionPhase(TestCaseExecutor.java:476)
	at com.kms.katalon.core.main.TestCaseExecutor.accessMainPhase(TestCaseExecutor.java:468)
	at com.kms.katalon.core.main.TestCaseExecutor.execute(TestCaseExecutor.java:334)
	at com.kms.katalon.core.main.TestCaseExecutor.execute(TestCaseExecutor.java:426)
	at com.kms.katalon.core.common.CommonExecutor.accessTestCaseMainPhase(CommonExecutor.java:71)
	at com.kms.katalon.core.main.TestSuiteExecutor.accessTestSuiteMainPhase(TestSuiteExecutor.java:153)
	at com.kms.katalon.core.main.TestSuiteExecutor.execute(TestSuiteExecutor.java:110)
	at com.kms.katalon.core.main.TestCaseMain.startTestSuite(TestCaseMain.java:206)
	at S0608_18.run(S0608_18.groovy:40)
	at java.base/jdk.internal.reflect.DirectMethodHandleAccessor.invoke(DirectMethodHandleAccessor.java:103)
)
	at com.kms.katalon.core.keyword.internal.KeywordMain.stepFailed(KeywordMain.groovy:39)
	at com.kms.katalon.core.webui.keyword.internal.WebUIKeywordMain.stepFailed(WebUIKeywordMain.groovy:177)
	at com.kms.katalon.core.webui.keyword.builtin.VerifyTextNotPresentKeyword$_verifyTextNotPresent_closure1.doCall(VerifyTextNotPresentKeyword.groovy:77)
	at com.kms.katalon.core.webui.keyword.builtin.VerifyTextNotPresentKeyword$_verifyTextNotPresent_closure1.call(VerifyTextNotPresentKeyword.groovy)
	at com.kms.katalon.core.webui.keyword.internal.WebUIKeywordMain.runKeyword(WebUIKeywordMain.groovy:41)
	at com.kms.katalon.core.webui.keyword.builtin.VerifyTextNotPresentKeyword.verifyTextNotPresent(VerifyTextNotPresentKeyword.groovy:82)
	at com.kms.katalon.core.webui.keyword.builtin.VerifyTextNotPresentKeyword.execute(VerifyTextNotPresentKeyword.groovy:68)
	at com.kms.katalon.core.keyword.internal.KeywordExecutor.executeKeywordForPlatform(KeywordExecutor.groovy:103)
	at com.kms.katalon.core.webui.keyword.WebUiBuiltInKeywords.verifyTextNotPresent(WebUiBuiltInKeywords.groovy:1842)
	at TC_2.1_10.run(TC_2.1_10:29)
	at com.kms.katalon.core.main.ScriptEngine.run(ScriptEngine.java:203)
	at com.kms.katalon.core.main.ScriptEngine.runScriptAsRawText(ScriptEngine.java:115)
	at com.kms.katalon.core.main.TestCaseExecutor.runScript(TestCaseExecutor.java:506)
	at com.kms.katalon.core.main.TestCaseExecutor.doExecute(TestCaseExecutor.java:497)
	at com.kms.katalon.core.main.TestCaseExecutor.processExecutionPhase(TestCaseExecutor.java:476)
	at com.kms.katalon.core.main.TestCaseExecutor.accessMainPhase(TestCaseExecutor.java:468)
	at com.kms.katalon.core.main.TestCaseExecutor.execute(TestCaseExecutor.java:334)
	at com.kms.katalon.core.main.TestCaseExecutor.execute(TestCaseExecutor.java:426)
	at com.kms.katalon.core.common.CommonExecutor.accessTestCaseMainPhase(CommonExecutor.java:71)
	at com.kms.katalon.core.main.TestSuiteExecutor.accessTestSuiteMainPhase(TestSuiteExecutor.java:153)
	at com.kms.katalon.core.main.TestSuiteExecutor.execute(TestSuiteExecutor.java:110)
	at com.kms.katalon.core.main.TestCaseMain.startTestSuite(TestCaseMain.java:206)
	at S0608_18.run(S0608_18.groovy:40)
	at java.base/jdk.internal.reflect.DirectMethodHandleAccessor.invoke(DirectMethodHandleAccessor.java:103)
Caused by: com.kms.katalon.core.exception.StepFailedException: Text 'Non hai un account' is present on page 
	... 23 more

2026-06-08 22:24:49.373 INFO  c.k.katalon.core.main.TestCaseExecutor   - END Test Cases/Registrazione/TC_2.1_10
2026-06-08 22:24:49.375 INFO  c.k.katalon.core.main.TestCaseExecutor   - --------------------
2026-06-08 22:24:49.375 INFO  c.k.katalon.core.main.TestCaseExecutor   - START Test Cases/Registrazione/TC_2.1_10 - Retry attempt 2
2026-06-08 22:24:49.484 INFO  com.kms.katalon.core.util.KeywordUtil    - Seed ripristinato prima di: Test Cases/Registrazione/TC_2.1_10
2026-06-08 22:24:49.485 DEBUG testcase.TC_2.1_10                       - 1: openBrowser("")
2026-06-08 22:24:49.486 INFO  c.k.k.core.webui.driver.DriverFactory    - Starting 'Chrome' driver
2026-06-08 22:24:49.487 INFO  c.k.k.core.webui.driver.DriverFactory    - Action delay is set to 0 milliseconds
2026-06-08 22:24:50.662 INFO  c.k.k.core.webui.driver.DriverFactory    - sessionId = 46d8bfcef44e372b72723860a74c170b
2026-06-08 22:24:50.663 INFO  c.k.k.core.webui.driver.DriverFactory    - browser = Chrome 148.0.7778.179
2026-06-08 22:24:50.663 INFO  c.k.k.core.webui.driver.DriverFactory    - platform = Windows 11
2026-06-08 22:24:50.664 INFO  c.k.k.core.webui.driver.DriverFactory    - seleniumVersion = 4.39.0
2026-06-08 22:24:50.665 INFO  c.k.k.core.webui.driver.DriverFactory    - proxyInformation = ProxyInformation { proxyOption=NO_PROXY, proxyServerType=HTTP, username=, password=********, proxyServerAddress=, proxyServerPort=0, executionList="", isApplyToDesiredCapabilities=true }
2026-06-08 22:24:50.682 DEBUG testcase.TC_2.1_10                       - 2: navigateToUrl(base + "SignForm.jsp")
2026-06-08 22:24:51.070 DEBUG testcase.TC_2.1_10                       - 3: delay(1)
2026-06-08 22:24:52.082 DEBUG testcase.TC_2.1_10                       - 4: executeJavaScript("document.getElementById('nome').value='Mario';" + "document.getElementById('cognome').value='   ';" + "document.getElementById('data_nascita').value='2000-05-15';" + "document.getElementById('codice_fiscale').value='RSSMRA00E15F839X';" + "document.getElementById('telefono').value='3331234567';" + "document.getElementById('email').value='mario.rossi@example.com';" + "document.getElementById('password').value='Password1';", null)
2026-06-08 22:24:52.102 DEBUG testcase.TC_2.1_10                       - 5: click(css("#submit"))
2026-06-08 22:24:52.102 DEBUG testcase.TC_2.1_10                       - 1: t = new com.kms.katalon.core.testobject.TestObject(sel)
2026-06-08 22:24:52.103 DEBUG testcase.TC_2.1_10                       - 2: t.addProperty("css", EQUALS, sel)
2026-06-08 22:24:52.103 DEBUG testcase.TC_2.1_10                       - 3: return t
2026-06-08 22:24:52.537 DEBUG testcase.TC_2.1_10                       - 6: delay(2)
2026-06-08 22:24:54.544 DEBUG testcase.TC_2.1_10                       - 7: takeScreenshot()
2026-06-08 22:24:55.266 DEBUG testcase.TC_2.1_10                       - 8: verifyTextNotPresent("Non hai un account", false, CONTINUE_ON_FAILURE)
2026-06-08 22:24:55.545 ERROR c.k.k.core.keyword.internal.KeywordMain  - ❌ Text 'Non hai un account' is present on page  (Root cause: com.kms.katalon.core.exception.StepFailedException: Text 'Non hai un account' is present on page 
	at com.kms.katalon.core.webui.keyword.internal.WebUIKeywordMain.stepFailed(WebUIKeywordMain.groovy:177)
	at com.kms.katalon.core.webui.keyword.builtin.VerifyTextNotPresentKeyword$_verifyTextNotPresent_closure1.doCall(VerifyTextNotPresentKeyword.groovy:77)
	at com.kms.katalon.core.webui.keyword.builtin.VerifyTextNotPresentKeyword$_verifyTextNotPresent_closure1.call(VerifyTextNotPresentKeyword.groovy)
	at com.kms.katalon.core.webui.keyword.internal.WebUIKeywordMain.runKeyword(WebUIKeywordMain.groovy:41)
	at com.kms.katalon.core.webui.keyword.builtin.VerifyTextNotPresentKeyword.verifyTextNotPresent(VerifyTextNotPresentKeyword.groovy:82)
	at com.kms.katalon.core.webui.keyword.builtin.VerifyTextNotPresentKeyword.execute(VerifyTextNotPresentKeyword.groovy:68)
	at com.kms.katalon.core.keyword.internal.KeywordExecutor.executeKeywordForPlatform(KeywordExecutor.groovy:103)
	at com.kms.katalon.core.webui.keyword.WebUiBuiltInKeywords.verifyTextNotPresent(WebUiBuiltInKeywords.groovy:1842)
	at TC_2.1_10.run(TC_2.1_10:29)
	at com.kms.katalon.core.main.ScriptEngine.run(ScriptEngine.java:203)
	at com.kms.katalon.core.main.ScriptEngine.runScriptAsRawText(ScriptEngine.java:115)
	at com.kms.katalon.core.main.TestCaseExecutor.runScript(TestCaseExecutor.java:506)
	at com.kms.katalon.core.main.TestCaseExecutor.doExecute(TestCaseExecutor.java:497)
	at com.kms.katalon.core.main.TestCaseExecutor.processExecutionPhase(TestCaseExecutor.java:476)
	at com.kms.katalon.core.main.TestCaseExecutor.accessMainPhase(TestCaseExecutor.java:468)
	at com.kms.katalon.core.main.TestCaseExecutor.execute(TestCaseExecutor.java:334)
	at com.kms.katalon.core.main.TestCaseExecutor.execute(TestCaseExecutor.java:426)
	at com.kms.katalon.core.main.TestCaseExecutor.execute(TestCaseExecutor.java:426)
	at com.kms.katalon.core.common.CommonExecutor.accessTestCaseMainPhase(CommonExecutor.java:71)
	at com.kms.katalon.core.main.TestSuiteExecutor.accessTestSuiteMainPhase(TestSuiteExecutor.java:153)
	at com.kms.katalon.core.main.TestSuiteExecutor.execute(TestSuiteExecutor.java:110)
	at com.kms.katalon.core.main.TestCaseMain.startTestSuite(TestCaseMain.java:206)
	at S0608_18.run(S0608_18.groovy:40)
	at java.base/jdk.internal.reflect.DirectMethodHandleAccessor.invoke(DirectMethodHandleAccessor.java:103)
)
2026-06-08 22:24:55.546 DEBUG testcase.TC_2.1_10                       - 9: closeBrowser()
2026-06-08 22:24:55.825 ERROR c.k.katalon.core.main.TestCaseExecutor   - ❌ Test Cases/Registrazione/TC_2.1_10 FAILED.
Reason:
com.kms.katalon.core.exception.StepFailedException: Text 'Non hai un account' is present on page  (Root cause: com.kms.katalon.core.exception.StepFailedException: Text 'Non hai un account' is present on page 
	at com.kms.katalon.core.webui.keyword.internal.WebUIKeywordMain.stepFailed(WebUIKeywordMain.groovy:177)
	at com.kms.katalon.core.webui.keyword.builtin.VerifyTextNotPresentKeyword$_verifyTextNotPresent_closure1.doCall(VerifyTextNotPresentKeyword.groovy:77)
	at com.kms.katalon.core.webui.keyword.builtin.VerifyTextNotPresentKeyword$_verifyTextNotPresent_closure1.call(VerifyTextNotPresentKeyword.groovy)
	at com.kms.katalon.core.webui.keyword.internal.WebUIKeywordMain.runKeyword(WebUIKeywordMain.groovy:41)
	at com.kms.katalon.core.webui.keyword.builtin.VerifyTextNotPresentKeyword.verifyTextNotPresent(VerifyTextNotPresentKeyword.groovy:82)
	at com.kms.katalon.core.webui.keyword.builtin.VerifyTextNotPresentKeyword.execute(VerifyTextNotPresentKeyword.groovy:68)
	at com.kms.katalon.core.keyword.internal.KeywordExecutor.executeKeywordForPlatform(KeywordExecutor.groovy:103)
	at com.kms.katalon.core.webui.keyword.WebUiBuiltInKeywords.verifyTextNotPresent(WebUiBuiltInKeywords.groovy:1842)
	at TC_2.1_10.run(TC_2.1_10:29)
	at com.kms.katalon.core.main.ScriptEngine.run(ScriptEngine.java:203)
	at com.kms.katalon.core.main.ScriptEngine.runScriptAsRawText(ScriptEngine.java:115)
	at com.kms.katalon.core.main.TestCaseExecutor.runScript(TestCaseExecutor.java:506)
	at com.kms.katalon.core.main.TestCaseExecutor.doExecute(TestCaseExecutor.java:497)
	at com.kms.katalon.core.main.TestCaseExecutor.processExecutionPhase(TestCaseExecutor.java:476)
	at com.kms.katalon.core.main.TestCaseExecutor.accessMainPhase(TestCaseExecutor.java:468)
	at com.kms.katalon.core.main.TestCaseExecutor.execute(TestCaseExecutor.java:334)
	at com.kms.katalon.core.main.TestCaseExecutor.execute(TestCaseExecutor.java:426)
	at com.kms.katalon.core.main.TestCaseExecutor.execute(TestCaseExecutor.java:426)
	at com.kms.katalon.core.common.CommonExecutor.accessTestCaseMainPhase(CommonExecutor.java:71)
	at com.kms.katalon.core.main.TestSuiteExecutor.accessTestSuiteMainPhase(TestSuiteExecutor.java:153)
	at com.kms.katalon.core.main.TestSuiteExecutor.execute(TestSuiteExecutor.java:110)
	at com.kms.katalon.core.main.TestCaseMain.startTestSuite(TestCaseMain.java:206)
	at S0608_18.run(S0608_18.groovy:40)
	at java.base/jdk.internal.reflect.DirectMethodHandleAccessor.invoke(DirectMethodHandleAccessor.java:103)
)
	at com.kms.katalon.core.keyword.internal.KeywordMain.stepFailed(KeywordMain.groovy:39)
	at com.kms.katalon.core.webui.keyword.internal.WebUIKeywordMain.stepFailed(WebUIKeywordMain.groovy:177)
	at com.kms.katalon.core.webui.keyword.builtin.VerifyTextNotPresentKeyword$_verifyTextNotPresent_closure1.doCall(VerifyTextNotPresentKeyword.groovy:77)
	at com.kms.katalon.core.webui.keyword.builtin.VerifyTextNotPresentKeyword$_verifyTextNotPresent_closure1.call(VerifyTextNotPresentKeyword.groovy)
	at com.kms.katalon.core.webui.keyword.internal.WebUIKeywordMain.runKeyword(WebUIKeywordMain.groovy:41)
	at com.kms.katalon.core.webui.keyword.builtin.VerifyTextNotPresentKeyword.verifyTextNotPresent(VerifyTextNotPresentKeyword.groovy:82)
	at com.kms.katalon.core.webui.keyword.builtin.VerifyTextNotPresentKeyword.execute(VerifyTextNotPresentKeyword.groovy:68)
	at com.kms.katalon.core.keyword.internal.KeywordExecutor.executeKeywordForPlatform(KeywordExecutor.groovy:103)
	at com.kms.katalon.core.webui.keyword.WebUiBuiltInKeywords.verifyTextNotPresent(WebUiBuiltInKeywords.groovy:1842)
	at TC_2.1_10.run(TC_2.1_10:29)
	at com.kms.katalon.core.main.ScriptEngine.run(ScriptEngine.java:203)
	at com.kms.katalon.core.main.ScriptEngine.runScriptAsRawText(ScriptEngine.java:115)
	at com.kms.katalon.core.main.TestCaseExecutor.runScript(TestCaseExecutor.java:506)
	at com.kms.katalon.core.main.TestCaseExecutor.doExecute(TestCaseExecutor.java:497)
	at com.kms.katalon.core.main.TestCaseExecutor.processExecutionPhase(TestCaseExecutor.java:476)
	at com.kms.katalon.core.main.TestCaseExecutor.accessMainPhase(TestCaseExecutor.java:468)
	at com.kms.katalon.core.main.TestCaseExecutor.execute(TestCaseExecutor.java:334)
	at com.kms.katalon.core.main.TestCaseExecutor.execute(TestCaseExecutor.java:426)
	at com.kms.katalon.core.main.TestCaseExecutor.execute(TestCaseExecutor.java:426)
	at com.kms.katalon.core.common.CommonExecutor.accessTestCaseMainPhase(CommonExecutor.java:71)
	at com.kms.katalon.core.main.TestSuiteExecutor.accessTestSuiteMainPhase(TestSuiteExecutor.java:153)
	at com.kms.katalon.core.main.TestSuiteExecutor.execute(TestSuiteExecutor.java:110)
	at com.kms.katalon.core.main.TestCaseMain.startTestSuite(TestCaseMain.java:206)
	at S0608_18.run(S0608_18.groovy:40)
	at java.base/jdk.internal.reflect.DirectMethodHandleAccessor.invoke(DirectMethodHandleAccessor.java:103)
Caused by: com.kms.katalon.core.exception.StepFailedException: Text 'Non hai un account' is present on page 
	... 24 more

2026-06-08 22:24:55.826 INFO  c.k.katalon.core.main.TestCaseExecutor   - END Test Cases/Registrazione/TC_2.1_10
2026-06-08 22:24:55.829 INFO  c.k.katalon.core.main.TestCaseExecutor   - --------------------
2026-06-08 22:24:55.829 INFO  c.k.katalon.core.main.TestCaseExecutor   - START Test Cases/Registrazione/TC_2.1_10 - Retry attempt 3
2026-06-08 22:24:55.931 INFO  com.kms.katalon.core.util.KeywordUtil    - Seed ripristinato prima di: Test Cases/Registrazione/TC_2.1_10
2026-06-08 22:24:55.932 DEBUG testcase.TC_2.1_10                       - 1: openBrowser("")
2026-06-08 22:24:55.934 INFO  c.k.k.core.webui.driver.DriverFactory    - Starting 'Chrome' driver
2026-06-08 22:24:55.935 INFO  c.k.k.core.webui.driver.DriverFactory    - Action delay is set to 0 milliseconds
2026-06-08 22:24:56.968 INFO  c.k.k.core.webui.driver.DriverFactory    - sessionId = 73e7f564902cad7799493bd9ee7e52d9
2026-06-08 22:24:56.969 INFO  c.k.k.core.webui.driver.DriverFactory    - browser = Chrome 148.0.7778.179
2026-06-08 22:24:56.970 INFO  c.k.k.core.webui.driver.DriverFactory    - platform = Windows 11
2026-06-08 22:24:56.970 INFO  c.k.k.core.webui.driver.DriverFactory    - seleniumVersion = 4.39.0
2026-06-08 22:24:56.971 INFO  c.k.k.core.webui.driver.DriverFactory    - proxyInformation = ProxyInformation { proxyOption=NO_PROXY, proxyServerType=HTTP, username=, password=********, proxyServerAddress=, proxyServerPort=0, executionList="", isApplyToDesiredCapabilities=true }
2026-06-08 22:24:56.989 DEBUG testcase.TC_2.1_10                       - 2: navigateToUrl(base + "SignForm.jsp")
2026-06-08 22:24:57.330 DEBUG testcase.TC_2.1_10                       - 3: delay(1)
2026-06-08 22:24:58.341 DEBUG testcase.TC_2.1_10                       - 4: executeJavaScript("document.getElementById('nome').value='Mario';" + "document.getElementById('cognome').value='   ';" + "document.getElementById('data_nascita').value='2000-05-15';" + "document.getElementById('codice_fiscale').value='RSSMRA00E15F839X';" + "document.getElementById('telefono').value='3331234567';" + "document.getElementById('email').value='mario.rossi@example.com';" + "document.getElementById('password').value='Password1';", null)
2026-06-08 22:24:58.360 DEBUG testcase.TC_2.1_10                       - 5: click(css("#submit"))
2026-06-08 22:24:58.361 DEBUG testcase.TC_2.1_10                       - 1: t = new com.kms.katalon.core.testobject.TestObject(sel)
2026-06-08 22:24:58.361 DEBUG testcase.TC_2.1_10                       - 2: t.addProperty("css", EQUALS, sel)
2026-06-08 22:24:58.362 DEBUG testcase.TC_2.1_10                       - 3: return t
2026-06-08 22:24:58.775 DEBUG testcase.TC_2.1_10                       - 6: delay(2)
2026-06-08 22:25:00.778 DEBUG testcase.TC_2.1_10                       - 7: takeScreenshot()
2026-06-08 22:25:01.506 DEBUG testcase.TC_2.1_10                       - 8: verifyTextNotPresent("Non hai un account", false, CONTINUE_ON_FAILURE)
2026-06-08 22:25:01.811 ERROR c.k.k.core.keyword.internal.KeywordMain  - ❌ Text 'Non hai un account' is present on page  (Root cause: com.kms.katalon.core.exception.StepFailedException: Text 'Non hai un account' is present on page 
	at com.kms.katalon.core.webui.keyword.internal.WebUIKeywordMain.stepFailed(WebUIKeywordMain.groovy:177)
	at com.kms.katalon.core.webui.keyword.builtin.VerifyTextNotPresentKeyword$_verifyTextNotPresent_closure1.doCall(VerifyTextNotPresentKeyword.groovy:77)
	at com.kms.katalon.core.webui.keyword.builtin.VerifyTextNotPresentKeyword$_verifyTextNotPresent_closure1.call(VerifyTextNotPresentKeyword.groovy)
	at com.kms.katalon.core.webui.keyword.internal.WebUIKeywordMain.runKeyword(WebUIKeywordMain.groovy:41)
	at com.kms.katalon.core.webui.keyword.builtin.VerifyTextNotPresentKeyword.verifyTextNotPresent(VerifyTextNotPresentKeyword.groovy:82)
	at com.kms.katalon.core.webui.keyword.builtin.VerifyTextNotPresentKeyword.execute(VerifyTextNotPresentKeyword.groovy:68)
	at com.kms.katalon.core.keyword.internal.KeywordExecutor.executeKeywordForPlatform(KeywordExecutor.groovy:103)
	at com.kms.katalon.core.webui.keyword.WebUiBuiltInKeywords.verifyTextNotPresent(WebUiBuiltInKeywords.groovy:1842)
	at TC_2.1_10.run(TC_2.1_10:29)
	at com.kms.katalon.core.main.ScriptEngine.run(ScriptEngine.java:203)
	at com.kms.katalon.core.main.ScriptEngine.runScriptAsRawText(ScriptEngine.java:115)
	at com.kms.katalon.core.main.TestCaseExecutor.runScript(TestCaseExecutor.java:506)
	at com.kms.katalon.core.main.TestCaseExecutor.doExecute(TestCaseExecutor.java:497)
	at com.kms.katalon.core.main.TestCaseExecutor.processExecutionPhase(TestCaseExecutor.java:476)
	at com.kms.katalon.core.main.TestCaseExecutor.accessMainPhase(TestCaseExecutor.java:468)
	at com.kms.katalon.core.main.TestCaseExecutor.execute(TestCaseExecutor.java:334)
	at com.kms.katalon.core.main.TestCaseExecutor.execute(TestCaseExecutor.java:426)
	at com.kms.katalon.core.main.TestCaseExecutor.execute(TestCaseExecutor.java:426)
	at com.kms.katalon.core.main.TestCaseExecutor.execute(TestCaseExecutor.java:426)
	at com.kms.katalon.core.common.CommonExecutor.accessTestCaseMainPhase(CommonExecutor.java:71)
	at com.kms.katalon.core.main.TestSuiteExecutor.accessTestSuiteMainPhase(TestSuiteExecutor.java:153)
	at com.kms.katalon.core.main.TestSuiteExecutor.execute(TestSuiteExecutor.java:110)
	at com.kms.katalon.core.main.TestCaseMain.startTestSuite(TestCaseMain.java:206)
	at S0608_18.run(S0608_18.groovy:40)
	at java.base/jdk.internal.reflect.DirectMethodHandleAccessor.invoke(DirectMethodHandleAccessor.java:103)
)
2026-06-08 22:25:01.814 DEBUG testcase.TC_2.1_10                       - 9: closeBrowser()
2026-06-08 22:25:02.110 ERROR c.k.katalon.core.main.TestCaseExecutor   - ❌ Test Cases/Registrazione/TC_2.1_10 FAILED.
Reason:
com.kms.katalon.core.exception.StepFailedException: Text 'Non hai un account' is present on page  (Root cause: com.kms.katalon.core.exception.StepFailedException: Text 'Non hai un account' is present on page 
	at com.kms.katalon.core.webui.keyword.internal.WebUIKeywordMain.stepFailed(WebUIKeywordMain.groovy:177)
	at com.kms.katalon.core.webui.keyword.builtin.VerifyTextNotPresentKeyword$_verifyTextNotPresent_closure1.doCall(VerifyTextNotPresentKeyword.groovy:77)
	at com.kms.katalon.core.webui.keyword.builtin.VerifyTextNotPresentKeyword$_verifyTextNotPresent_closure1.call(VerifyTextNotPresentKeyword.groovy)
	at com.kms.katalon.core.webui.keyword.internal.WebUIKeywordMain.runKeyword(WebUIKeywordMain.groovy:41)
	at com.kms.katalon.core.webui.keyword.builtin.VerifyTextNotPresentKeyword.verifyTextNotPresent(VerifyTextNotPresentKeyword.groovy:82)
	at com.kms.katalon.core.webui.keyword.builtin.VerifyTextNotPresentKeyword.execute(VerifyTextNotPresentKeyword.groovy:68)
	at com.kms.katalon.core.keyword.internal.KeywordExecutor.executeKeywordForPlatform(KeywordExecutor.groovy:103)
	at com.kms.katalon.core.webui.keyword.WebUiBuiltInKeywords.verifyTextNotPresent(WebUiBuiltInKeywords.groovy:1842)
	at TC_2.1_10.run(TC_2.1_10:29)
	at com.kms.katalon.core.main.ScriptEngine.run(ScriptEngine.java:203)
	at com.kms.katalon.core.main.ScriptEngine.runScriptAsRawText(ScriptEngine.java:115)
	at com.kms.katalon.core.main.TestCaseExecutor.runScript(TestCaseExecutor.java:506)
	at com.kms.katalon.core.main.TestCaseExecutor.doExecute(TestCaseExecutor.java:497)
	at com.kms.katalon.core.main.TestCaseExecutor.processExecutionPhase(TestCaseExecutor.java:476)
	at com.kms.katalon.core.main.TestCaseExecutor.accessMainPhase(TestCaseExecutor.java:468)
	at com.kms.katalon.core.main.TestCaseExecutor.execute(TestCaseExecutor.java:334)
	at com.kms.katalon.core.main.TestCaseExecutor.execute(TestCaseExecutor.java:426)
	at com.kms.katalon.core.main.TestCaseExecutor.execute(TestCaseExecutor.java:426)
	at com.kms.katalon.core.main.TestCaseExecutor.execute(TestCaseExecutor.java:426)
	at com.kms.katalon.core.common.CommonExecutor.accessTestCaseMainPhase(CommonExecutor.java:71)
	at com.kms.katalon.core.main.TestSuiteExecutor.accessTestSuiteMainPhase(TestSuiteExecutor.java:153)
	at com.kms.katalon.core.main.TestSuiteExecutor.execute(TestSuiteExecutor.java:110)
	at com.kms.katalon.core.main.TestCaseMain.startTestSuite(TestCaseMain.java:206)
	at S0608_18.run(S0608_18.groovy:40)
	at java.base/jdk.internal.reflect.DirectMethodHandleAccessor.invoke(DirectMethodHandleAccessor.java:103)
)
	at com.kms.katalon.core.keyword.internal.KeywordMain.stepFailed(KeywordMain.groovy:39)
	at com.kms.katalon.core.webui.keyword.internal.WebUIKeywordMain.stepFailed(WebUIKeywordMain.groovy:177)
	at com.kms.katalon.core.webui.keyword.builtin.VerifyTextNotPresentKeyword$_verifyTextNotPresent_closure1.doCall(VerifyTextNotPresentKeyword.groovy:77)
	at com.kms.katalon.core.webui.keyword.builtin.VerifyTextNotPresentKeyword$_verifyTextNotPresent_closure1.call(VerifyTextNotPresentKeyword.groovy)
	at com.kms.katalon.core.webui.keyword.internal.WebUIKeywordMain.runKeyword(WebUIKeywordMain.groovy:41)
	at com.kms.katalon.core.webui.keyword.builtin.VerifyTextNotPresentKeyword.verifyTextNotPresent(VerifyTextNotPresentKeyword.groovy:82)
	at com.kms.katalon.core.webui.keyword.builtin.VerifyTextNotPresentKeyword.execute(VerifyTextNotPresentKeyword.groovy:68)
	at com.kms.katalon.core.keyword.internal.KeywordExecutor.executeKeywordForPlatform(KeywordExecutor.groovy:103)
	at com.kms.katalon.core.webui.keyword.WebUiBuiltInKeywords.verifyTextNotPresent(WebUiBuiltInKeywords.groovy:1842)
	at TC_2.1_10.run(TC_2.1_10:29)
	at com.kms.katalon.core.main.ScriptEngine.run(ScriptEngine.java:203)
	at com.kms.katalon.core.main.ScriptEngine.runScriptAsRawText(ScriptEngine.java:115)
	at com.kms.katalon.core.main.TestCaseExecutor.runScript(TestCaseExecutor.java:506)
	at com.kms.katalon.core.main.TestCaseExecutor.doExecute(TestCaseExecutor.java:497)
	at com.kms.katalon.core.main.TestCaseExecutor.processExecutionPhase(TestCaseExecutor.java:476)
	at com.kms.katalon.core.main.TestCaseExecutor.accessMainPhase(TestCaseExecutor.java:468)
	at com.kms.katalon.core.main.TestCaseExecutor.execute(TestCaseExecutor.java:334)
	at com.kms.katalon.core.main.TestCaseExecutor.execute(TestCaseExecutor.java:426)
	at com.kms.katalon.core.main.TestCaseExecutor.execute(TestCaseExecutor.java:426)
	at com.kms.katalon.core.main.TestCaseExecutor.execute(TestCaseExecutor.java:426)
	at com.kms.katalon.core.common.CommonExecutor.accessTestCaseMainPhase(CommonExecutor.java:71)
	at com.kms.katalon.core.main.TestSuiteExecutor.accessTestSuiteMainPhase(TestSuiteExecutor.java:153)
	at com.kms.katalon.core.main.TestSuiteExecutor.execute(TestSuiteExecutor.java:110)
	at com.kms.katalon.core.main.TestCaseMain.startTestSuite(TestCaseMain.java:206)
	at S0608_18.run(S0608_18.groovy:40)
	at java.base/jdk.internal.reflect.DirectMethodHandleAccessor.invoke(DirectMethodHandleAccessor.java:103)
Caused by: com.kms.katalon.core.exception.StepFailedException: Text 'Non hai un account' is present on page 
	... 25 more

2026-06-08 22:25:02.111 INFO  c.k.katalon.core.main.TestCaseExecutor   - END Test Cases/Registrazione/TC_2.1_10
2026-06-08 22:25:02.114 INFO  c.k.katalon.core.main.TestCaseExecutor   - --------------------
2026-06-08 22:25:02.114 INFO  c.k.katalon.core.main.TestCaseExecutor   - START Test Cases/Registrazione/TC_2.1_11
2026-06-08 22:25:02.214 INFO  com.kms.katalon.core.util.KeywordUtil    - Seed ripristinato prima di: Test Cases/Registrazione/TC_2.1_11
2026-06-08 22:25:02.277 DEBUG testcase.TC_2.1_11                       - 1: openBrowser("")
2026-06-08 22:25:02.278 INFO  c.k.k.core.webui.driver.DriverFactory    - Starting 'Chrome' driver
2026-06-08 22:25:02.279 INFO  c.k.k.core.webui.driver.DriverFactory    - Action delay is set to 0 milliseconds
2026-06-08 22:25:03.288 INFO  c.k.k.core.webui.driver.DriverFactory    - sessionId = 511e818b61a32b6cab5359df8c57fc20
2026-06-08 22:25:03.289 INFO  c.k.k.core.webui.driver.DriverFactory    - browser = Chrome 148.0.7778.179
2026-06-08 22:25:03.289 INFO  c.k.k.core.webui.driver.DriverFactory    - platform = Windows 11
2026-06-08 22:25:03.289 INFO  c.k.k.core.webui.driver.DriverFactory    - seleniumVersion = 4.39.0
2026-06-08 22:25:03.289 INFO  c.k.k.core.webui.driver.DriverFactory    - proxyInformation = ProxyInformation { proxyOption=NO_PROXY, proxyServerType=HTTP, username=, password=********, proxyServerAddress=, proxyServerPort=0, executionList="", isApplyToDesiredCapabilities=true }
2026-06-08 22:25:03.306 DEBUG testcase.TC_2.1_11                       - 2: navigateToUrl(base + "SignForm.jsp")
2026-06-08 22:25:03.667 DEBUG testcase.TC_2.1_11                       - 3: delay(1)
2026-06-08 22:25:04.672 DEBUG testcase.TC_2.1_11                       - 4: executeJavaScript("document.getElementById('nome').value='Mario';" + "document.getElementById('cognome').value='Rossi';" + "document.getElementById('data_nascita').value='2000-05-15';" + "document.getElementById('codice_fiscale').value='                ';" + "document.getElementById('telefono').value='3331234567';" + "document.getElementById('email').value='mario.rossi@example.com';" + "document.getElementById('password').value='Password1';", null)
2026-06-08 22:25:04.691 DEBUG testcase.TC_2.1_11                       - 5: click(css("#submit"))
2026-06-08 22:25:04.692 DEBUG testcase.TC_2.1_11                       - 1: t = new com.kms.katalon.core.testobject.TestObject(sel)
2026-06-08 22:25:04.694 DEBUG testcase.TC_2.1_11                       - 2: t.addProperty("css", EQUALS, sel)
2026-06-08 22:25:04.695 DEBUG testcase.TC_2.1_11                       - 3: return t
2026-06-08 22:25:05.134 DEBUG testcase.TC_2.1_11                       - 6: delay(2)
2026-06-08 22:25:07.142 DEBUG testcase.TC_2.1_11                       - 7: takeScreenshot()
2026-06-08 22:25:07.869 DEBUG testcase.TC_2.1_11                       - 8: verifyTextNotPresent("Non hai un account", false, CONTINUE_ON_FAILURE)
2026-06-08 22:25:08.154 ERROR c.k.k.core.keyword.internal.KeywordMain  - ❌ Text 'Non hai un account' is present on page  (Root cause: com.kms.katalon.core.exception.StepFailedException: Text 'Non hai un account' is present on page 
	at com.kms.katalon.core.webui.keyword.internal.WebUIKeywordMain.stepFailed(WebUIKeywordMain.groovy:177)
	at com.kms.katalon.core.webui.keyword.builtin.VerifyTextNotPresentKeyword$_verifyTextNotPresent_closure1.doCall(VerifyTextNotPresentKeyword.groovy:77)
	at com.kms.katalon.core.webui.keyword.builtin.VerifyTextNotPresentKeyword$_verifyTextNotPresent_closure1.call(VerifyTextNotPresentKeyword.groovy)
	at com.kms.katalon.core.webui.keyword.internal.WebUIKeywordMain.runKeyword(WebUIKeywordMain.groovy:41)
	at com.kms.katalon.core.webui.keyword.builtin.VerifyTextNotPresentKeyword.verifyTextNotPresent(VerifyTextNotPresentKeyword.groovy:82)
	at com.kms.katalon.core.webui.keyword.builtin.VerifyTextNotPresentKeyword.execute(VerifyTextNotPresentKeyword.groovy:68)
	at com.kms.katalon.core.keyword.internal.KeywordExecutor.executeKeywordForPlatform(KeywordExecutor.groovy:103)
	at com.kms.katalon.core.webui.keyword.WebUiBuiltInKeywords.verifyTextNotPresent(WebUiBuiltInKeywords.groovy:1842)
	at TC_2.1_11.run(TC_2.1_11:29)
	at com.kms.katalon.core.main.ScriptEngine.run(ScriptEngine.java:203)
	at com.kms.katalon.core.main.ScriptEngine.runScriptAsRawText(ScriptEngine.java:115)
	at com.kms.katalon.core.main.TestCaseExecutor.runScript(TestCaseExecutor.java:506)
	at com.kms.katalon.core.main.TestCaseExecutor.doExecute(TestCaseExecutor.java:497)
	at com.kms.katalon.core.main.TestCaseExecutor.processExecutionPhase(TestCaseExecutor.java:476)
	at com.kms.katalon.core.main.TestCaseExecutor.accessMainPhase(TestCaseExecutor.java:468)
	at com.kms.katalon.core.main.TestCaseExecutor.execute(TestCaseExecutor.java:334)
	at com.kms.katalon.core.common.CommonExecutor.accessTestCaseMainPhase(CommonExecutor.java:71)
	at com.kms.katalon.core.main.TestSuiteExecutor.accessTestSuiteMainPhase(TestSuiteExecutor.java:153)
	at com.kms.katalon.core.main.TestSuiteExecutor.execute(TestSuiteExecutor.java:110)
	at com.kms.katalon.core.main.TestCaseMain.startTestSuite(TestCaseMain.java:206)
	at S0608_18.run(S0608_18.groovy:40)
	at java.base/jdk.internal.reflect.DirectMethodHandleAccessor.invoke(DirectMethodHandleAccessor.java:103)
)
2026-06-08 22:25:08.156 DEBUG testcase.TC_2.1_11                       - 9: closeBrowser()
2026-06-08 22:25:08.365 ERROR c.k.katalon.core.main.TestCaseExecutor   - ❌ Test Cases/Registrazione/TC_2.1_11 FAILED.
Reason:
com.kms.katalon.core.exception.StepFailedException: Text 'Non hai un account' is present on page  (Root cause: com.kms.katalon.core.exception.StepFailedException: Text 'Non hai un account' is present on page 
	at com.kms.katalon.core.webui.keyword.internal.WebUIKeywordMain.stepFailed(WebUIKeywordMain.groovy:177)
	at com.kms.katalon.core.webui.keyword.builtin.VerifyTextNotPresentKeyword$_verifyTextNotPresent_closure1.doCall(VerifyTextNotPresentKeyword.groovy:77)
	at com.kms.katalon.core.webui.keyword.builtin.VerifyTextNotPresentKeyword$_verifyTextNotPresent_closure1.call(VerifyTextNotPresentKeyword.groovy)
	at com.kms.katalon.core.webui.keyword.internal.WebUIKeywordMain.runKeyword(WebUIKeywordMain.groovy:41)
	at com.kms.katalon.core.webui.keyword.builtin.VerifyTextNotPresentKeyword.verifyTextNotPresent(VerifyTextNotPresentKeyword.groovy:82)
	at com.kms.katalon.core.webui.keyword.builtin.VerifyTextNotPresentKeyword.execute(VerifyTextNotPresentKeyword.groovy:68)
	at com.kms.katalon.core.keyword.internal.KeywordExecutor.executeKeywordForPlatform(KeywordExecutor.groovy:103)
	at com.kms.katalon.core.webui.keyword.WebUiBuiltInKeywords.verifyTextNotPresent(WebUiBuiltInKeywords.groovy:1842)
	at TC_2.1_11.run(TC_2.1_11:29)
	at com.kms.katalon.core.main.ScriptEngine.run(ScriptEngine.java:203)
	at com.kms.katalon.core.main.ScriptEngine.runScriptAsRawText(ScriptEngine.java:115)
	at com.kms.katalon.core.main.TestCaseExecutor.runScript(TestCaseExecutor.java:506)
	at com.kms.katalon.core.main.TestCaseExecutor.doExecute(TestCaseExecutor.java:497)
	at com.kms.katalon.core.main.TestCaseExecutor.processExecutionPhase(TestCaseExecutor.java:476)
	at com.kms.katalon.core.main.TestCaseExecutor.accessMainPhase(TestCaseExecutor.java:468)
	at com.kms.katalon.core.main.TestCaseExecutor.execute(TestCaseExecutor.java:334)
	at com.kms.katalon.core.common.CommonExecutor.accessTestCaseMainPhase(CommonExecutor.java:71)
	at com.kms.katalon.core.main.TestSuiteExecutor.accessTestSuiteMainPhase(TestSuiteExecutor.java:153)
	at com.kms.katalon.core.main.TestSuiteExecutor.execute(TestSuiteExecutor.java:110)
	at com.kms.katalon.core.main.TestCaseMain.startTestSuite(TestCaseMain.java:206)
	at S0608_18.run(S0608_18.groovy:40)
	at java.base/jdk.internal.reflect.DirectMethodHandleAccessor.invoke(DirectMethodHandleAccessor.java:103)
)
	at com.kms.katalon.core.keyword.internal.KeywordMain.stepFailed(KeywordMain.groovy:39)
	at com.kms.katalon.core.webui.keyword.internal.WebUIKeywordMain.stepFailed(WebUIKeywordMain.groovy:177)
	at com.kms.katalon.core.webui.keyword.builtin.VerifyTextNotPresentKeyword$_verifyTextNotPresent_closure1.doCall(VerifyTextNotPresentKeyword.groovy:77)
	at com.kms.katalon.core.webui.keyword.builtin.VerifyTextNotPresentKeyword$_verifyTextNotPresent_closure1.call(VerifyTextNotPresentKeyword.groovy)
	at com.kms.katalon.core.webui.keyword.internal.WebUIKeywordMain.runKeyword(WebUIKeywordMain.groovy:41)
	at com.kms.katalon.core.webui.keyword.builtin.VerifyTextNotPresentKeyword.verifyTextNotPresent(VerifyTextNotPresentKeyword.groovy:82)
	at com.kms.katalon.core.webui.keyword.builtin.VerifyTextNotPresentKeyword.execute(VerifyTextNotPresentKeyword.groovy:68)
	at com.kms.katalon.core.keyword.internal.KeywordExecutor.executeKeywordForPlatform(KeywordExecutor.groovy:103)
	at com.kms.katalon.core.webui.keyword.WebUiBuiltInKeywords.verifyTextNotPresent(WebUiBuiltInKeywords.groovy:1842)
	at TC_2.1_11.run(TC_2.1_11:29)
	at com.kms.katalon.core.main.ScriptEngine.run(ScriptEngine.java:203)
	at com.kms.katalon.core.main.ScriptEngine.runScriptAsRawText(ScriptEngine.java:115)
	at com.kms.katalon.core.main.TestCaseExecutor.runScript(TestCaseExecutor.java:506)
	at com.kms.katalon.core.main.TestCaseExecutor.doExecute(TestCaseExecutor.java:497)
	at com.kms.katalon.core.main.TestCaseExecutor.processExecutionPhase(TestCaseExecutor.java:476)
	at com.kms.katalon.core.main.TestCaseExecutor.accessMainPhase(TestCaseExecutor.java:468)
	at com.kms.katalon.core.main.TestCaseExecutor.execute(TestCaseExecutor.java:334)
	at com.kms.katalon.core.common.CommonExecutor.accessTestCaseMainPhase(CommonExecutor.java:71)
	at com.kms.katalon.core.main.TestSuiteExecutor.accessTestSuiteMainPhase(TestSuiteExecutor.java:153)
	at com.kms.katalon.core.main.TestSuiteExecutor.execute(TestSuiteExecutor.java:110)
	at com.kms.katalon.core.main.TestCaseMain.startTestSuite(TestCaseMain.java:206)
	at S0608_18.run(S0608_18.groovy:40)
	at java.base/jdk.internal.reflect.DirectMethodHandleAccessor.invoke(DirectMethodHandleAccessor.java:103)
Caused by: com.kms.katalon.core.exception.StepFailedException: Text 'Non hai un account' is present on page 
	... 22 more

2026-06-08 22:25:08.367 INFO  c.k.katalon.core.main.TestCaseExecutor   - END Test Cases/Registrazione/TC_2.1_11
2026-06-08 22:25:08.370 INFO  c.k.katalon.core.main.TestCaseExecutor   - --------------------
2026-06-08 22:25:08.370 INFO  c.k.katalon.core.main.TestCaseExecutor   - START Test Cases/Registrazione/TC_2.1_11 - Retry attempt 1
2026-06-08 22:25:08.472 INFO  com.kms.katalon.core.util.KeywordUtil    - Seed ripristinato prima di: Test Cases/Registrazione/TC_2.1_11
2026-06-08 22:25:08.473 DEBUG testcase.TC_2.1_11                       - 1: openBrowser("")
2026-06-08 22:25:08.474 INFO  c.k.k.core.webui.driver.DriverFactory    - Starting 'Chrome' driver
2026-06-08 22:25:08.475 INFO  c.k.k.core.webui.driver.DriverFactory    - Action delay is set to 0 milliseconds
2026-06-08 22:25:09.485 INFO  c.k.k.core.webui.driver.DriverFactory    - sessionId = 143185c7760af56e3b3a15cb940201ac
2026-06-08 22:25:09.486 INFO  c.k.k.core.webui.driver.DriverFactory    - browser = Chrome 148.0.7778.179
2026-06-08 22:25:09.486 INFO  c.k.k.core.webui.driver.DriverFactory    - platform = Windows 11
2026-06-08 22:25:09.486 INFO  c.k.k.core.webui.driver.DriverFactory    - seleniumVersion = 4.39.0
2026-06-08 22:25:09.487 INFO  c.k.k.core.webui.driver.DriverFactory    - proxyInformation = ProxyInformation { proxyOption=NO_PROXY, proxyServerType=HTTP, username=, password=********, proxyServerAddress=, proxyServerPort=0, executionList="", isApplyToDesiredCapabilities=true }
2026-06-08 22:25:09.503 DEBUG testcase.TC_2.1_11                       - 2: navigateToUrl(base + "SignForm.jsp")
2026-06-08 22:25:09.945 DEBUG testcase.TC_2.1_11                       - 3: delay(1)
2026-06-08 22:25:10.950 DEBUG testcase.TC_2.1_11                       - 4: executeJavaScript("document.getElementById('nome').value='Mario';" + "document.getElementById('cognome').value='Rossi';" + "document.getElementById('data_nascita').value='2000-05-15';" + "document.getElementById('codice_fiscale').value='                ';" + "document.getElementById('telefono').value='3331234567';" + "document.getElementById('email').value='mario.rossi@example.com';" + "document.getElementById('password').value='Password1';", null)
2026-06-08 22:25:10.965 DEBUG testcase.TC_2.1_11                       - 5: click(css("#submit"))
2026-06-08 22:25:10.966 DEBUG testcase.TC_2.1_11                       - 1: t = new com.kms.katalon.core.testobject.TestObject(sel)
2026-06-08 22:25:10.966 DEBUG testcase.TC_2.1_11                       - 2: t.addProperty("css", EQUALS, sel)
2026-06-08 22:25:10.967 DEBUG testcase.TC_2.1_11                       - 3: return t
2026-06-08 22:25:11.472 DEBUG testcase.TC_2.1_11                       - 6: delay(2)
2026-06-08 22:25:13.480 DEBUG testcase.TC_2.1_11                       - 7: takeScreenshot()
2026-06-08 22:25:14.210 DEBUG testcase.TC_2.1_11                       - 8: verifyTextNotPresent("Non hai un account", false, CONTINUE_ON_FAILURE)
2026-06-08 22:25:14.537 ERROR c.k.k.core.keyword.internal.KeywordMain  - ❌ Text 'Non hai un account' is present on page  (Root cause: com.kms.katalon.core.exception.StepFailedException: Text 'Non hai un account' is present on page 
	at com.kms.katalon.core.webui.keyword.internal.WebUIKeywordMain.stepFailed(WebUIKeywordMain.groovy:177)
	at com.kms.katalon.core.webui.keyword.builtin.VerifyTextNotPresentKeyword$_verifyTextNotPresent_closure1.doCall(VerifyTextNotPresentKeyword.groovy:77)
	at com.kms.katalon.core.webui.keyword.builtin.VerifyTextNotPresentKeyword$_verifyTextNotPresent_closure1.call(VerifyTextNotPresentKeyword.groovy)
	at com.kms.katalon.core.webui.keyword.internal.WebUIKeywordMain.runKeyword(WebUIKeywordMain.groovy:41)
	at com.kms.katalon.core.webui.keyword.builtin.VerifyTextNotPresentKeyword.verifyTextNotPresent(VerifyTextNotPresentKeyword.groovy:82)
	at com.kms.katalon.core.webui.keyword.builtin.VerifyTextNotPresentKeyword.execute(VerifyTextNotPresentKeyword.groovy:68)
	at com.kms.katalon.core.keyword.internal.KeywordExecutor.executeKeywordForPlatform(KeywordExecutor.groovy:103)
	at com.kms.katalon.core.webui.keyword.WebUiBuiltInKeywords.verifyTextNotPresent(WebUiBuiltInKeywords.groovy:1842)
	at TC_2.1_11.run(TC_2.1_11:29)
	at com.kms.katalon.core.main.ScriptEngine.run(ScriptEngine.java:203)
	at com.kms.katalon.core.main.ScriptEngine.runScriptAsRawText(ScriptEngine.java:115)
	at com.kms.katalon.core.main.TestCaseExecutor.runScript(TestCaseExecutor.java:506)
	at com.kms.katalon.core.main.TestCaseExecutor.doExecute(TestCaseExecutor.java:497)
	at com.kms.katalon.core.main.TestCaseExecutor.processExecutionPhase(TestCaseExecutor.java:476)
	at com.kms.katalon.core.main.TestCaseExecutor.accessMainPhase(TestCaseExecutor.java:468)
	at com.kms.katalon.core.main.TestCaseExecutor.execute(TestCaseExecutor.java:334)
	at com.kms.katalon.core.main.TestCaseExecutor.execute(TestCaseExecutor.java:426)
	at com.kms.katalon.core.common.CommonExecutor.accessTestCaseMainPhase(CommonExecutor.java:71)
	at com.kms.katalon.core.main.TestSuiteExecutor.accessTestSuiteMainPhase(TestSuiteExecutor.java:153)
	at com.kms.katalon.core.main.TestSuiteExecutor.execute(TestSuiteExecutor.java:110)
	at com.kms.katalon.core.main.TestCaseMain.startTestSuite(TestCaseMain.java:206)
	at S0608_18.run(S0608_18.groovy:40)
	at java.base/jdk.internal.reflect.DirectMethodHandleAccessor.invoke(DirectMethodHandleAccessor.java:103)
)
2026-06-08 22:25:14.539 DEBUG testcase.TC_2.1_11                       - 9: closeBrowser()
2026-06-08 22:25:14.766 ERROR c.k.katalon.core.main.TestCaseExecutor   - ❌ Test Cases/Registrazione/TC_2.1_11 FAILED.
Reason:
com.kms.katalon.core.exception.StepFailedException: Text 'Non hai un account' is present on page  (Root cause: com.kms.katalon.core.exception.StepFailedException: Text 'Non hai un account' is present on page 
	at com.kms.katalon.core.webui.keyword.internal.WebUIKeywordMain.stepFailed(WebUIKeywordMain.groovy:177)
	at com.kms.katalon.core.webui.keyword.builtin.VerifyTextNotPresentKeyword$_verifyTextNotPresent_closure1.doCall(VerifyTextNotPresentKeyword.groovy:77)
	at com.kms.katalon.core.webui.keyword.builtin.VerifyTextNotPresentKeyword$_verifyTextNotPresent_closure1.call(VerifyTextNotPresentKeyword.groovy)
	at com.kms.katalon.core.webui.keyword.internal.WebUIKeywordMain.runKeyword(WebUIKeywordMain.groovy:41)
	at com.kms.katalon.core.webui.keyword.builtin.VerifyTextNotPresentKeyword.verifyTextNotPresent(VerifyTextNotPresentKeyword.groovy:82)
	at com.kms.katalon.core.webui.keyword.builtin.VerifyTextNotPresentKeyword.execute(VerifyTextNotPresentKeyword.groovy:68)
	at com.kms.katalon.core.keyword.internal.KeywordExecutor.executeKeywordForPlatform(KeywordExecutor.groovy:103)
	at com.kms.katalon.core.webui.keyword.WebUiBuiltInKeywords.verifyTextNotPresent(WebUiBuiltInKeywords.groovy:1842)
	at TC_2.1_11.run(TC_2.1_11:29)
	at com.kms.katalon.core.main.ScriptEngine.run(ScriptEngine.java:203)
	at com.kms.katalon.core.main.ScriptEngine.runScriptAsRawText(ScriptEngine.java:115)
	at com.kms.katalon.core.main.TestCaseExecutor.runScript(TestCaseExecutor.java:506)
	at com.kms.katalon.core.main.TestCaseExecutor.doExecute(TestCaseExecutor.java:497)
	at com.kms.katalon.core.main.TestCaseExecutor.processExecutionPhase(TestCaseExecutor.java:476)
	at com.kms.katalon.core.main.TestCaseExecutor.accessMainPhase(TestCaseExecutor.java:468)
	at com.kms.katalon.core.main.TestCaseExecutor.execute(TestCaseExecutor.java:334)
	at com.kms.katalon.core.main.TestCaseExecutor.execute(TestCaseExecutor.java:426)
	at com.kms.katalon.core.common.CommonExecutor.accessTestCaseMainPhase(CommonExecutor.java:71)
	at com.kms.katalon.core.main.TestSuiteExecutor.accessTestSuiteMainPhase(TestSuiteExecutor.java:153)
	at com.kms.katalon.core.main.TestSuiteExecutor.execute(TestSuiteExecutor.java:110)
	at com.kms.katalon.core.main.TestCaseMain.startTestSuite(TestCaseMain.java:206)
	at S0608_18.run(S0608_18.groovy:40)
	at java.base/jdk.internal.reflect.DirectMethodHandleAccessor.invoke(DirectMethodHandleAccessor.java:103)
)
	at com.kms.katalon.core.keyword.internal.KeywordMain.stepFailed(KeywordMain.groovy:39)
	at com.kms.katalon.core.webui.keyword.internal.WebUIKeywordMain.stepFailed(WebUIKeywordMain.groovy:177)
	at com.kms.katalon.core.webui.keyword.builtin.VerifyTextNotPresentKeyword$_verifyTextNotPresent_closure1.doCall(VerifyTextNotPresentKeyword.groovy:77)
	at com.kms.katalon.core.webui.keyword.builtin.VerifyTextNotPresentKeyword$_verifyTextNotPresent_closure1.call(VerifyTextNotPresentKeyword.groovy)
	at com.kms.katalon.core.webui.keyword.internal.WebUIKeywordMain.runKeyword(WebUIKeywordMain.groovy:41)
	at com.kms.katalon.core.webui.keyword.builtin.VerifyTextNotPresentKeyword.verifyTextNotPresent(VerifyTextNotPresentKeyword.groovy:82)
	at com.kms.katalon.core.webui.keyword.builtin.VerifyTextNotPresentKeyword.execute(VerifyTextNotPresentKeyword.groovy:68)
	at com.kms.katalon.core.keyword.internal.KeywordExecutor.executeKeywordForPlatform(KeywordExecutor.groovy:103)
	at com.kms.katalon.core.webui.keyword.WebUiBuiltInKeywords.verifyTextNotPresent(WebUiBuiltInKeywords.groovy:1842)
	at TC_2.1_11.run(TC_2.1_11:29)
	at com.kms.katalon.core.main.ScriptEngine.run(ScriptEngine.java:203)
	at com.kms.katalon.core.main.ScriptEngine.runScriptAsRawText(ScriptEngine.java:115)
	at com.kms.katalon.core.main.TestCaseExecutor.runScript(TestCaseExecutor.java:506)
	at com.kms.katalon.core.main.TestCaseExecutor.doExecute(TestCaseExecutor.java:497)
	at com.kms.katalon.core.main.TestCaseExecutor.processExecutionPhase(TestCaseExecutor.java:476)
	at com.kms.katalon.core.main.TestCaseExecutor.accessMainPhase(TestCaseExecutor.java:468)
	at com.kms.katalon.core.main.TestCaseExecutor.execute(TestCaseExecutor.java:334)
	at com.kms.katalon.core.main.TestCaseExecutor.execute(TestCaseExecutor.java:426)
	at com.kms.katalon.core.common.CommonExecutor.accessTestCaseMainPhase(CommonExecutor.java:71)
	at com.kms.katalon.core.main.TestSuiteExecutor.accessTestSuiteMainPhase(TestSuiteExecutor.java:153)
	at com.kms.katalon.core.main.TestSuiteExecutor.execute(TestSuiteExecutor.java:110)
	at com.kms.katalon.core.main.TestCaseMain.startTestSuite(TestCaseMain.java:206)
	at S0608_18.run(S0608_18.groovy:40)
	at java.base/jdk.internal.reflect.DirectMethodHandleAccessor.invoke(DirectMethodHandleAccessor.java:103)
Caused by: com.kms.katalon.core.exception.StepFailedException: Text 'Non hai un account' is present on page 
	... 23 more

2026-06-08 22:25:14.768 INFO  c.k.katalon.core.main.TestCaseExecutor   - END Test Cases/Registrazione/TC_2.1_11
2026-06-08 22:25:14.771 INFO  c.k.katalon.core.main.TestCaseExecutor   - --------------------
2026-06-08 22:25:14.771 INFO  c.k.katalon.core.main.TestCaseExecutor   - START Test Cases/Registrazione/TC_2.1_11 - Retry attempt 2
2026-06-08 22:25:14.888 INFO  com.kms.katalon.core.util.KeywordUtil    - Seed ripristinato prima di: Test Cases/Registrazione/TC_2.1_11
2026-06-08 22:25:14.890 DEBUG testcase.TC_2.1_11                       - 1: openBrowser("")
2026-06-08 22:25:14.891 INFO  c.k.k.core.webui.driver.DriverFactory    - Starting 'Chrome' driver
2026-06-08 22:25:14.892 INFO  c.k.k.core.webui.driver.DriverFactory    - Action delay is set to 0 milliseconds
2026-06-08 22:25:15.903 INFO  c.k.k.core.webui.driver.DriverFactory    - sessionId = 74c381905ee6f685f521db4c3b9f92fe
2026-06-08 22:25:15.904 INFO  c.k.k.core.webui.driver.DriverFactory    - browser = Chrome 148.0.7778.179
2026-06-08 22:25:15.904 INFO  c.k.k.core.webui.driver.DriverFactory    - platform = Windows 11
2026-06-08 22:25:15.904 INFO  c.k.k.core.webui.driver.DriverFactory    - seleniumVersion = 4.39.0
2026-06-08 22:25:15.905 INFO  c.k.k.core.webui.driver.DriverFactory    - proxyInformation = ProxyInformation { proxyOption=NO_PROXY, proxyServerType=HTTP, username=, password=********, proxyServerAddress=, proxyServerPort=0, executionList="", isApplyToDesiredCapabilities=true }
2026-06-08 22:25:15.921 DEBUG testcase.TC_2.1_11                       - 2: navigateToUrl(base + "SignForm.jsp")
2026-06-08 22:25:16.262 DEBUG testcase.TC_2.1_11                       - 3: delay(1)
2026-06-08 22:25:17.268 DEBUG testcase.TC_2.1_11                       - 4: executeJavaScript("document.getElementById('nome').value='Mario';" + "document.getElementById('cognome').value='Rossi';" + "document.getElementById('data_nascita').value='2000-05-15';" + "document.getElementById('codice_fiscale').value='                ';" + "document.getElementById('telefono').value='3331234567';" + "document.getElementById('email').value='mario.rossi@example.com';" + "document.getElementById('password').value='Password1';", null)
2026-06-08 22:25:17.282 DEBUG testcase.TC_2.1_11                       - 5: click(css("#submit"))
2026-06-08 22:25:17.282 DEBUG testcase.TC_2.1_11                       - 1: t = new com.kms.katalon.core.testobject.TestObject(sel)
2026-06-08 22:25:17.283 DEBUG testcase.TC_2.1_11                       - 2: t.addProperty("css", EQUALS, sel)
2026-06-08 22:25:17.283 DEBUG testcase.TC_2.1_11                       - 3: return t
2026-06-08 22:25:17.713 DEBUG testcase.TC_2.1_11                       - 6: delay(2)
2026-06-08 22:25:19.729 DEBUG testcase.TC_2.1_11                       - 7: takeScreenshot()
2026-06-08 22:25:20.435 DEBUG testcase.TC_2.1_11                       - 8: verifyTextNotPresent("Non hai un account", false, CONTINUE_ON_FAILURE)
2026-06-08 22:25:20.721 ERROR c.k.k.core.keyword.internal.KeywordMain  - ❌ Text 'Non hai un account' is present on page  (Root cause: com.kms.katalon.core.exception.StepFailedException: Text 'Non hai un account' is present on page 
	at com.kms.katalon.core.webui.keyword.internal.WebUIKeywordMain.stepFailed(WebUIKeywordMain.groovy:177)
	at com.kms.katalon.core.webui.keyword.builtin.VerifyTextNotPresentKeyword$_verifyTextNotPresent_closure1.doCall(VerifyTextNotPresentKeyword.groovy:77)
	at com.kms.katalon.core.webui.keyword.builtin.VerifyTextNotPresentKeyword$_verifyTextNotPresent_closure1.call(VerifyTextNotPresentKeyword.groovy)
	at com.kms.katalon.core.webui.keyword.internal.WebUIKeywordMain.runKeyword(WebUIKeywordMain.groovy:41)
	at com.kms.katalon.core.webui.keyword.builtin.VerifyTextNotPresentKeyword.verifyTextNotPresent(VerifyTextNotPresentKeyword.groovy:82)
	at com.kms.katalon.core.webui.keyword.builtin.VerifyTextNotPresentKeyword.execute(VerifyTextNotPresentKeyword.groovy:68)
	at com.kms.katalon.core.keyword.internal.KeywordExecutor.executeKeywordForPlatform(KeywordExecutor.groovy:103)
	at com.kms.katalon.core.webui.keyword.WebUiBuiltInKeywords.verifyTextNotPresent(WebUiBuiltInKeywords.groovy:1842)
	at TC_2.1_11.run(TC_2.1_11:29)
	at com.kms.katalon.core.main.ScriptEngine.run(ScriptEngine.java:203)
	at com.kms.katalon.core.main.ScriptEngine.runScriptAsRawText(ScriptEngine.java:115)
	at com.kms.katalon.core.main.TestCaseExecutor.runScript(TestCaseExecutor.java:506)
	at com.kms.katalon.core.main.TestCaseExecutor.doExecute(TestCaseExecutor.java:497)
	at com.kms.katalon.core.main.TestCaseExecutor.processExecutionPhase(TestCaseExecutor.java:476)
	at com.kms.katalon.core.main.TestCaseExecutor.accessMainPhase(TestCaseExecutor.java:468)
	at com.kms.katalon.core.main.TestCaseExecutor.execute(TestCaseExecutor.java:334)
	at com.kms.katalon.core.main.TestCaseExecutor.execute(TestCaseExecutor.java:426)
	at com.kms.katalon.core.main.TestCaseExecutor.execute(TestCaseExecutor.java:426)
	at com.kms.katalon.core.common.CommonExecutor.accessTestCaseMainPhase(CommonExecutor.java:71)
	at com.kms.katalon.core.main.TestSuiteExecutor.accessTestSuiteMainPhase(TestSuiteExecutor.java:153)
	at com.kms.katalon.core.main.TestSuiteExecutor.execute(TestSuiteExecutor.java:110)
	at com.kms.katalon.core.main.TestCaseMain.startTestSuite(TestCaseMain.java:206)
	at S0608_18.run(S0608_18.groovy:40)
	at java.base/jdk.internal.reflect.DirectMethodHandleAccessor.invoke(DirectMethodHandleAccessor.java:103)
)
2026-06-08 22:25:20.723 DEBUG testcase.TC_2.1_11                       - 9: closeBrowser()
2026-06-08 22:25:20.973 ERROR c.k.katalon.core.main.TestCaseExecutor   - ❌ Test Cases/Registrazione/TC_2.1_11 FAILED.
Reason:
com.kms.katalon.core.exception.StepFailedException: Text 'Non hai un account' is present on page  (Root cause: com.kms.katalon.core.exception.StepFailedException: Text 'Non hai un account' is present on page 
	at com.kms.katalon.core.webui.keyword.internal.WebUIKeywordMain.stepFailed(WebUIKeywordMain.groovy:177)
	at com.kms.katalon.core.webui.keyword.builtin.VerifyTextNotPresentKeyword$_verifyTextNotPresent_closure1.doCall(VerifyTextNotPresentKeyword.groovy:77)
	at com.kms.katalon.core.webui.keyword.builtin.VerifyTextNotPresentKeyword$_verifyTextNotPresent_closure1.call(VerifyTextNotPresentKeyword.groovy)
	at com.kms.katalon.core.webui.keyword.internal.WebUIKeywordMain.runKeyword(WebUIKeywordMain.groovy:41)
	at com.kms.katalon.core.webui.keyword.builtin.VerifyTextNotPresentKeyword.verifyTextNotPresent(VerifyTextNotPresentKeyword.groovy:82)
	at com.kms.katalon.core.webui.keyword.builtin.VerifyTextNotPresentKeyword.execute(VerifyTextNotPresentKeyword.groovy:68)
	at com.kms.katalon.core.keyword.internal.KeywordExecutor.executeKeywordForPlatform(KeywordExecutor.groovy:103)
	at com.kms.katalon.core.webui.keyword.WebUiBuiltInKeywords.verifyTextNotPresent(WebUiBuiltInKeywords.groovy:1842)
	at TC_2.1_11.run(TC_2.1_11:29)
	at com.kms.katalon.core.main.ScriptEngine.run(ScriptEngine.java:203)
	at com.kms.katalon.core.main.ScriptEngine.runScriptAsRawText(ScriptEngine.java:115)
	at com.kms.katalon.core.main.TestCaseExecutor.runScript(TestCaseExecutor.java:506)
	at com.kms.katalon.core.main.TestCaseExecutor.doExecute(TestCaseExecutor.java:497)
	at com.kms.katalon.core.main.TestCaseExecutor.processExecutionPhase(TestCaseExecutor.java:476)
	at com.kms.katalon.core.main.TestCaseExecutor.accessMainPhase(TestCaseExecutor.java:468)
	at com.kms.katalon.core.main.TestCaseExecutor.execute(TestCaseExecutor.java:334)
	at com.kms.katalon.core.main.TestCaseExecutor.execute(TestCaseExecutor.java:426)
	at com.kms.katalon.core.main.TestCaseExecutor.execute(TestCaseExecutor.java:426)
	at com.kms.katalon.core.common.CommonExecutor.accessTestCaseMainPhase(CommonExecutor.java:71)
	at com.kms.katalon.core.main.TestSuiteExecutor.accessTestSuiteMainPhase(TestSuiteExecutor.java:153)
	at com.kms.katalon.core.main.TestSuiteExecutor.execute(TestSuiteExecutor.java:110)
	at com.kms.katalon.core.main.TestCaseMain.startTestSuite(TestCaseMain.java:206)
	at S0608_18.run(S0608_18.groovy:40)
	at java.base/jdk.internal.reflect.DirectMethodHandleAccessor.invoke(DirectMethodHandleAccessor.java:103)
)
	at com.kms.katalon.core.keyword.internal.KeywordMain.stepFailed(KeywordMain.groovy:39)
	at com.kms.katalon.core.webui.keyword.internal.WebUIKeywordMain.stepFailed(WebUIKeywordMain.groovy:177)
	at com.kms.katalon.core.webui.keyword.builtin.VerifyTextNotPresentKeyword$_verifyTextNotPresent_closure1.doCall(VerifyTextNotPresentKeyword.groovy:77)
	at com.kms.katalon.core.webui.keyword.builtin.VerifyTextNotPresentKeyword$_verifyTextNotPresent_closure1.call(VerifyTextNotPresentKeyword.groovy)
	at com.kms.katalon.core.webui.keyword.internal.WebUIKeywordMain.runKeyword(WebUIKeywordMain.groovy:41)
	at com.kms.katalon.core.webui.keyword.builtin.VerifyTextNotPresentKeyword.verifyTextNotPresent(VerifyTextNotPresentKeyword.groovy:82)
	at com.kms.katalon.core.webui.keyword.builtin.VerifyTextNotPresentKeyword.execute(VerifyTextNotPresentKeyword.groovy:68)
	at com.kms.katalon.core.keyword.internal.KeywordExecutor.executeKeywordForPlatform(KeywordExecutor.groovy:103)
	at com.kms.katalon.core.webui.keyword.WebUiBuiltInKeywords.verifyTextNotPresent(WebUiBuiltInKeywords.groovy:1842)
	at TC_2.1_11.run(TC_2.1_11:29)
	at com.kms.katalon.core.main.ScriptEngine.run(ScriptEngine.java:203)
	at com.kms.katalon.core.main.ScriptEngine.runScriptAsRawText(ScriptEngine.java:115)
	at com.kms.katalon.core.main.TestCaseExecutor.runScript(TestCaseExecutor.java:506)
	at com.kms.katalon.core.main.TestCaseExecutor.doExecute(TestCaseExecutor.java:497)
	at com.kms.katalon.core.main.TestCaseExecutor.processExecutionPhase(TestCaseExecutor.java:476)
	at com.kms.katalon.core.main.TestCaseExecutor.accessMainPhase(TestCaseExecutor.java:468)
	at com.kms.katalon.core.main.TestCaseExecutor.execute(TestCaseExecutor.java:334)
	at com.kms.katalon.core.main.TestCaseExecutor.execute(TestCaseExecutor.java:426)
	at com.kms.katalon.core.main.TestCaseExecutor.execute(TestCaseExecutor.java:426)
	at com.kms.katalon.core.common.CommonExecutor.accessTestCaseMainPhase(CommonExecutor.java:71)
	at com.kms.katalon.core.main.TestSuiteExecutor.accessTestSuiteMainPhase(TestSuiteExecutor.java:153)
	at com.kms.katalon.core.main.TestSuiteExecutor.execute(TestSuiteExecutor.java:110)
	at com.kms.katalon.core.main.TestCaseMain.startTestSuite(TestCaseMain.java:206)
	at S0608_18.run(S0608_18.groovy:40)
	at java.base/jdk.internal.reflect.DirectMethodHandleAccessor.invoke(DirectMethodHandleAccessor.java:103)
Caused by: com.kms.katalon.core.exception.StepFailedException: Text 'Non hai un account' is present on page 
	... 24 more

2026-06-08 22:25:20.975 INFO  c.k.katalon.core.main.TestCaseExecutor   - END Test Cases/Registrazione/TC_2.1_11
2026-06-08 22:25:20.977 INFO  c.k.katalon.core.main.TestCaseExecutor   - --------------------
2026-06-08 22:25:20.977 INFO  c.k.katalon.core.main.TestCaseExecutor   - START Test Cases/Registrazione/TC_2.1_11 - Retry attempt 3
2026-06-08 22:25:21.092 INFO  com.kms.katalon.core.util.KeywordUtil    - Seed ripristinato prima di: Test Cases/Registrazione/TC_2.1_11
2026-06-08 22:25:21.095 DEBUG testcase.TC_2.1_11                       - 1: openBrowser("")
2026-06-08 22:25:21.096 INFO  c.k.k.core.webui.driver.DriverFactory    - Starting 'Chrome' driver
2026-06-08 22:25:21.097 INFO  c.k.k.core.webui.driver.DriverFactory    - Action delay is set to 0 milliseconds
2026-06-08 22:25:22.042 INFO  c.k.k.core.webui.driver.DriverFactory    - sessionId = 8f133a6d1bf9614f25ba98f11fb1a18c
2026-06-08 22:25:22.042 INFO  c.k.k.core.webui.driver.DriverFactory    - browser = Chrome 148.0.7778.179
2026-06-08 22:25:22.042 INFO  c.k.k.core.webui.driver.DriverFactory    - platform = Windows 11
2026-06-08 22:25:22.042 INFO  c.k.k.core.webui.driver.DriverFactory    - seleniumVersion = 4.39.0
2026-06-08 22:25:22.043 INFO  c.k.k.core.webui.driver.DriverFactory    - proxyInformation = ProxyInformation { proxyOption=NO_PROXY, proxyServerType=HTTP, username=, password=********, proxyServerAddress=, proxyServerPort=0, executionList="", isApplyToDesiredCapabilities=true }
2026-06-08 22:25:22.057 DEBUG testcase.TC_2.1_11                       - 2: navigateToUrl(base + "SignForm.jsp")
2026-06-08 22:25:22.640 DEBUG testcase.TC_2.1_11                       - 3: delay(1)
2026-06-08 22:25:23.645 DEBUG testcase.TC_2.1_11                       - 4: executeJavaScript("document.getElementById('nome').value='Mario';" + "document.getElementById('cognome').value='Rossi';" + "document.getElementById('data_nascita').value='2000-05-15';" + "document.getElementById('codice_fiscale').value='                ';" + "document.getElementById('telefono').value='3331234567';" + "document.getElementById('email').value='mario.rossi@example.com';" + "document.getElementById('password').value='Password1';", null)
2026-06-08 22:25:23.668 DEBUG testcase.TC_2.1_11                       - 5: click(css("#submit"))
2026-06-08 22:25:23.669 DEBUG testcase.TC_2.1_11                       - 1: t = new com.kms.katalon.core.testobject.TestObject(sel)
2026-06-08 22:25:23.669 DEBUG testcase.TC_2.1_11                       - 2: t.addProperty("css", EQUALS, sel)
2026-06-08 22:25:23.670 DEBUG testcase.TC_2.1_11                       - 3: return t
2026-06-08 22:25:24.145 DEBUG testcase.TC_2.1_11                       - 6: delay(2)
2026-06-08 22:25:26.149 DEBUG testcase.TC_2.1_11                       - 7: takeScreenshot()
2026-06-08 22:25:26.869 DEBUG testcase.TC_2.1_11                       - 8: verifyTextNotPresent("Non hai un account", false, CONTINUE_ON_FAILURE)
2026-06-08 22:25:27.164 ERROR c.k.k.core.keyword.internal.KeywordMain  - ❌ Text 'Non hai un account' is present on page  (Root cause: com.kms.katalon.core.exception.StepFailedException: Text 'Non hai un account' is present on page 
	at com.kms.katalon.core.webui.keyword.internal.WebUIKeywordMain.stepFailed(WebUIKeywordMain.groovy:177)
	at com.kms.katalon.core.webui.keyword.builtin.VerifyTextNotPresentKeyword$_verifyTextNotPresent_closure1.doCall(VerifyTextNotPresentKeyword.groovy:77)
	at com.kms.katalon.core.webui.keyword.builtin.VerifyTextNotPresentKeyword$_verifyTextNotPresent_closure1.call(VerifyTextNotPresentKeyword.groovy)
	at com.kms.katalon.core.webui.keyword.internal.WebUIKeywordMain.runKeyword(WebUIKeywordMain.groovy:41)
	at com.kms.katalon.core.webui.keyword.builtin.VerifyTextNotPresentKeyword.verifyTextNotPresent(VerifyTextNotPresentKeyword.groovy:82)
	at com.kms.katalon.core.webui.keyword.builtin.VerifyTextNotPresentKeyword.execute(VerifyTextNotPresentKeyword.groovy:68)
	at com.kms.katalon.core.keyword.internal.KeywordExecutor.executeKeywordForPlatform(KeywordExecutor.groovy:103)
	at com.kms.katalon.core.webui.keyword.WebUiBuiltInKeywords.verifyTextNotPresent(WebUiBuiltInKeywords.groovy:1842)
	at TC_2.1_11.run(TC_2.1_11:29)
	at com.kms.katalon.core.main.ScriptEngine.run(ScriptEngine.java:203)
	at com.kms.katalon.core.main.ScriptEngine.runScriptAsRawText(ScriptEngine.java:115)
	at com.kms.katalon.core.main.TestCaseExecutor.runScript(TestCaseExecutor.java:506)
	at com.kms.katalon.core.main.TestCaseExecutor.doExecute(TestCaseExecutor.java:497)
	at com.kms.katalon.core.main.TestCaseExecutor.processExecutionPhase(TestCaseExecutor.java:476)
	at com.kms.katalon.core.main.TestCaseExecutor.accessMainPhase(TestCaseExecutor.java:468)
	at com.kms.katalon.core.main.TestCaseExecutor.execute(TestCaseExecutor.java:334)
	at com.kms.katalon.core.main.TestCaseExecutor.execute(TestCaseExecutor.java:426)
	at com.kms.katalon.core.main.TestCaseExecutor.execute(TestCaseExecutor.java:426)
	at com.kms.katalon.core.main.TestCaseExecutor.execute(TestCaseExecutor.java:426)
	at com.kms.katalon.core.common.CommonExecutor.accessTestCaseMainPhase(CommonExecutor.java:71)
	at com.kms.katalon.core.main.TestSuiteExecutor.accessTestSuiteMainPhase(TestSuiteExecutor.java:153)
	at com.kms.katalon.core.main.TestSuiteExecutor.execute(TestSuiteExecutor.java:110)
	at com.kms.katalon.core.main.TestCaseMain.startTestSuite(TestCaseMain.java:206)
	at S0608_18.run(S0608_18.groovy:40)
	at java.base/jdk.internal.reflect.DirectMethodHandleAccessor.invoke(DirectMethodHandleAccessor.java:103)
)
2026-06-08 22:25:27.165 DEBUG testcase.TC_2.1_11                       - 9: closeBrowser()
2026-06-08 22:25:27.373 ERROR c.k.katalon.core.main.TestCaseExecutor   - ❌ Test Cases/Registrazione/TC_2.1_11 FAILED.
Reason:
com.kms.katalon.core.exception.StepFailedException: Text 'Non hai un account' is present on page  (Root cause: com.kms.katalon.core.exception.StepFailedException: Text 'Non hai un account' is present on page 
	at com.kms.katalon.core.webui.keyword.internal.WebUIKeywordMain.stepFailed(WebUIKeywordMain.groovy:177)
	at com.kms.katalon.core.webui.keyword.builtin.VerifyTextNotPresentKeyword$_verifyTextNotPresent_closure1.doCall(VerifyTextNotPresentKeyword.groovy:77)
	at com.kms.katalon.core.webui.keyword.builtin.VerifyTextNotPresentKeyword$_verifyTextNotPresent_closure1.call(VerifyTextNotPresentKeyword.groovy)
	at com.kms.katalon.core.webui.keyword.internal.WebUIKeywordMain.runKeyword(WebUIKeywordMain.groovy:41)
	at com.kms.katalon.core.webui.keyword.builtin.VerifyTextNotPresentKeyword.verifyTextNotPresent(VerifyTextNotPresentKeyword.groovy:82)
	at com.kms.katalon.core.webui.keyword.builtin.VerifyTextNotPresentKeyword.execute(VerifyTextNotPresentKeyword.groovy:68)
	at com.kms.katalon.core.keyword.internal.KeywordExecutor.executeKeywordForPlatform(KeywordExecutor.groovy:103)
	at com.kms.katalon.core.webui.keyword.WebUiBuiltInKeywords.verifyTextNotPresent(WebUiBuiltInKeywords.groovy:1842)
	at TC_2.1_11.run(TC_2.1_11:29)
	at com.kms.katalon.core.main.ScriptEngine.run(ScriptEngine.java:203)
	at com.kms.katalon.core.main.ScriptEngine.runScriptAsRawText(ScriptEngine.java:115)
	at com.kms.katalon.core.main.TestCaseExecutor.runScript(TestCaseExecutor.java:506)
	at com.kms.katalon.core.main.TestCaseExecutor.doExecute(TestCaseExecutor.java:497)
	at com.kms.katalon.core.main.TestCaseExecutor.processExecutionPhase(TestCaseExecutor.java:476)
	at com.kms.katalon.core.main.TestCaseExecutor.accessMainPhase(TestCaseExecutor.java:468)
	at com.kms.katalon.core.main.TestCaseExecutor.execute(TestCaseExecutor.java:334)
	at com.kms.katalon.core.main.TestCaseExecutor.execute(TestCaseExecutor.java:426)
	at com.kms.katalon.core.main.TestCaseExecutor.execute(TestCaseExecutor.java:426)
	at com.kms.katalon.core.main.TestCaseExecutor.execute(TestCaseExecutor.java:426)
	at com.kms.katalon.core.common.CommonExecutor.accessTestCaseMainPhase(CommonExecutor.java:71)
	at com.kms.katalon.core.main.TestSuiteExecutor.accessTestSuiteMainPhase(TestSuiteExecutor.java:153)
	at com.kms.katalon.core.main.TestSuiteExecutor.execute(TestSuiteExecutor.java:110)
	at com.kms.katalon.core.main.TestCaseMain.startTestSuite(TestCaseMain.java:206)
	at S0608_18.run(S0608_18.groovy:40)
	at java.base/jdk.internal.reflect.DirectMethodHandleAccessor.invoke(DirectMethodHandleAccessor.java:103)
)
	at com.kms.katalon.core.keyword.internal.KeywordMain.stepFailed(KeywordMain.groovy:39)
	at com.kms.katalon.core.webui.keyword.internal.WebUIKeywordMain.stepFailed(WebUIKeywordMain.groovy:177)
	at com.kms.katalon.core.webui.keyword.builtin.VerifyTextNotPresentKeyword$_verifyTextNotPresent_closure1.doCall(VerifyTextNotPresentKeyword.groovy:77)
	at com.kms.katalon.core.webui.keyword.builtin.VerifyTextNotPresentKeyword$_verifyTextNotPresent_closure1.call(VerifyTextNotPresentKeyword.groovy)
	at com.kms.katalon.core.webui.keyword.internal.WebUIKeywordMain.runKeyword(WebUIKeywordMain.groovy:41)
	at com.kms.katalon.core.webui.keyword.builtin.VerifyTextNotPresentKeyword.verifyTextNotPresent(VerifyTextNotPresentKeyword.groovy:82)
	at com.kms.katalon.core.webui.keyword.builtin.VerifyTextNotPresentKeyword.execute(VerifyTextNotPresentKeyword.groovy:68)
	at com.kms.katalon.core.keyword.internal.KeywordExecutor.executeKeywordForPlatform(KeywordExecutor.groovy:103)
	at com.kms.katalon.core.webui.keyword.WebUiBuiltInKeywords.verifyTextNotPresent(WebUiBuiltInKeywords.groovy:1842)
	at TC_2.1_11.run(TC_2.1_11:29)
	at com.kms.katalon.core.main.ScriptEngine.run(ScriptEngine.java:203)
	at com.kms.katalon.core.main.ScriptEngine.runScriptAsRawText(ScriptEngine.java:115)
	at com.kms.katalon.core.main.TestCaseExecutor.runScript(TestCaseExecutor.java:506)
	at com.kms.katalon.core.main.TestCaseExecutor.doExecute(TestCaseExecutor.java:497)
	at com.kms.katalon.core.main.TestCaseExecutor.processExecutionPhase(TestCaseExecutor.java:476)
	at com.kms.katalon.core.main.TestCaseExecutor.accessMainPhase(TestCaseExecutor.java:468)
	at com.kms.katalon.core.main.TestCaseExecutor.execute(TestCaseExecutor.java:334)
	at com.kms.katalon.core.main.TestCaseExecutor.execute(TestCaseExecutor.java:426)
	at com.kms.katalon.core.main.TestCaseExecutor.execute(TestCaseExecutor.java:426)
	at com.kms.katalon.core.main.TestCaseExecutor.execute(TestCaseExecutor.java:426)
	at com.kms.katalon.core.common.CommonExecutor.accessTestCaseMainPhase(CommonExecutor.java:71)
	at com.kms.katalon.core.main.TestSuiteExecutor.accessTestSuiteMainPhase(TestSuiteExecutor.java:153)
	at com.kms.katalon.core.main.TestSuiteExecutor.execute(TestSuiteExecutor.java:110)
	at com.kms.katalon.core.main.TestCaseMain.startTestSuite(TestCaseMain.java:206)
	at S0608_18.run(S0608_18.groovy:40)
	at java.base/jdk.internal.reflect.DirectMethodHandleAccessor.invoke(DirectMethodHandleAccessor.java:103)
Caused by: com.kms.katalon.core.exception.StepFailedException: Text 'Non hai un account' is present on page 
	... 25 more

2026-06-08 22:25:27.375 INFO  c.k.katalon.core.main.TestCaseExecutor   - END Test Cases/Registrazione/TC_2.1_11
2026-06-08 22:25:27.379 INFO  c.k.katalon.core.main.TestCaseExecutor   - --------------------
2026-06-08 22:25:27.379 INFO  c.k.katalon.core.main.TestCaseExecutor   - START Test Cases/Registrazione/TC_2.1_12
2026-06-08 22:25:27.488 INFO  com.kms.katalon.core.util.KeywordUtil    - Seed ripristinato prima di: Test Cases/Registrazione/TC_2.1_12
2026-06-08 22:25:27.557 DEBUG testcase.TC_2.1_12                       - 1: openBrowser("")
2026-06-08 22:25:27.558 INFO  c.k.k.core.webui.driver.DriverFactory    - Starting 'Chrome' driver
2026-06-08 22:25:27.560 INFO  c.k.k.core.webui.driver.DriverFactory    - Action delay is set to 0 milliseconds
2026-06-08 22:25:28.517 INFO  c.k.k.core.webui.driver.DriverFactory    - sessionId = 493aefce6428fb55dd76f6c7df5adc21
2026-06-08 22:25:28.517 INFO  c.k.k.core.webui.driver.DriverFactory    - browser = Chrome 148.0.7778.179
2026-06-08 22:25:28.518 INFO  c.k.k.core.webui.driver.DriverFactory    - platform = Windows 11
2026-06-08 22:25:28.518 INFO  c.k.k.core.webui.driver.DriverFactory    - seleniumVersion = 4.39.0
2026-06-08 22:25:28.518 INFO  c.k.k.core.webui.driver.DriverFactory    - proxyInformation = ProxyInformation { proxyOption=NO_PROXY, proxyServerType=HTTP, username=, password=********, proxyServerAddress=, proxyServerPort=0, executionList="", isApplyToDesiredCapabilities=true }
2026-06-08 22:25:28.533 DEBUG testcase.TC_2.1_12                       - 2: navigateToUrl(base + "SignForm.jsp")
2026-06-08 22:25:28.981 DEBUG testcase.TC_2.1_12                       - 3: delay(1)
2026-06-08 22:25:29.987 DEBUG testcase.TC_2.1_12                       - 4: executeJavaScript("document.getElementById('nome').value='Mario';" + "document.getElementById('cognome').value='Rossi';" + "document.getElementById('data_nascita').value='2000-05-15';" + "document.getElementById('codice_fiscale').value='RSSMRA00E15F839X';" + "document.getElementById('telefono').value='   ';" + "document.getElementById('email').value='mario.rossi@example.com';" + "document.getElementById('password').value='Password1';", null)
2026-06-08 22:25:30.003 DEBUG testcase.TC_2.1_12                       - 5: click(css("#submit"))
2026-06-08 22:25:30.004 DEBUG testcase.TC_2.1_12                       - 1: t = new com.kms.katalon.core.testobject.TestObject(sel)
2026-06-08 22:25:30.006 DEBUG testcase.TC_2.1_12                       - 2: t.addProperty("css", EQUALS, sel)
2026-06-08 22:25:30.007 DEBUG testcase.TC_2.1_12                       - 3: return t
2026-06-08 22:25:30.419 DEBUG testcase.TC_2.1_12                       - 6: delay(2)
2026-06-08 22:25:32.430 DEBUG testcase.TC_2.1_12                       - 7: takeScreenshot()
2026-06-08 22:25:33.147 DEBUG testcase.TC_2.1_12                       - 8: verifyTextNotPresent("Non hai un account", false, CONTINUE_ON_FAILURE)
2026-06-08 22:25:33.442 ERROR c.k.k.core.keyword.internal.KeywordMain  - ❌ Text 'Non hai un account' is present on page  (Root cause: com.kms.katalon.core.exception.StepFailedException: Text 'Non hai un account' is present on page 
	at com.kms.katalon.core.webui.keyword.internal.WebUIKeywordMain.stepFailed(WebUIKeywordMain.groovy:177)
	at com.kms.katalon.core.webui.keyword.builtin.VerifyTextNotPresentKeyword$_verifyTextNotPresent_closure1.doCall(VerifyTextNotPresentKeyword.groovy:77)
	at com.kms.katalon.core.webui.keyword.builtin.VerifyTextNotPresentKeyword$_verifyTextNotPresent_closure1.call(VerifyTextNotPresentKeyword.groovy)
	at com.kms.katalon.core.webui.keyword.internal.WebUIKeywordMain.runKeyword(WebUIKeywordMain.groovy:41)
	at com.kms.katalon.core.webui.keyword.builtin.VerifyTextNotPresentKeyword.verifyTextNotPresent(VerifyTextNotPresentKeyword.groovy:82)
	at com.kms.katalon.core.webui.keyword.builtin.VerifyTextNotPresentKeyword.execute(VerifyTextNotPresentKeyword.groovy:68)
	at com.kms.katalon.core.keyword.internal.KeywordExecutor.executeKeywordForPlatform(KeywordExecutor.groovy:103)
	at com.kms.katalon.core.webui.keyword.WebUiBuiltInKeywords.verifyTextNotPresent(WebUiBuiltInKeywords.groovy:1842)
	at TC_2.1_12.run(TC_2.1_12:29)
	at com.kms.katalon.core.main.ScriptEngine.run(ScriptEngine.java:203)
	at com.kms.katalon.core.main.ScriptEngine.runScriptAsRawText(ScriptEngine.java:115)
	at com.kms.katalon.core.main.TestCaseExecutor.runScript(TestCaseExecutor.java:506)
	at com.kms.katalon.core.main.TestCaseExecutor.doExecute(TestCaseExecutor.java:497)
	at com.kms.katalon.core.main.TestCaseExecutor.processExecutionPhase(TestCaseExecutor.java:476)
	at com.kms.katalon.core.main.TestCaseExecutor.accessMainPhase(TestCaseExecutor.java:468)
	at com.kms.katalon.core.main.TestCaseExecutor.execute(TestCaseExecutor.java:334)
	at com.kms.katalon.core.common.CommonExecutor.accessTestCaseMainPhase(CommonExecutor.java:71)
	at com.kms.katalon.core.main.TestSuiteExecutor.accessTestSuiteMainPhase(TestSuiteExecutor.java:153)
	at com.kms.katalon.core.main.TestSuiteExecutor.execute(TestSuiteExecutor.java:110)
	at com.kms.katalon.core.main.TestCaseMain.startTestSuite(TestCaseMain.java:206)
	at S0608_18.run(S0608_18.groovy:40)
	at java.base/jdk.internal.reflect.DirectMethodHandleAccessor.invoke(DirectMethodHandleAccessor.java:103)
)
2026-06-08 22:25:33.444 DEBUG testcase.TC_2.1_12                       - 9: closeBrowser()
2026-06-08 22:25:33.778 ERROR c.k.katalon.core.main.TestCaseExecutor   - ❌ Test Cases/Registrazione/TC_2.1_12 FAILED.
Reason:
com.kms.katalon.core.exception.StepFailedException: Text 'Non hai un account' is present on page  (Root cause: com.kms.katalon.core.exception.StepFailedException: Text 'Non hai un account' is present on page 
	at com.kms.katalon.core.webui.keyword.internal.WebUIKeywordMain.stepFailed(WebUIKeywordMain.groovy:177)
	at com.kms.katalon.core.webui.keyword.builtin.VerifyTextNotPresentKeyword$_verifyTextNotPresent_closure1.doCall(VerifyTextNotPresentKeyword.groovy:77)
	at com.kms.katalon.core.webui.keyword.builtin.VerifyTextNotPresentKeyword$_verifyTextNotPresent_closure1.call(VerifyTextNotPresentKeyword.groovy)
	at com.kms.katalon.core.webui.keyword.internal.WebUIKeywordMain.runKeyword(WebUIKeywordMain.groovy:41)
	at com.kms.katalon.core.webui.keyword.builtin.VerifyTextNotPresentKeyword.verifyTextNotPresent(VerifyTextNotPresentKeyword.groovy:82)
	at com.kms.katalon.core.webui.keyword.builtin.VerifyTextNotPresentKeyword.execute(VerifyTextNotPresentKeyword.groovy:68)
	at com.kms.katalon.core.keyword.internal.KeywordExecutor.executeKeywordForPlatform(KeywordExecutor.groovy:103)
	at com.kms.katalon.core.webui.keyword.WebUiBuiltInKeywords.verifyTextNotPresent(WebUiBuiltInKeywords.groovy:1842)
	at TC_2.1_12.run(TC_2.1_12:29)
	at com.kms.katalon.core.main.ScriptEngine.run(ScriptEngine.java:203)
	at com.kms.katalon.core.main.ScriptEngine.runScriptAsRawText(ScriptEngine.java:115)
	at com.kms.katalon.core.main.TestCaseExecutor.runScript(TestCaseExecutor.java:506)
	at com.kms.katalon.core.main.TestCaseExecutor.doExecute(TestCaseExecutor.java:497)
	at com.kms.katalon.core.main.TestCaseExecutor.processExecutionPhase(TestCaseExecutor.java:476)
	at com.kms.katalon.core.main.TestCaseExecutor.accessMainPhase(TestCaseExecutor.java:468)
	at com.kms.katalon.core.main.TestCaseExecutor.execute(TestCaseExecutor.java:334)
	at com.kms.katalon.core.common.CommonExecutor.accessTestCaseMainPhase(CommonExecutor.java:71)
	at com.kms.katalon.core.main.TestSuiteExecutor.accessTestSuiteMainPhase(TestSuiteExecutor.java:153)
	at com.kms.katalon.core.main.TestSuiteExecutor.execute(TestSuiteExecutor.java:110)
	at com.kms.katalon.core.main.TestCaseMain.startTestSuite(TestCaseMain.java:206)
	at S0608_18.run(S0608_18.groovy:40)
	at java.base/jdk.internal.reflect.DirectMethodHandleAccessor.invoke(DirectMethodHandleAccessor.java:103)
)
	at com.kms.katalon.core.keyword.internal.KeywordMain.stepFailed(KeywordMain.groovy:39)
	at com.kms.katalon.core.webui.keyword.internal.WebUIKeywordMain.stepFailed(WebUIKeywordMain.groovy:177)
	at com.kms.katalon.core.webui.keyword.builtin.VerifyTextNotPresentKeyword$_verifyTextNotPresent_closure1.doCall(VerifyTextNotPresentKeyword.groovy:77)
	at com.kms.katalon.core.webui.keyword.builtin.VerifyTextNotPresentKeyword$_verifyTextNotPresent_closure1.call(VerifyTextNotPresentKeyword.groovy)
	at com.kms.katalon.core.webui.keyword.internal.WebUIKeywordMain.runKeyword(WebUIKeywordMain.groovy:41)
	at com.kms.katalon.core.webui.keyword.builtin.VerifyTextNotPresentKeyword.verifyTextNotPresent(VerifyTextNotPresentKeyword.groovy:82)
	at com.kms.katalon.core.webui.keyword.builtin.VerifyTextNotPresentKeyword.execute(VerifyTextNotPresentKeyword.groovy:68)
	at com.kms.katalon.core.keyword.internal.KeywordExecutor.executeKeywordForPlatform(KeywordExecutor.groovy:103)
	at com.kms.katalon.core.webui.keyword.WebUiBuiltInKeywords.verifyTextNotPresent(WebUiBuiltInKeywords.groovy:1842)
	at TC_2.1_12.run(TC_2.1_12:29)
	at com.kms.katalon.core.main.ScriptEngine.run(ScriptEngine.java:203)
	at com.kms.katalon.core.main.ScriptEngine.runScriptAsRawText(ScriptEngine.java:115)
	at com.kms.katalon.core.main.TestCaseExecutor.runScript(TestCaseExecutor.java:506)
	at com.kms.katalon.core.main.TestCaseExecutor.doExecute(TestCaseExecutor.java:497)
	at com.kms.katalon.core.main.TestCaseExecutor.processExecutionPhase(TestCaseExecutor.java:476)
	at com.kms.katalon.core.main.TestCaseExecutor.accessMainPhase(TestCaseExecutor.java:468)
	at com.kms.katalon.core.main.TestCaseExecutor.execute(TestCaseExecutor.java:334)
	at com.kms.katalon.core.common.CommonExecutor.accessTestCaseMainPhase(CommonExecutor.java:71)
	at com.kms.katalon.core.main.TestSuiteExecutor.accessTestSuiteMainPhase(TestSuiteExecutor.java:153)
	at com.kms.katalon.core.main.TestSuiteExecutor.execute(TestSuiteExecutor.java:110)
	at com.kms.katalon.core.main.TestCaseMain.startTestSuite(TestCaseMain.java:206)
	at S0608_18.run(S0608_18.groovy:40)
	at java.base/jdk.internal.reflect.DirectMethodHandleAccessor.invoke(DirectMethodHandleAccessor.java:103)
Caused by: com.kms.katalon.core.exception.StepFailedException: Text 'Non hai un account' is present on page 
	... 22 more

2026-06-08 22:25:33.785 INFO  c.k.katalon.core.main.TestCaseExecutor   - END Test Cases/Registrazione/TC_2.1_12
2026-06-08 22:25:33.788 INFO  c.k.katalon.core.main.TestCaseExecutor   - --------------------
2026-06-08 22:25:33.788 INFO  c.k.katalon.core.main.TestCaseExecutor   - START Test Cases/Registrazione/TC_2.1_12 - Retry attempt 1
2026-06-08 22:25:33.901 INFO  com.kms.katalon.core.util.KeywordUtil    - Seed ripristinato prima di: Test Cases/Registrazione/TC_2.1_12
2026-06-08 22:25:33.902 DEBUG testcase.TC_2.1_12                       - 1: openBrowser("")
2026-06-08 22:25:33.903 INFO  c.k.k.core.webui.driver.DriverFactory    - Starting 'Chrome' driver
2026-06-08 22:25:33.904 INFO  c.k.k.core.webui.driver.DriverFactory    - Action delay is set to 0 milliseconds
2026-06-08 22:25:35.002 INFO  c.k.k.core.webui.driver.DriverFactory    - sessionId = 0eeb67a28f3be526fa27399cea570a62
2026-06-08 22:25:35.003 INFO  c.k.k.core.webui.driver.DriverFactory    - browser = Chrome 148.0.7778.179
2026-06-08 22:25:35.004 INFO  c.k.k.core.webui.driver.DriverFactory    - platform = Windows 11
2026-06-08 22:25:35.004 INFO  c.k.k.core.webui.driver.DriverFactory    - seleniumVersion = 4.39.0
2026-06-08 22:25:35.005 INFO  c.k.k.core.webui.driver.DriverFactory    - proxyInformation = ProxyInformation { proxyOption=NO_PROXY, proxyServerType=HTTP, username=, password=********, proxyServerAddress=, proxyServerPort=0, executionList="", isApplyToDesiredCapabilities=true }
2026-06-08 22:25:35.021 DEBUG testcase.TC_2.1_12                       - 2: navigateToUrl(base + "SignForm.jsp")
2026-06-08 22:25:35.396 DEBUG testcase.TC_2.1_12                       - 3: delay(1)
2026-06-08 22:25:36.417 DEBUG testcase.TC_2.1_12                       - 4: executeJavaScript("document.getElementById('nome').value='Mario';" + "document.getElementById('cognome').value='Rossi';" + "document.getElementById('data_nascita').value='2000-05-15';" + "document.getElementById('codice_fiscale').value='RSSMRA00E15F839X';" + "document.getElementById('telefono').value='   ';" + "document.getElementById('email').value='mario.rossi@example.com';" + "document.getElementById('password').value='Password1';", null)
2026-06-08 22:25:36.434 DEBUG testcase.TC_2.1_12                       - 5: click(css("#submit"))
2026-06-08 22:25:36.435 DEBUG testcase.TC_2.1_12                       - 1: t = new com.kms.katalon.core.testobject.TestObject(sel)
2026-06-08 22:25:36.435 DEBUG testcase.TC_2.1_12                       - 2: t.addProperty("css", EQUALS, sel)
2026-06-08 22:25:36.435 DEBUG testcase.TC_2.1_12                       - 3: return t
2026-06-08 22:25:36.857 DEBUG testcase.TC_2.1_12                       - 6: delay(2)
2026-06-08 22:25:38.870 DEBUG testcase.TC_2.1_12                       - 7: takeScreenshot()
2026-06-08 22:25:39.617 DEBUG testcase.TC_2.1_12                       - 8: verifyTextNotPresent("Non hai un account", false, CONTINUE_ON_FAILURE)
2026-06-08 22:25:39.938 ERROR c.k.k.core.keyword.internal.KeywordMain  - ❌ Text 'Non hai un account' is present on page  (Root cause: com.kms.katalon.core.exception.StepFailedException: Text 'Non hai un account' is present on page 
	at com.kms.katalon.core.webui.keyword.internal.WebUIKeywordMain.stepFailed(WebUIKeywordMain.groovy:177)
	at com.kms.katalon.core.webui.keyword.builtin.VerifyTextNotPresentKeyword$_verifyTextNotPresent_closure1.doCall(VerifyTextNotPresentKeyword.groovy:77)
	at com.kms.katalon.core.webui.keyword.builtin.VerifyTextNotPresentKeyword$_verifyTextNotPresent_closure1.call(VerifyTextNotPresentKeyword.groovy)
	at com.kms.katalon.core.webui.keyword.internal.WebUIKeywordMain.runKeyword(WebUIKeywordMain.groovy:41)
	at com.kms.katalon.core.webui.keyword.builtin.VerifyTextNotPresentKeyword.verifyTextNotPresent(VerifyTextNotPresentKeyword.groovy:82)
	at com.kms.katalon.core.webui.keyword.builtin.VerifyTextNotPresentKeyword.execute(VerifyTextNotPresentKeyword.groovy:68)
	at com.kms.katalon.core.keyword.internal.KeywordExecutor.executeKeywordForPlatform(KeywordExecutor.groovy:103)
	at com.kms.katalon.core.webui.keyword.WebUiBuiltInKeywords.verifyTextNotPresent(WebUiBuiltInKeywords.groovy:1842)
	at TC_2.1_12.run(TC_2.1_12:29)
	at com.kms.katalon.core.main.ScriptEngine.run(ScriptEngine.java:203)
	at com.kms.katalon.core.main.ScriptEngine.runScriptAsRawText(ScriptEngine.java:115)
	at com.kms.katalon.core.main.TestCaseExecutor.runScript(TestCaseExecutor.java:506)
	at com.kms.katalon.core.main.TestCaseExecutor.doExecute(TestCaseExecutor.java:497)
	at com.kms.katalon.core.main.TestCaseExecutor.processExecutionPhase(TestCaseExecutor.java:476)
	at com.kms.katalon.core.main.TestCaseExecutor.accessMainPhase(TestCaseExecutor.java:468)
	at com.kms.katalon.core.main.TestCaseExecutor.execute(TestCaseExecutor.java:334)
	at com.kms.katalon.core.main.TestCaseExecutor.execute(TestCaseExecutor.java:426)
	at com.kms.katalon.core.common.CommonExecutor.accessTestCaseMainPhase(CommonExecutor.java:71)
	at com.kms.katalon.core.main.TestSuiteExecutor.accessTestSuiteMainPhase(TestSuiteExecutor.java:153)
	at com.kms.katalon.core.main.TestSuiteExecutor.execute(TestSuiteExecutor.java:110)
	at com.kms.katalon.core.main.TestCaseMain.startTestSuite(TestCaseMain.java:206)
	at S0608_18.run(S0608_18.groovy:40)
	at java.base/jdk.internal.reflect.DirectMethodHandleAccessor.invoke(DirectMethodHandleAccessor.java:103)
)
2026-06-08 22:25:39.940 DEBUG testcase.TC_2.1_12                       - 9: closeBrowser()
2026-06-08 22:25:40.138 ERROR c.k.katalon.core.main.TestCaseExecutor   - ❌ Test Cases/Registrazione/TC_2.1_12 FAILED.
Reason:
com.kms.katalon.core.exception.StepFailedException: Text 'Non hai un account' is present on page  (Root cause: com.kms.katalon.core.exception.StepFailedException: Text 'Non hai un account' is present on page 
	at com.kms.katalon.core.webui.keyword.internal.WebUIKeywordMain.stepFailed(WebUIKeywordMain.groovy:177)
	at com.kms.katalon.core.webui.keyword.builtin.VerifyTextNotPresentKeyword$_verifyTextNotPresent_closure1.doCall(VerifyTextNotPresentKeyword.groovy:77)
	at com.kms.katalon.core.webui.keyword.builtin.VerifyTextNotPresentKeyword$_verifyTextNotPresent_closure1.call(VerifyTextNotPresentKeyword.groovy)
	at com.kms.katalon.core.webui.keyword.internal.WebUIKeywordMain.runKeyword(WebUIKeywordMain.groovy:41)
	at com.kms.katalon.core.webui.keyword.builtin.VerifyTextNotPresentKeyword.verifyTextNotPresent(VerifyTextNotPresentKeyword.groovy:82)
	at com.kms.katalon.core.webui.keyword.builtin.VerifyTextNotPresentKeyword.execute(VerifyTextNotPresentKeyword.groovy:68)
	at com.kms.katalon.core.keyword.internal.KeywordExecutor.executeKeywordForPlatform(KeywordExecutor.groovy:103)
	at com.kms.katalon.core.webui.keyword.WebUiBuiltInKeywords.verifyTextNotPresent(WebUiBuiltInKeywords.groovy:1842)
	at TC_2.1_12.run(TC_2.1_12:29)
	at com.kms.katalon.core.main.ScriptEngine.run(ScriptEngine.java:203)
	at com.kms.katalon.core.main.ScriptEngine.runScriptAsRawText(ScriptEngine.java:115)
	at com.kms.katalon.core.main.TestCaseExecutor.runScript(TestCaseExecutor.java:506)
	at com.kms.katalon.core.main.TestCaseExecutor.doExecute(TestCaseExecutor.java:497)
	at com.kms.katalon.core.main.TestCaseExecutor.processExecutionPhase(TestCaseExecutor.java:476)
	at com.kms.katalon.core.main.TestCaseExecutor.accessMainPhase(TestCaseExecutor.java:468)
	at com.kms.katalon.core.main.TestCaseExecutor.execute(TestCaseExecutor.java:334)
	at com.kms.katalon.core.main.TestCaseExecutor.execute(TestCaseExecutor.java:426)
	at com.kms.katalon.core.common.CommonExecutor.accessTestCaseMainPhase(CommonExecutor.java:71)
	at com.kms.katalon.core.main.TestSuiteExecutor.accessTestSuiteMainPhase(TestSuiteExecutor.java:153)
	at com.kms.katalon.core.main.TestSuiteExecutor.execute(TestSuiteExecutor.java:110)
	at com.kms.katalon.core.main.TestCaseMain.startTestSuite(TestCaseMain.java:206)
	at S0608_18.run(S0608_18.groovy:40)
	at java.base/jdk.internal.reflect.DirectMethodHandleAccessor.invoke(DirectMethodHandleAccessor.java:103)
)
	at com.kms.katalon.core.keyword.internal.KeywordMain.stepFailed(KeywordMain.groovy:39)
	at com.kms.katalon.core.webui.keyword.internal.WebUIKeywordMain.stepFailed(WebUIKeywordMain.groovy:177)
	at com.kms.katalon.core.webui.keyword.builtin.VerifyTextNotPresentKeyword$_verifyTextNotPresent_closure1.doCall(VerifyTextNotPresentKeyword.groovy:77)
	at com.kms.katalon.core.webui.keyword.builtin.VerifyTextNotPresentKeyword$_verifyTextNotPresent_closure1.call(VerifyTextNotPresentKeyword.groovy)
	at com.kms.katalon.core.webui.keyword.internal.WebUIKeywordMain.runKeyword(WebUIKeywordMain.groovy:41)
	at com.kms.katalon.core.webui.keyword.builtin.VerifyTextNotPresentKeyword.verifyTextNotPresent(VerifyTextNotPresentKeyword.groovy:82)
	at com.kms.katalon.core.webui.keyword.builtin.VerifyTextNotPresentKeyword.execute(VerifyTextNotPresentKeyword.groovy:68)
	at com.kms.katalon.core.keyword.internal.KeywordExecutor.executeKeywordForPlatform(KeywordExecutor.groovy:103)
	at com.kms.katalon.core.webui.keyword.WebUiBuiltInKeywords.verifyTextNotPresent(WebUiBuiltInKeywords.groovy:1842)
	at TC_2.1_12.run(TC_2.1_12:29)
	at com.kms.katalon.core.main.ScriptEngine.run(ScriptEngine.java:203)
	at com.kms.katalon.core.main.ScriptEngine.runScriptAsRawText(ScriptEngine.java:115)
	at com.kms.katalon.core.main.TestCaseExecutor.runScript(TestCaseExecutor.java:506)
	at com.kms.katalon.core.main.TestCaseExecutor.doExecute(TestCaseExecutor.java:497)
	at com.kms.katalon.core.main.TestCaseExecutor.processExecutionPhase(TestCaseExecutor.java:476)
	at com.kms.katalon.core.main.TestCaseExecutor.accessMainPhase(TestCaseExecutor.java:468)
	at com.kms.katalon.core.main.TestCaseExecutor.execute(TestCaseExecutor.java:334)
	at com.kms.katalon.core.main.TestCaseExecutor.execute(TestCaseExecutor.java:426)
	at com.kms.katalon.core.common.CommonExecutor.accessTestCaseMainPhase(CommonExecutor.java:71)
	at com.kms.katalon.core.main.TestSuiteExecutor.accessTestSuiteMainPhase(TestSuiteExecutor.java:153)
	at com.kms.katalon.core.main.TestSuiteExecutor.execute(TestSuiteExecutor.java:110)
	at com.kms.katalon.core.main.TestCaseMain.startTestSuite(TestCaseMain.java:206)
	at S0608_18.run(S0608_18.groovy:40)
	at java.base/jdk.internal.reflect.DirectMethodHandleAccessor.invoke(DirectMethodHandleAccessor.java:103)
Caused by: com.kms.katalon.core.exception.StepFailedException: Text 'Non hai un account' is present on page 
	... 23 more

2026-06-08 22:25:40.139 INFO  c.k.katalon.core.main.TestCaseExecutor   - END Test Cases/Registrazione/TC_2.1_12
2026-06-08 22:25:40.142 INFO  c.k.katalon.core.main.TestCaseExecutor   - --------------------
2026-06-08 22:25:40.142 INFO  c.k.katalon.core.main.TestCaseExecutor   - START Test Cases/Registrazione/TC_2.1_12 - Retry attempt 2
2026-06-08 22:25:40.250 INFO  com.kms.katalon.core.util.KeywordUtil    - Seed ripristinato prima di: Test Cases/Registrazione/TC_2.1_12
2026-06-08 22:25:40.251 DEBUG testcase.TC_2.1_12                       - 1: openBrowser("")
2026-06-08 22:25:40.252 INFO  c.k.k.core.webui.driver.DriverFactory    - Starting 'Chrome' driver
2026-06-08 22:25:40.254 INFO  c.k.k.core.webui.driver.DriverFactory    - Action delay is set to 0 milliseconds
2026-06-08 22:25:41.319 INFO  c.k.k.core.webui.driver.DriverFactory    - sessionId = d67fe955fe37775620f499198bec3516
2026-06-08 22:25:41.319 INFO  c.k.k.core.webui.driver.DriverFactory    - browser = Chrome 148.0.7778.179
2026-06-08 22:25:41.319 INFO  c.k.k.core.webui.driver.DriverFactory    - platform = Windows 11
2026-06-08 22:25:41.320 INFO  c.k.k.core.webui.driver.DriverFactory    - seleniumVersion = 4.39.0
2026-06-08 22:25:41.320 INFO  c.k.k.core.webui.driver.DriverFactory    - proxyInformation = ProxyInformation { proxyOption=NO_PROXY, proxyServerType=HTTP, username=, password=********, proxyServerAddress=, proxyServerPort=0, executionList="", isApplyToDesiredCapabilities=true }
2026-06-08 22:25:41.334 DEBUG testcase.TC_2.1_12                       - 2: navigateToUrl(base + "SignForm.jsp")
2026-06-08 22:25:41.688 DEBUG testcase.TC_2.1_12                       - 3: delay(1)
2026-06-08 22:25:42.703 DEBUG testcase.TC_2.1_12                       - 4: executeJavaScript("document.getElementById('nome').value='Mario';" + "document.getElementById('cognome').value='Rossi';" + "document.getElementById('data_nascita').value='2000-05-15';" + "document.getElementById('codice_fiscale').value='RSSMRA00E15F839X';" + "document.getElementById('telefono').value='   ';" + "document.getElementById('email').value='mario.rossi@example.com';" + "document.getElementById('password').value='Password1';", null)
2026-06-08 22:25:42.718 DEBUG testcase.TC_2.1_12                       - 5: click(css("#submit"))
2026-06-08 22:25:42.719 DEBUG testcase.TC_2.1_12                       - 1: t = new com.kms.katalon.core.testobject.TestObject(sel)
2026-06-08 22:25:42.719 DEBUG testcase.TC_2.1_12                       - 2: t.addProperty("css", EQUALS, sel)
2026-06-08 22:25:42.720 DEBUG testcase.TC_2.1_12                       - 3: return t
2026-06-08 22:25:43.161 DEBUG testcase.TC_2.1_12                       - 6: delay(2)
2026-06-08 22:25:45.166 DEBUG testcase.TC_2.1_12                       - 7: takeScreenshot()
2026-06-08 22:25:45.936 DEBUG testcase.TC_2.1_12                       - 8: verifyTextNotPresent("Non hai un account", false, CONTINUE_ON_FAILURE)
2026-06-08 22:25:46.228 ERROR c.k.k.core.keyword.internal.KeywordMain  - ❌ Text 'Non hai un account' is present on page  (Root cause: com.kms.katalon.core.exception.StepFailedException: Text 'Non hai un account' is present on page 
	at com.kms.katalon.core.webui.keyword.internal.WebUIKeywordMain.stepFailed(WebUIKeywordMain.groovy:177)
	at com.kms.katalon.core.webui.keyword.builtin.VerifyTextNotPresentKeyword$_verifyTextNotPresent_closure1.doCall(VerifyTextNotPresentKeyword.groovy:77)
	at com.kms.katalon.core.webui.keyword.builtin.VerifyTextNotPresentKeyword$_verifyTextNotPresent_closure1.call(VerifyTextNotPresentKeyword.groovy)
	at com.kms.katalon.core.webui.keyword.internal.WebUIKeywordMain.runKeyword(WebUIKeywordMain.groovy:41)
	at com.kms.katalon.core.webui.keyword.builtin.VerifyTextNotPresentKeyword.verifyTextNotPresent(VerifyTextNotPresentKeyword.groovy:82)
	at com.kms.katalon.core.webui.keyword.builtin.VerifyTextNotPresentKeyword.execute(VerifyTextNotPresentKeyword.groovy:68)
	at com.kms.katalon.core.keyword.internal.KeywordExecutor.executeKeywordForPlatform(KeywordExecutor.groovy:103)
	at com.kms.katalon.core.webui.keyword.WebUiBuiltInKeywords.verifyTextNotPresent(WebUiBuiltInKeywords.groovy:1842)
	at TC_2.1_12.run(TC_2.1_12:29)
	at com.kms.katalon.core.main.ScriptEngine.run(ScriptEngine.java:203)
	at com.kms.katalon.core.main.ScriptEngine.runScriptAsRawText(ScriptEngine.java:115)
	at com.kms.katalon.core.main.TestCaseExecutor.runScript(TestCaseExecutor.java:506)
	at com.kms.katalon.core.main.TestCaseExecutor.doExecute(TestCaseExecutor.java:497)
	at com.kms.katalon.core.main.TestCaseExecutor.processExecutionPhase(TestCaseExecutor.java:476)
	at com.kms.katalon.core.main.TestCaseExecutor.accessMainPhase(TestCaseExecutor.java:468)
	at com.kms.katalon.core.main.TestCaseExecutor.execute(TestCaseExecutor.java:334)
	at com.kms.katalon.core.main.TestCaseExecutor.execute(TestCaseExecutor.java:426)
	at com.kms.katalon.core.main.TestCaseExecutor.execute(TestCaseExecutor.java:426)
	at com.kms.katalon.core.common.CommonExecutor.accessTestCaseMainPhase(CommonExecutor.java:71)
	at com.kms.katalon.core.main.TestSuiteExecutor.accessTestSuiteMainPhase(TestSuiteExecutor.java:153)
	at com.kms.katalon.core.main.TestSuiteExecutor.execute(TestSuiteExecutor.java:110)
	at com.kms.katalon.core.main.TestCaseMain.startTestSuite(TestCaseMain.java:206)
	at S0608_18.run(S0608_18.groovy:40)
	at java.base/jdk.internal.reflect.DirectMethodHandleAccessor.invoke(DirectMethodHandleAccessor.java:103)
)
2026-06-08 22:25:46.230 DEBUG testcase.TC_2.1_12                       - 9: closeBrowser()
2026-06-08 22:25:46.459 ERROR c.k.katalon.core.main.TestCaseExecutor   - ❌ Test Cases/Registrazione/TC_2.1_12 FAILED.
Reason:
com.kms.katalon.core.exception.StepFailedException: Text 'Non hai un account' is present on page  (Root cause: com.kms.katalon.core.exception.StepFailedException: Text 'Non hai un account' is present on page 
	at com.kms.katalon.core.webui.keyword.internal.WebUIKeywordMain.stepFailed(WebUIKeywordMain.groovy:177)
	at com.kms.katalon.core.webui.keyword.builtin.VerifyTextNotPresentKeyword$_verifyTextNotPresent_closure1.doCall(VerifyTextNotPresentKeyword.groovy:77)
	at com.kms.katalon.core.webui.keyword.builtin.VerifyTextNotPresentKeyword$_verifyTextNotPresent_closure1.call(VerifyTextNotPresentKeyword.groovy)
	at com.kms.katalon.core.webui.keyword.internal.WebUIKeywordMain.runKeyword(WebUIKeywordMain.groovy:41)
	at com.kms.katalon.core.webui.keyword.builtin.VerifyTextNotPresentKeyword.verifyTextNotPresent(VerifyTextNotPresentKeyword.groovy:82)
	at com.kms.katalon.core.webui.keyword.builtin.VerifyTextNotPresentKeyword.execute(VerifyTextNotPresentKeyword.groovy:68)
	at com.kms.katalon.core.keyword.internal.KeywordExecutor.executeKeywordForPlatform(KeywordExecutor.groovy:103)
	at com.kms.katalon.core.webui.keyword.WebUiBuiltInKeywords.verifyTextNotPresent(WebUiBuiltInKeywords.groovy:1842)
	at TC_2.1_12.run(TC_2.1_12:29)
	at com.kms.katalon.core.main.ScriptEngine.run(ScriptEngine.java:203)
	at com.kms.katalon.core.main.ScriptEngine.runScriptAsRawText(ScriptEngine.java:115)
	at com.kms.katalon.core.main.TestCaseExecutor.runScript(TestCaseExecutor.java:506)
	at com.kms.katalon.core.main.TestCaseExecutor.doExecute(TestCaseExecutor.java:497)
	at com.kms.katalon.core.main.TestCaseExecutor.processExecutionPhase(TestCaseExecutor.java:476)
	at com.kms.katalon.core.main.TestCaseExecutor.accessMainPhase(TestCaseExecutor.java:468)
	at com.kms.katalon.core.main.TestCaseExecutor.execute(TestCaseExecutor.java:334)
	at com.kms.katalon.core.main.TestCaseExecutor.execute(TestCaseExecutor.java:426)
	at com.kms.katalon.core.main.TestCaseExecutor.execute(TestCaseExecutor.java:426)
	at com.kms.katalon.core.common.CommonExecutor.accessTestCaseMainPhase(CommonExecutor.java:71)
	at com.kms.katalon.core.main.TestSuiteExecutor.accessTestSuiteMainPhase(TestSuiteExecutor.java:153)
	at com.kms.katalon.core.main.TestSuiteExecutor.execute(TestSuiteExecutor.java:110)
	at com.kms.katalon.core.main.TestCaseMain.startTestSuite(TestCaseMain.java:206)
	at S0608_18.run(S0608_18.groovy:40)
	at java.base/jdk.internal.reflect.DirectMethodHandleAccessor.invoke(DirectMethodHandleAccessor.java:103)
)
	at com.kms.katalon.core.keyword.internal.KeywordMain.stepFailed(KeywordMain.groovy:39)
	at com.kms.katalon.core.webui.keyword.internal.WebUIKeywordMain.stepFailed(WebUIKeywordMain.groovy:177)
	at com.kms.katalon.core.webui.keyword.builtin.VerifyTextNotPresentKeyword$_verifyTextNotPresent_closure1.doCall(VerifyTextNotPresentKeyword.groovy:77)
	at com.kms.katalon.core.webui.keyword.builtin.VerifyTextNotPresentKeyword$_verifyTextNotPresent_closure1.call(VerifyTextNotPresentKeyword.groovy)
	at com.kms.katalon.core.webui.keyword.internal.WebUIKeywordMain.runKeyword(WebUIKeywordMain.groovy:41)
	at com.kms.katalon.core.webui.keyword.builtin.VerifyTextNotPresentKeyword.verifyTextNotPresent(VerifyTextNotPresentKeyword.groovy:82)
	at com.kms.katalon.core.webui.keyword.builtin.VerifyTextNotPresentKeyword.execute(VerifyTextNotPresentKeyword.groovy:68)
	at com.kms.katalon.core.keyword.internal.KeywordExecutor.executeKeywordForPlatform(KeywordExecutor.groovy:103)
	at com.kms.katalon.core.webui.keyword.WebUiBuiltInKeywords.verifyTextNotPresent(WebUiBuiltInKeywords.groovy:1842)
	at TC_2.1_12.run(TC_2.1_12:29)
	at com.kms.katalon.core.main.ScriptEngine.run(ScriptEngine.java:203)
	at com.kms.katalon.core.main.ScriptEngine.runScriptAsRawText(ScriptEngine.java:115)
	at com.kms.katalon.core.main.TestCaseExecutor.runScript(TestCaseExecutor.java:506)
	at com.kms.katalon.core.main.TestCaseExecutor.doExecute(TestCaseExecutor.java:497)
	at com.kms.katalon.core.main.TestCaseExecutor.processExecutionPhase(TestCaseExecutor.java:476)
	at com.kms.katalon.core.main.TestCaseExecutor.accessMainPhase(TestCaseExecutor.java:468)
	at com.kms.katalon.core.main.TestCaseExecutor.execute(TestCaseExecutor.java:334)
	at com.kms.katalon.core.main.TestCaseExecutor.execute(TestCaseExecutor.java:426)
	at com.kms.katalon.core.main.TestCaseExecutor.execute(TestCaseExecutor.java:426)
	at com.kms.katalon.core.common.CommonExecutor.accessTestCaseMainPhase(CommonExecutor.java:71)
	at com.kms.katalon.core.main.TestSuiteExecutor.accessTestSuiteMainPhase(TestSuiteExecutor.java:153)
	at com.kms.katalon.core.main.TestSuiteExecutor.execute(TestSuiteExecutor.java:110)
	at com.kms.katalon.core.main.TestCaseMain.startTestSuite(TestCaseMain.java:206)
	at S0608_18.run(S0608_18.groovy:40)
	at java.base/jdk.internal.reflect.DirectMethodHandleAccessor.invoke(DirectMethodHandleAccessor.java:103)
Caused by: com.kms.katalon.core.exception.StepFailedException: Text 'Non hai un account' is present on page 
	... 24 more

2026-06-08 22:25:46.460 INFO  c.k.katalon.core.main.TestCaseExecutor   - END Test Cases/Registrazione/TC_2.1_12
2026-06-08 22:25:46.463 INFO  c.k.katalon.core.main.TestCaseExecutor   - --------------------
2026-06-08 22:25:46.463 INFO  c.k.katalon.core.main.TestCaseExecutor   - START Test Cases/Registrazione/TC_2.1_12 - Retry attempt 3
2026-06-08 22:25:46.571 INFO  com.kms.katalon.core.util.KeywordUtil    - Seed ripristinato prima di: Test Cases/Registrazione/TC_2.1_12
2026-06-08 22:25:46.573 DEBUG testcase.TC_2.1_12                       - 1: openBrowser("")
2026-06-08 22:25:46.575 INFO  c.k.k.core.webui.driver.DriverFactory    - Starting 'Chrome' driver
2026-06-08 22:25:46.576 INFO  c.k.k.core.webui.driver.DriverFactory    - Action delay is set to 0 milliseconds
2026-06-08 22:25:47.586 INFO  c.k.k.core.webui.driver.DriverFactory    - sessionId = 7a2c7b746200d847195440d687c68b22
2026-06-08 22:25:47.586 INFO  c.k.k.core.webui.driver.DriverFactory    - browser = Chrome 148.0.7778.179
2026-06-08 22:25:47.586 INFO  c.k.k.core.webui.driver.DriverFactory    - platform = Windows 11
2026-06-08 22:25:47.586 INFO  c.k.k.core.webui.driver.DriverFactory    - seleniumVersion = 4.39.0
2026-06-08 22:25:47.587 INFO  c.k.k.core.webui.driver.DriverFactory    - proxyInformation = ProxyInformation { proxyOption=NO_PROXY, proxyServerType=HTTP, username=, password=********, proxyServerAddress=, proxyServerPort=0, executionList="", isApplyToDesiredCapabilities=true }
2026-06-08 22:25:47.603 DEBUG testcase.TC_2.1_12                       - 2: navigateToUrl(base + "SignForm.jsp")
2026-06-08 22:25:48.269 DEBUG testcase.TC_2.1_12                       - 3: delay(1)
2026-06-08 22:25:49.273 DEBUG testcase.TC_2.1_12                       - 4: executeJavaScript("document.getElementById('nome').value='Mario';" + "document.getElementById('cognome').value='Rossi';" + "document.getElementById('data_nascita').value='2000-05-15';" + "document.getElementById('codice_fiscale').value='RSSMRA00E15F839X';" + "document.getElementById('telefono').value='   ';" + "document.getElementById('email').value='mario.rossi@example.com';" + "document.getElementById('password').value='Password1';", null)
2026-06-08 22:25:49.286 DEBUG testcase.TC_2.1_12                       - 5: click(css("#submit"))
2026-06-08 22:25:49.286 DEBUG testcase.TC_2.1_12                       - 1: t = new com.kms.katalon.core.testobject.TestObject(sel)
2026-06-08 22:25:49.287 DEBUG testcase.TC_2.1_12                       - 2: t.addProperty("css", EQUALS, sel)
2026-06-08 22:25:49.287 DEBUG testcase.TC_2.1_12                       - 3: return t
2026-06-08 22:25:49.732 DEBUG testcase.TC_2.1_12                       - 6: delay(2)
2026-06-08 22:25:51.735 DEBUG testcase.TC_2.1_12                       - 7: takeScreenshot()
2026-06-08 22:25:52.469 DEBUG testcase.TC_2.1_12                       - 8: verifyTextNotPresent("Non hai un account", false, CONTINUE_ON_FAILURE)
2026-06-08 22:25:52.772 ERROR c.k.k.core.keyword.internal.KeywordMain  - ❌ Text 'Non hai un account' is present on page  (Root cause: com.kms.katalon.core.exception.StepFailedException: Text 'Non hai un account' is present on page 
	at com.kms.katalon.core.webui.keyword.internal.WebUIKeywordMain.stepFailed(WebUIKeywordMain.groovy:177)
	at com.kms.katalon.core.webui.keyword.builtin.VerifyTextNotPresentKeyword$_verifyTextNotPresent_closure1.doCall(VerifyTextNotPresentKeyword.groovy:77)
	at com.kms.katalon.core.webui.keyword.builtin.VerifyTextNotPresentKeyword$_verifyTextNotPresent_closure1.call(VerifyTextNotPresentKeyword.groovy)
	at com.kms.katalon.core.webui.keyword.internal.WebUIKeywordMain.runKeyword(WebUIKeywordMain.groovy:41)
	at com.kms.katalon.core.webui.keyword.builtin.VerifyTextNotPresentKeyword.verifyTextNotPresent(VerifyTextNotPresentKeyword.groovy:82)
	at com.kms.katalon.core.webui.keyword.builtin.VerifyTextNotPresentKeyword.execute(VerifyTextNotPresentKeyword.groovy:68)
	at com.kms.katalon.core.keyword.internal.KeywordExecutor.executeKeywordForPlatform(KeywordExecutor.groovy:103)
	at com.kms.katalon.core.webui.keyword.WebUiBuiltInKeywords.verifyTextNotPresent(WebUiBuiltInKeywords.groovy:1842)
	at TC_2.1_12.run(TC_2.1_12:29)
	at com.kms.katalon.core.main.ScriptEngine.run(ScriptEngine.java:203)
	at com.kms.katalon.core.main.ScriptEngine.runScriptAsRawText(ScriptEngine.java:115)
	at com.kms.katalon.core.main.TestCaseExecutor.runScript(TestCaseExecutor.java:506)
	at com.kms.katalon.core.main.TestCaseExecutor.doExecute(TestCaseExecutor.java:497)
	at com.kms.katalon.core.main.TestCaseExecutor.processExecutionPhase(TestCaseExecutor.java:476)
	at com.kms.katalon.core.main.TestCaseExecutor.accessMainPhase(TestCaseExecutor.java:468)
	at com.kms.katalon.core.main.TestCaseExecutor.execute(TestCaseExecutor.java:334)
	at com.kms.katalon.core.main.TestCaseExecutor.execute(TestCaseExecutor.java:426)
	at com.kms.katalon.core.main.TestCaseExecutor.execute(TestCaseExecutor.java:426)
	at com.kms.katalon.core.main.TestCaseExecutor.execute(TestCaseExecutor.java:426)
	at com.kms.katalon.core.common.CommonExecutor.accessTestCaseMainPhase(CommonExecutor.java:71)
	at com.kms.katalon.core.main.TestSuiteExecutor.accessTestSuiteMainPhase(TestSuiteExecutor.java:153)
	at com.kms.katalon.core.main.TestSuiteExecutor.execute(TestSuiteExecutor.java:110)
	at com.kms.katalon.core.main.TestCaseMain.startTestSuite(TestCaseMain.java:206)
	at S0608_18.run(S0608_18.groovy:40)
	at java.base/jdk.internal.reflect.DirectMethodHandleAccessor.invoke(DirectMethodHandleAccessor.java:103)
)
2026-06-08 22:25:52.773 DEBUG testcase.TC_2.1_12                       - 9: closeBrowser()
2026-06-08 22:25:52.993 ERROR c.k.katalon.core.main.TestCaseExecutor   - ❌ Test Cases/Registrazione/TC_2.1_12 FAILED.
Reason:
com.kms.katalon.core.exception.StepFailedException: Text 'Non hai un account' is present on page  (Root cause: com.kms.katalon.core.exception.StepFailedException: Text 'Non hai un account' is present on page 
	at com.kms.katalon.core.webui.keyword.internal.WebUIKeywordMain.stepFailed(WebUIKeywordMain.groovy:177)
	at com.kms.katalon.core.webui.keyword.builtin.VerifyTextNotPresentKeyword$_verifyTextNotPresent_closure1.doCall(VerifyTextNotPresentKeyword.groovy:77)
	at com.kms.katalon.core.webui.keyword.builtin.VerifyTextNotPresentKeyword$_verifyTextNotPresent_closure1.call(VerifyTextNotPresentKeyword.groovy)
	at com.kms.katalon.core.webui.keyword.internal.WebUIKeywordMain.runKeyword(WebUIKeywordMain.groovy:41)
	at com.kms.katalon.core.webui.keyword.builtin.VerifyTextNotPresentKeyword.verifyTextNotPresent(VerifyTextNotPresentKeyword.groovy:82)
	at com.kms.katalon.core.webui.keyword.builtin.VerifyTextNotPresentKeyword.execute(VerifyTextNotPresentKeyword.groovy:68)
	at com.kms.katalon.core.keyword.internal.KeywordExecutor.executeKeywordForPlatform(KeywordExecutor.groovy:103)
	at com.kms.katalon.core.webui.keyword.WebUiBuiltInKeywords.verifyTextNotPresent(WebUiBuiltInKeywords.groovy:1842)
	at TC_2.1_12.run(TC_2.1_12:29)
	at com.kms.katalon.core.main.ScriptEngine.run(ScriptEngine.java:203)
	at com.kms.katalon.core.main.ScriptEngine.runScriptAsRawText(ScriptEngine.java:115)
	at com.kms.katalon.core.main.TestCaseExecutor.runScript(TestCaseExecutor.java:506)
	at com.kms.katalon.core.main.TestCaseExecutor.doExecute(TestCaseExecutor.java:497)
	at com.kms.katalon.core.main.TestCaseExecutor.processExecutionPhase(TestCaseExecutor.java:476)
	at com.kms.katalon.core.main.TestCaseExecutor.accessMainPhase(TestCaseExecutor.java:468)
	at com.kms.katalon.core.main.TestCaseExecutor.execute(TestCaseExecutor.java:334)
	at com.kms.katalon.core.main.TestCaseExecutor.execute(TestCaseExecutor.java:426)
	at com.kms.katalon.core.main.TestCaseExecutor.execute(TestCaseExecutor.java:426)
	at com.kms.katalon.core.main.TestCaseExecutor.execute(TestCaseExecutor.java:426)
	at com.kms.katalon.core.common.CommonExecutor.accessTestCaseMainPhase(CommonExecutor.java:71)
	at com.kms.katalon.core.main.TestSuiteExecutor.accessTestSuiteMainPhase(TestSuiteExecutor.java:153)
	at com.kms.katalon.core.main.TestSuiteExecutor.execute(TestSuiteExecutor.java:110)
	at com.kms.katalon.core.main.TestCaseMain.startTestSuite(TestCaseMain.java:206)
	at S0608_18.run(S0608_18.groovy:40)
	at java.base/jdk.internal.reflect.DirectMethodHandleAccessor.invoke(DirectMethodHandleAccessor.java:103)
)
	at com.kms.katalon.core.keyword.internal.KeywordMain.stepFailed(KeywordMain.groovy:39)
	at com.kms.katalon.core.webui.keyword.internal.WebUIKeywordMain.stepFailed(WebUIKeywordMain.groovy:177)
	at com.kms.katalon.core.webui.keyword.builtin.VerifyTextNotPresentKeyword$_verifyTextNotPresent_closure1.doCall(VerifyTextNotPresentKeyword.groovy:77)
	at com.kms.katalon.core.webui.keyword.builtin.VerifyTextNotPresentKeyword$_verifyTextNotPresent_closure1.call(VerifyTextNotPresentKeyword.groovy)
	at com.kms.katalon.core.webui.keyword.internal.WebUIKeywordMain.runKeyword(WebUIKeywordMain.groovy:41)
	at com.kms.katalon.core.webui.keyword.builtin.VerifyTextNotPresentKeyword.verifyTextNotPresent(VerifyTextNotPresentKeyword.groovy:82)
	at com.kms.katalon.core.webui.keyword.builtin.VerifyTextNotPresentKeyword.execute(VerifyTextNotPresentKeyword.groovy:68)
	at com.kms.katalon.core.keyword.internal.KeywordExecutor.executeKeywordForPlatform(KeywordExecutor.groovy:103)
	at com.kms.katalon.core.webui.keyword.WebUiBuiltInKeywords.verifyTextNotPresent(WebUiBuiltInKeywords.groovy:1842)
	at TC_2.1_12.run(TC_2.1_12:29)
	at com.kms.katalon.core.main.ScriptEngine.run(ScriptEngine.java:203)
	at com.kms.katalon.core.main.ScriptEngine.runScriptAsRawText(ScriptEngine.java:115)
	at com.kms.katalon.core.main.TestCaseExecutor.runScript(TestCaseExecutor.java:506)
	at com.kms.katalon.core.main.TestCaseExecutor.doExecute(TestCaseExecutor.java:497)
	at com.kms.katalon.core.main.TestCaseExecutor.processExecutionPhase(TestCaseExecutor.java:476)
	at com.kms.katalon.core.main.TestCaseExecutor.accessMainPhase(TestCaseExecutor.java:468)
	at com.kms.katalon.core.main.TestCaseExecutor.execute(TestCaseExecutor.java:334)
	at com.kms.katalon.core.main.TestCaseExecutor.execute(TestCaseExecutor.java:426)
	at com.kms.katalon.core.main.TestCaseExecutor.execute(TestCaseExecutor.java:426)
	at com.kms.katalon.core.main.TestCaseExecutor.execute(TestCaseExecutor.java:426)
	at com.kms.katalon.core.common.CommonExecutor.accessTestCaseMainPhase(CommonExecutor.java:71)
	at com.kms.katalon.core.main.TestSuiteExecutor.accessTestSuiteMainPhase(TestSuiteExecutor.java:153)
	at com.kms.katalon.core.main.TestSuiteExecutor.execute(TestSuiteExecutor.java:110)
	at com.kms.katalon.core.main.TestCaseMain.startTestSuite(TestCaseMain.java:206)
	at S0608_18.run(S0608_18.groovy:40)
	at java.base/jdk.internal.reflect.DirectMethodHandleAccessor.invoke(DirectMethodHandleAccessor.java:103)
Caused by: com.kms.katalon.core.exception.StepFailedException: Text 'Non hai un account' is present on page 
	... 25 more

2026-06-08 22:25:52.994 INFO  c.k.katalon.core.main.TestCaseExecutor   - END Test Cases/Registrazione/TC_2.1_12
2026-06-08 22:25:52.997 INFO  c.k.katalon.core.main.TestCaseExecutor   - --------------------
2026-06-08 22:25:52.998 INFO  c.k.katalon.core.main.TestCaseExecutor   - START Test Cases/Registrazione/TC_2.1_13
2026-06-08 22:25:53.098 INFO  com.kms.katalon.core.util.KeywordUtil    - Seed ripristinato prima di: Test Cases/Registrazione/TC_2.1_13
2026-06-08 22:25:53.160 DEBUG testcase.TC_2.1_13                       - 1: openBrowser("")
2026-06-08 22:25:53.161 INFO  c.k.k.core.webui.driver.DriverFactory    - Starting 'Chrome' driver
2026-06-08 22:25:53.162 INFO  c.k.k.core.webui.driver.DriverFactory    - Action delay is set to 0 milliseconds
2026-06-08 22:25:54.289 INFO  c.k.k.core.webui.driver.DriverFactory    - sessionId = e692acf03d3d6ec4fa7c9a55357cc517
2026-06-08 22:25:54.289 INFO  c.k.k.core.webui.driver.DriverFactory    - browser = Chrome 148.0.7778.179
2026-06-08 22:25:54.290 INFO  c.k.k.core.webui.driver.DriverFactory    - platform = Windows 11
2026-06-08 22:25:54.290 INFO  c.k.k.core.webui.driver.DriverFactory    - seleniumVersion = 4.39.0
2026-06-08 22:25:54.290 INFO  c.k.k.core.webui.driver.DriverFactory    - proxyInformation = ProxyInformation { proxyOption=NO_PROXY, proxyServerType=HTTP, username=, password=********, proxyServerAddress=, proxyServerPort=0, executionList="", isApplyToDesiredCapabilities=true }
2026-06-08 22:25:54.304 DEBUG testcase.TC_2.1_13                       - 2: navigateToUrl(base + "SignForm.jsp")
2026-06-08 22:25:54.634 DEBUG testcase.TC_2.1_13                       - 3: delay(1)
2026-06-08 22:25:55.649 DEBUG testcase.TC_2.1_13                       - 4: executeJavaScript("document.getElementById('nome').value='Mario';" + "document.getElementById('cognome').value='Rossi';" + "document.getElementById('data_nascita').value='2000-05-15';" + "document.getElementById('codice_fiscale').value='RSSMRA00E15F839X';" + "document.getElementById('telefono').value='3331234567';" + "document.getElementById('email').value='mario.rossi@example.com';" + "document.getElementById('password').value='   ';", null)
2026-06-08 22:25:55.665 DEBUG testcase.TC_2.1_13                       - 5: click(css("#submit"))
2026-06-08 22:25:55.667 DEBUG testcase.TC_2.1_13                       - 1: t = new com.kms.katalon.core.testobject.TestObject(sel)
2026-06-08 22:25:55.669 DEBUG testcase.TC_2.1_13                       - 2: t.addProperty("css", EQUALS, sel)
2026-06-08 22:25:55.671 DEBUG testcase.TC_2.1_13                       - 3: return t
2026-06-08 22:25:56.092 DEBUG testcase.TC_2.1_13                       - 6: delay(2)
2026-06-08 22:25:58.104 DEBUG testcase.TC_2.1_13                       - 7: takeScreenshot()
2026-06-08 22:25:58.841 DEBUG testcase.TC_2.1_13                       - 8: verifyTextNotPresent("Non hai un account", false, CONTINUE_ON_FAILURE)
2026-06-08 22:25:59.129 ERROR c.k.k.core.keyword.internal.KeywordMain  - ❌ Text 'Non hai un account' is present on page  (Root cause: com.kms.katalon.core.exception.StepFailedException: Text 'Non hai un account' is present on page 
	at com.kms.katalon.core.webui.keyword.internal.WebUIKeywordMain.stepFailed(WebUIKeywordMain.groovy:177)
	at com.kms.katalon.core.webui.keyword.builtin.VerifyTextNotPresentKeyword$_verifyTextNotPresent_closure1.doCall(VerifyTextNotPresentKeyword.groovy:77)
	at com.kms.katalon.core.webui.keyword.builtin.VerifyTextNotPresentKeyword$_verifyTextNotPresent_closure1.call(VerifyTextNotPresentKeyword.groovy)
	at com.kms.katalon.core.webui.keyword.internal.WebUIKeywordMain.runKeyword(WebUIKeywordMain.groovy:41)
	at com.kms.katalon.core.webui.keyword.builtin.VerifyTextNotPresentKeyword.verifyTextNotPresent(VerifyTextNotPresentKeyword.groovy:82)
	at com.kms.katalon.core.webui.keyword.builtin.VerifyTextNotPresentKeyword.execute(VerifyTextNotPresentKeyword.groovy:68)
	at com.kms.katalon.core.keyword.internal.KeywordExecutor.executeKeywordForPlatform(KeywordExecutor.groovy:103)
	at com.kms.katalon.core.webui.keyword.WebUiBuiltInKeywords.verifyTextNotPresent(WebUiBuiltInKeywords.groovy:1842)
	at TC_2.1_13.run(TC_2.1_13:29)
	at com.kms.katalon.core.main.ScriptEngine.run(ScriptEngine.java:203)
	at com.kms.katalon.core.main.ScriptEngine.runScriptAsRawText(ScriptEngine.java:115)
	at com.kms.katalon.core.main.TestCaseExecutor.runScript(TestCaseExecutor.java:506)
	at com.kms.katalon.core.main.TestCaseExecutor.doExecute(TestCaseExecutor.java:497)
	at com.kms.katalon.core.main.TestCaseExecutor.processExecutionPhase(TestCaseExecutor.java:476)
	at com.kms.katalon.core.main.TestCaseExecutor.accessMainPhase(TestCaseExecutor.java:468)
	at com.kms.katalon.core.main.TestCaseExecutor.execute(TestCaseExecutor.java:334)
	at com.kms.katalon.core.common.CommonExecutor.accessTestCaseMainPhase(CommonExecutor.java:71)
	at com.kms.katalon.core.main.TestSuiteExecutor.accessTestSuiteMainPhase(TestSuiteExecutor.java:153)
	at com.kms.katalon.core.main.TestSuiteExecutor.execute(TestSuiteExecutor.java:110)
	at com.kms.katalon.core.main.TestCaseMain.startTestSuite(TestCaseMain.java:206)
	at S0608_18.run(S0608_18.groovy:40)
	at java.base/jdk.internal.reflect.DirectMethodHandleAccessor.invoke(DirectMethodHandleAccessor.java:103)
)
2026-06-08 22:25:59.131 DEBUG testcase.TC_2.1_13                       - 9: closeBrowser()
2026-06-08 22:25:59.362 ERROR c.k.katalon.core.main.TestCaseExecutor   - ❌ Test Cases/Registrazione/TC_2.1_13 FAILED.
Reason:
com.kms.katalon.core.exception.StepFailedException: Text 'Non hai un account' is present on page  (Root cause: com.kms.katalon.core.exception.StepFailedException: Text 'Non hai un account' is present on page 
	at com.kms.katalon.core.webui.keyword.internal.WebUIKeywordMain.stepFailed(WebUIKeywordMain.groovy:177)
	at com.kms.katalon.core.webui.keyword.builtin.VerifyTextNotPresentKeyword$_verifyTextNotPresent_closure1.doCall(VerifyTextNotPresentKeyword.groovy:77)
	at com.kms.katalon.core.webui.keyword.builtin.VerifyTextNotPresentKeyword$_verifyTextNotPresent_closure1.call(VerifyTextNotPresentKeyword.groovy)
	at com.kms.katalon.core.webui.keyword.internal.WebUIKeywordMain.runKeyword(WebUIKeywordMain.groovy:41)
	at com.kms.katalon.core.webui.keyword.builtin.VerifyTextNotPresentKeyword.verifyTextNotPresent(VerifyTextNotPresentKeyword.groovy:82)
	at com.kms.katalon.core.webui.keyword.builtin.VerifyTextNotPresentKeyword.execute(VerifyTextNotPresentKeyword.groovy:68)
	at com.kms.katalon.core.keyword.internal.KeywordExecutor.executeKeywordForPlatform(KeywordExecutor.groovy:103)
	at com.kms.katalon.core.webui.keyword.WebUiBuiltInKeywords.verifyTextNotPresent(WebUiBuiltInKeywords.groovy:1842)
	at TC_2.1_13.run(TC_2.1_13:29)
	at com.kms.katalon.core.main.ScriptEngine.run(ScriptEngine.java:203)
	at com.kms.katalon.core.main.ScriptEngine.runScriptAsRawText(ScriptEngine.java:115)
	at com.kms.katalon.core.main.TestCaseExecutor.runScript(TestCaseExecutor.java:506)
	at com.kms.katalon.core.main.TestCaseExecutor.doExecute(TestCaseExecutor.java:497)
	at com.kms.katalon.core.main.TestCaseExecutor.processExecutionPhase(TestCaseExecutor.java:476)
	at com.kms.katalon.core.main.TestCaseExecutor.accessMainPhase(TestCaseExecutor.java:468)
	at com.kms.katalon.core.main.TestCaseExecutor.execute(TestCaseExecutor.java:334)
	at com.kms.katalon.core.common.CommonExecutor.accessTestCaseMainPhase(CommonExecutor.java:71)
	at com.kms.katalon.core.main.TestSuiteExecutor.accessTestSuiteMainPhase(TestSuiteExecutor.java:153)
	at com.kms.katalon.core.main.TestSuiteExecutor.execute(TestSuiteExecutor.java:110)
	at com.kms.katalon.core.main.TestCaseMain.startTestSuite(TestCaseMain.java:206)
	at S0608_18.run(S0608_18.groovy:40)
	at java.base/jdk.internal.reflect.DirectMethodHandleAccessor.invoke(DirectMethodHandleAccessor.java:103)
)
	at com.kms.katalon.core.keyword.internal.KeywordMain.stepFailed(KeywordMain.groovy:39)
	at com.kms.katalon.core.webui.keyword.internal.WebUIKeywordMain.stepFailed(WebUIKeywordMain.groovy:177)
	at com.kms.katalon.core.webui.keyword.builtin.VerifyTextNotPresentKeyword$_verifyTextNotPresent_closure1.doCall(VerifyTextNotPresentKeyword.groovy:77)
	at com.kms.katalon.core.webui.keyword.builtin.VerifyTextNotPresentKeyword$_verifyTextNotPresent_closure1.call(VerifyTextNotPresentKeyword.groovy)
	at com.kms.katalon.core.webui.keyword.internal.WebUIKeywordMain.runKeyword(WebUIKeywordMain.groovy:41)
	at com.kms.katalon.core.webui.keyword.builtin.VerifyTextNotPresentKeyword.verifyTextNotPresent(VerifyTextNotPresentKeyword.groovy:82)
	at com.kms.katalon.core.webui.keyword.builtin.VerifyTextNotPresentKeyword.execute(VerifyTextNotPresentKeyword.groovy:68)
	at com.kms.katalon.core.keyword.internal.KeywordExecutor.executeKeywordForPlatform(KeywordExecutor.groovy:103)
	at com.kms.katalon.core.webui.keyword.WebUiBuiltInKeywords.verifyTextNotPresent(WebUiBuiltInKeywords.groovy:1842)
	at TC_2.1_13.run(TC_2.1_13:29)
	at com.kms.katalon.core.main.ScriptEngine.run(ScriptEngine.java:203)
	at com.kms.katalon.core.main.ScriptEngine.runScriptAsRawText(ScriptEngine.java:115)
	at com.kms.katalon.core.main.TestCaseExecutor.runScript(TestCaseExecutor.java:506)
	at com.kms.katalon.core.main.TestCaseExecutor.doExecute(TestCaseExecutor.java:497)
	at com.kms.katalon.core.main.TestCaseExecutor.processExecutionPhase(TestCaseExecutor.java:476)
	at com.kms.katalon.core.main.TestCaseExecutor.accessMainPhase(TestCaseExecutor.java:468)
	at com.kms.katalon.core.main.TestCaseExecutor.execute(TestCaseExecutor.java:334)
	at com.kms.katalon.core.common.CommonExecutor.accessTestCaseMainPhase(CommonExecutor.java:71)
	at com.kms.katalon.core.main.TestSuiteExecutor.accessTestSuiteMainPhase(TestSuiteExecutor.java:153)
	at com.kms.katalon.core.main.TestSuiteExecutor.execute(TestSuiteExecutor.java:110)
	at com.kms.katalon.core.main.TestCaseMain.startTestSuite(TestCaseMain.java:206)
	at S0608_18.run(S0608_18.groovy:40)
	at java.base/jdk.internal.reflect.DirectMethodHandleAccessor.invoke(DirectMethodHandleAccessor.java:103)
Caused by: com.kms.katalon.core.exception.StepFailedException: Text 'Non hai un account' is present on page 
	... 22 more

2026-06-08 22:25:59.362 INFO  c.k.katalon.core.main.TestCaseExecutor   - END Test Cases/Registrazione/TC_2.1_13
2026-06-08 22:25:59.365 INFO  c.k.katalon.core.main.TestCaseExecutor   - --------------------
2026-06-08 22:25:59.365 INFO  c.k.katalon.core.main.TestCaseExecutor   - START Test Cases/Registrazione/TC_2.1_13 - Retry attempt 1
2026-06-08 22:25:59.482 INFO  com.kms.katalon.core.util.KeywordUtil    - Seed ripristinato prima di: Test Cases/Registrazione/TC_2.1_13
2026-06-08 22:25:59.484 DEBUG testcase.TC_2.1_13                       - 1: openBrowser("")
2026-06-08 22:25:59.485 INFO  c.k.k.core.webui.driver.DriverFactory    - Starting 'Chrome' driver
2026-06-08 22:25:59.487 INFO  c.k.k.core.webui.driver.DriverFactory    - Action delay is set to 0 milliseconds
2026-06-08 22:26:00.576 INFO  c.k.k.core.webui.driver.DriverFactory    - sessionId = 71d15415a1d8d9b7b69f20112568f73b
2026-06-08 22:26:00.576 INFO  c.k.k.core.webui.driver.DriverFactory    - browser = Chrome 148.0.7778.179
2026-06-08 22:26:00.576 INFO  c.k.k.core.webui.driver.DriverFactory    - platform = Windows 11
2026-06-08 22:26:00.577 INFO  c.k.k.core.webui.driver.DriverFactory    - seleniumVersion = 4.39.0
2026-06-08 22:26:00.577 INFO  c.k.k.core.webui.driver.DriverFactory    - proxyInformation = ProxyInformation { proxyOption=NO_PROXY, proxyServerType=HTTP, username=, password=********, proxyServerAddress=, proxyServerPort=0, executionList="", isApplyToDesiredCapabilities=true }
2026-06-08 22:26:00.595 DEBUG testcase.TC_2.1_13                       - 2: navigateToUrl(base + "SignForm.jsp")
2026-06-08 22:26:00.944 DEBUG testcase.TC_2.1_13                       - 3: delay(1)
2026-06-08 22:26:01.958 DEBUG testcase.TC_2.1_13                       - 4: executeJavaScript("document.getElementById('nome').value='Mario';" + "document.getElementById('cognome').value='Rossi';" + "document.getElementById('data_nascita').value='2000-05-15';" + "document.getElementById('codice_fiscale').value='RSSMRA00E15F839X';" + "document.getElementById('telefono').value='3331234567';" + "document.getElementById('email').value='mario.rossi@example.com';" + "document.getElementById('password').value='   ';", null)
2026-06-08 22:26:01.972 DEBUG testcase.TC_2.1_13                       - 5: click(css("#submit"))
2026-06-08 22:26:01.973 DEBUG testcase.TC_2.1_13                       - 1: t = new com.kms.katalon.core.testobject.TestObject(sel)
2026-06-08 22:26:01.975 DEBUG testcase.TC_2.1_13                       - 2: t.addProperty("css", EQUALS, sel)
2026-06-08 22:26:01.975 DEBUG testcase.TC_2.1_13                       - 3: return t
2026-06-08 22:26:02.409 DEBUG testcase.TC_2.1_13                       - 6: delay(2)
2026-06-08 22:26:04.417 DEBUG testcase.TC_2.1_13                       - 7: takeScreenshot()
2026-06-08 22:26:05.124 DEBUG testcase.TC_2.1_13                       - 8: verifyTextNotPresent("Non hai un account", false, CONTINUE_ON_FAILURE)
2026-06-08 22:26:05.414 ERROR c.k.k.core.keyword.internal.KeywordMain  - ❌ Text 'Non hai un account' is present on page  (Root cause: com.kms.katalon.core.exception.StepFailedException: Text 'Non hai un account' is present on page 
	at com.kms.katalon.core.webui.keyword.internal.WebUIKeywordMain.stepFailed(WebUIKeywordMain.groovy:177)
	at com.kms.katalon.core.webui.keyword.builtin.VerifyTextNotPresentKeyword$_verifyTextNotPresent_closure1.doCall(VerifyTextNotPresentKeyword.groovy:77)
	at com.kms.katalon.core.webui.keyword.builtin.VerifyTextNotPresentKeyword$_verifyTextNotPresent_closure1.call(VerifyTextNotPresentKeyword.groovy)
	at com.kms.katalon.core.webui.keyword.internal.WebUIKeywordMain.runKeyword(WebUIKeywordMain.groovy:41)
	at com.kms.katalon.core.webui.keyword.builtin.VerifyTextNotPresentKeyword.verifyTextNotPresent(VerifyTextNotPresentKeyword.groovy:82)
	at com.kms.katalon.core.webui.keyword.builtin.VerifyTextNotPresentKeyword.execute(VerifyTextNotPresentKeyword.groovy:68)
	at com.kms.katalon.core.keyword.internal.KeywordExecutor.executeKeywordForPlatform(KeywordExecutor.groovy:103)
	at com.kms.katalon.core.webui.keyword.WebUiBuiltInKeywords.verifyTextNotPresent(WebUiBuiltInKeywords.groovy:1842)
	at TC_2.1_13.run(TC_2.1_13:29)
	at com.kms.katalon.core.main.ScriptEngine.run(ScriptEngine.java:203)
	at com.kms.katalon.core.main.ScriptEngine.runScriptAsRawText(ScriptEngine.java:115)
	at com.kms.katalon.core.main.TestCaseExecutor.runScript(TestCaseExecutor.java:506)
	at com.kms.katalon.core.main.TestCaseExecutor.doExecute(TestCaseExecutor.java:497)
	at com.kms.katalon.core.main.TestCaseExecutor.processExecutionPhase(TestCaseExecutor.java:476)
	at com.kms.katalon.core.main.TestCaseExecutor.accessMainPhase(TestCaseExecutor.java:468)
	at com.kms.katalon.core.main.TestCaseExecutor.execute(TestCaseExecutor.java:334)
	at com.kms.katalon.core.main.TestCaseExecutor.execute(TestCaseExecutor.java:426)
	at com.kms.katalon.core.common.CommonExecutor.accessTestCaseMainPhase(CommonExecutor.java:71)
	at com.kms.katalon.core.main.TestSuiteExecutor.accessTestSuiteMainPhase(TestSuiteExecutor.java:153)
	at com.kms.katalon.core.main.TestSuiteExecutor.execute(TestSuiteExecutor.java:110)
	at com.kms.katalon.core.main.TestCaseMain.startTestSuite(TestCaseMain.java:206)
	at S0608_18.run(S0608_18.groovy:40)
	at java.base/jdk.internal.reflect.DirectMethodHandleAccessor.invoke(DirectMethodHandleAccessor.java:103)
)
2026-06-08 22:26:05.416 DEBUG testcase.TC_2.1_13                       - 9: closeBrowser()
2026-06-08 22:26:05.621 ERROR c.k.katalon.core.main.TestCaseExecutor   - ❌ Test Cases/Registrazione/TC_2.1_13 FAILED.
Reason:
com.kms.katalon.core.exception.StepFailedException: Text 'Non hai un account' is present on page  (Root cause: com.kms.katalon.core.exception.StepFailedException: Text 'Non hai un account' is present on page 
	at com.kms.katalon.core.webui.keyword.internal.WebUIKeywordMain.stepFailed(WebUIKeywordMain.groovy:177)
	at com.kms.katalon.core.webui.keyword.builtin.VerifyTextNotPresentKeyword$_verifyTextNotPresent_closure1.doCall(VerifyTextNotPresentKeyword.groovy:77)
	at com.kms.katalon.core.webui.keyword.builtin.VerifyTextNotPresentKeyword$_verifyTextNotPresent_closure1.call(VerifyTextNotPresentKeyword.groovy)
	at com.kms.katalon.core.webui.keyword.internal.WebUIKeywordMain.runKeyword(WebUIKeywordMain.groovy:41)
	at com.kms.katalon.core.webui.keyword.builtin.VerifyTextNotPresentKeyword.verifyTextNotPresent(VerifyTextNotPresentKeyword.groovy:82)
	at com.kms.katalon.core.webui.keyword.builtin.VerifyTextNotPresentKeyword.execute(VerifyTextNotPresentKeyword.groovy:68)
	at com.kms.katalon.core.keyword.internal.KeywordExecutor.executeKeywordForPlatform(KeywordExecutor.groovy:103)
	at com.kms.katalon.core.webui.keyword.WebUiBuiltInKeywords.verifyTextNotPresent(WebUiBuiltInKeywords.groovy:1842)
	at TC_2.1_13.run(TC_2.1_13:29)
	at com.kms.katalon.core.main.ScriptEngine.run(ScriptEngine.java:203)
	at com.kms.katalon.core.main.ScriptEngine.runScriptAsRawText(ScriptEngine.java:115)
	at com.kms.katalon.core.main.TestCaseExecutor.runScript(TestCaseExecutor.java:506)
	at com.kms.katalon.core.main.TestCaseExecutor.doExecute(TestCaseExecutor.java:497)
	at com.kms.katalon.core.main.TestCaseExecutor.processExecutionPhase(TestCaseExecutor.java:476)
	at com.kms.katalon.core.main.TestCaseExecutor.accessMainPhase(TestCaseExecutor.java:468)
	at com.kms.katalon.core.main.TestCaseExecutor.execute(TestCaseExecutor.java:334)
	at com.kms.katalon.core.main.TestCaseExecutor.execute(TestCaseExecutor.java:426)
	at com.kms.katalon.core.common.CommonExecutor.accessTestCaseMainPhase(CommonExecutor.java:71)
	at com.kms.katalon.core.main.TestSuiteExecutor.accessTestSuiteMainPhase(TestSuiteExecutor.java:153)
	at com.kms.katalon.core.main.TestSuiteExecutor.execute(TestSuiteExecutor.java:110)
	at com.kms.katalon.core.main.TestCaseMain.startTestSuite(TestCaseMain.java:206)
	at S0608_18.run(S0608_18.groovy:40)
	at java.base/jdk.internal.reflect.DirectMethodHandleAccessor.invoke(DirectMethodHandleAccessor.java:103)
)
	at com.kms.katalon.core.keyword.internal.KeywordMain.stepFailed(KeywordMain.groovy:39)
	at com.kms.katalon.core.webui.keyword.internal.WebUIKeywordMain.stepFailed(WebUIKeywordMain.groovy:177)
	at com.kms.katalon.core.webui.keyword.builtin.VerifyTextNotPresentKeyword$_verifyTextNotPresent_closure1.doCall(VerifyTextNotPresentKeyword.groovy:77)
	at com.kms.katalon.core.webui.keyword.builtin.VerifyTextNotPresentKeyword$_verifyTextNotPresent_closure1.call(VerifyTextNotPresentKeyword.groovy)
	at com.kms.katalon.core.webui.keyword.internal.WebUIKeywordMain.runKeyword(WebUIKeywordMain.groovy:41)
	at com.kms.katalon.core.webui.keyword.builtin.VerifyTextNotPresentKeyword.verifyTextNotPresent(VerifyTextNotPresentKeyword.groovy:82)
	at com.kms.katalon.core.webui.keyword.builtin.VerifyTextNotPresentKeyword.execute(VerifyTextNotPresentKeyword.groovy:68)
	at com.kms.katalon.core.keyword.internal.KeywordExecutor.executeKeywordForPlatform(KeywordExecutor.groovy:103)
	at com.kms.katalon.core.webui.keyword.WebUiBuiltInKeywords.verifyTextNotPresent(WebUiBuiltInKeywords.groovy:1842)
	at TC_2.1_13.run(TC_2.1_13:29)
	at com.kms.katalon.core.main.ScriptEngine.run(ScriptEngine.java:203)
	at com.kms.katalon.core.main.ScriptEngine.runScriptAsRawText(ScriptEngine.java:115)
	at com.kms.katalon.core.main.TestCaseExecutor.runScript(TestCaseExecutor.java:506)
	at com.kms.katalon.core.main.TestCaseExecutor.doExecute(TestCaseExecutor.java:497)
	at com.kms.katalon.core.main.TestCaseExecutor.processExecutionPhase(TestCaseExecutor.java:476)
	at com.kms.katalon.core.main.TestCaseExecutor.accessMainPhase(TestCaseExecutor.java:468)
	at com.kms.katalon.core.main.TestCaseExecutor.execute(TestCaseExecutor.java:334)
	at com.kms.katalon.core.main.TestCaseExecutor.execute(TestCaseExecutor.java:426)
	at com.kms.katalon.core.common.CommonExecutor.accessTestCaseMainPhase(CommonExecutor.java:71)
	at com.kms.katalon.core.main.TestSuiteExecutor.accessTestSuiteMainPhase(TestSuiteExecutor.java:153)
	at com.kms.katalon.core.main.TestSuiteExecutor.execute(TestSuiteExecutor.java:110)
	at com.kms.katalon.core.main.TestCaseMain.startTestSuite(TestCaseMain.java:206)
	at S0608_18.run(S0608_18.groovy:40)
	at java.base/jdk.internal.reflect.DirectMethodHandleAccessor.invoke(DirectMethodHandleAccessor.java:103)
Caused by: com.kms.katalon.core.exception.StepFailedException: Text 'Non hai un account' is present on page 
	... 23 more

2026-06-08 22:26:05.622 INFO  c.k.katalon.core.main.TestCaseExecutor   - END Test Cases/Registrazione/TC_2.1_13
2026-06-08 22:26:05.625 INFO  c.k.katalon.core.main.TestCaseExecutor   - --------------------
2026-06-08 22:26:05.626 INFO  c.k.katalon.core.main.TestCaseExecutor   - START Test Cases/Registrazione/TC_2.1_13 - Retry attempt 2
2026-06-08 22:26:05.725 INFO  com.kms.katalon.core.util.KeywordUtil    - Seed ripristinato prima di: Test Cases/Registrazione/TC_2.1_13
2026-06-08 22:26:05.727 DEBUG testcase.TC_2.1_13                       - 1: openBrowser("")
2026-06-08 22:26:05.728 INFO  c.k.k.core.webui.driver.DriverFactory    - Starting 'Chrome' driver
2026-06-08 22:26:05.729 INFO  c.k.k.core.webui.driver.DriverFactory    - Action delay is set to 0 milliseconds
2026-06-08 22:26:06.711 INFO  c.k.k.core.webui.driver.DriverFactory    - sessionId = fd304a195019d4bb4e8bfcdc044d6774
2026-06-08 22:26:06.711 INFO  c.k.k.core.webui.driver.DriverFactory    - browser = Chrome 148.0.7778.179
2026-06-08 22:26:06.711 INFO  c.k.k.core.webui.driver.DriverFactory    - platform = Windows 11
2026-06-08 22:26:06.711 INFO  c.k.k.core.webui.driver.DriverFactory    - seleniumVersion = 4.39.0
2026-06-08 22:26:06.712 INFO  c.k.k.core.webui.driver.DriverFactory    - proxyInformation = ProxyInformation { proxyOption=NO_PROXY, proxyServerType=HTTP, username=, password=********, proxyServerAddress=, proxyServerPort=0, executionList="", isApplyToDesiredCapabilities=true }
2026-06-08 22:26:06.726 DEBUG testcase.TC_2.1_13                       - 2: navigateToUrl(base + "SignForm.jsp")
2026-06-08 22:26:07.111 DEBUG testcase.TC_2.1_13                       - 3: delay(1)
2026-06-08 22:26:08.124 DEBUG testcase.TC_2.1_13                       - 4: executeJavaScript("document.getElementById('nome').value='Mario';" + "document.getElementById('cognome').value='Rossi';" + "document.getElementById('data_nascita').value='2000-05-15';" + "document.getElementById('codice_fiscale').value='RSSMRA00E15F839X';" + "document.getElementById('telefono').value='3331234567';" + "document.getElementById('email').value='mario.rossi@example.com';" + "document.getElementById('password').value='   ';", null)
2026-06-08 22:26:08.150 DEBUG testcase.TC_2.1_13                       - 5: click(css("#submit"))
2026-06-08 22:26:08.151 DEBUG testcase.TC_2.1_13                       - 1: t = new com.kms.katalon.core.testobject.TestObject(sel)
2026-06-08 22:26:08.152 DEBUG testcase.TC_2.1_13                       - 2: t.addProperty("css", EQUALS, sel)
2026-06-08 22:26:08.152 DEBUG testcase.TC_2.1_13                       - 3: return t
2026-06-08 22:26:08.632 DEBUG testcase.TC_2.1_13                       - 6: delay(2)
2026-06-08 22:26:10.642 DEBUG testcase.TC_2.1_13                       - 7: takeScreenshot()
2026-06-08 22:26:11.384 DEBUG testcase.TC_2.1_13                       - 8: verifyTextNotPresent("Non hai un account", false, CONTINUE_ON_FAILURE)
2026-06-08 22:26:11.675 ERROR c.k.k.core.keyword.internal.KeywordMain  - ❌ Text 'Non hai un account' is present on page  (Root cause: com.kms.katalon.core.exception.StepFailedException: Text 'Non hai un account' is present on page 
	at com.kms.katalon.core.webui.keyword.internal.WebUIKeywordMain.stepFailed(WebUIKeywordMain.groovy:177)
	at com.kms.katalon.core.webui.keyword.builtin.VerifyTextNotPresentKeyword$_verifyTextNotPresent_closure1.doCall(VerifyTextNotPresentKeyword.groovy:77)
	at com.kms.katalon.core.webui.keyword.builtin.VerifyTextNotPresentKeyword$_verifyTextNotPresent_closure1.call(VerifyTextNotPresentKeyword.groovy)
	at com.kms.katalon.core.webui.keyword.internal.WebUIKeywordMain.runKeyword(WebUIKeywordMain.groovy:41)
	at com.kms.katalon.core.webui.keyword.builtin.VerifyTextNotPresentKeyword.verifyTextNotPresent(VerifyTextNotPresentKeyword.groovy:82)
	at com.kms.katalon.core.webui.keyword.builtin.VerifyTextNotPresentKeyword.execute(VerifyTextNotPresentKeyword.groovy:68)
	at com.kms.katalon.core.keyword.internal.KeywordExecutor.executeKeywordForPlatform(KeywordExecutor.groovy:103)
	at com.kms.katalon.core.webui.keyword.WebUiBuiltInKeywords.verifyTextNotPresent(WebUiBuiltInKeywords.groovy:1842)
	at TC_2.1_13.run(TC_2.1_13:29)
	at com.kms.katalon.core.main.ScriptEngine.run(ScriptEngine.java:203)
	at com.kms.katalon.core.main.ScriptEngine.runScriptAsRawText(ScriptEngine.java:115)
	at com.kms.katalon.core.main.TestCaseExecutor.runScript(TestCaseExecutor.java:506)
	at com.kms.katalon.core.main.TestCaseExecutor.doExecute(TestCaseExecutor.java:497)
	at com.kms.katalon.core.main.TestCaseExecutor.processExecutionPhase(TestCaseExecutor.java:476)
	at com.kms.katalon.core.main.TestCaseExecutor.accessMainPhase(TestCaseExecutor.java:468)
	at com.kms.katalon.core.main.TestCaseExecutor.execute(TestCaseExecutor.java:334)
	at com.kms.katalon.core.main.TestCaseExecutor.execute(TestCaseExecutor.java:426)
	at com.kms.katalon.core.main.TestCaseExecutor.execute(TestCaseExecutor.java:426)
	at com.kms.katalon.core.common.CommonExecutor.accessTestCaseMainPhase(CommonExecutor.java:71)
	at com.kms.katalon.core.main.TestSuiteExecutor.accessTestSuiteMainPhase(TestSuiteExecutor.java:153)
	at com.kms.katalon.core.main.TestSuiteExecutor.execute(TestSuiteExecutor.java:110)
	at com.kms.katalon.core.main.TestCaseMain.startTestSuite(TestCaseMain.java:206)
	at S0608_18.run(S0608_18.groovy:40)
	at java.base/jdk.internal.reflect.DirectMethodHandleAccessor.invoke(DirectMethodHandleAccessor.java:103)
)
2026-06-08 22:26:11.676 DEBUG testcase.TC_2.1_13                       - 9: closeBrowser()
2026-06-08 22:26:11.901 ERROR c.k.katalon.core.main.TestCaseExecutor   - ❌ Test Cases/Registrazione/TC_2.1_13 FAILED.
Reason:
com.kms.katalon.core.exception.StepFailedException: Text 'Non hai un account' is present on page  (Root cause: com.kms.katalon.core.exception.StepFailedException: Text 'Non hai un account' is present on page 
	at com.kms.katalon.core.webui.keyword.internal.WebUIKeywordMain.stepFailed(WebUIKeywordMain.groovy:177)
	at com.kms.katalon.core.webui.keyword.builtin.VerifyTextNotPresentKeyword$_verifyTextNotPresent_closure1.doCall(VerifyTextNotPresentKeyword.groovy:77)
	at com.kms.katalon.core.webui.keyword.builtin.VerifyTextNotPresentKeyword$_verifyTextNotPresent_closure1.call(VerifyTextNotPresentKeyword.groovy)
	at com.kms.katalon.core.webui.keyword.internal.WebUIKeywordMain.runKeyword(WebUIKeywordMain.groovy:41)
	at com.kms.katalon.core.webui.keyword.builtin.VerifyTextNotPresentKeyword.verifyTextNotPresent(VerifyTextNotPresentKeyword.groovy:82)
	at com.kms.katalon.core.webui.keyword.builtin.VerifyTextNotPresentKeyword.execute(VerifyTextNotPresentKeyword.groovy:68)
	at com.kms.katalon.core.keyword.internal.KeywordExecutor.executeKeywordForPlatform(KeywordExecutor.groovy:103)
	at com.kms.katalon.core.webui.keyword.WebUiBuiltInKeywords.verifyTextNotPresent(WebUiBuiltInKeywords.groovy:1842)
	at TC_2.1_13.run(TC_2.1_13:29)
	at com.kms.katalon.core.main.ScriptEngine.run(ScriptEngine.java:203)
	at com.kms.katalon.core.main.ScriptEngine.runScriptAsRawText(ScriptEngine.java:115)
	at com.kms.katalon.core.main.TestCaseExecutor.runScript(TestCaseExecutor.java:506)
	at com.kms.katalon.core.main.TestCaseExecutor.doExecute(TestCaseExecutor.java:497)
	at com.kms.katalon.core.main.TestCaseExecutor.processExecutionPhase(TestCaseExecutor.java:476)
	at com.kms.katalon.core.main.TestCaseExecutor.accessMainPhase(TestCaseExecutor.java:468)
	at com.kms.katalon.core.main.TestCaseExecutor.execute(TestCaseExecutor.java:334)
	at com.kms.katalon.core.main.TestCaseExecutor.execute(TestCaseExecutor.java:426)
	at com.kms.katalon.core.main.TestCaseExecutor.execute(TestCaseExecutor.java:426)
	at com.kms.katalon.core.common.CommonExecutor.accessTestCaseMainPhase(CommonExecutor.java:71)
	at com.kms.katalon.core.main.TestSuiteExecutor.accessTestSuiteMainPhase(TestSuiteExecutor.java:153)
	at com.kms.katalon.core.main.TestSuiteExecutor.execute(TestSuiteExecutor.java:110)
	at com.kms.katalon.core.main.TestCaseMain.startTestSuite(TestCaseMain.java:206)
	at S0608_18.run(S0608_18.groovy:40)
	at java.base/jdk.internal.reflect.DirectMethodHandleAccessor.invoke(DirectMethodHandleAccessor.java:103)
)
	at com.kms.katalon.core.keyword.internal.KeywordMain.stepFailed(KeywordMain.groovy:39)
	at com.kms.katalon.core.webui.keyword.internal.WebUIKeywordMain.stepFailed(WebUIKeywordMain.groovy:177)
	at com.kms.katalon.core.webui.keyword.builtin.VerifyTextNotPresentKeyword$_verifyTextNotPresent_closure1.doCall(VerifyTextNotPresentKeyword.groovy:77)
	at com.kms.katalon.core.webui.keyword.builtin.VerifyTextNotPresentKeyword$_verifyTextNotPresent_closure1.call(VerifyTextNotPresentKeyword.groovy)
	at com.kms.katalon.core.webui.keyword.internal.WebUIKeywordMain.runKeyword(WebUIKeywordMain.groovy:41)
	at com.kms.katalon.core.webui.keyword.builtin.VerifyTextNotPresentKeyword.verifyTextNotPresent(VerifyTextNotPresentKeyword.groovy:82)
	at com.kms.katalon.core.webui.keyword.builtin.VerifyTextNotPresentKeyword.execute(VerifyTextNotPresentKeyword.groovy:68)
	at com.kms.katalon.core.keyword.internal.KeywordExecutor.executeKeywordForPlatform(KeywordExecutor.groovy:103)
	at com.kms.katalon.core.webui.keyword.WebUiBuiltInKeywords.verifyTextNotPresent(WebUiBuiltInKeywords.groovy:1842)
	at TC_2.1_13.run(TC_2.1_13:29)
	at com.kms.katalon.core.main.ScriptEngine.run(ScriptEngine.java:203)
	at com.kms.katalon.core.main.ScriptEngine.runScriptAsRawText(ScriptEngine.java:115)
	at com.kms.katalon.core.main.TestCaseExecutor.runScript(TestCaseExecutor.java:506)
	at com.kms.katalon.core.main.TestCaseExecutor.doExecute(TestCaseExecutor.java:497)
	at com.kms.katalon.core.main.TestCaseExecutor.processExecutionPhase(TestCaseExecutor.java:476)
	at com.kms.katalon.core.main.TestCaseExecutor.accessMainPhase(TestCaseExecutor.java:468)
	at com.kms.katalon.core.main.TestCaseExecutor.execute(TestCaseExecutor.java:334)
	at com.kms.katalon.core.main.TestCaseExecutor.execute(TestCaseExecutor.java:426)
	at com.kms.katalon.core.main.TestCaseExecutor.execute(TestCaseExecutor.java:426)
	at com.kms.katalon.core.common.CommonExecutor.accessTestCaseMainPhase(CommonExecutor.java:71)
	at com.kms.katalon.core.main.TestSuiteExecutor.accessTestSuiteMainPhase(TestSuiteExecutor.java:153)
	at com.kms.katalon.core.main.TestSuiteExecutor.execute(TestSuiteExecutor.java:110)
	at com.kms.katalon.core.main.TestCaseMain.startTestSuite(TestCaseMain.java:206)
	at S0608_18.run(S0608_18.groovy:40)
	at java.base/jdk.internal.reflect.DirectMethodHandleAccessor.invoke(DirectMethodHandleAccessor.java:103)
Caused by: com.kms.katalon.core.exception.StepFailedException: Text 'Non hai un account' is present on page 
	... 24 more

2026-06-08 22:26:11.903 INFO  c.k.katalon.core.main.TestCaseExecutor   - END Test Cases/Registrazione/TC_2.1_13
2026-06-08 22:26:11.906 INFO  c.k.katalon.core.main.TestCaseExecutor   - --------------------
2026-06-08 22:26:11.906 INFO  c.k.katalon.core.main.TestCaseExecutor   - START Test Cases/Registrazione/TC_2.1_13 - Retry attempt 3
2026-06-08 22:26:12.012 INFO  com.kms.katalon.core.util.KeywordUtil    - Seed ripristinato prima di: Test Cases/Registrazione/TC_2.1_13
2026-06-08 22:26:12.014 DEBUG testcase.TC_2.1_13                       - 1: openBrowser("")
2026-06-08 22:26:12.015 INFO  c.k.k.core.webui.driver.DriverFactory    - Starting 'Chrome' driver
2026-06-08 22:26:12.016 INFO  c.k.k.core.webui.driver.DriverFactory    - Action delay is set to 0 milliseconds
2026-06-08 22:26:13.000 INFO  c.k.k.core.webui.driver.DriverFactory    - sessionId = c362ce961026eff4f2602590c9f19f8e
2026-06-08 22:26:13.000 INFO  c.k.k.core.webui.driver.DriverFactory    - browser = Chrome 148.0.7778.179
2026-06-08 22:26:13.001 INFO  c.k.k.core.webui.driver.DriverFactory    - platform = Windows 11
2026-06-08 22:26:13.001 INFO  c.k.k.core.webui.driver.DriverFactory    - seleniumVersion = 4.39.0
2026-06-08 22:26:13.001 INFO  c.k.k.core.webui.driver.DriverFactory    - proxyInformation = ProxyInformation { proxyOption=NO_PROXY, proxyServerType=HTTP, username=, password=********, proxyServerAddress=, proxyServerPort=0, executionList="", isApplyToDesiredCapabilities=true }
2026-06-08 22:26:13.015 DEBUG testcase.TC_2.1_13                       - 2: navigateToUrl(base + "SignForm.jsp")
2026-06-08 22:26:13.404 DEBUG testcase.TC_2.1_13                       - 3: delay(1)
2026-06-08 22:26:14.411 DEBUG testcase.TC_2.1_13                       - 4: executeJavaScript("document.getElementById('nome').value='Mario';" + "document.getElementById('cognome').value='Rossi';" + "document.getElementById('data_nascita').value='2000-05-15';" + "document.getElementById('codice_fiscale').value='RSSMRA00E15F839X';" + "document.getElementById('telefono').value='3331234567';" + "document.getElementById('email').value='mario.rossi@example.com';" + "document.getElementById('password').value='   ';", null)
2026-06-08 22:26:14.433 DEBUG testcase.TC_2.1_13                       - 5: click(css("#submit"))
2026-06-08 22:26:14.434 DEBUG testcase.TC_2.1_13                       - 1: t = new com.kms.katalon.core.testobject.TestObject(sel)
2026-06-08 22:26:14.434 DEBUG testcase.TC_2.1_13                       - 2: t.addProperty("css", EQUALS, sel)
2026-06-08 22:26:14.435 DEBUG testcase.TC_2.1_13                       - 3: return t
2026-06-08 22:26:14.892 DEBUG testcase.TC_2.1_13                       - 6: delay(2)
2026-06-08 22:26:16.905 DEBUG testcase.TC_2.1_13                       - 7: takeScreenshot()
2026-06-08 22:26:17.683 DEBUG testcase.TC_2.1_13                       - 8: verifyTextNotPresent("Non hai un account", false, CONTINUE_ON_FAILURE)
2026-06-08 22:26:17.976 ERROR c.k.k.core.keyword.internal.KeywordMain  - ❌ Text 'Non hai un account' is present on page  (Root cause: com.kms.katalon.core.exception.StepFailedException: Text 'Non hai un account' is present on page 
	at com.kms.katalon.core.webui.keyword.internal.WebUIKeywordMain.stepFailed(WebUIKeywordMain.groovy:177)
	at com.kms.katalon.core.webui.keyword.builtin.VerifyTextNotPresentKeyword$_verifyTextNotPresent_closure1.doCall(VerifyTextNotPresentKeyword.groovy:77)
	at com.kms.katalon.core.webui.keyword.builtin.VerifyTextNotPresentKeyword$_verifyTextNotPresent_closure1.call(VerifyTextNotPresentKeyword.groovy)
	at com.kms.katalon.core.webui.keyword.internal.WebUIKeywordMain.runKeyword(WebUIKeywordMain.groovy:41)
	at com.kms.katalon.core.webui.keyword.builtin.VerifyTextNotPresentKeyword.verifyTextNotPresent(VerifyTextNotPresentKeyword.groovy:82)
	at com.kms.katalon.core.webui.keyword.builtin.VerifyTextNotPresentKeyword.execute(VerifyTextNotPresentKeyword.groovy:68)
	at com.kms.katalon.core.keyword.internal.KeywordExecutor.executeKeywordForPlatform(KeywordExecutor.groovy:103)
	at com.kms.katalon.core.webui.keyword.WebUiBuiltInKeywords.verifyTextNotPresent(WebUiBuiltInKeywords.groovy:1842)
	at TC_2.1_13.run(TC_2.1_13:29)
	at com.kms.katalon.core.main.ScriptEngine.run(ScriptEngine.java:203)
	at com.kms.katalon.core.main.ScriptEngine.runScriptAsRawText(ScriptEngine.java:115)
	at com.kms.katalon.core.main.TestCaseExecutor.runScript(TestCaseExecutor.java:506)
	at com.kms.katalon.core.main.TestCaseExecutor.doExecute(TestCaseExecutor.java:497)
	at com.kms.katalon.core.main.TestCaseExecutor.processExecutionPhase(TestCaseExecutor.java:476)
	at com.kms.katalon.core.main.TestCaseExecutor.accessMainPhase(TestCaseExecutor.java:468)
	at com.kms.katalon.core.main.TestCaseExecutor.execute(TestCaseExecutor.java:334)
	at com.kms.katalon.core.main.TestCaseExecutor.execute(TestCaseExecutor.java:426)
	at com.kms.katalon.core.main.TestCaseExecutor.execute(TestCaseExecutor.java:426)
	at com.kms.katalon.core.main.TestCaseExecutor.execute(TestCaseExecutor.java:426)
	at com.kms.katalon.core.common.CommonExecutor.accessTestCaseMainPhase(CommonExecutor.java:71)
	at com.kms.katalon.core.main.TestSuiteExecutor.accessTestSuiteMainPhase(TestSuiteExecutor.java:153)
	at com.kms.katalon.core.main.TestSuiteExecutor.execute(TestSuiteExecutor.java:110)
	at com.kms.katalon.core.main.TestCaseMain.startTestSuite(TestCaseMain.java:206)
	at S0608_18.run(S0608_18.groovy:40)
	at java.base/jdk.internal.reflect.DirectMethodHandleAccessor.invoke(DirectMethodHandleAccessor.java:103)
)
2026-06-08 22:26:17.978 DEBUG testcase.TC_2.1_13                       - 9: closeBrowser()
2026-06-08 22:26:18.252 ERROR c.k.katalon.core.main.TestCaseExecutor   - ❌ Test Cases/Registrazione/TC_2.1_13 FAILED.
Reason:
com.kms.katalon.core.exception.StepFailedException: Text 'Non hai un account' is present on page  (Root cause: com.kms.katalon.core.exception.StepFailedException: Text 'Non hai un account' is present on page 
	at com.kms.katalon.core.webui.keyword.internal.WebUIKeywordMain.stepFailed(WebUIKeywordMain.groovy:177)
	at com.kms.katalon.core.webui.keyword.builtin.VerifyTextNotPresentKeyword$_verifyTextNotPresent_closure1.doCall(VerifyTextNotPresentKeyword.groovy:77)
	at com.kms.katalon.core.webui.keyword.builtin.VerifyTextNotPresentKeyword$_verifyTextNotPresent_closure1.call(VerifyTextNotPresentKeyword.groovy)
	at com.kms.katalon.core.webui.keyword.internal.WebUIKeywordMain.runKeyword(WebUIKeywordMain.groovy:41)
	at com.kms.katalon.core.webui.keyword.builtin.VerifyTextNotPresentKeyword.verifyTextNotPresent(VerifyTextNotPresentKeyword.groovy:82)
	at com.kms.katalon.core.webui.keyword.builtin.VerifyTextNotPresentKeyword.execute(VerifyTextNotPresentKeyword.groovy:68)
	at com.kms.katalon.core.keyword.internal.KeywordExecutor.executeKeywordForPlatform(KeywordExecutor.groovy:103)
	at com.kms.katalon.core.webui.keyword.WebUiBuiltInKeywords.verifyTextNotPresent(WebUiBuiltInKeywords.groovy:1842)
	at TC_2.1_13.run(TC_2.1_13:29)
	at com.kms.katalon.core.main.ScriptEngine.run(ScriptEngine.java:203)
	at com.kms.katalon.core.main.ScriptEngine.runScriptAsRawText(ScriptEngine.java:115)
	at com.kms.katalon.core.main.TestCaseExecutor.runScript(TestCaseExecutor.java:506)
	at com.kms.katalon.core.main.TestCaseExecutor.doExecute(TestCaseExecutor.java:497)
	at com.kms.katalon.core.main.TestCaseExecutor.processExecutionPhase(TestCaseExecutor.java:476)
	at com.kms.katalon.core.main.TestCaseExecutor.accessMainPhase(TestCaseExecutor.java:468)
	at com.kms.katalon.core.main.TestCaseExecutor.execute(TestCaseExecutor.java:334)
	at com.kms.katalon.core.main.TestCaseExecutor.execute(TestCaseExecutor.java:426)
	at com.kms.katalon.core.main.TestCaseExecutor.execute(TestCaseExecutor.java:426)
	at com.kms.katalon.core.main.TestCaseExecutor.execute(TestCaseExecutor.java:426)
	at com.kms.katalon.core.common.CommonExecutor.accessTestCaseMainPhase(CommonExecutor.java:71)
	at com.kms.katalon.core.main.TestSuiteExecutor.accessTestSuiteMainPhase(TestSuiteExecutor.java:153)
	at com.kms.katalon.core.main.TestSuiteExecutor.execute(TestSuiteExecutor.java:110)
	at com.kms.katalon.core.main.TestCaseMain.startTestSuite(TestCaseMain.java:206)
	at S0608_18.run(S0608_18.groovy:40)
	at java.base/jdk.internal.reflect.DirectMethodHandleAccessor.invoke(DirectMethodHandleAccessor.java:103)
)
	at com.kms.katalon.core.keyword.internal.KeywordMain.stepFailed(KeywordMain.groovy:39)
	at com.kms.katalon.core.webui.keyword.internal.WebUIKeywordMain.stepFailed(WebUIKeywordMain.groovy:177)
	at com.kms.katalon.core.webui.keyword.builtin.VerifyTextNotPresentKeyword$_verifyTextNotPresent_closure1.doCall(VerifyTextNotPresentKeyword.groovy:77)
	at com.kms.katalon.core.webui.keyword.builtin.VerifyTextNotPresentKeyword$_verifyTextNotPresent_closure1.call(VerifyTextNotPresentKeyword.groovy)
	at com.kms.katalon.core.webui.keyword.internal.WebUIKeywordMain.runKeyword(WebUIKeywordMain.groovy:41)
	at com.kms.katalon.core.webui.keyword.builtin.VerifyTextNotPresentKeyword.verifyTextNotPresent(VerifyTextNotPresentKeyword.groovy:82)
	at com.kms.katalon.core.webui.keyword.builtin.VerifyTextNotPresentKeyword.execute(VerifyTextNotPresentKeyword.groovy:68)
	at com.kms.katalon.core.keyword.internal.KeywordExecutor.executeKeywordForPlatform(KeywordExecutor.groovy:103)
	at com.kms.katalon.core.webui.keyword.WebUiBuiltInKeywords.verifyTextNotPresent(WebUiBuiltInKeywords.groovy:1842)
	at TC_2.1_13.run(TC_2.1_13:29)
	at com.kms.katalon.core.main.ScriptEngine.run(ScriptEngine.java:203)
	at com.kms.katalon.core.main.ScriptEngine.runScriptAsRawText(ScriptEngine.java:115)
	at com.kms.katalon.core.main.TestCaseExecutor.runScript(TestCaseExecutor.java:506)
	at com.kms.katalon.core.main.TestCaseExecutor.doExecute(TestCaseExecutor.java:497)
	at com.kms.katalon.core.main.TestCaseExecutor.processExecutionPhase(TestCaseExecutor.java:476)
	at com.kms.katalon.core.main.TestCaseExecutor.accessMainPhase(TestCaseExecutor.java:468)
	at com.kms.katalon.core.main.TestCaseExecutor.execute(TestCaseExecutor.java:334)
	at com.kms.katalon.core.main.TestCaseExecutor.execute(TestCaseExecutor.java:426)
	at com.kms.katalon.core.main.TestCaseExecutor.execute(TestCaseExecutor.java:426)
	at com.kms.katalon.core.main.TestCaseExecutor.execute(TestCaseExecutor.java:426)
	at com.kms.katalon.core.common.CommonExecutor.accessTestCaseMainPhase(CommonExecutor.java:71)
	at com.kms.katalon.core.main.TestSuiteExecutor.accessTestSuiteMainPhase(TestSuiteExecutor.java:153)
	at com.kms.katalon.core.main.TestSuiteExecutor.execute(TestSuiteExecutor.java:110)
	at com.kms.katalon.core.main.TestCaseMain.startTestSuite(TestCaseMain.java:206)
	at S0608_18.run(S0608_18.groovy:40)
	at java.base/jdk.internal.reflect.DirectMethodHandleAccessor.invoke(DirectMethodHandleAccessor.java:103)
Caused by: com.kms.katalon.core.exception.StepFailedException: Text 'Non hai un account' is present on page 
	... 25 more

2026-06-08 22:26:18.253 INFO  c.k.katalon.core.main.TestCaseExecutor   - END Test Cases/Registrazione/TC_2.1_13
2026-06-08 22:26:18.257 INFO  c.k.katalon.core.main.TestCaseExecutor   - --------------------
2026-06-08 22:26:18.257 INFO  c.k.katalon.core.main.TestCaseExecutor   - START Test Cases/Registrazione/TC_2.1_14
2026-06-08 22:26:18.509 INFO  com.kms.katalon.core.util.KeywordUtil    - Seed ripristinato prima di: Test Cases/Registrazione/TC_2.1_14
2026-06-08 22:26:18.567 DEBUG testcase.TC_2.1_14                       - 1: openBrowser("")
2026-06-08 22:26:18.568 INFO  c.k.k.core.webui.driver.DriverFactory    - Starting 'Chrome' driver
2026-06-08 22:26:18.570 INFO  c.k.k.core.webui.driver.DriverFactory    - Action delay is set to 0 milliseconds
2026-06-08 22:26:20.117 INFO  c.k.k.core.webui.driver.DriverFactory    - sessionId = cd3ceab0bc87bbeae5c048271ca3eae3
2026-06-08 22:26:20.120 INFO  c.k.k.core.webui.driver.DriverFactory    - browser = Chrome 148.0.7778.179
2026-06-08 22:26:20.121 INFO  c.k.k.core.webui.driver.DriverFactory    - platform = Windows 11
2026-06-08 22:26:20.122 INFO  c.k.k.core.webui.driver.DriverFactory    - seleniumVersion = 4.39.0
2026-06-08 22:26:20.123 INFO  c.k.k.core.webui.driver.DriverFactory    - proxyInformation = ProxyInformation { proxyOption=NO_PROXY, proxyServerType=HTTP, username=, password=********, proxyServerAddress=, proxyServerPort=0, executionList="", isApplyToDesiredCapabilities=true }
2026-06-08 22:26:20.136 DEBUG testcase.TC_2.1_14                       - 2: navigateToUrl(base + "SignForm.jsp")
2026-06-08 22:26:22.338 DEBUG testcase.TC_2.1_14                       - 3: delay(1)
2026-06-08 22:26:23.345 DEBUG testcase.TC_2.1_14                       - 4: executeJavaScript("document.getElementById('nome').value='Mario';" + "document.getElementById('cognome').value='Rossi';" + "document.getElementById('data_nascita').value='2000-05-15';" + "document.getElementById('codice_fiscale').value='RSSMRA00E15F839X';" + "document.getElementById('telefono').value='3331234567';" + "document.getElementById('email').value='mario.rossi.example.com';" + "document.getElementById('password').value='Password1';", null)
2026-06-08 22:26:23.359 DEBUG testcase.TC_2.1_14                       - 5: valid = executeJavaScript("return document.getElementById('email').checkValidity()", null)
2026-06-08 22:26:23.372 DEBUG testcase.TC_2.1_14                       - 6: verifyEqual(valid, false)
2026-06-08 22:26:23.374 DEBUG testcase.TC_2.1_14                       - 7: click(css("#submit"))
2026-06-08 22:26:23.375 DEBUG testcase.TC_2.1_14                       - 1: t = new com.kms.katalon.core.testobject.TestObject(sel)
2026-06-08 22:26:23.376 DEBUG testcase.TC_2.1_14                       - 2: t.addProperty("css", EQUALS, sel)
2026-06-08 22:26:23.378 DEBUG testcase.TC_2.1_14                       - 3: return t
2026-06-08 22:26:23.769 DEBUG testcase.TC_2.1_14                       - 8: delay(1)
2026-06-08 22:26:24.781 DEBUG testcase.TC_2.1_14                       - 9: takeScreenshot()
2026-06-08 22:26:25.522 DEBUG testcase.TC_2.1_14                       - 10: verifyTextNotPresent("Non hai un account", false)
2026-06-08 22:26:25.777 DEBUG testcase.TC_2.1_14                       - 11: closeBrowser()
2026-06-08 22:26:27.341 INFO  c.k.katalon.core.main.TestCaseExecutor   - END Test Cases/Registrazione/TC_2.1_14
2026-06-08 22:26:27.343 INFO  c.k.katalon.core.main.TestCaseExecutor   - --------------------
2026-06-08 22:26:27.344 INFO  c.k.katalon.core.main.TestCaseExecutor   - START Test Cases/Registrazione/TC_2.1_15
2026-06-08 22:26:27.438 INFO  com.kms.katalon.core.util.KeywordUtil    - Seed ripristinato prima di: Test Cases/Registrazione/TC_2.1_15
2026-06-08 22:26:27.481 DEBUG testcase.TC_2.1_15                       - 1: openBrowser("")
2026-06-08 22:26:27.482 INFO  c.k.k.core.webui.driver.DriverFactory    - Starting 'Chrome' driver
2026-06-08 22:26:27.483 INFO  c.k.k.core.webui.driver.DriverFactory    - Action delay is set to 0 milliseconds
2026-06-08 22:26:28.412 INFO  c.k.k.core.webui.driver.DriverFactory    - sessionId = d0bce8c29fe30e8288274a0186f5d2e1
2026-06-08 22:26:28.413 INFO  c.k.k.core.webui.driver.DriverFactory    - browser = Chrome 148.0.7778.179
2026-06-08 22:26:28.413 INFO  c.k.k.core.webui.driver.DriverFactory    - platform = Windows 11
2026-06-08 22:26:28.413 INFO  c.k.k.core.webui.driver.DriverFactory    - seleniumVersion = 4.39.0
2026-06-08 22:26:28.413 INFO  c.k.k.core.webui.driver.DriverFactory    - proxyInformation = ProxyInformation { proxyOption=NO_PROXY, proxyServerType=HTTP, username=, password=********, proxyServerAddress=, proxyServerPort=0, executionList="", isApplyToDesiredCapabilities=true }
2026-06-08 22:26:28.427 DEBUG testcase.TC_2.1_15                       - 2: navigateToUrl(base + "SignForm.jsp")
2026-06-08 22:26:28.775 DEBUG testcase.TC_2.1_15                       - 3: executeJavaScript("document.getElementById('nome').value='Mario';" + "document.getElementById('cognome').value='Rossi';" + "document.getElementById('data_nascita').value='2000-05-15';" + "document.getElementById('codice_fiscale').value='RSSMRA00E15F839X';" + "document.getElementById('telefono').value='3331234567';" + "document.getElementById('email').value='t.mansi@studenti.unisa.it';" + "document.getElementById('password').value='Password1';", null)
2026-06-08 22:26:28.792 DEBUG testcase.TC_2.1_15                       - 4: takeScreenshot()
2026-06-08 22:26:29.497 DEBUG testcase.TC_2.1_15                       - 5: click(css("#submit"))
2026-06-08 22:26:29.497 DEBUG testcase.TC_2.1_15                       - 1: t = new com.kms.katalon.core.testobject.TestObject(sel)
2026-06-08 22:26:29.499 DEBUG testcase.TC_2.1_15                       - 2: t.addProperty("css", EQUALS, sel)
2026-06-08 22:26:29.500 DEBUG testcase.TC_2.1_15                       - 3: return t
2026-06-08 22:26:30.089 DEBUG testcase.TC_2.1_15                       - 6: delay(2)
2026-06-08 22:26:32.093 DEBUG testcase.TC_2.1_15                       - 7: takeScreenshot()
2026-06-08 22:26:32.759 DEBUG testcase.TC_2.1_15                       - 8: verifyTextNotPresent("Non hai un account", false)
2026-06-08 22:26:33.049 DEBUG testcase.TC_2.1_15                       - 9: closeBrowser()
2026-06-08 22:26:33.300 INFO  c.k.katalon.core.main.TestCaseExecutor   - END Test Cases/Registrazione/TC_2.1_15
2026-06-08 22:26:33.304 INFO  c.k.katalon.core.main.TestCaseExecutor   - --------------------
2026-06-08 22:26:33.304 INFO  c.k.katalon.core.main.TestCaseExecutor   - START Test Cases/Registrazione/TC_2.1_16
2026-06-08 22:26:33.430 INFO  com.kms.katalon.core.util.KeywordUtil    - Seed ripristinato prima di: Test Cases/Registrazione/TC_2.1_16
2026-06-08 22:26:33.502 DEBUG testcase.TC_2.1_16                       - 1: openBrowser("")
2026-06-08 22:26:33.503 INFO  c.k.k.core.webui.driver.DriverFactory    - Starting 'Chrome' driver
2026-06-08 22:26:33.504 INFO  c.k.k.core.webui.driver.DriverFactory    - Action delay is set to 0 milliseconds
2026-06-08 22:26:34.553 INFO  c.k.k.core.webui.driver.DriverFactory    - sessionId = 1980b6298728beeac61c10c315963498
2026-06-08 22:26:34.554 INFO  c.k.k.core.webui.driver.DriverFactory    - browser = Chrome 148.0.7778.179
2026-06-08 22:26:34.554 INFO  c.k.k.core.webui.driver.DriverFactory    - platform = Windows 11
2026-06-08 22:26:34.554 INFO  c.k.k.core.webui.driver.DriverFactory    - seleniumVersion = 4.39.0
2026-06-08 22:26:34.555 INFO  c.k.k.core.webui.driver.DriverFactory    - proxyInformation = ProxyInformation { proxyOption=NO_PROXY, proxyServerType=HTTP, username=, password=********, proxyServerAddress=, proxyServerPort=0, executionList="", isApplyToDesiredCapabilities=true }
2026-06-08 22:26:34.569 DEBUG testcase.TC_2.1_16                       - 2: navigateToUrl(base + "SignForm.jsp")
2026-06-08 22:26:34.942 DEBUG testcase.TC_2.1_16                       - 3: executeJavaScript("document.getElementById('nome').value='Mario';" + "document.getElementById('cognome').value='Rossi';" + "document.getElementById('data_nascita').value='2000-05-15';" + "document.getElementById('codice_fiscale').value='BRBGFR02B15A508B';" + "document.getElementById('telefono').value='3331234567';" + "document.getElementById('email').value='mario.rossi@example.com';" + "document.getElementById('password').value='Password1';", null)
2026-06-08 22:26:34.966 DEBUG testcase.TC_2.1_16                       - 4: takeScreenshot()
2026-06-08 22:26:35.588 DEBUG testcase.TC_2.1_16                       - 5: click(css("#submit"))
2026-06-08 22:26:35.590 DEBUG testcase.TC_2.1_16                       - 1: t = new com.kms.katalon.core.testobject.TestObject(sel)
2026-06-08 22:26:35.591 DEBUG testcase.TC_2.1_16                       - 2: t.addProperty("css", EQUALS, sel)
2026-06-08 22:26:35.591 DEBUG testcase.TC_2.1_16                       - 3: return t
2026-06-08 22:26:35.996 DEBUG testcase.TC_2.1_16                       - 6: delay(2)
2026-06-08 22:26:38.002 DEBUG testcase.TC_2.1_16                       - 7: takeScreenshot()
2026-06-08 22:26:38.700 DEBUG testcase.TC_2.1_16                       - 8: verifyTextNotPresent("Non hai un account", false)
2026-06-08 22:26:38.987 DEBUG testcase.TC_2.1_16                       - 9: closeBrowser()
2026-06-08 22:26:39.216 INFO  c.k.katalon.core.main.TestCaseExecutor   - END Test Cases/Registrazione/TC_2.1_16
2026-06-08 22:26:39.219 INFO  c.k.katalon.core.main.TestCaseExecutor   - --------------------
2026-06-08 22:26:39.219 INFO  c.k.katalon.core.main.TestCaseExecutor   - START Test Cases/Registrazione/TC_2.1_17
2026-06-08 22:26:39.319 INFO  com.kms.katalon.core.util.KeywordUtil    - Seed ripristinato prima di: Test Cases/Registrazione/TC_2.1_17
2026-06-08 22:26:39.378 DEBUG testcase.TC_2.1_17                       - 1: openBrowser("")
2026-06-08 22:26:39.380 INFO  c.k.k.core.webui.driver.DriverFactory    - Starting 'Chrome' driver
2026-06-08 22:26:39.381 INFO  c.k.k.core.webui.driver.DriverFactory    - Action delay is set to 0 milliseconds
2026-06-08 22:26:40.485 INFO  c.k.k.core.webui.driver.DriverFactory    - sessionId = af0e7056a7c7433e4cbccd2891e7f413
2026-06-08 22:26:40.486 INFO  c.k.k.core.webui.driver.DriverFactory    - browser = Chrome 148.0.7778.179
2026-06-08 22:26:40.486 INFO  c.k.k.core.webui.driver.DriverFactory    - platform = Windows 11
2026-06-08 22:26:40.486 INFO  c.k.k.core.webui.driver.DriverFactory    - seleniumVersion = 4.39.0
2026-06-08 22:26:40.487 INFO  c.k.k.core.webui.driver.DriverFactory    - proxyInformation = ProxyInformation { proxyOption=NO_PROXY, proxyServerType=HTTP, username=, password=********, proxyServerAddress=, proxyServerPort=0, executionList="", isApplyToDesiredCapabilities=true }
2026-06-08 22:26:40.500 DEBUG testcase.TC_2.1_17                       - 2: navigateToUrl(base + "SignForm.jsp")
2026-06-08 22:26:40.822 DEBUG testcase.TC_2.1_17                       - 3: delay(1)
2026-06-08 22:26:41.828 DEBUG testcase.TC_2.1_17                       - 4: executeJavaScript("document.getElementById('nome').value='Mario';" + "document.getElementById('cognome').value='Rossi';" + "document.getElementById('data_nascita').value='2000-05-15';" + "document.getElementById('codice_fiscale').value='RSSMRA00E15F839';" + "document.getElementById('telefono').value='3331234567';" + "document.getElementById('email').value='mario.rossi@example.com';" + "document.getElementById('password').value='Password1';", null)
2026-06-08 22:26:41.850 DEBUG testcase.TC_2.1_17                       - 5: click(css("#submit"))
2026-06-08 22:26:41.852 DEBUG testcase.TC_2.1_17                       - 1: t = new com.kms.katalon.core.testobject.TestObject(sel)
2026-06-08 22:26:41.853 DEBUG testcase.TC_2.1_17                       - 2: t.addProperty("css", EQUALS, sel)
2026-06-08 22:26:41.854 DEBUG testcase.TC_2.1_17                       - 3: return t
2026-06-08 22:26:42.239 DEBUG testcase.TC_2.1_17                       - 6: delay(2)
2026-06-08 22:26:44.253 DEBUG testcase.TC_2.1_17                       - 7: takeScreenshot()
2026-06-08 22:26:44.974 DEBUG testcase.TC_2.1_17                       - 8: verifyTextNotPresent("Non hai un account", false, CONTINUE_ON_FAILURE)
2026-06-08 22:26:45.266 ERROR c.k.k.core.keyword.internal.KeywordMain  - ❌ Text 'Non hai un account' is present on page  (Root cause: com.kms.katalon.core.exception.StepFailedException: Text 'Non hai un account' is present on page 
	at com.kms.katalon.core.webui.keyword.internal.WebUIKeywordMain.stepFailed(WebUIKeywordMain.groovy:177)
	at com.kms.katalon.core.webui.keyword.builtin.VerifyTextNotPresentKeyword$_verifyTextNotPresent_closure1.doCall(VerifyTextNotPresentKeyword.groovy:77)
	at com.kms.katalon.core.webui.keyword.builtin.VerifyTextNotPresentKeyword$_verifyTextNotPresent_closure1.call(VerifyTextNotPresentKeyword.groovy)
	at com.kms.katalon.core.webui.keyword.internal.WebUIKeywordMain.runKeyword(WebUIKeywordMain.groovy:41)
	at com.kms.katalon.core.webui.keyword.builtin.VerifyTextNotPresentKeyword.verifyTextNotPresent(VerifyTextNotPresentKeyword.groovy:82)
	at com.kms.katalon.core.webui.keyword.builtin.VerifyTextNotPresentKeyword.execute(VerifyTextNotPresentKeyword.groovy:68)
	at com.kms.katalon.core.keyword.internal.KeywordExecutor.executeKeywordForPlatform(KeywordExecutor.groovy:103)
	at com.kms.katalon.core.webui.keyword.WebUiBuiltInKeywords.verifyTextNotPresent(WebUiBuiltInKeywords.groovy:1842)
	at TC_2.1_17.run(TC_2.1_17:29)
	at com.kms.katalon.core.main.ScriptEngine.run(ScriptEngine.java:203)
	at com.kms.katalon.core.main.ScriptEngine.runScriptAsRawText(ScriptEngine.java:115)
	at com.kms.katalon.core.main.TestCaseExecutor.runScript(TestCaseExecutor.java:506)
	at com.kms.katalon.core.main.TestCaseExecutor.doExecute(TestCaseExecutor.java:497)
	at com.kms.katalon.core.main.TestCaseExecutor.processExecutionPhase(TestCaseExecutor.java:476)
	at com.kms.katalon.core.main.TestCaseExecutor.accessMainPhase(TestCaseExecutor.java:468)
	at com.kms.katalon.core.main.TestCaseExecutor.execute(TestCaseExecutor.java:334)
	at com.kms.katalon.core.common.CommonExecutor.accessTestCaseMainPhase(CommonExecutor.java:71)
	at com.kms.katalon.core.main.TestSuiteExecutor.accessTestSuiteMainPhase(TestSuiteExecutor.java:153)
	at com.kms.katalon.core.main.TestSuiteExecutor.execute(TestSuiteExecutor.java:110)
	at com.kms.katalon.core.main.TestCaseMain.startTestSuite(TestCaseMain.java:206)
	at S0608_18.run(S0608_18.groovy:40)
	at java.base/jdk.internal.reflect.DirectMethodHandleAccessor.invoke(DirectMethodHandleAccessor.java:103)
)
2026-06-08 22:26:45.268 DEBUG testcase.TC_2.1_17                       - 9: closeBrowser()
2026-06-08 22:26:45.742 ERROR c.k.katalon.core.main.TestCaseExecutor   - ❌ Test Cases/Registrazione/TC_2.1_17 FAILED.
Reason:
com.kms.katalon.core.exception.StepFailedException: Text 'Non hai un account' is present on page  (Root cause: com.kms.katalon.core.exception.StepFailedException: Text 'Non hai un account' is present on page 
	at com.kms.katalon.core.webui.keyword.internal.WebUIKeywordMain.stepFailed(WebUIKeywordMain.groovy:177)
	at com.kms.katalon.core.webui.keyword.builtin.VerifyTextNotPresentKeyword$_verifyTextNotPresent_closure1.doCall(VerifyTextNotPresentKeyword.groovy:77)
	at com.kms.katalon.core.webui.keyword.builtin.VerifyTextNotPresentKeyword$_verifyTextNotPresent_closure1.call(VerifyTextNotPresentKeyword.groovy)
	at com.kms.katalon.core.webui.keyword.internal.WebUIKeywordMain.runKeyword(WebUIKeywordMain.groovy:41)
	at com.kms.katalon.core.webui.keyword.builtin.VerifyTextNotPresentKeyword.verifyTextNotPresent(VerifyTextNotPresentKeyword.groovy:82)
	at com.kms.katalon.core.webui.keyword.builtin.VerifyTextNotPresentKeyword.execute(VerifyTextNotPresentKeyword.groovy:68)
	at com.kms.katalon.core.keyword.internal.KeywordExecutor.executeKeywordForPlatform(KeywordExecutor.groovy:103)
	at com.kms.katalon.core.webui.keyword.WebUiBuiltInKeywords.verifyTextNotPresent(WebUiBuiltInKeywords.groovy:1842)
	at TC_2.1_17.run(TC_2.1_17:29)
	at com.kms.katalon.core.main.ScriptEngine.run(ScriptEngine.java:203)
	at com.kms.katalon.core.main.ScriptEngine.runScriptAsRawText(ScriptEngine.java:115)
	at com.kms.katalon.core.main.TestCaseExecutor.runScript(TestCaseExecutor.java:506)
	at com.kms.katalon.core.main.TestCaseExecutor.doExecute(TestCaseExecutor.java:497)
	at com.kms.katalon.core.main.TestCaseExecutor.processExecutionPhase(TestCaseExecutor.java:476)
	at com.kms.katalon.core.main.TestCaseExecutor.accessMainPhase(TestCaseExecutor.java:468)
	at com.kms.katalon.core.main.TestCaseExecutor.execute(TestCaseExecutor.java:334)
	at com.kms.katalon.core.common.CommonExecutor.accessTestCaseMainPhase(CommonExecutor.java:71)
	at com.kms.katalon.core.main.TestSuiteExecutor.accessTestSuiteMainPhase(TestSuiteExecutor.java:153)
	at com.kms.katalon.core.main.TestSuiteExecutor.execute(TestSuiteExecutor.java:110)
	at com.kms.katalon.core.main.TestCaseMain.startTestSuite(TestCaseMain.java:206)
	at S0608_18.run(S0608_18.groovy:40)
	at java.base/jdk.internal.reflect.DirectMethodHandleAccessor.invoke(DirectMethodHandleAccessor.java:103)
)
	at com.kms.katalon.core.keyword.internal.KeywordMain.stepFailed(KeywordMain.groovy:39)
	at com.kms.katalon.core.webui.keyword.internal.WebUIKeywordMain.stepFailed(WebUIKeywordMain.groovy:177)
	at com.kms.katalon.core.webui.keyword.builtin.VerifyTextNotPresentKeyword$_verifyTextNotPresent_closure1.doCall(VerifyTextNotPresentKeyword.groovy:77)
	at com.kms.katalon.core.webui.keyword.builtin.VerifyTextNotPresentKeyword$_verifyTextNotPresent_closure1.call(VerifyTextNotPresentKeyword.groovy)
	at com.kms.katalon.core.webui.keyword.internal.WebUIKeywordMain.runKeyword(WebUIKeywordMain.groovy:41)
	at com.kms.katalon.core.webui.keyword.builtin.VerifyTextNotPresentKeyword.verifyTextNotPresent(VerifyTextNotPresentKeyword.groovy:82)
	at com.kms.katalon.core.webui.keyword.builtin.VerifyTextNotPresentKeyword.execute(VerifyTextNotPresentKeyword.groovy:68)
	at com.kms.katalon.core.keyword.internal.KeywordExecutor.executeKeywordForPlatform(KeywordExecutor.groovy:103)
	at com.kms.katalon.core.webui.keyword.WebUiBuiltInKeywords.verifyTextNotPresent(WebUiBuiltInKeywords.groovy:1842)
	at TC_2.1_17.run(TC_2.1_17:29)
	at com.kms.katalon.core.main.ScriptEngine.run(ScriptEngine.java:203)
	at com.kms.katalon.core.main.ScriptEngine.runScriptAsRawText(ScriptEngine.java:115)
	at com.kms.katalon.core.main.TestCaseExecutor.runScript(TestCaseExecutor.java:506)
	at com.kms.katalon.core.main.TestCaseExecutor.doExecute(TestCaseExecutor.java:497)
	at com.kms.katalon.core.main.TestCaseExecutor.processExecutionPhase(TestCaseExecutor.java:476)
	at com.kms.katalon.core.main.TestCaseExecutor.accessMainPhase(TestCaseExecutor.java:468)
	at com.kms.katalon.core.main.TestCaseExecutor.execute(TestCaseExecutor.java:334)
	at com.kms.katalon.core.common.CommonExecutor.accessTestCaseMainPhase(CommonExecutor.java:71)
	at com.kms.katalon.core.main.TestSuiteExecutor.accessTestSuiteMainPhase(TestSuiteExecutor.java:153)
	at com.kms.katalon.core.main.TestSuiteExecutor.execute(TestSuiteExecutor.java:110)
	at com.kms.katalon.core.main.TestCaseMain.startTestSuite(TestCaseMain.java:206)
	at S0608_18.run(S0608_18.groovy:40)
	at java.base/jdk.internal.reflect.DirectMethodHandleAccessor.invoke(DirectMethodHandleAccessor.java:103)
Caused by: com.kms.katalon.core.exception.StepFailedException: Text 'Non hai un account' is present on page 
	... 22 more

2026-06-08 22:26:45.743 INFO  c.k.katalon.core.main.TestCaseExecutor   - END Test Cases/Registrazione/TC_2.1_17
2026-06-08 22:26:45.747 INFO  c.k.katalon.core.main.TestCaseExecutor   - --------------------
2026-06-08 22:26:45.747 INFO  c.k.katalon.core.main.TestCaseExecutor   - START Test Cases/Registrazione/TC_2.1_17 - Retry attempt 1
2026-06-08 22:26:45.905 INFO  com.kms.katalon.core.util.KeywordUtil    - Seed ripristinato prima di: Test Cases/Registrazione/TC_2.1_17
2026-06-08 22:26:45.907 DEBUG testcase.TC_2.1_17                       - 1: openBrowser("")
2026-06-08 22:26:45.908 INFO  c.k.k.core.webui.driver.DriverFactory    - Starting 'Chrome' driver
2026-06-08 22:26:45.910 INFO  c.k.k.core.webui.driver.DriverFactory    - Action delay is set to 0 milliseconds
2026-06-08 22:26:47.329 INFO  c.k.k.core.webui.driver.DriverFactory    - sessionId = 72fbe34caf2ba2044c4d80a58b716c48
2026-06-08 22:26:47.329 INFO  c.k.k.core.webui.driver.DriverFactory    - browser = Chrome 148.0.7778.179
2026-06-08 22:26:47.329 INFO  c.k.k.core.webui.driver.DriverFactory    - platform = Windows 11
2026-06-08 22:26:47.330 INFO  c.k.k.core.webui.driver.DriverFactory    - seleniumVersion = 4.39.0
2026-06-08 22:26:47.330 INFO  c.k.k.core.webui.driver.DriverFactory    - proxyInformation = ProxyInformation { proxyOption=NO_PROXY, proxyServerType=HTTP, username=, password=********, proxyServerAddress=, proxyServerPort=0, executionList="", isApplyToDesiredCapabilities=true }
2026-06-08 22:26:47.347 DEBUG testcase.TC_2.1_17                       - 2: navigateToUrl(base + "SignForm.jsp")
2026-06-08 22:26:47.715 DEBUG testcase.TC_2.1_17                       - 3: delay(1)
2026-06-08 22:26:48.721 DEBUG testcase.TC_2.1_17                       - 4: executeJavaScript("document.getElementById('nome').value='Mario';" + "document.getElementById('cognome').value='Rossi';" + "document.getElementById('data_nascita').value='2000-05-15';" + "document.getElementById('codice_fiscale').value='RSSMRA00E15F839';" + "document.getElementById('telefono').value='3331234567';" + "document.getElementById('email').value='mario.rossi@example.com';" + "document.getElementById('password').value='Password1';", null)
2026-06-08 22:26:48.739 DEBUG testcase.TC_2.1_17                       - 5: click(css("#submit"))
2026-06-08 22:26:48.741 DEBUG testcase.TC_2.1_17                       - 1: t = new com.kms.katalon.core.testobject.TestObject(sel)
2026-06-08 22:26:48.741 DEBUG testcase.TC_2.1_17                       - 2: t.addProperty("css", EQUALS, sel)
2026-06-08 22:26:48.742 DEBUG testcase.TC_2.1_17                       - 3: return t
2026-06-08 22:26:49.342 DEBUG testcase.TC_2.1_17                       - 6: delay(2)
2026-06-08 22:26:51.349 DEBUG testcase.TC_2.1_17                       - 7: takeScreenshot()
2026-06-08 22:26:52.105 DEBUG testcase.TC_2.1_17                       - 8: verifyTextNotPresent("Non hai un account", false, CONTINUE_ON_FAILURE)
2026-06-08 22:26:52.399 ERROR c.k.k.core.keyword.internal.KeywordMain  - ❌ Text 'Non hai un account' is present on page  (Root cause: com.kms.katalon.core.exception.StepFailedException: Text 'Non hai un account' is present on page 
	at com.kms.katalon.core.webui.keyword.internal.WebUIKeywordMain.stepFailed(WebUIKeywordMain.groovy:177)
	at com.kms.katalon.core.webui.keyword.builtin.VerifyTextNotPresentKeyword$_verifyTextNotPresent_closure1.doCall(VerifyTextNotPresentKeyword.groovy:77)
	at com.kms.katalon.core.webui.keyword.builtin.VerifyTextNotPresentKeyword$_verifyTextNotPresent_closure1.call(VerifyTextNotPresentKeyword.groovy)
	at com.kms.katalon.core.webui.keyword.internal.WebUIKeywordMain.runKeyword(WebUIKeywordMain.groovy:41)
	at com.kms.katalon.core.webui.keyword.builtin.VerifyTextNotPresentKeyword.verifyTextNotPresent(VerifyTextNotPresentKeyword.groovy:82)
	at com.kms.katalon.core.webui.keyword.builtin.VerifyTextNotPresentKeyword.execute(VerifyTextNotPresentKeyword.groovy:68)
	at com.kms.katalon.core.keyword.internal.KeywordExecutor.executeKeywordForPlatform(KeywordExecutor.groovy:103)
	at com.kms.katalon.core.webui.keyword.WebUiBuiltInKeywords.verifyTextNotPresent(WebUiBuiltInKeywords.groovy:1842)
	at TC_2.1_17.run(TC_2.1_17:29)
	at com.kms.katalon.core.main.ScriptEngine.run(ScriptEngine.java:203)
	at com.kms.katalon.core.main.ScriptEngine.runScriptAsRawText(ScriptEngine.java:115)
	at com.kms.katalon.core.main.TestCaseExecutor.runScript(TestCaseExecutor.java:506)
	at com.kms.katalon.core.main.TestCaseExecutor.doExecute(TestCaseExecutor.java:497)
	at com.kms.katalon.core.main.TestCaseExecutor.processExecutionPhase(TestCaseExecutor.java:476)
	at com.kms.katalon.core.main.TestCaseExecutor.accessMainPhase(TestCaseExecutor.java:468)
	at com.kms.katalon.core.main.TestCaseExecutor.execute(TestCaseExecutor.java:334)
	at com.kms.katalon.core.main.TestCaseExecutor.execute(TestCaseExecutor.java:426)
	at com.kms.katalon.core.common.CommonExecutor.accessTestCaseMainPhase(CommonExecutor.java:71)
	at com.kms.katalon.core.main.TestSuiteExecutor.accessTestSuiteMainPhase(TestSuiteExecutor.java:153)
	at com.kms.katalon.core.main.TestSuiteExecutor.execute(TestSuiteExecutor.java:110)
	at com.kms.katalon.core.main.TestCaseMain.startTestSuite(TestCaseMain.java:206)
	at S0608_18.run(S0608_18.groovy:40)
	at java.base/jdk.internal.reflect.DirectMethodHandleAccessor.invoke(DirectMethodHandleAccessor.java:103)
)
2026-06-08 22:26:52.401 DEBUG testcase.TC_2.1_17                       - 9: closeBrowser()
2026-06-08 22:26:52.631 ERROR c.k.katalon.core.main.TestCaseExecutor   - ❌ Test Cases/Registrazione/TC_2.1_17 FAILED.
Reason:
com.kms.katalon.core.exception.StepFailedException: Text 'Non hai un account' is present on page  (Root cause: com.kms.katalon.core.exception.StepFailedException: Text 'Non hai un account' is present on page 
	at com.kms.katalon.core.webui.keyword.internal.WebUIKeywordMain.stepFailed(WebUIKeywordMain.groovy:177)
	at com.kms.katalon.core.webui.keyword.builtin.VerifyTextNotPresentKeyword$_verifyTextNotPresent_closure1.doCall(VerifyTextNotPresentKeyword.groovy:77)
	at com.kms.katalon.core.webui.keyword.builtin.VerifyTextNotPresentKeyword$_verifyTextNotPresent_closure1.call(VerifyTextNotPresentKeyword.groovy)
	at com.kms.katalon.core.webui.keyword.internal.WebUIKeywordMain.runKeyword(WebUIKeywordMain.groovy:41)
	at com.kms.katalon.core.webui.keyword.builtin.VerifyTextNotPresentKeyword.verifyTextNotPresent(VerifyTextNotPresentKeyword.groovy:82)
	at com.kms.katalon.core.webui.keyword.builtin.VerifyTextNotPresentKeyword.execute(VerifyTextNotPresentKeyword.groovy:68)
	at com.kms.katalon.core.keyword.internal.KeywordExecutor.executeKeywordForPlatform(KeywordExecutor.groovy:103)
	at com.kms.katalon.core.webui.keyword.WebUiBuiltInKeywords.verifyTextNotPresent(WebUiBuiltInKeywords.groovy:1842)
	at TC_2.1_17.run(TC_2.1_17:29)
	at com.kms.katalon.core.main.ScriptEngine.run(ScriptEngine.java:203)
	at com.kms.katalon.core.main.ScriptEngine.runScriptAsRawText(ScriptEngine.java:115)
	at com.kms.katalon.core.main.TestCaseExecutor.runScript(TestCaseExecutor.java:506)
	at com.kms.katalon.core.main.TestCaseExecutor.doExecute(TestCaseExecutor.java:497)
	at com.kms.katalon.core.main.TestCaseExecutor.processExecutionPhase(TestCaseExecutor.java:476)
	at com.kms.katalon.core.main.TestCaseExecutor.accessMainPhase(TestCaseExecutor.java:468)
	at com.kms.katalon.core.main.TestCaseExecutor.execute(TestCaseExecutor.java:334)
	at com.kms.katalon.core.main.TestCaseExecutor.execute(TestCaseExecutor.java:426)
	at com.kms.katalon.core.common.CommonExecutor.accessTestCaseMainPhase(CommonExecutor.java:71)
	at com.kms.katalon.core.main.TestSuiteExecutor.accessTestSuiteMainPhase(TestSuiteExecutor.java:153)
	at com.kms.katalon.core.main.TestSuiteExecutor.execute(TestSuiteExecutor.java:110)
	at com.kms.katalon.core.main.TestCaseMain.startTestSuite(TestCaseMain.java:206)
	at S0608_18.run(S0608_18.groovy:40)
	at java.base/jdk.internal.reflect.DirectMethodHandleAccessor.invoke(DirectMethodHandleAccessor.java:103)
)
	at com.kms.katalon.core.keyword.internal.KeywordMain.stepFailed(KeywordMain.groovy:39)
	at com.kms.katalon.core.webui.keyword.internal.WebUIKeywordMain.stepFailed(WebUIKeywordMain.groovy:177)
	at com.kms.katalon.core.webui.keyword.builtin.VerifyTextNotPresentKeyword$_verifyTextNotPresent_closure1.doCall(VerifyTextNotPresentKeyword.groovy:77)
	at com.kms.katalon.core.webui.keyword.builtin.VerifyTextNotPresentKeyword$_verifyTextNotPresent_closure1.call(VerifyTextNotPresentKeyword.groovy)
	at com.kms.katalon.core.webui.keyword.internal.WebUIKeywordMain.runKeyword(WebUIKeywordMain.groovy:41)
	at com.kms.katalon.core.webui.keyword.builtin.VerifyTextNotPresentKeyword.verifyTextNotPresent(VerifyTextNotPresentKeyword.groovy:82)
	at com.kms.katalon.core.webui.keyword.builtin.VerifyTextNotPresentKeyword.execute(VerifyTextNotPresentKeyword.groovy:68)
	at com.kms.katalon.core.keyword.internal.KeywordExecutor.executeKeywordForPlatform(KeywordExecutor.groovy:103)
	at com.kms.katalon.core.webui.keyword.WebUiBuiltInKeywords.verifyTextNotPresent(WebUiBuiltInKeywords.groovy:1842)
	at TC_2.1_17.run(TC_2.1_17:29)
	at com.kms.katalon.core.main.ScriptEngine.run(ScriptEngine.java:203)
	at com.kms.katalon.core.main.ScriptEngine.runScriptAsRawText(ScriptEngine.java:115)
	at com.kms.katalon.core.main.TestCaseExecutor.runScript(TestCaseExecutor.java:506)
	at com.kms.katalon.core.main.TestCaseExecutor.doExecute(TestCaseExecutor.java:497)
	at com.kms.katalon.core.main.TestCaseExecutor.processExecutionPhase(TestCaseExecutor.java:476)
	at com.kms.katalon.core.main.TestCaseExecutor.accessMainPhase(TestCaseExecutor.java:468)
	at com.kms.katalon.core.main.TestCaseExecutor.execute(TestCaseExecutor.java:334)
	at com.kms.katalon.core.main.TestCaseExecutor.execute(TestCaseExecutor.java:426)
	at com.kms.katalon.core.common.CommonExecutor.accessTestCaseMainPhase(CommonExecutor.java:71)
	at com.kms.katalon.core.main.TestSuiteExecutor.accessTestSuiteMainPhase(TestSuiteExecutor.java:153)
	at com.kms.katalon.core.main.TestSuiteExecutor.execute(TestSuiteExecutor.java:110)
	at com.kms.katalon.core.main.TestCaseMain.startTestSuite(TestCaseMain.java:206)
	at S0608_18.run(S0608_18.groovy:40)
	at java.base/jdk.internal.reflect.DirectMethodHandleAccessor.invoke(DirectMethodHandleAccessor.java:103)
Caused by: com.kms.katalon.core.exception.StepFailedException: Text 'Non hai un account' is present on page 
	... 23 more

2026-06-08 22:26:52.632 INFO  c.k.katalon.core.main.TestCaseExecutor   - END Test Cases/Registrazione/TC_2.1_17
2026-06-08 22:26:52.634 INFO  c.k.katalon.core.main.TestCaseExecutor   - --------------------
2026-06-08 22:26:52.634 INFO  c.k.katalon.core.main.TestCaseExecutor   - START Test Cases/Registrazione/TC_2.1_17 - Retry attempt 2
2026-06-08 22:26:52.748 INFO  com.kms.katalon.core.util.KeywordUtil    - Seed ripristinato prima di: Test Cases/Registrazione/TC_2.1_17
2026-06-08 22:26:52.750 DEBUG testcase.TC_2.1_17                       - 1: openBrowser("")
2026-06-08 22:26:52.751 INFO  c.k.k.core.webui.driver.DriverFactory    - Starting 'Chrome' driver
2026-06-08 22:26:52.752 INFO  c.k.k.core.webui.driver.DriverFactory    - Action delay is set to 0 milliseconds
2026-06-08 22:26:53.859 INFO  c.k.k.core.webui.driver.DriverFactory    - sessionId = 8b911ecaa3d4dd45cb9c0ce5cd482fa2
2026-06-08 22:26:53.859 INFO  c.k.k.core.webui.driver.DriverFactory    - browser = Chrome 148.0.7778.179
2026-06-08 22:26:53.860 INFO  c.k.k.core.webui.driver.DriverFactory    - platform = Windows 11
2026-06-08 22:26:53.860 INFO  c.k.k.core.webui.driver.DriverFactory    - seleniumVersion = 4.39.0
2026-06-08 22:26:53.860 INFO  c.k.k.core.webui.driver.DriverFactory    - proxyInformation = ProxyInformation { proxyOption=NO_PROXY, proxyServerType=HTTP, username=, password=********, proxyServerAddress=, proxyServerPort=0, executionList="", isApplyToDesiredCapabilities=true }
2026-06-08 22:26:53.873 DEBUG testcase.TC_2.1_17                       - 2: navigateToUrl(base + "SignForm.jsp")
2026-06-08 22:26:54.214 DEBUG testcase.TC_2.1_17                       - 3: delay(1)
2026-06-08 22:26:55.232 DEBUG testcase.TC_2.1_17                       - 4: executeJavaScript("document.getElementById('nome').value='Mario';" + "document.getElementById('cognome').value='Rossi';" + "document.getElementById('data_nascita').value='2000-05-15';" + "document.getElementById('codice_fiscale').value='RSSMRA00E15F839';" + "document.getElementById('telefono').value='3331234567';" + "document.getElementById('email').value='mario.rossi@example.com';" + "document.getElementById('password').value='Password1';", null)
2026-06-08 22:26:55.250 DEBUG testcase.TC_2.1_17                       - 5: click(css("#submit"))
2026-06-08 22:26:55.250 DEBUG testcase.TC_2.1_17                       - 1: t = new com.kms.katalon.core.testobject.TestObject(sel)
2026-06-08 22:26:55.251 DEBUG testcase.TC_2.1_17                       - 2: t.addProperty("css", EQUALS, sel)
2026-06-08 22:26:55.251 DEBUG testcase.TC_2.1_17                       - 3: return t
2026-06-08 22:26:55.688 DEBUG testcase.TC_2.1_17                       - 6: delay(2)
2026-06-08 22:26:57.701 DEBUG testcase.TC_2.1_17                       - 7: takeScreenshot()
2026-06-08 22:26:58.426 DEBUG testcase.TC_2.1_17                       - 8: verifyTextNotPresent("Non hai un account", false, CONTINUE_ON_FAILURE)
2026-06-08 22:26:58.733 ERROR c.k.k.core.keyword.internal.KeywordMain  - ❌ Text 'Non hai un account' is present on page  (Root cause: com.kms.katalon.core.exception.StepFailedException: Text 'Non hai un account' is present on page 
	at com.kms.katalon.core.webui.keyword.internal.WebUIKeywordMain.stepFailed(WebUIKeywordMain.groovy:177)
	at com.kms.katalon.core.webui.keyword.builtin.VerifyTextNotPresentKeyword$_verifyTextNotPresent_closure1.doCall(VerifyTextNotPresentKeyword.groovy:77)
	at com.kms.katalon.core.webui.keyword.builtin.VerifyTextNotPresentKeyword$_verifyTextNotPresent_closure1.call(VerifyTextNotPresentKeyword.groovy)
	at com.kms.katalon.core.webui.keyword.internal.WebUIKeywordMain.runKeyword(WebUIKeywordMain.groovy:41)
	at com.kms.katalon.core.webui.keyword.builtin.VerifyTextNotPresentKeyword.verifyTextNotPresent(VerifyTextNotPresentKeyword.groovy:82)
	at com.kms.katalon.core.webui.keyword.builtin.VerifyTextNotPresentKeyword.execute(VerifyTextNotPresentKeyword.groovy:68)
	at com.kms.katalon.core.keyword.internal.KeywordExecutor.executeKeywordForPlatform(KeywordExecutor.groovy:103)
	at com.kms.katalon.core.webui.keyword.WebUiBuiltInKeywords.verifyTextNotPresent(WebUiBuiltInKeywords.groovy:1842)
	at TC_2.1_17.run(TC_2.1_17:29)
	at com.kms.katalon.core.main.ScriptEngine.run(ScriptEngine.java:203)
	at com.kms.katalon.core.main.ScriptEngine.runScriptAsRawText(ScriptEngine.java:115)
	at com.kms.katalon.core.main.TestCaseExecutor.runScript(TestCaseExecutor.java:506)
	at com.kms.katalon.core.main.TestCaseExecutor.doExecute(TestCaseExecutor.java:497)
	at com.kms.katalon.core.main.TestCaseExecutor.processExecutionPhase(TestCaseExecutor.java:476)
	at com.kms.katalon.core.main.TestCaseExecutor.accessMainPhase(TestCaseExecutor.java:468)
	at com.kms.katalon.core.main.TestCaseExecutor.execute(TestCaseExecutor.java:334)
	at com.kms.katalon.core.main.TestCaseExecutor.execute(TestCaseExecutor.java:426)
	at com.kms.katalon.core.main.TestCaseExecutor.execute(TestCaseExecutor.java:426)
	at com.kms.katalon.core.common.CommonExecutor.accessTestCaseMainPhase(CommonExecutor.java:71)
	at com.kms.katalon.core.main.TestSuiteExecutor.accessTestSuiteMainPhase(TestSuiteExecutor.java:153)
	at com.kms.katalon.core.main.TestSuiteExecutor.execute(TestSuiteExecutor.java:110)
	at com.kms.katalon.core.main.TestCaseMain.startTestSuite(TestCaseMain.java:206)
	at S0608_18.run(S0608_18.groovy:40)
	at java.base/jdk.internal.reflect.DirectMethodHandleAccessor.invoke(DirectMethodHandleAccessor.java:103)
)
2026-06-08 22:26:58.736 DEBUG testcase.TC_2.1_17                       - 9: closeBrowser()
2026-06-08 22:26:58.949 ERROR c.k.katalon.core.main.TestCaseExecutor   - ❌ Test Cases/Registrazione/TC_2.1_17 FAILED.
Reason:
com.kms.katalon.core.exception.StepFailedException: Text 'Non hai un account' is present on page  (Root cause: com.kms.katalon.core.exception.StepFailedException: Text 'Non hai un account' is present on page 
	at com.kms.katalon.core.webui.keyword.internal.WebUIKeywordMain.stepFailed(WebUIKeywordMain.groovy:177)
	at com.kms.katalon.core.webui.keyword.builtin.VerifyTextNotPresentKeyword$_verifyTextNotPresent_closure1.doCall(VerifyTextNotPresentKeyword.groovy:77)
	at com.kms.katalon.core.webui.keyword.builtin.VerifyTextNotPresentKeyword$_verifyTextNotPresent_closure1.call(VerifyTextNotPresentKeyword.groovy)
	at com.kms.katalon.core.webui.keyword.internal.WebUIKeywordMain.runKeyword(WebUIKeywordMain.groovy:41)
	at com.kms.katalon.core.webui.keyword.builtin.VerifyTextNotPresentKeyword.verifyTextNotPresent(VerifyTextNotPresentKeyword.groovy:82)
	at com.kms.katalon.core.webui.keyword.builtin.VerifyTextNotPresentKeyword.execute(VerifyTextNotPresentKeyword.groovy:68)
	at com.kms.katalon.core.keyword.internal.KeywordExecutor.executeKeywordForPlatform(KeywordExecutor.groovy:103)
	at com.kms.katalon.core.webui.keyword.WebUiBuiltInKeywords.verifyTextNotPresent(WebUiBuiltInKeywords.groovy:1842)
	at TC_2.1_17.run(TC_2.1_17:29)
	at com.kms.katalon.core.main.ScriptEngine.run(ScriptEngine.java:203)
	at com.kms.katalon.core.main.ScriptEngine.runScriptAsRawText(ScriptEngine.java:115)
	at com.kms.katalon.core.main.TestCaseExecutor.runScript(TestCaseExecutor.java:506)
	at com.kms.katalon.core.main.TestCaseExecutor.doExecute(TestCaseExecutor.java:497)
	at com.kms.katalon.core.main.TestCaseExecutor.processExecutionPhase(TestCaseExecutor.java:476)
	at com.kms.katalon.core.main.TestCaseExecutor.accessMainPhase(TestCaseExecutor.java:468)
	at com.kms.katalon.core.main.TestCaseExecutor.execute(TestCaseExecutor.java:334)
	at com.kms.katalon.core.main.TestCaseExecutor.execute(TestCaseExecutor.java:426)
	at com.kms.katalon.core.main.TestCaseExecutor.execute(TestCaseExecutor.java:426)
	at com.kms.katalon.core.common.CommonExecutor.accessTestCaseMainPhase(CommonExecutor.java:71)
	at com.kms.katalon.core.main.TestSuiteExecutor.accessTestSuiteMainPhase(TestSuiteExecutor.java:153)
	at com.kms.katalon.core.main.TestSuiteExecutor.execute(TestSuiteExecutor.java:110)
	at com.kms.katalon.core.main.TestCaseMain.startTestSuite(TestCaseMain.java:206)
	at S0608_18.run(S0608_18.groovy:40)
	at java.base/jdk.internal.reflect.DirectMethodHandleAccessor.invoke(DirectMethodHandleAccessor.java:103)
)
	at com.kms.katalon.core.keyword.internal.KeywordMain.stepFailed(KeywordMain.groovy:39)
	at com.kms.katalon.core.webui.keyword.internal.WebUIKeywordMain.stepFailed(WebUIKeywordMain.groovy:177)
	at com.kms.katalon.core.webui.keyword.builtin.VerifyTextNotPresentKeyword$_verifyTextNotPresent_closure1.doCall(VerifyTextNotPresentKeyword.groovy:77)
	at com.kms.katalon.core.webui.keyword.builtin.VerifyTextNotPresentKeyword$_verifyTextNotPresent_closure1.call(VerifyTextNotPresentKeyword.groovy)
	at com.kms.katalon.core.webui.keyword.internal.WebUIKeywordMain.runKeyword(WebUIKeywordMain.groovy:41)
	at com.kms.katalon.core.webui.keyword.builtin.VerifyTextNotPresentKeyword.verifyTextNotPresent(VerifyTextNotPresentKeyword.groovy:82)
	at com.kms.katalon.core.webui.keyword.builtin.VerifyTextNotPresentKeyword.execute(VerifyTextNotPresentKeyword.groovy:68)
	at com.kms.katalon.core.keyword.internal.KeywordExecutor.executeKeywordForPlatform(KeywordExecutor.groovy:103)
	at com.kms.katalon.core.webui.keyword.WebUiBuiltInKeywords.verifyTextNotPresent(WebUiBuiltInKeywords.groovy:1842)
	at TC_2.1_17.run(TC_2.1_17:29)
	at com.kms.katalon.core.main.ScriptEngine.run(ScriptEngine.java:203)
	at com.kms.katalon.core.main.ScriptEngine.runScriptAsRawText(ScriptEngine.java:115)
	at com.kms.katalon.core.main.TestCaseExecutor.runScript(TestCaseExecutor.java:506)
	at com.kms.katalon.core.main.TestCaseExecutor.doExecute(TestCaseExecutor.java:497)
	at com.kms.katalon.core.main.TestCaseExecutor.processExecutionPhase(TestCaseExecutor.java:476)
	at com.kms.katalon.core.main.TestCaseExecutor.accessMainPhase(TestCaseExecutor.java:468)
	at com.kms.katalon.core.main.TestCaseExecutor.execute(TestCaseExecutor.java:334)
	at com.kms.katalon.core.main.TestCaseExecutor.execute(TestCaseExecutor.java:426)
	at com.kms.katalon.core.main.TestCaseExecutor.execute(TestCaseExecutor.java:426)
	at com.kms.katalon.core.common.CommonExecutor.accessTestCaseMainPhase(CommonExecutor.java:71)
	at com.kms.katalon.core.main.TestSuiteExecutor.accessTestSuiteMainPhase(TestSuiteExecutor.java:153)
	at com.kms.katalon.core.main.TestSuiteExecutor.execute(TestSuiteExecutor.java:110)
	at com.kms.katalon.core.main.TestCaseMain.startTestSuite(TestCaseMain.java:206)
	at S0608_18.run(S0608_18.groovy:40)
	at java.base/jdk.internal.reflect.DirectMethodHandleAccessor.invoke(DirectMethodHandleAccessor.java:103)
Caused by: com.kms.katalon.core.exception.StepFailedException: Text 'Non hai un account' is present on page 
	... 24 more

2026-06-08 22:26:58.950 INFO  c.k.katalon.core.main.TestCaseExecutor   - END Test Cases/Registrazione/TC_2.1_17
2026-06-08 22:26:58.952 INFO  c.k.katalon.core.main.TestCaseExecutor   - --------------------
2026-06-08 22:26:58.952 INFO  c.k.katalon.core.main.TestCaseExecutor   - START Test Cases/Registrazione/TC_2.1_17 - Retry attempt 3
2026-06-08 22:26:59.061 INFO  com.kms.katalon.core.util.KeywordUtil    - Seed ripristinato prima di: Test Cases/Registrazione/TC_2.1_17
2026-06-08 22:26:59.062 DEBUG testcase.TC_2.1_17                       - 1: openBrowser("")
2026-06-08 22:26:59.063 INFO  c.k.k.core.webui.driver.DriverFactory    - Starting 'Chrome' driver
2026-06-08 22:26:59.065 INFO  c.k.k.core.webui.driver.DriverFactory    - Action delay is set to 0 milliseconds
2026-06-08 22:27:00.064 INFO  c.k.k.core.webui.driver.DriverFactory    - sessionId = 8da253cd2fcc6b3a7fa1fc6dcd897392
2026-06-08 22:27:00.065 INFO  c.k.k.core.webui.driver.DriverFactory    - browser = Chrome 148.0.7778.179
2026-06-08 22:27:00.065 INFO  c.k.k.core.webui.driver.DriverFactory    - platform = Windows 11
2026-06-08 22:27:00.065 INFO  c.k.k.core.webui.driver.DriverFactory    - seleniumVersion = 4.39.0
2026-06-08 22:27:00.066 INFO  c.k.k.core.webui.driver.DriverFactory    - proxyInformation = ProxyInformation { proxyOption=NO_PROXY, proxyServerType=HTTP, username=, password=********, proxyServerAddress=, proxyServerPort=0, executionList="", isApplyToDesiredCapabilities=true }
2026-06-08 22:27:00.084 DEBUG testcase.TC_2.1_17                       - 2: navigateToUrl(base + "SignForm.jsp")
2026-06-08 22:27:00.514 DEBUG testcase.TC_2.1_17                       - 3: delay(1)
2026-06-08 22:27:01.525 DEBUG testcase.TC_2.1_17                       - 4: executeJavaScript("document.getElementById('nome').value='Mario';" + "document.getElementById('cognome').value='Rossi';" + "document.getElementById('data_nascita').value='2000-05-15';" + "document.getElementById('codice_fiscale').value='RSSMRA00E15F839';" + "document.getElementById('telefono').value='3331234567';" + "document.getElementById('email').value='mario.rossi@example.com';" + "document.getElementById('password').value='Password1';", null)
2026-06-08 22:27:01.543 DEBUG testcase.TC_2.1_17                       - 5: click(css("#submit"))
2026-06-08 22:27:01.543 DEBUG testcase.TC_2.1_17                       - 1: t = new com.kms.katalon.core.testobject.TestObject(sel)
2026-06-08 22:27:01.545 DEBUG testcase.TC_2.1_17                       - 2: t.addProperty("css", EQUALS, sel)
2026-06-08 22:27:01.545 DEBUG testcase.TC_2.1_17                       - 3: return t
2026-06-08 22:27:02.363 DEBUG testcase.TC_2.1_17                       - 6: delay(2)
2026-06-08 22:27:04.381 DEBUG testcase.TC_2.1_17                       - 7: takeScreenshot()
2026-06-08 22:27:05.112 DEBUG testcase.TC_2.1_17                       - 8: verifyTextNotPresent("Non hai un account", false, CONTINUE_ON_FAILURE)
2026-06-08 22:27:05.405 ERROR c.k.k.core.keyword.internal.KeywordMain  - ❌ Text 'Non hai un account' is present on page  (Root cause: com.kms.katalon.core.exception.StepFailedException: Text 'Non hai un account' is present on page 
	at com.kms.katalon.core.webui.keyword.internal.WebUIKeywordMain.stepFailed(WebUIKeywordMain.groovy:177)
	at com.kms.katalon.core.webui.keyword.builtin.VerifyTextNotPresentKeyword$_verifyTextNotPresent_closure1.doCall(VerifyTextNotPresentKeyword.groovy:77)
	at com.kms.katalon.core.webui.keyword.builtin.VerifyTextNotPresentKeyword$_verifyTextNotPresent_closure1.call(VerifyTextNotPresentKeyword.groovy)
	at com.kms.katalon.core.webui.keyword.internal.WebUIKeywordMain.runKeyword(WebUIKeywordMain.groovy:41)
	at com.kms.katalon.core.webui.keyword.builtin.VerifyTextNotPresentKeyword.verifyTextNotPresent(VerifyTextNotPresentKeyword.groovy:82)
	at com.kms.katalon.core.webui.keyword.builtin.VerifyTextNotPresentKeyword.execute(VerifyTextNotPresentKeyword.groovy:68)
	at com.kms.katalon.core.keyword.internal.KeywordExecutor.executeKeywordForPlatform(KeywordExecutor.groovy:103)
	at com.kms.katalon.core.webui.keyword.WebUiBuiltInKeywords.verifyTextNotPresent(WebUiBuiltInKeywords.groovy:1842)
	at TC_2.1_17.run(TC_2.1_17:29)
	at com.kms.katalon.core.main.ScriptEngine.run(ScriptEngine.java:203)
	at com.kms.katalon.core.main.ScriptEngine.runScriptAsRawText(ScriptEngine.java:115)
	at com.kms.katalon.core.main.TestCaseExecutor.runScript(TestCaseExecutor.java:506)
	at com.kms.katalon.core.main.TestCaseExecutor.doExecute(TestCaseExecutor.java:497)
	at com.kms.katalon.core.main.TestCaseExecutor.processExecutionPhase(TestCaseExecutor.java:476)
	at com.kms.katalon.core.main.TestCaseExecutor.accessMainPhase(TestCaseExecutor.java:468)
	at com.kms.katalon.core.main.TestCaseExecutor.execute(TestCaseExecutor.java:334)
	at com.kms.katalon.core.main.TestCaseExecutor.execute(TestCaseExecutor.java:426)
	at com.kms.katalon.core.main.TestCaseExecutor.execute(TestCaseExecutor.java:426)
	at com.kms.katalon.core.main.TestCaseExecutor.execute(TestCaseExecutor.java:426)
	at com.kms.katalon.core.common.CommonExecutor.accessTestCaseMainPhase(CommonExecutor.java:71)
	at com.kms.katalon.core.main.TestSuiteExecutor.accessTestSuiteMainPhase(TestSuiteExecutor.java:153)
	at com.kms.katalon.core.main.TestSuiteExecutor.execute(TestSuiteExecutor.java:110)
	at com.kms.katalon.core.main.TestCaseMain.startTestSuite(TestCaseMain.java:206)
	at S0608_18.run(S0608_18.groovy:40)
	at java.base/jdk.internal.reflect.DirectMethodHandleAccessor.invoke(DirectMethodHandleAccessor.java:103)
)
2026-06-08 22:27:05.406 DEBUG testcase.TC_2.1_17                       - 9: closeBrowser()
2026-06-08 22:27:05.625 ERROR c.k.katalon.core.main.TestCaseExecutor   - ❌ Test Cases/Registrazione/TC_2.1_17 FAILED.
Reason:
com.kms.katalon.core.exception.StepFailedException: Text 'Non hai un account' is present on page  (Root cause: com.kms.katalon.core.exception.StepFailedException: Text 'Non hai un account' is present on page 
	at com.kms.katalon.core.webui.keyword.internal.WebUIKeywordMain.stepFailed(WebUIKeywordMain.groovy:177)
	at com.kms.katalon.core.webui.keyword.builtin.VerifyTextNotPresentKeyword$_verifyTextNotPresent_closure1.doCall(VerifyTextNotPresentKeyword.groovy:77)
	at com.kms.katalon.core.webui.keyword.builtin.VerifyTextNotPresentKeyword$_verifyTextNotPresent_closure1.call(VerifyTextNotPresentKeyword.groovy)
	at com.kms.katalon.core.webui.keyword.internal.WebUIKeywordMain.runKeyword(WebUIKeywordMain.groovy:41)
	at com.kms.katalon.core.webui.keyword.builtin.VerifyTextNotPresentKeyword.verifyTextNotPresent(VerifyTextNotPresentKeyword.groovy:82)
	at com.kms.katalon.core.webui.keyword.builtin.VerifyTextNotPresentKeyword.execute(VerifyTextNotPresentKeyword.groovy:68)
	at com.kms.katalon.core.keyword.internal.KeywordExecutor.executeKeywordForPlatform(KeywordExecutor.groovy:103)
	at com.kms.katalon.core.webui.keyword.WebUiBuiltInKeywords.verifyTextNotPresent(WebUiBuiltInKeywords.groovy:1842)
	at TC_2.1_17.run(TC_2.1_17:29)
	at com.kms.katalon.core.main.ScriptEngine.run(ScriptEngine.java:203)
	at com.kms.katalon.core.main.ScriptEngine.runScriptAsRawText(ScriptEngine.java:115)
	at com.kms.katalon.core.main.TestCaseExecutor.runScript(TestCaseExecutor.java:506)
	at com.kms.katalon.core.main.TestCaseExecutor.doExecute(TestCaseExecutor.java:497)
	at com.kms.katalon.core.main.TestCaseExecutor.processExecutionPhase(TestCaseExecutor.java:476)
	at com.kms.katalon.core.main.TestCaseExecutor.accessMainPhase(TestCaseExecutor.java:468)
	at com.kms.katalon.core.main.TestCaseExecutor.execute(TestCaseExecutor.java:334)
	at com.kms.katalon.core.main.TestCaseExecutor.execute(TestCaseExecutor.java:426)
	at com.kms.katalon.core.main.TestCaseExecutor.execute(TestCaseExecutor.java:426)
	at com.kms.katalon.core.main.TestCaseExecutor.execute(TestCaseExecutor.java:426)
	at com.kms.katalon.core.common.CommonExecutor.accessTestCaseMainPhase(CommonExecutor.java:71)
	at com.kms.katalon.core.main.TestSuiteExecutor.accessTestSuiteMainPhase(TestSuiteExecutor.java:153)
	at com.kms.katalon.core.main.TestSuiteExecutor.execute(TestSuiteExecutor.java:110)
	at com.kms.katalon.core.main.TestCaseMain.startTestSuite(TestCaseMain.java:206)
	at S0608_18.run(S0608_18.groovy:40)
	at java.base/jdk.internal.reflect.DirectMethodHandleAccessor.invoke(DirectMethodHandleAccessor.java:103)
)
	at com.kms.katalon.core.keyword.internal.KeywordMain.stepFailed(KeywordMain.groovy:39)
	at com.kms.katalon.core.webui.keyword.internal.WebUIKeywordMain.stepFailed(WebUIKeywordMain.groovy:177)
	at com.kms.katalon.core.webui.keyword.builtin.VerifyTextNotPresentKeyword$_verifyTextNotPresent_closure1.doCall(VerifyTextNotPresentKeyword.groovy:77)
	at com.kms.katalon.core.webui.keyword.builtin.VerifyTextNotPresentKeyword$_verifyTextNotPresent_closure1.call(VerifyTextNotPresentKeyword.groovy)
	at com.kms.katalon.core.webui.keyword.internal.WebUIKeywordMain.runKeyword(WebUIKeywordMain.groovy:41)
	at com.kms.katalon.core.webui.keyword.builtin.VerifyTextNotPresentKeyword.verifyTextNotPresent(VerifyTextNotPresentKeyword.groovy:82)
	at com.kms.katalon.core.webui.keyword.builtin.VerifyTextNotPresentKeyword.execute(VerifyTextNotPresentKeyword.groovy:68)
	at com.kms.katalon.core.keyword.internal.KeywordExecutor.executeKeywordForPlatform(KeywordExecutor.groovy:103)
	at com.kms.katalon.core.webui.keyword.WebUiBuiltInKeywords.verifyTextNotPresent(WebUiBuiltInKeywords.groovy:1842)
	at TC_2.1_17.run(TC_2.1_17:29)
	at com.kms.katalon.core.main.ScriptEngine.run(ScriptEngine.java:203)
	at com.kms.katalon.core.main.ScriptEngine.runScriptAsRawText(ScriptEngine.java:115)
	at com.kms.katalon.core.main.TestCaseExecutor.runScript(TestCaseExecutor.java:506)
	at com.kms.katalon.core.main.TestCaseExecutor.doExecute(TestCaseExecutor.java:497)
	at com.kms.katalon.core.main.TestCaseExecutor.processExecutionPhase(TestCaseExecutor.java:476)
	at com.kms.katalon.core.main.TestCaseExecutor.accessMainPhase(TestCaseExecutor.java:468)
	at com.kms.katalon.core.main.TestCaseExecutor.execute(TestCaseExecutor.java:334)
	at com.kms.katalon.core.main.TestCaseExecutor.execute(TestCaseExecutor.java:426)
	at com.kms.katalon.core.main.TestCaseExecutor.execute(TestCaseExecutor.java:426)
	at com.kms.katalon.core.main.TestCaseExecutor.execute(TestCaseExecutor.java:426)
	at com.kms.katalon.core.common.CommonExecutor.accessTestCaseMainPhase(CommonExecutor.java:71)
	at com.kms.katalon.core.main.TestSuiteExecutor.accessTestSuiteMainPhase(TestSuiteExecutor.java:153)
	at com.kms.katalon.core.main.TestSuiteExecutor.execute(TestSuiteExecutor.java:110)
	at com.kms.katalon.core.main.TestCaseMain.startTestSuite(TestCaseMain.java:206)
	at S0608_18.run(S0608_18.groovy:40)
	at java.base/jdk.internal.reflect.DirectMethodHandleAccessor.invoke(DirectMethodHandleAccessor.java:103)
Caused by: com.kms.katalon.core.exception.StepFailedException: Text 'Non hai un account' is present on page 
	... 25 more

2026-06-08 22:27:05.627 INFO  c.k.katalon.core.main.TestCaseExecutor   - END Test Cases/Registrazione/TC_2.1_17
2026-06-08 22:27:05.631 INFO  c.k.katalon.core.main.TestCaseExecutor   - --------------------
2026-06-08 22:27:05.631 INFO  c.k.katalon.core.main.TestCaseExecutor   - START Test Cases/Registrazione/TC_2.1_18
2026-06-08 22:27:05.749 INFO  com.kms.katalon.core.util.KeywordUtil    - Seed ripristinato prima di: Test Cases/Registrazione/TC_2.1_18
2026-06-08 22:27:06.021 DEBUG testcase.TC_2.1_18                       - 1: openBrowser("")
2026-06-08 22:27:06.023 INFO  c.k.k.core.webui.driver.DriverFactory    - Starting 'Chrome' driver
2026-06-08 22:27:06.024 INFO  c.k.k.core.webui.driver.DriverFactory    - Action delay is set to 0 milliseconds
2026-06-08 22:27:07.088 INFO  c.k.k.core.webui.driver.DriverFactory    - sessionId = faa7032c9c9aa00b3d5d88dc162e43e1
2026-06-08 22:27:07.089 INFO  c.k.k.core.webui.driver.DriverFactory    - browser = Chrome 148.0.7778.179
2026-06-08 22:27:07.089 INFO  c.k.k.core.webui.driver.DriverFactory    - platform = Windows 11
2026-06-08 22:27:07.090 INFO  c.k.k.core.webui.driver.DriverFactory    - seleniumVersion = 4.39.0
2026-06-08 22:27:07.090 INFO  c.k.k.core.webui.driver.DriverFactory    - proxyInformation = ProxyInformation { proxyOption=NO_PROXY, proxyServerType=HTTP, username=, password=********, proxyServerAddress=, proxyServerPort=0, executionList="", isApplyToDesiredCapabilities=true }
2026-06-08 22:27:07.105 DEBUG testcase.TC_2.1_18                       - 2: navigateToUrl(base + "SignForm.jsp")
2026-06-08 22:27:07.706 DEBUG testcase.TC_2.1_18                       - 3: delay(1)
2026-06-08 22:27:08.726 DEBUG testcase.TC_2.1_18                       - 4: executeJavaScript("document.getElementById('nome').value='Mario';" + "document.getElementById('cognome').value='Rossi';" + "document.getElementById('data_nascita').value='2000-05-15';" + "document.getElementById('codice_fiscale').value='RSSMRA00E15F839XY';" + "document.getElementById('telefono').value='3331234567';" + "document.getElementById('email').value='mario.rossi@example.com';" + "document.getElementById('password').value='Password1';", null)
2026-06-08 22:27:08.744 DEBUG testcase.TC_2.1_18                       - 5: click(css("#submit"))
2026-06-08 22:27:08.745 DEBUG testcase.TC_2.1_18                       - 1: t = new com.kms.katalon.core.testobject.TestObject(sel)
2026-06-08 22:27:08.746 DEBUG testcase.TC_2.1_18                       - 2: t.addProperty("css", EQUALS, sel)
2026-06-08 22:27:08.748 DEBUG testcase.TC_2.1_18                       - 3: return t
2026-06-08 22:27:09.312 DEBUG testcase.TC_2.1_18                       - 6: delay(2)
2026-06-08 22:27:11.318 DEBUG testcase.TC_2.1_18                       - 7: takeScreenshot()
2026-06-08 22:27:11.983 DEBUG testcase.TC_2.1_18                       - 8: verifyTextNotPresent("Non hai un account", false, CONTINUE_ON_FAILURE)
2026-06-08 22:27:12.271 DEBUG testcase.TC_2.1_18                       - 9: closeBrowser()
2026-06-08 22:27:12.487 INFO  c.k.katalon.core.main.TestCaseExecutor   - END Test Cases/Registrazione/TC_2.1_18
2026-06-08 22:27:12.519 INFO  c.k.katalon.core.main.TestSuiteExecutor  - --------------------
2026-06-08 22:27:12.519 INFO  c.k.katalon.core.main.TestSuiteExecutor  - END Test Suites/Registrazione
2026-06-08 22:27:12.519 INFO  c.k.katalon.core.main.TestSuiteExecutor  - ====================
