<?xml version="1.0" encoding="UTF-8" standalone="no"?>
<!DOCTYPE log SYSTEM "logger.dtd">
<log>
<record>
  <date>2026-06-07T22:59:05.269919200Z</date>
  <millis>1780873145269</millis>
  <nanos>919200</nanos>
  <sequence>0</sequence>
  <level>START</level>
  <class>com.kms.katalon.core.logging.XmlKeywordLogger</class>
  <method>startSuite</method>
  <thread>1</thread>
  <message>Start Test Suite : Test Suites/Ordine</message>
  <nestedLevel>0</nestedLevel>
  <escapedJava>false</escapedJava>
  <property name="rerunTestFailImmediately">false</property>
  <property name="retryCount">0</property>
  <property name="name">Ordine</property>
  <property name="description">Gestione Ordine (RF_GO_19..22). Isolamento garantito da SeedReset. numberOfRerun=0.</property>
  <property name="id">Test Suites/Ordine</property>
</record>
<record>
  <date>2026-06-07T22:59:05.291386600Z</date>
  <millis>1780873145291</millis>
  <nanos>386600</nanos>
  <sequence>1</sequence>
  <level>RUN_DATA</level>
  <class>com.kms.katalon.core.logging.XmlKeywordLogger</class>
  <method>logMessage</method>
  <thread>1</thread>
  <message>userFullName = Gianfranco Barba</message>
  <nestedLevel>0</nestedLevel>
  <escapedJava>false</escapedJava>
  <property name="userFullName">Gianfranco Barba</property>
</record>
<record>
  <date>2026-06-07T22:59:05.291386600Z</date>
  <millis>1780873145291</millis>
  <nanos>386600</nanos>
  <sequence>2</sequence>
  <level>RUN_DATA</level>
  <class>com.kms.katalon.core.logging.XmlKeywordLogger</class>
  <method>logMessage</method>
  <thread>1</thread>
  <message>projectName = Vaporant-Baseline</message>
  <nestedLevel>0</nestedLevel>
  <escapedJava>false</escapedJava>
  <property name="projectName">Vaporant-Baseline</property>
</record>
<record>
  <date>2026-06-07T22:59:05.292393200Z</date>
  <millis>1780873145292</millis>
  <nanos>393200</nanos>
  <sequence>3</sequence>
  <level>RUN_DATA</level>
  <class>com.kms.katalon.core.logging.XmlKeywordLogger</class>
  <method>logMessage</method>
  <thread>1</thread>
  <message>hostName = gianf - Gianfranco</message>
  <nestedLevel>0</nestedLevel>
  <escapedJava>false</escapedJava>
  <property name="hostName">gianf - Gianfranco</property>
</record>
<record>
  <date>2026-06-07T22:59:05.292393200Z</date>
  <millis>1780873145292</millis>
  <nanos>393200</nanos>
  <sequence>4</sequence>
  <level>RUN_DATA</level>
  <class>com.kms.katalon.core.logging.XmlKeywordLogger</class>
  <method>logMessage</method>
  <thread>1</thread>
  <message>os = Windows 11 64bit</message>
  <nestedLevel>0</nestedLevel>
  <escapedJava>false</escapedJava>
  <property name="os">Windows 11 64bit</property>
</record>
<record>
  <date>2026-06-07T22:59:05.293423Z</date>
  <millis>1780873145293</millis>
  <nanos>423000</nanos>
  <sequence>5</sequence>
  <level>RUN_DATA</level>
  <class>com.kms.katalon.core.logging.XmlKeywordLogger</class>
  <method>logMessage</method>
  <thread>1</thread>
  <message>hostAddress = 26.38.161.220</message>
  <nestedLevel>0</nestedLevel>
  <escapedJava>false</escapedJava>
  <property name="hostAddress">26.38.161.220</property>
</record>
<record>
  <date>2026-06-07T22:59:05.293423Z</date>
  <millis>1780873145293</millis>
  <nanos>423000</nanos>
  <sequence>6</sequence>
  <level>RUN_DATA</level>
  <class>com.kms.katalon.core.logging.XmlKeywordLogger</class>
  <method>logMessage</method>
  <thread>1</thread>
  <message>katalonVersion = 11.2.0.0</message>
  <nestedLevel>0</nestedLevel>
  <escapedJava>false</escapedJava>
  <property name="katalonVersion">11.2.0.0</property>
</record>
<record>
  <date>2026-06-07T22:59:05.368718200Z</date>
  <millis>1780873145368</millis>
  <nanos>718200</nanos>
  <sequence>7</sequence>
  <level>START</level>
  <class>com.kms.katalon.core.logging.XmlKeywordLogger</class>
  <method>startTest</method>
  <thread>1</thread>
  <message>Start Test Case : Test Cases/Ordine/TC_6.1_1</message>
  <nestedLevel>1</nestedLevel>
  <escapedJava>false</escapedJava>
  <property name="origin"></property>
  <property name="name">Test Cases/Ordine/TC_6.1_1</property>
  <property name="description">Visualizzare la pagina di checkout con i prerequisiti soddisfatti</property>
  <property name="iteration"></property>
  <property name="id">Test Cases/Ordine/TC_6.1_1</property>
  <property name="source">C:\Users\gianf\Documents\Vaporant-IGES\StorageSession\testing\katalon\Vaporant-Baseline\Test Cases\Ordine\TC_6.1_1.tc</property>
  <property name="tag"></property>
  <property name="isOptional">false</property>
  <property name="uuid">60210114-485f-450f-98cd-450e9c33d91c</property>
</record>
<record>
  <date>2026-06-07T22:59:05.396869300Z</date>
  <millis>1780873145396</millis>
  <nanos>869300</nanos>
  <sequence>9</sequence>
  <level>RUN_DATA</level>
  <class>com.kms.katalon.core.logging.XmlKeywordLogger</class>
  <method>logMessage</method>
  <thread>1</thread>
  <message>executionBindingVariables = []</message>
  <nestedLevel>1</nestedLevel>
  <escapedJava>false</escapedJava>
  <property name="executionBindingVariables">[]</property>
</record>
<record>
  <date>2026-06-07T22:59:05.398490200Z</date>
  <millis>1780873145398</millis>
  <nanos>490200</nanos>
  <sequence>10</sequence>
  <level>START</level>
  <class>com.kms.katalon.core.logging.XmlKeywordLogger</class>
  <method>startKeyword</method>
  <thread>1</thread>
  <message>Start listener action : resetSeedBeforeTestCase</message>
  <nestedLevel>1</nestedLevel>
  <escapedJava>false</escapedJava>
</record>
<record>
  <date>2026-06-07T22:59:05.411020300Z</date>
  <millis>1780873145411</millis>
  <nanos>20300</nanos>
  <sequence>12</sequence>
  <level>START</level>
  <class>com.kms.katalon.core.logging.XmlKeywordLogger</class>
  <method>startKeyword</method>
  <thread>1</thread>
  <message>Start action : if (resetSeed == false)</message>
  <nestedLevel>1</nestedLevel>
  <escapedJava>false</escapedJava>
  <property name="startLine">26</property>
  <property name="stepIndex">1</property>
</record>
<record>
  <date>2026-06-07T22:59:05.495237800Z</date>
  <millis>1780873145495</millis>
  <nanos>237800</nanos>
  <sequence>13</sequence>
  <level>END</level>
  <class>com.kms.katalon.core.logging.XmlKeywordLogger</class>
  <method>endKeyword</method>
  <thread>1</thread>
  <message>End action : if (resetSeed == false)</message>
  <nestedLevel>1</nestedLevel>
  <escapedJava>false</escapedJava>
</record>
<record>
  <date>2026-06-07T22:59:05.495237800Z</date>
  <millis>1780873145495</millis>
  <nanos>237800</nanos>
  <sequence>14</sequence>
  <level>START</level>
  <class>com.kms.katalon.core.logging.XmlKeywordLogger</class>
  <method>startKeyword</method>
  <thread>1</thread>
  <message>Start action : projectDir = getProjectDir()</message>
  <nestedLevel>1</nestedLevel>
  <escapedJava>false</escapedJava>
  <property name="startLine">30</property>
  <property name="stepIndex">2</property>
</record>
<record>
  <date>2026-06-07T22:59:05.497168100Z</date>
  <millis>1780873145497</millis>
  <nanos>168100</nanos>
  <sequence>15</sequence>
  <level>END</level>
  <class>com.kms.katalon.core.logging.XmlKeywordLogger</class>
  <method>endKeyword</method>
  <thread>1</thread>
  <message>End action : projectDir = getProjectDir()</message>
  <nestedLevel>1</nestedLevel>
  <escapedJava>false</escapedJava>
</record>
<record>
  <date>2026-06-07T22:59:05.497168100Z</date>
  <millis>1780873145497</millis>
  <nanos>168100</nanos>
  <sequence>16</sequence>
  <level>START</level>
  <class>com.kms.katalon.core.logging.XmlKeywordLogger</class>
  <method>startKeyword</method>
  <thread>1</thread>
  <message>Start action : script = new java.io.File(projectDir, Data Files/reset-seed.sql)</message>
  <nestedLevel>1</nestedLevel>
  <escapedJava>false</escapedJava>
  <property name="startLine">31</property>
  <property name="stepIndex">3</property>
</record>
<record>
  <date>2026-06-07T22:59:05.498167200Z</date>
  <millis>1780873145498</millis>
  <nanos>167200</nanos>
  <sequence>17</sequence>
  <level>END</level>
  <class>com.kms.katalon.core.logging.XmlKeywordLogger</class>
  <method>endKeyword</method>
  <thread>1</thread>
  <message>End action : script = new java.io.File(projectDir, Data Files/reset-seed.sql)</message>
  <nestedLevel>1</nestedLevel>
  <escapedJava>false</escapedJava>
</record>
<record>
  <date>2026-06-07T22:59:05.498167200Z</date>
  <millis>1780873145498</millis>
  <nanos>167200</nanos>
  <sequence>18</sequence>
  <level>START</level>
  <class>com.kms.katalon.core.logging.XmlKeywordLogger</class>
  <method>startKeyword</method>
  <thread>1</thread>
  <message>Start action : if (!(script.exists()))</message>
  <nestedLevel>1</nestedLevel>
  <escapedJava>false</escapedJava>
  <property name="startLine">33</property>
  <property name="stepIndex">4</property>
</record>
<record>
  <date>2026-06-07T22:59:05.502324700Z</date>
  <millis>1780873145502</millis>
  <nanos>324700</nanos>
  <sequence>19</sequence>
  <level>END</level>
  <class>com.kms.katalon.core.logging.XmlKeywordLogger</class>
  <method>endKeyword</method>
  <thread>1</thread>
  <message>End action : if (!(script.exists()))</message>
  <nestedLevel>1</nestedLevel>
  <escapedJava>false</escapedJava>
</record>
<record>
  <date>2026-06-07T22:59:05.502324700Z</date>
  <millis>1780873145502</millis>
  <nanos>324700</nanos>
  <sequence>20</sequence>
  <level>START</level>
  <class>com.kms.katalon.core.logging.XmlKeywordLogger</class>
  <method>startKeyword</method>
  <thread>1</thread>
  <message>Start action : cmd = [mysqlExe, &amp;quot;--user=&amp;quot; + dbUser, &amp;quot;--password=&amp;quot; + dbPass, dbName]</message>
  <nestedLevel>1</nestedLevel>
  <escapedJava>false</escapedJava>
  <property name="startLine">39</property>
  <property name="stepIndex">5</property>
</record>
<record>
  <date>2026-06-07T22:59:05.507383300Z</date>
  <millis>1780873145507</millis>
  <nanos>383300</nanos>
  <sequence>21</sequence>
  <level>END</level>
  <class>com.kms.katalon.core.logging.XmlKeywordLogger</class>
  <method>endKeyword</method>
  <thread>1</thread>
  <message>End action : cmd = [mysqlExe, &amp;quot;--user=&amp;quot; + dbUser, &amp;quot;--password=&amp;quot; + dbPass, dbName]</message>
  <nestedLevel>1</nestedLevel>
  <escapedJava>false</escapedJava>
</record>
<record>
  <date>2026-06-07T22:59:05.508375600Z</date>
  <millis>1780873145508</millis>
  <nanos>375600</nanos>
  <sequence>22</sequence>
  <level>START</level>
  <class>com.kms.katalon.core.logging.XmlKeywordLogger</class>
  <method>startKeyword</method>
  <thread>1</thread>
  <message>Start action : log = new java.io.File(java.lang.System.getProperty(java.io.tmpdir), seedreset.log)</message>
  <nestedLevel>1</nestedLevel>
  <escapedJava>false</escapedJava>
  <property name="startLine">46</property>
  <property name="stepIndex">6</property>
</record>
<record>
  <date>2026-06-07T22:59:05.512512200Z</date>
  <millis>1780873145512</millis>
  <nanos>512200</nanos>
  <sequence>23</sequence>
  <level>END</level>
  <class>com.kms.katalon.core.logging.XmlKeywordLogger</class>
  <method>endKeyword</method>
  <thread>1</thread>
  <message>End action : log = new java.io.File(java.lang.System.getProperty(java.io.tmpdir), seedreset.log)</message>
  <nestedLevel>1</nestedLevel>
  <escapedJava>false</escapedJava>
</record>
<record>
  <date>2026-06-07T22:59:05.512512200Z</date>
  <millis>1780873145512</millis>
  <nanos>512200</nanos>
  <sequence>24</sequence>
  <level>START</level>
  <class>com.kms.katalon.core.logging.XmlKeywordLogger</class>
  <method>startKeyword</method>
  <thread>1</thread>
  <message>Start action : pb = new java.lang.ProcessBuilder(cmd)</message>
  <nestedLevel>1</nestedLevel>
  <escapedJava>false</escapedJava>
  <property name="startLine">48</property>
  <property name="stepIndex">7</property>
</record>
<record>
  <date>2026-06-07T22:59:05.517249900Z</date>
  <millis>1780873145517</millis>
  <nanos>249900</nanos>
  <sequence>25</sequence>
  <level>END</level>
  <class>com.kms.katalon.core.logging.XmlKeywordLogger</class>
  <method>endKeyword</method>
  <thread>1</thread>
  <message>End action : pb = new java.lang.ProcessBuilder(cmd)</message>
  <nestedLevel>1</nestedLevel>
  <escapedJava>false</escapedJava>
</record>
<record>
  <date>2026-06-07T22:59:05.517249900Z</date>
  <millis>1780873145517</millis>
  <nanos>249900</nanos>
  <sequence>26</sequence>
  <level>START</level>
  <class>com.kms.katalon.core.logging.XmlKeywordLogger</class>
  <method>startKeyword</method>
  <thread>1</thread>
  <message>Start action : pb.redirectInput(script)</message>
  <nestedLevel>1</nestedLevel>
  <escapedJava>false</escapedJava>
  <property name="startLine">49</property>
  <property name="stepIndex">8</property>
</record>
<record>
  <date>2026-06-07T22:59:05.518256700Z</date>
  <millis>1780873145518</millis>
  <nanos>256700</nanos>
  <sequence>27</sequence>
  <level>END</level>
  <class>com.kms.katalon.core.logging.XmlKeywordLogger</class>
  <method>endKeyword</method>
  <thread>1</thread>
  <message>End action : pb.redirectInput(script)</message>
  <nestedLevel>1</nestedLevel>
  <escapedJava>false</escapedJava>
</record>
<record>
  <date>2026-06-07T22:59:05.519306900Z</date>
  <millis>1780873145519</millis>
  <nanos>306900</nanos>
  <sequence>28</sequence>
  <level>START</level>
  <class>com.kms.katalon.core.logging.XmlKeywordLogger</class>
  <method>startKeyword</method>
  <thread>1</thread>
  <message>Start action : pb.redirectErrorStream(true)</message>
  <nestedLevel>1</nestedLevel>
  <escapedJava>false</escapedJava>
  <property name="startLine">50</property>
  <property name="stepIndex">9</property>
</record>
<record>
  <date>2026-06-07T22:59:05.522099800Z</date>
  <millis>1780873145522</millis>
  <nanos>99800</nanos>
  <sequence>29</sequence>
  <level>END</level>
  <class>com.kms.katalon.core.logging.XmlKeywordLogger</class>
  <method>endKeyword</method>
  <thread>1</thread>
  <message>End action : pb.redirectErrorStream(true)</message>
  <nestedLevel>1</nestedLevel>
  <escapedJava>false</escapedJava>
</record>
<record>
  <date>2026-06-07T22:59:05.523187300Z</date>
  <millis>1780873145523</millis>
  <nanos>187300</nanos>
  <sequence>30</sequence>
  <level>START</level>
  <class>com.kms.katalon.core.logging.XmlKeywordLogger</class>
  <method>startKeyword</method>
  <thread>1</thread>
  <message>Start action : pb.redirectOutput(log)</message>
  <nestedLevel>1</nestedLevel>
  <escapedJava>false</escapedJava>
  <property name="startLine">51</property>
  <property name="stepIndex">10</property>
</record>
<record>
  <date>2026-06-07T22:59:05.524159Z</date>
  <millis>1780873145524</millis>
  <nanos>159000</nanos>
  <sequence>31</sequence>
  <level>END</level>
  <class>com.kms.katalon.core.logging.XmlKeywordLogger</class>
  <method>endKeyword</method>
  <thread>1</thread>
  <message>End action : pb.redirectOutput(log)</message>
  <nestedLevel>1</nestedLevel>
  <escapedJava>false</escapedJava>
</record>
<record>
  <date>2026-06-07T22:59:05.524159Z</date>
  <millis>1780873145524</millis>
  <nanos>159000</nanos>
  <sequence>32</sequence>
  <level>START</level>
  <class>com.kms.katalon.core.logging.XmlKeywordLogger</class>
  <method>startKeyword</method>
  <thread>1</thread>
  <message>Start action : p = pb.start()</message>
  <nestedLevel>1</nestedLevel>
  <escapedJava>false</escapedJava>
  <property name="startLine">53</property>
  <property name="stepIndex">11</property>
</record>
<record>
  <date>2026-06-07T22:59:05.531166400Z</date>
  <millis>1780873145531</millis>
  <nanos>166400</nanos>
  <sequence>33</sequence>
  <level>END</level>
  <class>com.kms.katalon.core.logging.XmlKeywordLogger</class>
  <method>endKeyword</method>
  <thread>1</thread>
  <message>End action : p = pb.start()</message>
  <nestedLevel>1</nestedLevel>
  <escapedJava>false</escapedJava>
</record>
<record>
  <date>2026-06-07T22:59:05.532216100Z</date>
  <millis>1780873145532</millis>
  <nanos>216100</nanos>
  <sequence>34</sequence>
  <level>START</level>
  <class>com.kms.katalon.core.logging.XmlKeywordLogger</class>
  <method>startKeyword</method>
  <thread>1</thread>
  <message>Start action : finished = p.waitFor(20, SECONDS)</message>
  <nestedLevel>1</nestedLevel>
  <escapedJava>false</escapedJava>
  <property name="startLine">55</property>
  <property name="stepIndex">12</property>
</record>
<record>
  <date>2026-06-07T22:59:05.599861700Z</date>
  <millis>1780873145599</millis>
  <nanos>861700</nanos>
  <sequence>35</sequence>
  <level>END</level>
  <class>com.kms.katalon.core.logging.XmlKeywordLogger</class>
  <method>endKeyword</method>
  <thread>1</thread>
  <message>End action : finished = p.waitFor(20, SECONDS)</message>
  <nestedLevel>1</nestedLevel>
  <escapedJava>false</escapedJava>
</record>
<record>
  <date>2026-06-07T22:59:05.599861700Z</date>
  <millis>1780873145599</millis>
  <nanos>861700</nanos>
  <sequence>36</sequence>
  <level>START</level>
  <class>com.kms.katalon.core.logging.XmlKeywordLogger</class>
  <method>startKeyword</method>
  <thread>1</thread>
  <message>Start action : if (!(finished))</message>
  <nestedLevel>1</nestedLevel>
  <escapedJava>false</escapedJava>
  <property name="startLine">56</property>
  <property name="stepIndex">13</property>
</record>
<record>
  <date>2026-06-07T22:59:05.599861700Z</date>
  <millis>1780873145599</millis>
  <nanos>861700</nanos>
  <sequence>37</sequence>
  <level>END</level>
  <class>com.kms.katalon.core.logging.XmlKeywordLogger</class>
  <method>endKeyword</method>
  <thread>1</thread>
  <message>End action : if (!(finished))</message>
  <nestedLevel>1</nestedLevel>
  <escapedJava>false</escapedJava>
</record>
<record>
  <date>2026-06-07T22:59:05.599861700Z</date>
  <millis>1780873145599</millis>
  <nanos>861700</nanos>
  <sequence>38</sequence>
  <level>START</level>
  <class>com.kms.katalon.core.logging.XmlKeywordLogger</class>
  <method>startKeyword</method>
  <thread>1</thread>
  <message>Start action : code = p.exitValue()</message>
  <nestedLevel>1</nestedLevel>
  <escapedJava>false</escapedJava>
  <property name="startLine">62</property>
  <property name="stepIndex">14</property>
</record>
<record>
  <date>2026-06-07T22:59:05.601365800Z</date>
  <millis>1780873145601</millis>
  <nanos>365800</nanos>
  <sequence>39</sequence>
  <level>END</level>
  <class>com.kms.katalon.core.logging.XmlKeywordLogger</class>
  <method>endKeyword</method>
  <thread>1</thread>
  <message>End action : code = p.exitValue()</message>
  <nestedLevel>1</nestedLevel>
  <escapedJava>false</escapedJava>
</record>
<record>
  <date>2026-06-07T22:59:05.602369900Z</date>
  <millis>1780873145602</millis>
  <nanos>369900</nanos>
  <sequence>40</sequence>
  <level>START</level>
  <class>com.kms.katalon.core.logging.XmlKeywordLogger</class>
  <method>startKeyword</method>
  <thread>1</thread>
  <message>Start action : if (code != 0)</message>
  <nestedLevel>1</nestedLevel>
  <escapedJava>false</escapedJava>
  <property name="startLine">63</property>
  <property name="stepIndex">15</property>
</record>
<record>
  <date>2026-06-07T22:59:05.602369900Z</date>
  <millis>1780873145602</millis>
  <nanos>369900</nanos>
  <sequence>41</sequence>
  <level>END</level>
  <class>com.kms.katalon.core.logging.XmlKeywordLogger</class>
  <method>endKeyword</method>
  <thread>1</thread>
  <message>End action : if (code != 0)</message>
  <nestedLevel>1</nestedLevel>
  <escapedJava>false</escapedJava>
</record>
<record>
  <date>2026-06-07T22:59:05.603717600Z</date>
  <millis>1780873145603</millis>
  <nanos>717600</nanos>
  <sequence>42</sequence>
  <level>START</level>
  <class>com.kms.katalon.core.logging.XmlKeywordLogger</class>
  <method>startKeyword</method>
  <thread>1</thread>
  <message>Start action : else</message>
  <nestedLevel>1</nestedLevel>
  <escapedJava>false</escapedJava>
  <property name="startLine">67</property>
  <property name="stepIndex">16</property>
</record>
<record>
  <date>2026-06-07T22:59:05.603717600Z</date>
  <millis>1780873145603</millis>
  <nanos>717600</nanos>
  <sequence>43</sequence>
  <level>START</level>
  <class>com.kms.katalon.core.logging.XmlKeywordLogger</class>
  <method>startKeyword</method>
  <thread>1</thread>
  <message>Start action : logInfo(&amp;quot;Seed ripristinato prima di: &amp;quot; + context.getTestCaseId())</message>
  <nestedLevel>2</nestedLevel>
  <escapedJava>false</escapedJava>
  <property name="startLine">68</property>
  <property name="stepIndex">1</property>
</record>
<record>
  <date>2026-06-07T22:59:05.618302700Z</date>
  <millis>1780873145618</millis>
  <nanos>302700</nanos>
  <sequence>44</sequence>
  <level>INFO</level>
  <class>com.kms.katalon.core.logging.XmlKeywordLogger</class>
  <method>logMessage</method>
  <thread>1</thread>
  <message>Seed ripristinato prima di: Test Cases/Ordine/TC_6.1_1</message>
  <nestedLevel>1</nestedLevel>
  <escapedJava>false</escapedJava>
</record>
<record>
  <date>2026-06-07T22:59:05.618302700Z</date>
  <millis>1780873145618</millis>
  <nanos>302700</nanos>
  <sequence>46</sequence>
  <level>END</level>
  <class>com.kms.katalon.core.logging.XmlKeywordLogger</class>
  <method>endKeyword</method>
  <thread>1</thread>
  <message>End action : logInfo(&amp;quot;Seed ripristinato prima di: &amp;quot; + context.getTestCaseId())</message>
  <nestedLevel>2</nestedLevel>
  <escapedJava>false</escapedJava>
</record>
<record>
  <date>2026-06-07T22:59:05.618302700Z</date>
  <millis>1780873145618</millis>
  <nanos>302700</nanos>
  <sequence>47</sequence>
  <level>END</level>
  <class>com.kms.katalon.core.logging.XmlKeywordLogger</class>
  <method>endKeyword</method>
  <thread>1</thread>
  <message>End action : else</message>
  <nestedLevel>1</nestedLevel>
  <escapedJava>false</escapedJava>
</record>
<record>
  <date>2026-06-07T22:59:05.618302700Z</date>
  <millis>1780873145618</millis>
  <nanos>302700</nanos>
  <sequence>48</sequence>
  <level>END</level>
  <class>com.kms.katalon.core.logging.XmlKeywordLogger</class>
  <method>endKeyword</method>
  <thread>1</thread>
  <message>End listener action : resetSeedBeforeTestCase</message>
  <nestedLevel>1</nestedLevel>
  <escapedJava>false</escapedJava>
</record>
<record>
  <date>2026-06-07T22:59:05.673823300Z</date>
  <millis>1780873145673</millis>
  <nanos>823300</nanos>
  <sequence>49</sequence>
  <level>START</level>
  <class>com.kms.katalon.core.logging.XmlKeywordLogger</class>
  <method>startKeyword</method>
  <thread>1</thread>
  <message>Start action : openBrowser(&amp;quot;&amp;quot;)</message>
  <nestedLevel>1</nestedLevel>
  <escapedJava>false</escapedJava>
  <property name="startLine">14</property>
  <property name="stepIndex">1</property>
</record>
<record>
  <date>2026-06-07T22:59:05.911011900Z</date>
  <millis>1780873145911</millis>
  <nanos>11900</nanos>
  <sequence>52</sequence>
  <level>INFO</level>
  <class>com.kms.katalon.core.logging.XmlKeywordLogger</class>
  <method>logMessage</method>
  <thread>1</thread>
  <message>Starting &amp;apos;Chrome&amp;apos; driver</message>
  <nestedLevel>1</nestedLevel>
  <escapedJava>false</escapedJava>
</record>
<record>
  <date>2026-06-07T22:59:05.961206400Z</date>
  <millis>1780873145961</millis>
  <nanos>206400</nanos>
  <sequence>53</sequence>
  <level>INFO</level>
  <class>com.kms.katalon.core.logging.XmlKeywordLogger</class>
  <method>logMessage</method>
  <thread>1</thread>
  <message>Action delay is set to 0 milliseconds</message>
  <nestedLevel>1</nestedLevel>
  <escapedJava>false</escapedJava>
</record>
<record>
  <date>2026-06-07T22:59:07.539382800Z</date>
  <millis>1780873147539</millis>
  <nanos>382800</nanos>
  <sequence>55</sequence>
  <level>RUN_DATA</level>
  <class>com.kms.katalon.core.logging.XmlKeywordLogger</class>
  <method>logMessage</method>
  <thread>1</thread>
  <message>sessionId = 85f39eb886e3493d4cf70f065c772ee7</message>
  <nestedLevel>1</nestedLevel>
  <escapedJava>false</escapedJava>
  <property name="sessionId">85f39eb886e3493d4cf70f065c772ee7</property>
</record>
<record>
  <date>2026-06-07T22:59:07.540780600Z</date>
  <millis>1780873147540</millis>
  <nanos>780600</nanos>
  <sequence>56</sequence>
  <level>RUN_DATA</level>
  <class>com.kms.katalon.core.logging.XmlKeywordLogger</class>
  <method>logMessage</method>
  <thread>1</thread>
  <message>browser = Chrome 148.0.7778.179</message>
  <nestedLevel>1</nestedLevel>
  <escapedJava>false</escapedJava>
  <property name="browser">Chrome 148.0.7778.179</property>
</record>
<record>
  <date>2026-06-07T22:59:07.541286200Z</date>
  <millis>1780873147541</millis>
  <nanos>286200</nanos>
  <sequence>57</sequence>
  <level>RUN_DATA</level>
  <class>com.kms.katalon.core.logging.XmlKeywordLogger</class>
  <method>logMessage</method>
  <thread>1</thread>
  <message>platform = Windows 11</message>
  <nestedLevel>1</nestedLevel>
  <escapedJava>false</escapedJava>
  <property name="platform">Windows 11</property>
</record>
<record>
  <date>2026-06-07T22:59:07.541286200Z</date>
  <millis>1780873147541</millis>
  <nanos>286200</nanos>
  <sequence>58</sequence>
  <level>RUN_DATA</level>
  <class>com.kms.katalon.core.logging.XmlKeywordLogger</class>
  <method>logMessage</method>
  <thread>1</thread>
  <message>seleniumVersion = 4.39.0</message>
  <nestedLevel>1</nestedLevel>
  <escapedJava>false</escapedJava>
  <property name="seleniumVersion">4.39.0</property>
</record>
<record>
  <date>2026-06-07T22:59:07.546575200Z</date>
  <millis>1780873147546</millis>
  <nanos>575200</nanos>
  <sequence>59</sequence>
  <level>RUN_DATA</level>
  <class>com.kms.katalon.core.logging.XmlKeywordLogger</class>
  <method>logMessage</method>
  <thread>1</thread>
  <message>proxyInformation = ProxyInformation { proxyOption=NO_PROXY, proxyServerType=HTTP, username=, password=********, proxyServerAddress=, proxyServerPort=0, executionList=&amp;quot;&amp;quot;, isApplyToDesiredCapabilities=true }</message>
  <nestedLevel>1</nestedLevel>
  <escapedJava>false</escapedJava>
  <property name="proxyInformation">ProxyInformation { proxyOption=NO_PROXY, proxyServerType=HTTP, username=, password=********, proxyServerAddress=, proxyServerPort=0, executionList=&quot;&quot;, isApplyToDesiredCapabilities=true }</property>
</record>
<record>
  <date>2026-06-07T22:59:07.578332Z</date>
  <millis>1780873147578</millis>
  <nanos>332000</nanos>
  <sequence>60</sequence>
  <level>PASSED</level>
  <class>com.kms.katalon.core.logging.XmlKeywordLogger</class>
  <method>logMessage</method>
  <thread>1</thread>
  <message>Browser is opened with url: &amp;apos;&amp;apos;</message>
  <nestedLevel>1</nestedLevel>
  <escapedJava>false</escapedJava>
  <property name="testops-method-name">com.kms.katalon.core.webui.keyword.builtin.OpenBrowserKeyword.openBrowser</property>
  <property name="testops-execution-stacktrace"></property>
</record>
<record>
  <date>2026-06-07T22:59:07.580331300Z</date>
  <millis>1780873147580</millis>
  <nanos>331300</nanos>
  <sequence>61</sequence>
  <level>END</level>
  <class>com.kms.katalon.core.logging.XmlKeywordLogger</class>
  <method>endKeyword</method>
  <thread>1</thread>
  <message>End action : openBrowser(&amp;quot;&amp;quot;)</message>
  <nestedLevel>1</nestedLevel>
  <escapedJava>false</escapedJava>
</record>
<record>
  <date>2026-06-07T22:59:07.580331300Z</date>
  <millis>1780873147580</millis>
  <nanos>331300</nanos>
  <sequence>62</sequence>
  <level>START</level>
  <class>com.kms.katalon.core.logging.XmlKeywordLogger</class>
  <method>startKeyword</method>
  <thread>1</thread>
  <message>Start action : navigateToUrl(base + &amp;quot;loginForm.jsp&amp;quot;)</message>
  <nestedLevel>1</nestedLevel>
  <escapedJava>false</escapedJava>
  <property name="startLine">15</property>
  <property name="stepIndex">2</property>
</record>
<record>
  <date>2026-06-07T22:59:08.073992800Z</date>
  <millis>1780873148073</millis>
  <nanos>992800</nanos>
  <sequence>66</sequence>
  <level>PASSED</level>
  <class>com.kms.katalon.core.logging.XmlKeywordLogger</class>
  <method>logMessage</method>
  <thread>1</thread>
  <message>Navigate to &amp;apos;http://localhost:8080/Vaporant_IGES_war_exploded/loginForm.jsp&amp;apos; successfully</message>
  <nestedLevel>1</nestedLevel>
  <escapedJava>false</escapedJava>
  <property name="testops-method-name">com.kms.katalon.core.webui.keyword.builtin.NavigateToUrlKeyword.navigateToUrl</property>
  <property name="testops-execution-stacktrace"></property>
</record>
<record>
  <date>2026-06-07T22:59:08.075119100Z</date>
  <millis>1780873148075</millis>
  <nanos>119100</nanos>
  <sequence>67</sequence>
  <level>END</level>
  <class>com.kms.katalon.core.logging.XmlKeywordLogger</class>
  <method>endKeyword</method>
  <thread>1</thread>
  <message>End action : navigateToUrl(base + &amp;quot;loginForm.jsp&amp;quot;)</message>
  <nestedLevel>1</nestedLevel>
  <escapedJava>false</escapedJava>
</record>
<record>
  <date>2026-06-07T22:59:08.075119100Z</date>
  <millis>1780873148075</millis>
  <nanos>119100</nanos>
  <sequence>68</sequence>
  <level>START</level>
  <class>com.kms.katalon.core.logging.XmlKeywordLogger</class>
  <method>startKeyword</method>
  <thread>1</thread>
  <message>Start action : setText(css(&amp;quot;#email&amp;quot;), &amp;quot;t.mansi@studenti.unisa.it&amp;quot;)</message>
  <nestedLevel>1</nestedLevel>
  <escapedJava>false</escapedJava>
  <property name="startLine">16</property>
  <property name="stepIndex">3</property>
</record>
<record>
  <date>2026-06-07T22:59:08.077848600Z</date>
  <millis>1780873148077</millis>
  <nanos>848600</nanos>
  <sequence>69</sequence>
  <level>END</level>
  <class>com.kms.katalon.core.logging.XmlKeywordLogger</class>
  <method>endKeyword</method>
  <thread>1</thread>
  <message>End action : setText(css(&amp;quot;#email&amp;quot;), &amp;quot;t.mansi@studenti.unisa.it&amp;quot;)</message>
  <nestedLevel>1</nestedLevel>
  <escapedJava>false</escapedJava>
</record>
<record>
  <date>2026-06-07T22:59:08.077848600Z</date>
  <millis>1780873148077</millis>
  <nanos>848600</nanos>
  <sequence>70</sequence>
  <level>START</level>
  <class>com.kms.katalon.core.logging.XmlKeywordLogger</class>
  <method>startKeyword</method>
  <thread>1</thread>
  <message>Start action : t = new com.kms.katalon.core.testobject.TestObject(sel)</message>
  <nestedLevel>1</nestedLevel>
  <escapedJava>false</escapedJava>
  <property name="startLine">8</property>
  <property name="stepIndex">1</property>
</record>
<record>
  <date>2026-06-07T22:59:08.088759700Z</date>
  <millis>1780873148088</millis>
  <nanos>759700</nanos>
  <sequence>71</sequence>
  <level>END</level>
  <class>com.kms.katalon.core.logging.XmlKeywordLogger</class>
  <method>endKeyword</method>
  <thread>1</thread>
  <message>End action : t = new com.kms.katalon.core.testobject.TestObject(sel)</message>
  <nestedLevel>1</nestedLevel>
  <escapedJava>false</escapedJava>
</record>
<record>
  <date>2026-06-07T22:59:08.088759700Z</date>
  <millis>1780873148088</millis>
  <nanos>759700</nanos>
  <sequence>72</sequence>
  <level>START</level>
  <class>com.kms.katalon.core.logging.XmlKeywordLogger</class>
  <method>startKeyword</method>
  <thread>1</thread>
  <message>Start action : t.addProperty(&amp;quot;css&amp;quot;, EQUALS, sel)</message>
  <nestedLevel>1</nestedLevel>
  <escapedJava>false</escapedJava>
  <property name="startLine">9</property>
  <property name="stepIndex">2</property>
</record>
<record>
  <date>2026-06-07T22:59:08.097979700Z</date>
  <millis>1780873148097</millis>
  <nanos>979700</nanos>
  <sequence>73</sequence>
  <level>END</level>
  <class>com.kms.katalon.core.logging.XmlKeywordLogger</class>
  <method>endKeyword</method>
  <thread>1</thread>
  <message>End action : t.addProperty(&amp;quot;css&amp;quot;, EQUALS, sel)</message>
  <nestedLevel>1</nestedLevel>
  <escapedJava>false</escapedJava>
</record>
<record>
  <date>2026-06-07T22:59:08.097979700Z</date>
  <millis>1780873148097</millis>
  <nanos>979700</nanos>
  <sequence>74</sequence>
  <level>START</level>
  <class>com.kms.katalon.core.logging.XmlKeywordLogger</class>
  <method>startKeyword</method>
  <thread>1</thread>
  <message>Start action : return t</message>
  <nestedLevel>1</nestedLevel>
  <escapedJava>false</escapedJava>
  <property name="startLine">10</property>
  <property name="stepIndex">3</property>
</record>
<record>
  <date>2026-06-07T22:59:08.747615Z</date>
  <millis>1780873148747</millis>
  <nanos>615000</nanos>
  <sequence>87</sequence>
  <level>PASSED</level>
  <class>com.kms.katalon.core.logging.XmlKeywordLogger</class>
  <method>logMessage</method>
  <thread>1</thread>
  <message>Text &amp;apos;t.mansi@studenti.unisa.it&amp;apos; is set on object &amp;apos;#email&amp;apos;</message>
  <nestedLevel>1</nestedLevel>
  <escapedJava>false</escapedJava>
  <property name="testops-method-name">com.kms.katalon.core.webui.keyword.internal.WebUIKeywordMain.runKeywordUntilTimeout</property>
  <property name="testops-execution-stacktrace">com.kms.katalon.core.logging.KeywordLogger.logPassed(KeywordLogger.java:350)
com.kms.katalon.core.logging.KeywordLogger.logPassed(KeywordLogger.java:345)
com.kms.katalon.core.webui.keyword.builtin.SetTextKeyword$_setText_closure1.doCall(SetTextKeyword.groovy:99)
java.base/jdk.internal.reflect.DirectMethodHandleAccessor.invoke(DirectMethodHandleAccessor.java:103)
jdk.proxy2/jdk.proxy2.$Proxy57.execute(Unknown Source)
com.kms.katalon.core.webui.model.SeleniumActionRetryController.performAction(SeleniumActionRetryController.java:96)
com.kms.katalon.core.webui.model.SeleniumActionRetryController.performAction(SeleniumActionRetryController.java:83)
com.kms.katalon.core.webui.keyword.internal.WebUIKeywordMain$_runKeywordUntilTimeout_closure1.doCall(WebUIKeywordMain.groovy:135)
com.kms.katalon.core.webui.keyword.internal.WebUIKeywordMain$_runKeywordUntilTimeout_closure1.call(WebUIKeywordMain.groovy)
com.kms.katalon.core.webui.keyword.internal.WebUIKeywordMain.runKeyword(WebUIKeywordMain.groovy:41)
com.kms.katalon.core.webui.keyword.internal.WebUIKeywordMain.runKeywordUntilTimeout(WebUIKeywordMain.groovy:133)
com.kms.katalon.core.webui.keyword.builtin.SetTextKeyword.setText(SetTextKeyword.groovy:106)
com.kms.katalon.core.webui.keyword.builtin.SetTextKeyword.execute(SetTextKeyword.groovy:49)
com.kms.katalon.core.keyword.internal.KeywordExecutor.executeKeywordForPlatform(KeywordExecutor.groovy:103)
com.kms.katalon.core.webui.keyword.WebUiBuiltInKeywords.setText(WebUiBuiltInKeywords.groovy:1082)
Script178070060101.run(Script178070060101.groovy:16)
</property>
</record>
<record>
  <date>2026-06-07T22:59:08.748609700Z</date>
  <millis>1780873148748</millis>
  <nanos>609700</nanos>
  <sequence>88</sequence>
  <level>END</level>
  <class>com.kms.katalon.core.logging.XmlKeywordLogger</class>
  <method>endKeyword</method>
  <thread>1</thread>
  <message>End action : return t</message>
  <nestedLevel>1</nestedLevel>
  <escapedJava>false</escapedJava>
</record>
<record>
  <date>2026-06-07T22:59:08.749608700Z</date>
  <millis>1780873148749</millis>
  <nanos>608700</nanos>
  <sequence>89</sequence>
  <level>START</level>
  <class>com.kms.katalon.core.logging.XmlKeywordLogger</class>
  <method>startKeyword</method>
  <thread>1</thread>
  <message>Start action : setText(css(&amp;quot;#password&amp;quot;), &amp;quot;321CBA.&amp;quot;)</message>
  <nestedLevel>1</nestedLevel>
  <escapedJava>false</escapedJava>
  <property name="startLine">17</property>
  <property name="stepIndex">4</property>
</record>
<record>
  <date>2026-06-07T22:59:08.749608700Z</date>
  <millis>1780873148749</millis>
  <nanos>608700</nanos>
  <sequence>90</sequence>
  <level>END</level>
  <class>com.kms.katalon.core.logging.XmlKeywordLogger</class>
  <method>endKeyword</method>
  <thread>1</thread>
  <message>End action : setText(css(&amp;quot;#password&amp;quot;), &amp;quot;321CBA.&amp;quot;)</message>
  <nestedLevel>1</nestedLevel>
  <escapedJava>false</escapedJava>
</record>
<record>
  <date>2026-06-07T22:59:08.749608700Z</date>
  <millis>1780873148749</millis>
  <nanos>608700</nanos>
  <sequence>91</sequence>
  <level>START</level>
  <class>com.kms.katalon.core.logging.XmlKeywordLogger</class>
  <method>startKeyword</method>
  <thread>1</thread>
  <message>Start action : t = new com.kms.katalon.core.testobject.TestObject(sel)</message>
  <nestedLevel>1</nestedLevel>
  <escapedJava>false</escapedJava>
  <property name="startLine">8</property>
  <property name="stepIndex">1</property>
</record>
<record>
  <date>2026-06-07T22:59:08.751115100Z</date>
  <millis>1780873148751</millis>
  <nanos>115100</nanos>
  <sequence>92</sequence>
  <level>END</level>
  <class>com.kms.katalon.core.logging.XmlKeywordLogger</class>
  <method>endKeyword</method>
  <thread>1</thread>
  <message>End action : t = new com.kms.katalon.core.testobject.TestObject(sel)</message>
  <nestedLevel>1</nestedLevel>
  <escapedJava>false</escapedJava>
</record>
<record>
  <date>2026-06-07T22:59:08.751115100Z</date>
  <millis>1780873148751</millis>
  <nanos>115100</nanos>
  <sequence>93</sequence>
  <level>START</level>
  <class>com.kms.katalon.core.logging.XmlKeywordLogger</class>
  <method>startKeyword</method>
  <thread>1</thread>
  <message>Start action : t.addProperty(&amp;quot;css&amp;quot;, EQUALS, sel)</message>
  <nestedLevel>1</nestedLevel>
  <escapedJava>false</escapedJava>
  <property name="startLine">9</property>
  <property name="stepIndex">2</property>
</record>
<record>
  <date>2026-06-07T22:59:08.752123100Z</date>
  <millis>1780873148752</millis>
  <nanos>123100</nanos>
  <sequence>94</sequence>
  <level>END</level>
  <class>com.kms.katalon.core.logging.XmlKeywordLogger</class>
  <method>endKeyword</method>
  <thread>1</thread>
  <message>End action : t.addProperty(&amp;quot;css&amp;quot;, EQUALS, sel)</message>
  <nestedLevel>1</nestedLevel>
  <escapedJava>false</escapedJava>
</record>
<record>
  <date>2026-06-07T22:59:08.752123100Z</date>
  <millis>1780873148752</millis>
  <nanos>123100</nanos>
  <sequence>95</sequence>
  <level>START</level>
  <class>com.kms.katalon.core.logging.XmlKeywordLogger</class>
  <method>startKeyword</method>
  <thread>1</thread>
  <message>Start action : return t</message>
  <nestedLevel>1</nestedLevel>
  <escapedJava>false</escapedJava>
  <property name="startLine">10</property>
  <property name="stepIndex">3</property>
</record>
<record>
  <date>2026-06-07T22:59:09.343967600Z</date>
  <millis>1780873149343</millis>
  <nanos>967600</nanos>
  <sequence>108</sequence>
  <level>PASSED</level>
  <class>com.kms.katalon.core.logging.XmlKeywordLogger</class>
  <method>logMessage</method>
  <thread>1</thread>
  <message>Text &amp;apos;321CBA.&amp;apos; is set on object &amp;apos;#password&amp;apos;</message>
  <nestedLevel>1</nestedLevel>
  <escapedJava>false</escapedJava>
  <property name="testops-method-name">com.kms.katalon.core.webui.keyword.internal.WebUIKeywordMain.runKeywordUntilTimeout</property>
  <property name="testops-execution-stacktrace">com.kms.katalon.core.logging.KeywordLogger.logPassed(KeywordLogger.java:350)
com.kms.katalon.core.logging.KeywordLogger.logPassed(KeywordLogger.java:345)
com.kms.katalon.core.webui.keyword.builtin.SetTextKeyword$_setText_closure1.doCall(SetTextKeyword.groovy:99)
java.base/jdk.internal.reflect.DirectMethodHandleAccessor.invoke(DirectMethodHandleAccessor.java:103)
jdk.proxy2/jdk.proxy2.$Proxy57.execute(Unknown Source)
com.kms.katalon.core.webui.model.SeleniumActionRetryController.performAction(SeleniumActionRetryController.java:96)
com.kms.katalon.core.webui.model.SeleniumActionRetryController.performAction(SeleniumActionRetryController.java:83)
com.kms.katalon.core.webui.keyword.internal.WebUIKeywordMain$_runKeywordUntilTimeout_closure1.doCall(WebUIKeywordMain.groovy:135)
com.kms.katalon.core.webui.keyword.internal.WebUIKeywordMain$_runKeywordUntilTimeout_closure1.call(WebUIKeywordMain.groovy)
com.kms.katalon.core.webui.keyword.internal.WebUIKeywordMain.runKeyword(WebUIKeywordMain.groovy:41)
com.kms.katalon.core.webui.keyword.internal.WebUIKeywordMain.runKeywordUntilTimeout(WebUIKeywordMain.groovy:133)
com.kms.katalon.core.webui.keyword.builtin.SetTextKeyword.setText(SetTextKeyword.groovy:106)
com.kms.katalon.core.webui.keyword.builtin.SetTextKeyword.execute(SetTextKeyword.groovy:49)
com.kms.katalon.core.keyword.internal.KeywordExecutor.executeKeywordForPlatform(KeywordExecutor.groovy:103)
com.kms.katalon.core.webui.keyword.WebUiBuiltInKeywords.setText(WebUiBuiltInKeywords.groovy:1082)
Script178070060101.run(Script178070060101.groovy:17)
</property>
</record>
<record>
  <date>2026-06-07T22:59:09.344969600Z</date>
  <millis>1780873149344</millis>
  <nanos>969600</nanos>
  <sequence>109</sequence>
  <level>END</level>
  <class>com.kms.katalon.core.logging.XmlKeywordLogger</class>
  <method>endKeyword</method>
  <thread>1</thread>
  <message>End action : return t</message>
  <nestedLevel>1</nestedLevel>
  <escapedJava>false</escapedJava>
</record>
<record>
  <date>2026-06-07T22:59:09.344969600Z</date>
  <millis>1780873149344</millis>
  <nanos>969600</nanos>
  <sequence>110</sequence>
  <level>START</level>
  <class>com.kms.katalon.core.logging.XmlKeywordLogger</class>
  <method>startKeyword</method>
  <thread>1</thread>
  <message>Start action : click(css(&amp;quot;#submit&amp;quot;))</message>
  <nestedLevel>1</nestedLevel>
  <escapedJava>false</escapedJava>
  <property name="startLine">18</property>
  <property name="stepIndex">5</property>
</record>
<record>
  <date>2026-06-07T22:59:09.345968300Z</date>
  <millis>1780873149345</millis>
  <nanos>968300</nanos>
  <sequence>111</sequence>
  <level>END</level>
  <class>com.kms.katalon.core.logging.XmlKeywordLogger</class>
  <method>endKeyword</method>
  <thread>1</thread>
  <message>End action : click(css(&amp;quot;#submit&amp;quot;))</message>
  <nestedLevel>1</nestedLevel>
  <escapedJava>false</escapedJava>
</record>
<record>
  <date>2026-06-07T22:59:09.345968300Z</date>
  <millis>1780873149345</millis>
  <nanos>968300</nanos>
  <sequence>112</sequence>
  <level>START</level>
  <class>com.kms.katalon.core.logging.XmlKeywordLogger</class>
  <method>startKeyword</method>
  <thread>1</thread>
  <message>Start action : t = new com.kms.katalon.core.testobject.TestObject(sel)</message>
  <nestedLevel>1</nestedLevel>
  <escapedJava>false</escapedJava>
  <property name="startLine">8</property>
  <property name="stepIndex">1</property>
</record>
<record>
  <date>2026-06-07T22:59:09.346968900Z</date>
  <millis>1780873149346</millis>
  <nanos>968900</nanos>
  <sequence>113</sequence>
  <level>END</level>
  <class>com.kms.katalon.core.logging.XmlKeywordLogger</class>
  <method>endKeyword</method>
  <thread>1</thread>
  <message>End action : t = new com.kms.katalon.core.testobject.TestObject(sel)</message>
  <nestedLevel>1</nestedLevel>
  <escapedJava>false</escapedJava>
</record>
<record>
  <date>2026-06-07T22:59:09.346968900Z</date>
  <millis>1780873149346</millis>
  <nanos>968900</nanos>
  <sequence>114</sequence>
  <level>START</level>
  <class>com.kms.katalon.core.logging.XmlKeywordLogger</class>
  <method>startKeyword</method>
  <thread>1</thread>
  <message>Start action : t.addProperty(&amp;quot;css&amp;quot;, EQUALS, sel)</message>
  <nestedLevel>1</nestedLevel>
  <escapedJava>false</escapedJava>
  <property name="startLine">9</property>
  <property name="stepIndex">2</property>
</record>
<record>
  <date>2026-06-07T22:59:09.346968900Z</date>
  <millis>1780873149346</millis>
  <nanos>968900</nanos>
  <sequence>115</sequence>
  <level>END</level>
  <class>com.kms.katalon.core.logging.XmlKeywordLogger</class>
  <method>endKeyword</method>
  <thread>1</thread>
  <message>End action : t.addProperty(&amp;quot;css&amp;quot;, EQUALS, sel)</message>
  <nestedLevel>1</nestedLevel>
  <escapedJava>false</escapedJava>
</record>
<record>
  <date>2026-06-07T22:59:09.346968900Z</date>
  <millis>1780873149346</millis>
  <nanos>968900</nanos>
  <sequence>116</sequence>
  <level>START</level>
  <class>com.kms.katalon.core.logging.XmlKeywordLogger</class>
  <method>startKeyword</method>
  <thread>1</thread>
  <message>Start action : return t</message>
  <nestedLevel>1</nestedLevel>
  <escapedJava>false</escapedJava>
  <property name="startLine">10</property>
  <property name="stepIndex">3</property>
</record>
<record>
  <date>2026-06-07T22:59:09.678456600Z</date>
  <millis>1780873149678</millis>
  <nanos>456600</nanos>
  <sequence>126</sequence>
  <level>PASSED</level>
  <class>com.kms.katalon.core.logging.XmlKeywordLogger</class>
  <method>logMessage</method>
  <thread>1</thread>
  <message>Object: &amp;apos;#submit&amp;apos; is clicked on</message>
  <nestedLevel>1</nestedLevel>
  <escapedJava>false</escapedJava>
  <property name="testops-method-name">com.kms.katalon.core.webui.keyword.internal.WebUIKeywordMain.runKeywordUntilTimeout</property>
  <property name="testops-execution-stacktrace">com.kms.katalon.core.logging.KeywordLogger.logPassed(KeywordLogger.java:350)
com.kms.katalon.core.logging.KeywordLogger.logPassed(KeywordLogger.java:345)
com.kms.katalon.core.webui.keyword.builtin.ClickKeyword$_click_closure1.doCall(ClickKeyword.groovy:66)
java.base/jdk.internal.reflect.DirectMethodHandleAccessor.invoke(DirectMethodHandleAccessor.java:103)
jdk.proxy2/jdk.proxy2.$Proxy57.execute(Unknown Source)
com.kms.katalon.core.webui.model.SeleniumActionRetryController.performAction(SeleniumActionRetryController.java:96)
com.kms.katalon.core.webui.model.SeleniumActionRetryController.performAction(SeleniumActionRetryController.java:83)
com.kms.katalon.core.webui.keyword.internal.WebUIKeywordMain$_runKeywordUntilTimeout_closure1.doCall(WebUIKeywordMain.groovy:135)
com.kms.katalon.core.webui.keyword.internal.WebUIKeywordMain$_runKeywordUntilTimeout_closure1.call(WebUIKeywordMain.groovy)
com.kms.katalon.core.webui.keyword.internal.WebUIKeywordMain.runKeyword(WebUIKeywordMain.groovy:41)
com.kms.katalon.core.webui.keyword.internal.WebUIKeywordMain.runKeywordUntilTimeout(WebUIKeywordMain.groovy:133)
com.kms.katalon.core.webui.keyword.builtin.ClickKeyword.click(ClickKeyword.groovy:72)
com.kms.katalon.core.webui.keyword.builtin.ClickKeyword.execute(ClickKeyword.groovy:38)
com.kms.katalon.core.keyword.internal.KeywordExecutor.executeKeywordForPlatform(KeywordExecutor.groovy:103)
com.kms.katalon.core.webui.keyword.WebUiBuiltInKeywords.click(WebUiBuiltInKeywords.groovy:722)
Script178070060101.run(Script178070060101.groovy:18)
</property>
</record>
<record>
  <date>2026-06-07T22:59:09.680456800Z</date>
  <millis>1780873149680</millis>
  <nanos>456800</nanos>
  <sequence>127</sequence>
  <level>END</level>
  <class>com.kms.katalon.core.logging.XmlKeywordLogger</class>
  <method>endKeyword</method>
  <thread>1</thread>
  <message>End action : return t</message>
  <nestedLevel>1</nestedLevel>
  <escapedJava>false</escapedJava>
</record>
<record>
  <date>2026-06-07T22:59:09.680456800Z</date>
  <millis>1780873149680</millis>
  <nanos>456800</nanos>
  <sequence>128</sequence>
  <level>START</level>
  <class>com.kms.katalon.core.logging.XmlKeywordLogger</class>
  <method>startKeyword</method>
  <thread>1</thread>
  <message>Start action : delay(2)</message>
  <nestedLevel>1</nestedLevel>
  <escapedJava>false</escapedJava>
  <property name="startLine">19</property>
  <property name="stepIndex">6</property>
</record>
<record>
  <date>2026-06-07T22:59:11.721190300Z</date>
  <millis>1780873151721</millis>
  <nanos>190300</nanos>
  <sequence>131</sequence>
  <level>PASSED</level>
  <class>com.kms.katalon.core.logging.XmlKeywordLogger</class>
  <method>logMessage</method>
  <thread>1</thread>
  <message>Delayed 2 second(s)</message>
  <nestedLevel>1</nestedLevel>
  <escapedJava>false</escapedJava>
  <property name="testops-method-name">com.kms.katalon.core.keyword.builtin.DelayKeyword.delay</property>
  <property name="testops-execution-stacktrace"></property>
</record>
<record>
  <date>2026-06-07T22:59:11.722704400Z</date>
  <millis>1780873151722</millis>
  <nanos>704400</nanos>
  <sequence>132</sequence>
  <level>END</level>
  <class>com.kms.katalon.core.logging.XmlKeywordLogger</class>
  <method>endKeyword</method>
  <thread>1</thread>
  <message>End action : delay(2)</message>
  <nestedLevel>1</nestedLevel>
  <escapedJava>false</escapedJava>
</record>
<record>
  <date>2026-06-07T22:59:11.722704400Z</date>
  <millis>1780873151722</millis>
  <nanos>704400</nanos>
  <sequence>133</sequence>
  <level>START</level>
  <class>com.kms.katalon.core.logging.XmlKeywordLogger</class>
  <method>startKeyword</method>
  <thread>1</thread>
  <message>Start action : navigateToUrl(base + &amp;quot;cart?action=addC&amp;amp;id=2&amp;quot;)</message>
  <nestedLevel>1</nestedLevel>
  <escapedJava>false</escapedJava>
  <property name="startLine">21</property>
  <property name="stepIndex">7</property>
</record>
<record>
  <date>2026-06-07T22:59:12.025482700Z</date>
  <millis>1780873152025</millis>
  <nanos>482700</nanos>
  <sequence>137</sequence>
  <level>PASSED</level>
  <class>com.kms.katalon.core.logging.XmlKeywordLogger</class>
  <method>logMessage</method>
  <thread>1</thread>
  <message>Navigate to &amp;apos;http://localhost:8080/Vaporant_IGES_war_exploded/cart?action=addC&amp;amp;id=2&amp;apos; successfully</message>
  <nestedLevel>1</nestedLevel>
  <escapedJava>false</escapedJava>
  <property name="testops-method-name">com.kms.katalon.core.webui.keyword.builtin.NavigateToUrlKeyword.navigateToUrl</property>
  <property name="testops-execution-stacktrace"></property>
</record>
<record>
  <date>2026-06-07T22:59:12.026482800Z</date>
  <millis>1780873152026</millis>
  <nanos>482800</nanos>
  <sequence>138</sequence>
  <level>END</level>
  <class>com.kms.katalon.core.logging.XmlKeywordLogger</class>
  <method>endKeyword</method>
  <thread>1</thread>
  <message>End action : navigateToUrl(base + &amp;quot;cart?action=addC&amp;amp;id=2&amp;quot;)</message>
  <nestedLevel>1</nestedLevel>
  <escapedJava>false</escapedJava>
</record>
<record>
  <date>2026-06-07T22:59:12.026482800Z</date>
  <millis>1780873152026</millis>
  <nanos>482800</nanos>
  <sequence>139</sequence>
  <level>START</level>
  <class>com.kms.katalon.core.logging.XmlKeywordLogger</class>
  <method>startKeyword</method>
  <thread>1</thread>
  <message>Start action : delay(1)</message>
  <nestedLevel>1</nestedLevel>
  <escapedJava>false</escapedJava>
  <property name="startLine">22</property>
  <property name="stepIndex">8</property>
</record>
<record>
  <date>2026-06-07T22:59:13.029535600Z</date>
  <millis>1780873153029</millis>
  <nanos>535600</nanos>
  <sequence>142</sequence>
  <level>PASSED</level>
  <class>com.kms.katalon.core.logging.XmlKeywordLogger</class>
  <method>logMessage</method>
  <thread>1</thread>
  <message>Delayed 1 second(s)</message>
  <nestedLevel>1</nestedLevel>
  <escapedJava>false</escapedJava>
  <property name="testops-method-name">com.kms.katalon.core.keyword.builtin.DelayKeyword.delay</property>
  <property name="testops-execution-stacktrace"></property>
</record>
<record>
  <date>2026-06-07T22:59:13.031038400Z</date>
  <millis>1780873153031</millis>
  <nanos>38400</nanos>
  <sequence>143</sequence>
  <level>END</level>
  <class>com.kms.katalon.core.logging.XmlKeywordLogger</class>
  <method>endKeyword</method>
  <thread>1</thread>
  <message>End action : delay(1)</message>
  <nestedLevel>1</nestedLevel>
  <escapedJava>false</escapedJava>
</record>
<record>
  <date>2026-06-07T22:59:13.031038400Z</date>
  <millis>1780873153031</millis>
  <nanos>38400</nanos>
  <sequence>144</sequence>
  <level>START</level>
  <class>com.kms.katalon.core.logging.XmlKeywordLogger</class>
  <method>startKeyword</method>
  <thread>1</thread>
  <message>Start action : navigateToUrl(base + &amp;quot;checkout.jsp&amp;quot;)</message>
  <nestedLevel>1</nestedLevel>
  <escapedJava>false</escapedJava>
  <property name="startLine">23</property>
  <property name="stepIndex">9</property>
</record>
<record>
  <date>2026-06-07T22:59:13.522663Z</date>
  <millis>1780873153522</millis>
  <nanos>663000</nanos>
  <sequence>148</sequence>
  <level>PASSED</level>
  <class>com.kms.katalon.core.logging.XmlKeywordLogger</class>
  <method>logMessage</method>
  <thread>1</thread>
  <message>Navigate to &amp;apos;http://localhost:8080/Vaporant_IGES_war_exploded/checkout.jsp&amp;apos; successfully</message>
  <nestedLevel>1</nestedLevel>
  <escapedJava>false</escapedJava>
  <property name="testops-method-name">com.kms.katalon.core.webui.keyword.builtin.NavigateToUrlKeyword.navigateToUrl</property>
  <property name="testops-execution-stacktrace"></property>
</record>
<record>
  <date>2026-06-07T22:59:13.524671900Z</date>
  <millis>1780873153524</millis>
  <nanos>671900</nanos>
  <sequence>149</sequence>
  <level>END</level>
  <class>com.kms.katalon.core.logging.XmlKeywordLogger</class>
  <method>endKeyword</method>
  <thread>1</thread>
  <message>End action : navigateToUrl(base + &amp;quot;checkout.jsp&amp;quot;)</message>
  <nestedLevel>1</nestedLevel>
  <escapedJava>false</escapedJava>
</record>
<record>
  <date>2026-06-07T22:59:13.524671900Z</date>
  <millis>1780873153524</millis>
  <nanos>671900</nanos>
  <sequence>150</sequence>
  <level>START</level>
  <class>com.kms.katalon.core.logging.XmlKeywordLogger</class>
  <method>startKeyword</method>
  <thread>1</thread>
  <message>Start action : delay(2)</message>
  <nestedLevel>1</nestedLevel>
  <escapedJava>false</escapedJava>
  <property name="startLine">24</property>
  <property name="stepIndex">10</property>
</record>
<record>
  <date>2026-06-07T22:59:15.536442600Z</date>
  <millis>1780873155536</millis>
  <nanos>442600</nanos>
  <sequence>153</sequence>
  <level>PASSED</level>
  <class>com.kms.katalon.core.logging.XmlKeywordLogger</class>
  <method>logMessage</method>
  <thread>1</thread>
  <message>Delayed 2 second(s)</message>
  <nestedLevel>1</nestedLevel>
  <escapedJava>false</escapedJava>
  <property name="testops-method-name">com.kms.katalon.core.keyword.builtin.DelayKeyword.delay</property>
  <property name="testops-execution-stacktrace"></property>
</record>
<record>
  <date>2026-06-07T22:59:15.537441100Z</date>
  <millis>1780873155537</millis>
  <nanos>441100</nanos>
  <sequence>154</sequence>
  <level>END</level>
  <class>com.kms.katalon.core.logging.XmlKeywordLogger</class>
  <method>endKeyword</method>
  <thread>1</thread>
  <message>End action : delay(2)</message>
  <nestedLevel>1</nestedLevel>
  <escapedJava>false</escapedJava>
</record>
<record>
  <date>2026-06-07T22:59:15.538949500Z</date>
  <millis>1780873155538</millis>
  <nanos>949500</nanos>
  <sequence>155</sequence>
  <level>START</level>
  <class>com.kms.katalon.core.logging.XmlKeywordLogger</class>
  <method>startKeyword</method>
  <thread>1</thread>
  <message>Start action : takeScreenshot()</message>
  <nestedLevel>1</nestedLevel>
  <escapedJava>false</escapedJava>
  <property name="startLine">25</property>
  <property name="stepIndex">11</property>
</record>
<record>
  <date>2026-06-07T22:59:15.890071400Z</date>
  <millis>1780873155890</millis>
  <nanos>71400</nanos>
  <sequence>158</sequence>
  <level>PASSED</level>
  <class>com.kms.katalon.core.logging.XmlKeywordLogger</class>
  <method>logMessage</method>
  <thread>1</thread>
  <message>Taking screenshot successfully</message>
  <nestedLevel>1</nestedLevel>
  <escapedJava>false</escapedJava>
  <property name="attachment">1780873155555.png</property>
  <property name="testops-method-name">com.kms.katalon.core.webui.keyword.builtin.TakeScreenshotKeyword.takeScreenshot</property>
  <property name="testops-execution-stacktrace"></property>
</record>
<record>
  <date>2026-06-07T22:59:15.891133300Z</date>
  <millis>1780873155891</millis>
  <nanos>133300</nanos>
  <sequence>159</sequence>
  <level>END</level>
  <class>com.kms.katalon.core.logging.XmlKeywordLogger</class>
  <method>endKeyword</method>
  <thread>1</thread>
  <message>End action : takeScreenshot()</message>
  <nestedLevel>1</nestedLevel>
  <escapedJava>false</escapedJava>
</record>
<record>
  <date>2026-06-07T22:59:15.891133300Z</date>
  <millis>1780873155891</millis>
  <nanos>133300</nanos>
  <sequence>160</sequence>
  <level>START</level>
  <class>com.kms.katalon.core.logging.XmlKeywordLogger</class>
  <method>startKeyword</method>
  <thread>1</thread>
  <message>Start action : verifyTextPresent(&amp;quot;(?i)Acquista&amp;quot;, true)</message>
  <nestedLevel>1</nestedLevel>
  <escapedJava>false</escapedJava>
  <property name="startLine">28</property>
  <property name="stepIndex">12</property>
</record>
<record>
  <date>2026-06-07T22:59:16.144777600Z</date>
  <millis>1780873156144</millis>
  <nanos>777600</nanos>
  <sequence>164</sequence>
  <level>PASSED</level>
  <class>com.kms.katalon.core.logging.XmlKeywordLogger</class>
  <method>logMessage</method>
  <thread>1</thread>
  <message>Text &amp;apos;(?i)Acquista&amp;apos; is present on page  using regular expression</message>
  <nestedLevel>1</nestedLevel>
  <escapedJava>false</escapedJava>
  <property name="testops-is-assertion">true</property>
  <property name="testops-method-name">com.kms.katalon.core.webui.keyword.builtin.VerifyTextPresentKeyword.verifyTextPresent</property>
  <property name="testops-execution-stacktrace"></property>
</record>
<record>
  <date>2026-06-07T22:59:16.145779100Z</date>
  <millis>1780873156145</millis>
  <nanos>779100</nanos>
  <sequence>165</sequence>
  <level>END</level>
  <class>com.kms.katalon.core.logging.XmlKeywordLogger</class>
  <method>endKeyword</method>
  <thread>1</thread>
  <message>End action : verifyTextPresent(&amp;quot;(?i)Acquista&amp;quot;, true)</message>
  <nestedLevel>1</nestedLevel>
  <escapedJava>false</escapedJava>
</record>
<record>
  <date>2026-06-07T22:59:16.146231600Z</date>
  <millis>1780873156146</millis>
  <nanos>231600</nanos>
  <sequence>166</sequence>
  <level>START</level>
  <class>com.kms.katalon.core.logging.XmlKeywordLogger</class>
  <method>startKeyword</method>
  <thread>1</thread>
  <message>Start action : verifyElementPresent(css(&amp;quot;#addressDropdown&amp;quot;), 5)</message>
  <nestedLevel>1</nestedLevel>
  <escapedJava>false</escapedJava>
  <property name="startLine">29</property>
  <property name="stepIndex">13</property>
</record>
<record>
  <date>2026-06-07T22:59:16.146734700Z</date>
  <millis>1780873156146</millis>
  <nanos>734700</nanos>
  <sequence>167</sequence>
  <level>END</level>
  <class>com.kms.katalon.core.logging.XmlKeywordLogger</class>
  <method>endKeyword</method>
  <thread>1</thread>
  <message>End action : verifyElementPresent(css(&amp;quot;#addressDropdown&amp;quot;), 5)</message>
  <nestedLevel>1</nestedLevel>
  <escapedJava>false</escapedJava>
</record>
<record>
  <date>2026-06-07T22:59:16.146734700Z</date>
  <millis>1780873156146</millis>
  <nanos>734700</nanos>
  <sequence>168</sequence>
  <level>START</level>
  <class>com.kms.katalon.core.logging.XmlKeywordLogger</class>
  <method>startKeyword</method>
  <thread>1</thread>
  <message>Start action : t = new com.kms.katalon.core.testobject.TestObject(sel)</message>
  <nestedLevel>1</nestedLevel>
  <escapedJava>false</escapedJava>
  <property name="startLine">8</property>
  <property name="stepIndex">1</property>
</record>
<record>
  <date>2026-06-07T22:59:16.146734700Z</date>
  <millis>1780873156146</millis>
  <nanos>734700</nanos>
  <sequence>169</sequence>
  <level>END</level>
  <class>com.kms.katalon.core.logging.XmlKeywordLogger</class>
  <method>endKeyword</method>
  <thread>1</thread>
  <message>End action : t = new com.kms.katalon.core.testobject.TestObject(sel)</message>
  <nestedLevel>1</nestedLevel>
  <escapedJava>false</escapedJava>
</record>
<record>
  <date>2026-06-07T22:59:16.146734700Z</date>
  <millis>1780873156146</millis>
  <nanos>734700</nanos>
  <sequence>170</sequence>
  <level>START</level>
  <class>com.kms.katalon.core.logging.XmlKeywordLogger</class>
  <method>startKeyword</method>
  <thread>1</thread>
  <message>Start action : t.addProperty(&amp;quot;css&amp;quot;, EQUALS, sel)</message>
  <nestedLevel>1</nestedLevel>
  <escapedJava>false</escapedJava>
  <property name="startLine">9</property>
  <property name="stepIndex">2</property>
</record>
<record>
  <date>2026-06-07T22:59:16.146734700Z</date>
  <millis>1780873156146</millis>
  <nanos>734700</nanos>
  <sequence>171</sequence>
  <level>END</level>
  <class>com.kms.katalon.core.logging.XmlKeywordLogger</class>
  <method>endKeyword</method>
  <thread>1</thread>
  <message>End action : t.addProperty(&amp;quot;css&amp;quot;, EQUALS, sel)</message>
  <nestedLevel>1</nestedLevel>
  <escapedJava>false</escapedJava>
</record>
<record>
  <date>2026-06-07T22:59:16.147740500Z</date>
  <millis>1780873156147</millis>
  <nanos>740500</nanos>
  <sequence>172</sequence>
  <level>START</level>
  <class>com.kms.katalon.core.logging.XmlKeywordLogger</class>
  <method>startKeyword</method>
  <thread>1</thread>
  <message>Start action : return t</message>
  <nestedLevel>1</nestedLevel>
  <escapedJava>false</escapedJava>
  <property name="startLine">10</property>
  <property name="stepIndex">3</property>
</record>
<record>
  <date>2026-06-07T22:59:16.390346600Z</date>
  <millis>1780873156390</millis>
  <nanos>346600</nanos>
  <sequence>177</sequence>
  <level>PASSED</level>
  <class>com.kms.katalon.core.logging.XmlKeywordLogger</class>
  <method>logMessage</method>
  <thread>1</thread>
  <message>Object &amp;apos;#addressDropdown&amp;apos; is present</message>
  <nestedLevel>1</nestedLevel>
  <escapedJava>false</escapedJava>
  <property name="testops-is-assertion">true</property>
  <property name="testops-method-name">com.kms.katalon.core.webui.keyword.builtin.VerifyElementPresentKeyword.verifyElementPresent</property>
  <property name="testops-execution-stacktrace"></property>
</record>
<record>
  <date>2026-06-07T22:59:16.391861700Z</date>
  <millis>1780873156391</millis>
  <nanos>861700</nanos>
  <sequence>178</sequence>
  <level>END</level>
  <class>com.kms.katalon.core.logging.XmlKeywordLogger</class>
  <method>endKeyword</method>
  <thread>1</thread>
  <message>End action : return t</message>
  <nestedLevel>1</nestedLevel>
  <escapedJava>false</escapedJava>
</record>
<record>
  <date>2026-06-07T22:59:16.391861700Z</date>
  <millis>1780873156391</millis>
  <nanos>861700</nanos>
  <sequence>179</sequence>
  <level>START</level>
  <class>com.kms.katalon.core.logging.XmlKeywordLogger</class>
  <method>startKeyword</method>
  <thread>1</thread>
  <message>Start action : closeBrowser()</message>
  <nestedLevel>1</nestedLevel>
  <escapedJava>false</escapedJava>
  <property name="startLine">30</property>
  <property name="stepIndex">14</property>
</record>
<record>
  <date>2026-06-07T22:59:16.532400Z</date>
  <millis>1780873156532</millis>
  <nanos>400000</nanos>
  <sequence>182</sequence>
  <level>PASSED</level>
  <class>com.kms.katalon.core.logging.XmlKeywordLogger</class>
  <method>logMessage</method>
  <thread>1</thread>
  <message>Browser is closed</message>
  <nestedLevel>1</nestedLevel>
  <escapedJava>false</escapedJava>
  <property name="testops-method-name">com.kms.katalon.core.webui.keyword.builtin.CloseBrowserKeyword.closeBrowser</property>
  <property name="testops-execution-stacktrace"></property>
</record>
<record>
  <date>2026-06-07T22:59:16.533405500Z</date>
  <millis>1780873156533</millis>
  <nanos>405500</nanos>
  <sequence>183</sequence>
  <level>END</level>
  <class>com.kms.katalon.core.logging.XmlKeywordLogger</class>
  <method>endKeyword</method>
  <thread>1</thread>
  <message>End action : closeBrowser()</message>
  <nestedLevel>1</nestedLevel>
  <escapedJava>false</escapedJava>
</record>
<record>
  <date>2026-06-07T22:59:16.533405500Z</date>
  <millis>1780873156533</millis>
  <nanos>405500</nanos>
  <sequence>184</sequence>
  <level>PASSED</level>
  <class>com.kms.katalon.core.logging.XmlKeywordLogger</class>
  <method>logMessage</method>
  <thread>1</thread>
  <message>Test Cases/Ordine/TC_6.1_1</message>
  <nestedLevel>1</nestedLevel>
  <escapedJava>false</escapedJava>
</record>
<record>
  <date>2026-06-07T22:59:16.534411300Z</date>
  <millis>1780873156534</millis>
  <nanos>411300</nanos>
  <sequence>185</sequence>
  <level>END</level>
  <class>com.kms.katalon.core.logging.XmlKeywordLogger</class>
  <method>endTest</method>
  <thread>1</thread>
  <message>End Test Case : Test Cases/Ordine/TC_6.1_1</message>
  <nestedLevel>0</nestedLevel>
  <escapedJava>false</escapedJava>
  <property name="executionBindingVariables">[]</property>
  <property name="applitools">false</property>
  <property name="executedKeywords">{
  &quot;WebUI.verifyElementPresent&quot;: 1,
  &quot;WebUI.closeBrowser&quot;: 1,
  &quot;WebUI.click&quot;: 1,
  &quot;WebUI.takeScreenshot&quot;: 1,
  &quot;WebUI.verifyTextPresent&quot;: 1,
  &quot;WebUI.navigateToUrl&quot;: 3,
  &quot;WebUI.openBrowser&quot;: 1,
  &quot;BuiltIn.delay&quot;: 3,
  &quot;WebUI.setText&quot;: 2
}</property>
  <property name="keywordsUsage">{
  &quot;web_ui&quot;: true,
  &quot;web_service&quot;: false,
  &quot;cucumber&quot;: false,
  &quot;builtin&quot;: true,
  &quot;mobile&quot;: false,
  &quot;windows&quot;: false,
  &quot;testng&quot;: false
}</property>
</record>
<record>
  <date>2026-06-07T22:59:16.537408400Z</date>
  <millis>1780873156537</millis>
  <nanos>408400</nanos>
  <sequence>186</sequence>
  <level>START</level>
  <class>com.kms.katalon.core.logging.XmlKeywordLogger</class>
  <method>startTest</method>
  <thread>1</thread>
  <message>Start Test Case : Test Cases/Ordine/TC_6.1_2</message>
  <nestedLevel>1</nestedLevel>
  <escapedJava>false</escapedJava>
  <property name="origin"></property>
  <property name="name">Test Cases/Ordine/TC_6.1_2</property>
  <property name="description">Negare il checkout a un ospite (atteso redirect a loginForm)</property>
  <property name="iteration"></property>
  <property name="id">Test Cases/Ordine/TC_6.1_2</property>
  <property name="source">C:\Users\gianf\Documents\Vaporant-IGES\StorageSession\testing\katalon\Vaporant-Baseline\Test Cases\Ordine\TC_6.1_2.tc</property>
  <property name="tag"></property>
  <property name="isOptional">false</property>
  <property name="uuid">41ba6e47-e9ce-469a-855d-d60cf515aeb0</property>
</record>
<record>
  <date>2026-06-07T22:59:16.548522700Z</date>
  <millis>1780873156548</millis>
  <nanos>522700</nanos>
  <sequence>188</sequence>
  <level>RUN_DATA</level>
  <class>com.kms.katalon.core.logging.XmlKeywordLogger</class>
  <method>logMessage</method>
  <thread>1</thread>
  <message>executionBindingVariables = []</message>
  <nestedLevel>1</nestedLevel>
  <escapedJava>false</escapedJava>
  <property name="executionBindingVariables">[]</property>
</record>
<record>
  <date>2026-06-07T22:59:16.548522700Z</date>
  <millis>1780873156548</millis>
  <nanos>522700</nanos>
  <sequence>189</sequence>
  <level>START</level>
  <class>com.kms.katalon.core.logging.XmlKeywordLogger</class>
  <method>startKeyword</method>
  <thread>1</thread>
  <message>Start listener action : resetSeedBeforeTestCase</message>
  <nestedLevel>1</nestedLevel>
  <escapedJava>false</escapedJava>
</record>
<record>
  <date>2026-06-07T22:59:16.550584200Z</date>
  <millis>1780873156550</millis>
  <nanos>584200</nanos>
  <sequence>191</sequence>
  <level>START</level>
  <class>com.kms.katalon.core.logging.XmlKeywordLogger</class>
  <method>startKeyword</method>
  <thread>1</thread>
  <message>Start action : if (resetSeed == false)</message>
  <nestedLevel>1</nestedLevel>
  <escapedJava>false</escapedJava>
  <property name="startLine">26</property>
  <property name="stepIndex">1</property>
</record>
<record>
  <date>2026-06-07T22:59:16.551218900Z</date>
  <millis>1780873156551</millis>
  <nanos>218900</nanos>
  <sequence>192</sequence>
  <level>END</level>
  <class>com.kms.katalon.core.logging.XmlKeywordLogger</class>
  <method>endKeyword</method>
  <thread>1</thread>
  <message>End action : if (resetSeed == false)</message>
  <nestedLevel>1</nestedLevel>
  <escapedJava>false</escapedJava>
</record>
<record>
  <date>2026-06-07T22:59:16.551218900Z</date>
  <millis>1780873156551</millis>
  <nanos>218900</nanos>
  <sequence>193</sequence>
  <level>START</level>
  <class>com.kms.katalon.core.logging.XmlKeywordLogger</class>
  <method>startKeyword</method>
  <thread>1</thread>
  <message>Start action : projectDir = getProjectDir()</message>
  <nestedLevel>1</nestedLevel>
  <escapedJava>false</escapedJava>
  <property name="startLine">30</property>
  <property name="stepIndex">2</property>
</record>
<record>
  <date>2026-06-07T22:59:16.551218900Z</date>
  <millis>1780873156551</millis>
  <nanos>218900</nanos>
  <sequence>194</sequence>
  <level>END</level>
  <class>com.kms.katalon.core.logging.XmlKeywordLogger</class>
  <method>endKeyword</method>
  <thread>1</thread>
  <message>End action : projectDir = getProjectDir()</message>
  <nestedLevel>1</nestedLevel>
  <escapedJava>false</escapedJava>
</record>
<record>
  <date>2026-06-07T22:59:16.551218900Z</date>
  <millis>1780873156551</millis>
  <nanos>218900</nanos>
  <sequence>195</sequence>
  <level>START</level>
  <class>com.kms.katalon.core.logging.XmlKeywordLogger</class>
  <method>startKeyword</method>
  <thread>1</thread>
  <message>Start action : script = new java.io.File(projectDir, Data Files/reset-seed.sql)</message>
  <nestedLevel>1</nestedLevel>
  <escapedJava>false</escapedJava>
  <property name="startLine">31</property>
  <property name="stepIndex">3</property>
</record>
<record>
  <date>2026-06-07T22:59:16.552233300Z</date>
  <millis>1780873156552</millis>
  <nanos>233300</nanos>
  <sequence>196</sequence>
  <level>END</level>
  <class>com.kms.katalon.core.logging.XmlKeywordLogger</class>
  <method>endKeyword</method>
  <thread>1</thread>
  <message>End action : script = new java.io.File(projectDir, Data Files/reset-seed.sql)</message>
  <nestedLevel>1</nestedLevel>
  <escapedJava>false</escapedJava>
</record>
<record>
  <date>2026-06-07T22:59:16.552233300Z</date>
  <millis>1780873156552</millis>
  <nanos>233300</nanos>
  <sequence>197</sequence>
  <level>START</level>
  <class>com.kms.katalon.core.logging.XmlKeywordLogger</class>
  <method>startKeyword</method>
  <thread>1</thread>
  <message>Start action : if (!(script.exists()))</message>
  <nestedLevel>1</nestedLevel>
  <escapedJava>false</escapedJava>
  <property name="startLine">33</property>
  <property name="stepIndex">4</property>
</record>
<record>
  <date>2026-06-07T22:59:16.552233300Z</date>
  <millis>1780873156552</millis>
  <nanos>233300</nanos>
  <sequence>198</sequence>
  <level>END</level>
  <class>com.kms.katalon.core.logging.XmlKeywordLogger</class>
  <method>endKeyword</method>
  <thread>1</thread>
  <message>End action : if (!(script.exists()))</message>
  <nestedLevel>1</nestedLevel>
  <escapedJava>false</escapedJava>
</record>
<record>
  <date>2026-06-07T22:59:16.552233300Z</date>
  <millis>1780873156552</millis>
  <nanos>233300</nanos>
  <sequence>199</sequence>
  <level>START</level>
  <class>com.kms.katalon.core.logging.XmlKeywordLogger</class>
  <method>startKeyword</method>
  <thread>1</thread>
  <message>Start action : cmd = [mysqlExe, &amp;quot;--user=&amp;quot; + dbUser, &amp;quot;--password=&amp;quot; + dbPass, dbName]</message>
  <nestedLevel>1</nestedLevel>
  <escapedJava>false</escapedJava>
  <property name="startLine">39</property>
  <property name="stepIndex">5</property>
</record>
<record>
  <date>2026-06-07T22:59:16.553527Z</date>
  <millis>1780873156553</millis>
  <nanos>527000</nanos>
  <sequence>200</sequence>
  <level>END</level>
  <class>com.kms.katalon.core.logging.XmlKeywordLogger</class>
  <method>endKeyword</method>
  <thread>1</thread>
  <message>End action : cmd = [mysqlExe, &amp;quot;--user=&amp;quot; + dbUser, &amp;quot;--password=&amp;quot; + dbPass, dbName]</message>
  <nestedLevel>1</nestedLevel>
  <escapedJava>false</escapedJava>
</record>
<record>
  <date>2026-06-07T22:59:16.553527Z</date>
  <millis>1780873156553</millis>
  <nanos>527000</nanos>
  <sequence>201</sequence>
  <level>START</level>
  <class>com.kms.katalon.core.logging.XmlKeywordLogger</class>
  <method>startKeyword</method>
  <thread>1</thread>
  <message>Start action : log = new java.io.File(java.lang.System.getProperty(java.io.tmpdir), seedreset.log)</message>
  <nestedLevel>1</nestedLevel>
  <escapedJava>false</escapedJava>
  <property name="startLine">46</property>
  <property name="stepIndex">6</property>
</record>
<record>
  <date>2026-06-07T22:59:16.553527Z</date>
  <millis>1780873156553</millis>
  <nanos>527000</nanos>
  <sequence>202</sequence>
  <level>END</level>
  <class>com.kms.katalon.core.logging.XmlKeywordLogger</class>
  <method>endKeyword</method>
  <thread>1</thread>
  <message>End action : log = new java.io.File(java.lang.System.getProperty(java.io.tmpdir), seedreset.log)</message>
  <nestedLevel>1</nestedLevel>
  <escapedJava>false</escapedJava>
</record>
<record>
  <date>2026-06-07T22:59:16.553527Z</date>
  <millis>1780873156553</millis>
  <nanos>527000</nanos>
  <sequence>203</sequence>
  <level>START</level>
  <class>com.kms.katalon.core.logging.XmlKeywordLogger</class>
  <method>startKeyword</method>
  <thread>1</thread>
  <message>Start action : pb = new java.lang.ProcessBuilder(cmd)</message>
  <nestedLevel>1</nestedLevel>
  <escapedJava>false</escapedJava>
  <property name="startLine">48</property>
  <property name="stepIndex">7</property>
</record>
<record>
  <date>2026-06-07T22:59:16.553527Z</date>
  <millis>1780873156553</millis>
  <nanos>527000</nanos>
  <sequence>204</sequence>
  <level>END</level>
  <class>com.kms.katalon.core.logging.XmlKeywordLogger</class>
  <method>endKeyword</method>
  <thread>1</thread>
  <message>End action : pb = new java.lang.ProcessBuilder(cmd)</message>
  <nestedLevel>1</nestedLevel>
  <escapedJava>false</escapedJava>
</record>
<record>
  <date>2026-06-07T22:59:16.553527Z</date>
  <millis>1780873156553</millis>
  <nanos>527000</nanos>
  <sequence>205</sequence>
  <level>START</level>
  <class>com.kms.katalon.core.logging.XmlKeywordLogger</class>
  <method>startKeyword</method>
  <thread>1</thread>
  <message>Start action : pb.redirectInput(script)</message>
  <nestedLevel>1</nestedLevel>
  <escapedJava>false</escapedJava>
  <property name="startLine">49</property>
  <property name="stepIndex">8</property>
</record>
<record>
  <date>2026-06-07T22:59:16.553527Z</date>
  <millis>1780873156553</millis>
  <nanos>527000</nanos>
  <sequence>206</sequence>
  <level>END</level>
  <class>com.kms.katalon.core.logging.XmlKeywordLogger</class>
  <method>endKeyword</method>
  <thread>1</thread>
  <message>End action : pb.redirectInput(script)</message>
  <nestedLevel>1</nestedLevel>
  <escapedJava>false</escapedJava>
</record>
<record>
  <date>2026-06-07T22:59:16.553527Z</date>
  <millis>1780873156553</millis>
  <nanos>527000</nanos>
  <sequence>207</sequence>
  <level>START</level>
  <class>com.kms.katalon.core.logging.XmlKeywordLogger</class>
  <method>startKeyword</method>
  <thread>1</thread>
  <message>Start action : pb.redirectErrorStream(true)</message>
  <nestedLevel>1</nestedLevel>
  <escapedJava>false</escapedJava>
  <property name="startLine">50</property>
  <property name="stepIndex">9</property>
</record>
<record>
  <date>2026-06-07T22:59:16.553527Z</date>
  <millis>1780873156553</millis>
  <nanos>527000</nanos>
  <sequence>208</sequence>
  <level>END</level>
  <class>com.kms.katalon.core.logging.XmlKeywordLogger</class>
  <method>endKeyword</method>
  <thread>1</thread>
  <message>End action : pb.redirectErrorStream(true)</message>
  <nestedLevel>1</nestedLevel>
  <escapedJava>false</escapedJava>
</record>
<record>
  <date>2026-06-07T22:59:16.553527Z</date>
  <millis>1780873156553</millis>
  <nanos>527000</nanos>
  <sequence>209</sequence>
  <level>START</level>
  <class>com.kms.katalon.core.logging.XmlKeywordLogger</class>
  <method>startKeyword</method>
  <thread>1</thread>
  <message>Start action : pb.redirectOutput(log)</message>
  <nestedLevel>1</nestedLevel>
  <escapedJava>false</escapedJava>
  <property name="startLine">51</property>
  <property name="stepIndex">10</property>
</record>
<record>
  <date>2026-06-07T22:59:16.554428900Z</date>
  <millis>1780873156554</millis>
  <nanos>428900</nanos>
  <sequence>210</sequence>
  <level>END</level>
  <class>com.kms.katalon.core.logging.XmlKeywordLogger</class>
  <method>endKeyword</method>
  <thread>1</thread>
  <message>End action : pb.redirectOutput(log)</message>
  <nestedLevel>1</nestedLevel>
  <escapedJava>false</escapedJava>
</record>
<record>
  <date>2026-06-07T22:59:16.554428900Z</date>
  <millis>1780873156554</millis>
  <nanos>428900</nanos>
  <sequence>211</sequence>
  <level>START</level>
  <class>com.kms.katalon.core.logging.XmlKeywordLogger</class>
  <method>startKeyword</method>
  <thread>1</thread>
  <message>Start action : p = pb.start()</message>
  <nestedLevel>1</nestedLevel>
  <escapedJava>false</escapedJava>
  <property name="startLine">53</property>
  <property name="stepIndex">11</property>
</record>
<record>
  <date>2026-06-07T22:59:16.556526800Z</date>
  <millis>1780873156556</millis>
  <nanos>526800</nanos>
  <sequence>212</sequence>
  <level>END</level>
  <class>com.kms.katalon.core.logging.XmlKeywordLogger</class>
  <method>endKeyword</method>
  <thread>1</thread>
  <message>End action : p = pb.start()</message>
  <nestedLevel>1</nestedLevel>
  <escapedJava>false</escapedJava>
</record>
<record>
  <date>2026-06-07T22:59:16.556526800Z</date>
  <millis>1780873156556</millis>
  <nanos>526800</nanos>
  <sequence>213</sequence>
  <level>START</level>
  <class>com.kms.katalon.core.logging.XmlKeywordLogger</class>
  <method>startKeyword</method>
  <thread>1</thread>
  <message>Start action : finished = p.waitFor(20, SECONDS)</message>
  <nestedLevel>1</nestedLevel>
  <escapedJava>false</escapedJava>
  <property name="startLine">55</property>
  <property name="stepIndex">12</property>
</record>
<record>
  <date>2026-06-07T22:59:16.621494600Z</date>
  <millis>1780873156621</millis>
  <nanos>494600</nanos>
  <sequence>214</sequence>
  <level>END</level>
  <class>com.kms.katalon.core.logging.XmlKeywordLogger</class>
  <method>endKeyword</method>
  <thread>1</thread>
  <message>End action : finished = p.waitFor(20, SECONDS)</message>
  <nestedLevel>1</nestedLevel>
  <escapedJava>false</escapedJava>
</record>
<record>
  <date>2026-06-07T22:59:16.622588500Z</date>
  <millis>1780873156622</millis>
  <nanos>588500</nanos>
  <sequence>215</sequence>
  <level>START</level>
  <class>com.kms.katalon.core.logging.XmlKeywordLogger</class>
  <method>startKeyword</method>
  <thread>1</thread>
  <message>Start action : if (!(finished))</message>
  <nestedLevel>1</nestedLevel>
  <escapedJava>false</escapedJava>
  <property name="startLine">56</property>
  <property name="stepIndex">13</property>
</record>
<record>
  <date>2026-06-07T22:59:16.622588500Z</date>
  <millis>1780873156622</millis>
  <nanos>588500</nanos>
  <sequence>216</sequence>
  <level>END</level>
  <class>com.kms.katalon.core.logging.XmlKeywordLogger</class>
  <method>endKeyword</method>
  <thread>1</thread>
  <message>End action : if (!(finished))</message>
  <nestedLevel>1</nestedLevel>
  <escapedJava>false</escapedJava>
</record>
<record>
  <date>2026-06-07T22:59:16.622588500Z</date>
  <millis>1780873156622</millis>
  <nanos>588500</nanos>
  <sequence>217</sequence>
  <level>START</level>
  <class>com.kms.katalon.core.logging.XmlKeywordLogger</class>
  <method>startKeyword</method>
  <thread>1</thread>
  <message>Start action : code = p.exitValue()</message>
  <nestedLevel>1</nestedLevel>
  <escapedJava>false</escapedJava>
  <property name="startLine">62</property>
  <property name="stepIndex">14</property>
</record>
<record>
  <date>2026-06-07T22:59:16.622588500Z</date>
  <millis>1780873156622</millis>
  <nanos>588500</nanos>
  <sequence>218</sequence>
  <level>END</level>
  <class>com.kms.katalon.core.logging.XmlKeywordLogger</class>
  <method>endKeyword</method>
  <thread>1</thread>
  <message>End action : code = p.exitValue()</message>
  <nestedLevel>1</nestedLevel>
  <escapedJava>false</escapedJava>
</record>
<record>
  <date>2026-06-07T22:59:16.622588500Z</date>
  <millis>1780873156622</millis>
  <nanos>588500</nanos>
  <sequence>219</sequence>
  <level>START</level>
  <class>com.kms.katalon.core.logging.XmlKeywordLogger</class>
  <method>startKeyword</method>
  <thread>1</thread>
  <message>Start action : if (code != 0)</message>
  <nestedLevel>1</nestedLevel>
  <escapedJava>false</escapedJava>
  <property name="startLine">63</property>
  <property name="stepIndex">15</property>
</record>
<record>
  <date>2026-06-07T22:59:16.622588500Z</date>
  <millis>1780873156622</millis>
  <nanos>588500</nanos>
  <sequence>220</sequence>
  <level>END</level>
  <class>com.kms.katalon.core.logging.XmlKeywordLogger</class>
  <method>endKeyword</method>
  <thread>1</thread>
  <message>End action : if (code != 0)</message>
  <nestedLevel>1</nestedLevel>
  <escapedJava>false</escapedJava>
</record>
<record>
  <date>2026-06-07T22:59:16.622588500Z</date>
  <millis>1780873156622</millis>
  <nanos>588500</nanos>
  <sequence>221</sequence>
  <level>START</level>
  <class>com.kms.katalon.core.logging.XmlKeywordLogger</class>
  <method>startKeyword</method>
  <thread>1</thread>
  <message>Start action : else</message>
  <nestedLevel>1</nestedLevel>
  <escapedJava>false</escapedJava>
  <property name="startLine">67</property>
  <property name="stepIndex">16</property>
</record>
<record>
  <date>2026-06-07T22:59:16.622588500Z</date>
  <millis>1780873156622</millis>
  <nanos>588500</nanos>
  <sequence>222</sequence>
  <level>START</level>
  <class>com.kms.katalon.core.logging.XmlKeywordLogger</class>
  <method>startKeyword</method>
  <thread>1</thread>
  <message>Start action : logInfo(&amp;quot;Seed ripristinato prima di: &amp;quot; + context.getTestCaseId())</message>
  <nestedLevel>2</nestedLevel>
  <escapedJava>false</escapedJava>
  <property name="startLine">68</property>
  <property name="stepIndex">1</property>
</record>
<record>
  <date>2026-06-07T22:59:16.623594900Z</date>
  <millis>1780873156623</millis>
  <nanos>594900</nanos>
  <sequence>223</sequence>
  <level>INFO</level>
  <class>com.kms.katalon.core.logging.XmlKeywordLogger</class>
  <method>logMessage</method>
  <thread>1</thread>
  <message>Seed ripristinato prima di: Test Cases/Ordine/TC_6.1_2</message>
  <nestedLevel>1</nestedLevel>
  <escapedJava>false</escapedJava>
</record>
<record>
  <date>2026-06-07T22:59:16.623594900Z</date>
  <millis>1780873156623</millis>
  <nanos>594900</nanos>
  <sequence>225</sequence>
  <level>END</level>
  <class>com.kms.katalon.core.logging.XmlKeywordLogger</class>
  <method>endKeyword</method>
  <thread>1</thread>
  <message>End action : logInfo(&amp;quot;Seed ripristinato prima di: &amp;quot; + context.getTestCaseId())</message>
  <nestedLevel>2</nestedLevel>
  <escapedJava>false</escapedJava>
</record>
<record>
  <date>2026-06-07T22:59:16.623594900Z</date>
  <millis>1780873156623</millis>
  <nanos>594900</nanos>
  <sequence>226</sequence>
  <level>END</level>
  <class>com.kms.katalon.core.logging.XmlKeywordLogger</class>
  <method>endKeyword</method>
  <thread>1</thread>
  <message>End action : else</message>
  <nestedLevel>1</nestedLevel>
  <escapedJava>false</escapedJava>
</record>
<record>
  <date>2026-06-07T22:59:16.623594900Z</date>
  <millis>1780873156623</millis>
  <nanos>594900</nanos>
  <sequence>227</sequence>
  <level>END</level>
  <class>com.kms.katalon.core.logging.XmlKeywordLogger</class>
  <method>endKeyword</method>
  <thread>1</thread>
  <message>End listener action : resetSeedBeforeTestCase</message>
  <nestedLevel>1</nestedLevel>
  <escapedJava>false</escapedJava>
</record>
<record>
  <date>2026-06-07T22:59:16.658619600Z</date>
  <millis>1780873156658</millis>
  <nanos>619600</nanos>
  <sequence>228</sequence>
  <level>START</level>
  <class>com.kms.katalon.core.logging.XmlKeywordLogger</class>
  <method>startKeyword</method>
  <thread>1</thread>
  <message>Start action : openBrowser(&amp;quot;&amp;quot;)</message>
  <nestedLevel>1</nestedLevel>
  <escapedJava>false</escapedJava>
  <property name="startLine">15</property>
  <property name="stepIndex">1</property>
</record>
<record>
  <date>2026-06-07T22:59:16.659620200Z</date>
  <millis>1780873156659</millis>
  <nanos>620200</nanos>
  <sequence>231</sequence>
  <level>INFO</level>
  <class>com.kms.katalon.core.logging.XmlKeywordLogger</class>
  <method>logMessage</method>
  <thread>1</thread>
  <message>Starting &amp;apos;Chrome&amp;apos; driver</message>
  <nestedLevel>1</nestedLevel>
  <escapedJava>false</escapedJava>
</record>
<record>
  <date>2026-06-07T22:59:16.661124700Z</date>
  <millis>1780873156661</millis>
  <nanos>124700</nanos>
  <sequence>232</sequence>
  <level>INFO</level>
  <class>com.kms.katalon.core.logging.XmlKeywordLogger</class>
  <method>logMessage</method>
  <thread>1</thread>
  <message>Action delay is set to 0 milliseconds</message>
  <nestedLevel>1</nestedLevel>
  <escapedJava>false</escapedJava>
</record>
<record>
  <date>2026-06-07T22:59:17.454892600Z</date>
  <millis>1780873157454</millis>
  <nanos>892600</nanos>
  <sequence>234</sequence>
  <level>RUN_DATA</level>
  <class>com.kms.katalon.core.logging.XmlKeywordLogger</class>
  <method>logMessage</method>
  <thread>1</thread>
  <message>sessionId = dec3d34a0d033b458253f304ddc4e72a</message>
  <nestedLevel>1</nestedLevel>
  <escapedJava>false</escapedJava>
  <property name="sessionId">dec3d34a0d033b458253f304ddc4e72a</property>
</record>
<record>
  <date>2026-06-07T22:59:17.455902500Z</date>
  <millis>1780873157455</millis>
  <nanos>902500</nanos>
  <sequence>235</sequence>
  <level>RUN_DATA</level>
  <class>com.kms.katalon.core.logging.XmlKeywordLogger</class>
  <method>logMessage</method>
  <thread>1</thread>
  <message>browser = Chrome 148.0.7778.179</message>
  <nestedLevel>1</nestedLevel>
  <escapedJava>false</escapedJava>
  <property name="browser">Chrome 148.0.7778.179</property>
</record>
<record>
  <date>2026-06-07T22:59:17.455902500Z</date>
  <millis>1780873157455</millis>
  <nanos>902500</nanos>
  <sequence>236</sequence>
  <level>RUN_DATA</level>
  <class>com.kms.katalon.core.logging.XmlKeywordLogger</class>
  <method>logMessage</method>
  <thread>1</thread>
  <message>platform = Windows 11</message>
  <nestedLevel>1</nestedLevel>
  <escapedJava>false</escapedJava>
  <property name="platform">Windows 11</property>
</record>
<record>
  <date>2026-06-07T22:59:17.455902500Z</date>
  <millis>1780873157455</millis>
  <nanos>902500</nanos>
  <sequence>237</sequence>
  <level>RUN_DATA</level>
  <class>com.kms.katalon.core.logging.XmlKeywordLogger</class>
  <method>logMessage</method>
  <thread>1</thread>
  <message>seleniumVersion = 4.39.0</message>
  <nestedLevel>1</nestedLevel>
  <escapedJava>false</escapedJava>
  <property name="seleniumVersion">4.39.0</property>
</record>
<record>
  <date>2026-06-07T22:59:17.456829800Z</date>
  <millis>1780873157456</millis>
  <nanos>829800</nanos>
  <sequence>238</sequence>
  <level>RUN_DATA</level>
  <class>com.kms.katalon.core.logging.XmlKeywordLogger</class>
  <method>logMessage</method>
  <thread>1</thread>
  <message>proxyInformation = ProxyInformation { proxyOption=NO_PROXY, proxyServerType=HTTP, username=, password=********, proxyServerAddress=, proxyServerPort=0, executionList=&amp;quot;&amp;quot;, isApplyToDesiredCapabilities=true }</message>
  <nestedLevel>1</nestedLevel>
  <escapedJava>false</escapedJava>
  <property name="proxyInformation">ProxyInformation { proxyOption=NO_PROXY, proxyServerType=HTTP, username=, password=********, proxyServerAddress=, proxyServerPort=0, executionList=&quot;&quot;, isApplyToDesiredCapabilities=true }</property>
</record>
<record>
  <date>2026-06-07T22:59:17.471252500Z</date>
  <millis>1780873157471</millis>
  <nanos>252500</nanos>
  <sequence>239</sequence>
  <level>PASSED</level>
  <class>com.kms.katalon.core.logging.XmlKeywordLogger</class>
  <method>logMessage</method>
  <thread>1</thread>
  <message>Browser is opened with url: &amp;apos;&amp;apos;</message>
  <nestedLevel>1</nestedLevel>
  <escapedJava>false</escapedJava>
  <property name="testops-method-name">com.kms.katalon.core.webui.keyword.builtin.OpenBrowserKeyword.openBrowser</property>
  <property name="testops-execution-stacktrace"></property>
</record>
<record>
  <date>2026-06-07T22:59:17.472037200Z</date>
  <millis>1780873157472</millis>
  <nanos>37200</nanos>
  <sequence>240</sequence>
  <level>END</level>
  <class>com.kms.katalon.core.logging.XmlKeywordLogger</class>
  <method>endKeyword</method>
  <thread>1</thread>
  <message>End action : openBrowser(&amp;quot;&amp;quot;)</message>
  <nestedLevel>1</nestedLevel>
  <escapedJava>false</escapedJava>
</record>
<record>
  <date>2026-06-07T22:59:17.472037200Z</date>
  <millis>1780873157472</millis>
  <nanos>37200</nanos>
  <sequence>241</sequence>
  <level>START</level>
  <class>com.kms.katalon.core.logging.XmlKeywordLogger</class>
  <method>startKeyword</method>
  <thread>1</thread>
  <message>Start action : navigateToUrl(base + &amp;quot;checkout.jsp&amp;quot;)</message>
  <nestedLevel>1</nestedLevel>
  <escapedJava>false</escapedJava>
  <property name="startLine">16</property>
  <property name="stepIndex">2</property>
</record>
<record>
  <date>2026-06-07T22:59:17.519699800Z</date>
  <millis>1780873157519</millis>
  <nanos>699800</nanos>
  <sequence>245</sequence>
  <level>PASSED</level>
  <class>com.kms.katalon.core.logging.XmlKeywordLogger</class>
  <method>logMessage</method>
  <thread>1</thread>
  <message>Navigate to &amp;apos;http://localhost:8080/Vaporant_IGES_war_exploded/checkout.jsp&amp;apos; successfully</message>
  <nestedLevel>1</nestedLevel>
  <escapedJava>false</escapedJava>
  <property name="testops-method-name">com.kms.katalon.core.webui.keyword.builtin.NavigateToUrlKeyword.navigateToUrl</property>
  <property name="testops-execution-stacktrace"></property>
</record>
<record>
  <date>2026-06-07T22:59:17.522223200Z</date>
  <millis>1780873157522</millis>
  <nanos>223200</nanos>
  <sequence>246</sequence>
  <level>END</level>
  <class>com.kms.katalon.core.logging.XmlKeywordLogger</class>
  <method>endKeyword</method>
  <thread>1</thread>
  <message>End action : navigateToUrl(base + &amp;quot;checkout.jsp&amp;quot;)</message>
  <nestedLevel>1</nestedLevel>
  <escapedJava>false</escapedJava>
</record>
<record>
  <date>2026-06-07T22:59:17.522223200Z</date>
  <millis>1780873157522</millis>
  <nanos>223200</nanos>
  <sequence>247</sequence>
  <level>START</level>
  <class>com.kms.katalon.core.logging.XmlKeywordLogger</class>
  <method>startKeyword</method>
  <thread>1</thread>
  <message>Start action : delay(2)</message>
  <nestedLevel>1</nestedLevel>
  <escapedJava>false</escapedJava>
  <property name="startLine">17</property>
  <property name="stepIndex">3</property>
</record>
<record>
  <date>2026-06-07T22:59:19.531216400Z</date>
  <millis>1780873159531</millis>
  <nanos>216400</nanos>
  <sequence>250</sequence>
  <level>PASSED</level>
  <class>com.kms.katalon.core.logging.XmlKeywordLogger</class>
  <method>logMessage</method>
  <thread>1</thread>
  <message>Delayed 2 second(s)</message>
  <nestedLevel>1</nestedLevel>
  <escapedJava>false</escapedJava>
  <property name="testops-method-name">com.kms.katalon.core.keyword.builtin.DelayKeyword.delay</property>
  <property name="testops-execution-stacktrace"></property>
</record>
<record>
  <date>2026-06-07T22:59:19.532220700Z</date>
  <millis>1780873159532</millis>
  <nanos>220700</nanos>
  <sequence>251</sequence>
  <level>END</level>
  <class>com.kms.katalon.core.logging.XmlKeywordLogger</class>
  <method>endKeyword</method>
  <thread>1</thread>
  <message>End action : delay(2)</message>
  <nestedLevel>1</nestedLevel>
  <escapedJava>false</escapedJava>
</record>
<record>
  <date>2026-06-07T22:59:19.532220700Z</date>
  <millis>1780873159532</millis>
  <nanos>220700</nanos>
  <sequence>252</sequence>
  <level>START</level>
  <class>com.kms.katalon.core.logging.XmlKeywordLogger</class>
  <method>startKeyword</method>
  <thread>1</thread>
  <message>Start action : takeScreenshot()</message>
  <nestedLevel>1</nestedLevel>
  <escapedJava>false</escapedJava>
  <property name="startLine">18</property>
  <property name="stepIndex">4</property>
</record>
<record>
  <date>2026-06-07T22:59:19.798243600Z</date>
  <millis>1780873159798</millis>
  <nanos>243600</nanos>
  <sequence>255</sequence>
  <level>PASSED</level>
  <class>com.kms.katalon.core.logging.XmlKeywordLogger</class>
  <method>logMessage</method>
  <thread>1</thread>
  <message>Taking screenshot successfully</message>
  <nestedLevel>1</nestedLevel>
  <escapedJava>false</escapedJava>
  <property name="attachment">1780873159532.png</property>
  <property name="testops-method-name">com.kms.katalon.core.webui.keyword.builtin.TakeScreenshotKeyword.takeScreenshot</property>
  <property name="testops-execution-stacktrace"></property>
</record>
<record>
  <date>2026-06-07T22:59:19.799275200Z</date>
  <millis>1780873159799</millis>
  <nanos>275200</nanos>
  <sequence>256</sequence>
  <level>END</level>
  <class>com.kms.katalon.core.logging.XmlKeywordLogger</class>
  <method>endKeyword</method>
  <thread>1</thread>
  <message>End action : takeScreenshot()</message>
  <nestedLevel>1</nestedLevel>
  <escapedJava>false</escapedJava>
</record>
<record>
  <date>2026-06-07T22:59:19.799275200Z</date>
  <millis>1780873159799</millis>
  <nanos>275200</nanos>
  <sequence>257</sequence>
  <level>START</level>
  <class>com.kms.katalon.core.logging.XmlKeywordLogger</class>
  <method>startKeyword</method>
  <thread>1</thread>
  <message>Start action : verifyTextPresent(&amp;quot;(?i)Non hai un account&amp;quot;, true)</message>
  <nestedLevel>1</nestedLevel>
  <escapedJava>false</escapedJava>
  <property name="startLine">20</property>
  <property name="stepIndex">5</property>
</record>
<record>
  <date>2026-06-07T22:59:20.054674Z</date>
  <millis>1780873160054</millis>
  <nanos>674000</nanos>
  <sequence>264</sequence>
  <level>FAILED</level>
  <class>com.kms.katalon.core.logging.XmlKeywordLogger</class>
  <method>logMessage</method>
  <thread>1</thread>
  <message>Text &amp;apos;(?i)Non hai un account&amp;apos; is not present on page  using regular expression (Root cause: com.kms.katalon.core.exception.StepFailedException: Text &amp;apos;(?i)Non hai un account&amp;apos; is not present on page  using regular expression
	at com.kms.katalon.core.webui.keyword.internal.WebUIKeywordMain.stepFailed(WebUIKeywordMain.groovy:177)
	at com.kms.katalon.core.webui.keyword.builtin.VerifyTextPresentKeyword$_verifyTextPresent_closure1.doCall(VerifyTextPresentKeyword.groovy:79)
	at com.kms.katalon.core.webui.keyword.builtin.VerifyTextPresentKeyword$_verifyTextPresent_closure1.call(VerifyTextPresentKeyword.groovy)
	at com.kms.katalon.core.webui.keyword.internal.WebUIKeywordMain.runKeyword(WebUIKeywordMain.groovy:41)
	at com.kms.katalon.core.webui.keyword.builtin.VerifyTextPresentKeyword.verifyTextPresent(VerifyTextPresentKeyword.groovy:83)
	at com.kms.katalon.core.webui.keyword.builtin.VerifyTextPresentKeyword.execute(VerifyTextPresentKeyword.groovy:68)
	at com.kms.katalon.core.keyword.internal.KeywordExecutor.executeKeywordForPlatform(KeywordExecutor.groovy:103)
	at com.kms.katalon.core.webui.keyword.WebUiBuiltInKeywords.verifyTextPresent(WebUiBuiltInKeywords.groovy:1825)
	at Script178070060102.run(Script178070060102.groovy:20)
	at com.kms.katalon.core.main.ScriptEngine.run(ScriptEngine.java:203)
	at com.kms.katalon.core.main.ScriptEngine.runScriptAsRawText(ScriptEngine.java:115)
	at com.kms.katalon.core.main.TestCaseExecutor.runScript(TestCaseExecutor.java:506)
	at com.kms.katalon.core.main.TestCaseExecutor.doExecute(TestCaseExecutor.java:497)
	at com.kms.katalon.core.main.TestCaseExecutor.processExecutionPhase(TestCaseExecutor.java:476)
	at com.kms.katalon.core.main.TestCaseExecutor.accessMainPhase(TestCaseExecutor.java:468)
	at com.kms.katalon.core.main.TestCaseExecutor.execute(TestCaseExecutor.java:334)
	at com.kms.katalon.core.common.CommonExecutor.accessTestCaseMainPhase(CommonExecutor.java:71)
	at com.kms.katalon.core.main.TestSuiteExecutor.accessTestSuiteMainPhase(TestSuiteExecutor.java:153)
	at com.kms.katalon.core.main.TestSuiteExecutor.execute(TestSuiteExecutor.java:110)
	at com.kms.katalon.core.main.TestCaseMain.startTestSuite(TestCaseMain.java:206)
	at S0608_0.run(S0608_0.groovy:40)
	at java.base/jdk.internal.reflect.DirectMethodHandleAccessor.invoke(DirectMethodHandleAccessor.java:103)
)</message>
  <nestedLevel>1</nestedLevel>
  <escapedJava>false</escapedJava>
  <property name="failed.exception.stacktrace">com.kms.katalon.core.exception.StepFailedException: Text &apos;(?i)Non hai un account&apos; is not present on page  using regular expression
	at com.kms.katalon.core.webui.keyword.internal.WebUIKeywordMain.stepFailed(WebUIKeywordMain.groovy:177)
	at com.kms.katalon.core.webui.keyword.builtin.VerifyTextPresentKeyword$_verifyTextPresent_closure1.doCall(VerifyTextPresentKeyword.groovy:79)
	at com.kms.katalon.core.webui.keyword.builtin.VerifyTextPresentKeyword$_verifyTextPresent_closure1.call(VerifyTextPresentKeyword.groovy)
	at com.kms.katalon.core.webui.keyword.internal.WebUIKeywordMain.runKeyword(WebUIKeywordMain.groovy:41)
	at com.kms.katalon.core.webui.keyword.builtin.VerifyTextPresentKeyword.verifyTextPresent(VerifyTextPresentKeyword.groovy:83)
	at com.kms.katalon.core.webui.keyword.builtin.VerifyTextPresentKeyword.execute(VerifyTextPresentKeyword.groovy:68)
	at com.kms.katalon.core.keyword.internal.KeywordExecutor.executeKeywordForPlatform(KeywordExecutor.groovy:103)
	at com.kms.katalon.core.webui.keyword.WebUiBuiltInKeywords.verifyTextPresent(WebUiBuiltInKeywords.groovy:1825)
	at Script178070060102.run(Script178070060102.groovy:20)
	at com.kms.katalon.core.main.ScriptEngine.run(ScriptEngine.java:203)
	at com.kms.katalon.core.main.ScriptEngine.runScriptAsRawText(ScriptEngine.java:115)
	at com.kms.katalon.core.main.TestCaseExecutor.runScript(TestCaseExecutor.java:506)
	at com.kms.katalon.core.main.TestCaseExecutor.doExecute(TestCaseExecutor.java:497)
	at com.kms.katalon.core.main.TestCaseExecutor.processExecutionPhase(TestCaseExecutor.java:476)
	at com.kms.katalon.core.main.TestCaseExecutor.accessMainPhase(TestCaseExecutor.java:468)
	at com.kms.katalon.core.main.TestCaseExecutor.execute(TestCaseExecutor.java:334)
	at com.kms.katalon.core.common.CommonExecutor.accessTestCaseMainPhase(CommonExecutor.java:71)
	at com.kms.katalon.core.main.TestSuiteExecutor.accessTestSuiteMainPhase(TestSuiteExecutor.java:153)
	at com.kms.katalon.core.main.TestSuiteExecutor.execute(TestSuiteExecutor.java:110)
	at com.kms.katalon.core.main.TestCaseMain.startTestSuite(TestCaseMain.java:206)
	at S0608_0.run(S0608_0.groovy:40)
	at java.base/jdk.internal.reflect.DirectMethodHandleAccessor.invoke(DirectMethodHandleAccessor.java:103)
</property>
  <property name="failed.exception.class">com.kms.katalon.core.exception.StepFailedException</property>
  <property name="testops-is-assertion">true</property>
  <property name="testops-method-name">com.kms.katalon.core.webui.keyword.builtin.VerifyTextPresentKeyword.verifyTextPresent</property>
  <property name="testops-execution-stacktrace">com.kms.katalon.core.logging.testops.TestOpsLogHelper.handleFailedLogEntry(TestOpsLogHelper.java:112)
com.kms.katalon.core.logging.KeywordLogger.logFailed(KeywordLogger.java:300)
com.kms.katalon.core.keyword.internal.KeywordMain.stepFailed(KeywordMain.groovy:43)
com.kms.katalon.core.webui.keyword.internal.WebUIKeywordMain.stepFailed(WebUIKeywordMain.groovy:177)
com.kms.katalon.core.webui.keyword.builtin.VerifyTextPresentKeyword$_verifyTextPresent_closure1.doCall(VerifyTextPresentKeyword.groovy:79)
com.kms.katalon.core.webui.keyword.builtin.VerifyTextPresentKeyword$_verifyTextPresent_closure1.call(VerifyTextPresentKeyword.groovy)
com.kms.katalon.core.webui.keyword.internal.WebUIKeywordMain.runKeyword(WebUIKeywordMain.groovy:41)
com.kms.katalon.core.webui.keyword.builtin.VerifyTextPresentKeyword.verifyTextPresent(VerifyTextPresentKeyword.groovy:83)
com.kms.katalon.core.webui.keyword.builtin.VerifyTextPresentKeyword.execute(VerifyTextPresentKeyword.groovy:68)
com.kms.katalon.core.keyword.internal.KeywordExecutor.executeKeywordForPlatform(KeywordExecutor.groovy:103)
com.kms.katalon.core.webui.keyword.WebUiBuiltInKeywords.verifyTextPresent(WebUiBuiltInKeywords.groovy:1825)
Script178070060102.run(Script178070060102.groovy:20)
</property>
  <property name="failed.exception.message">Text &apos;(?i)Non hai un account&apos; is not present on page  using regular expression</property>
</record>
<record>
  <date>2026-06-07T22:59:20.102358500Z</date>
  <millis>1780873160102</millis>
  <nanos>358500</nanos>
  <sequence>268</sequence>
  <level>FAILED</level>
  <class>com.kms.katalon.core.logging.XmlKeywordLogger</class>
  <method>logMessage</method>
  <thread>1</thread>
  <message>Unable to verify text &amp;apos;(?i)Non hai un account&amp;apos; is present  using regular expression (Root cause: com.kms.katalon.core.exception.StepFailedException: Unable to verify text &amp;apos;(?i)Non hai un account&amp;apos; is present  using regular expression
	at com.kms.katalon.core.webui.keyword.internal.WebUIKeywordMain.stepFailed(WebUIKeywordMain.groovy:177)
	at com.kms.katalon.core.webui.keyword.internal.WebUIKeywordMain.runKeyword(WebUIKeywordMain.groovy:49)
	at com.kms.katalon.core.webui.keyword.builtin.VerifyTextPresentKeyword.verifyTextPresent(VerifyTextPresentKeyword.groovy:83)
	at com.kms.katalon.core.webui.keyword.builtin.VerifyTextPresentKeyword.execute(VerifyTextPresentKeyword.groovy:68)
	at com.kms.katalon.core.keyword.internal.KeywordExecutor.executeKeywordForPlatform(KeywordExecutor.groovy:103)
	at com.kms.katalon.core.webui.keyword.WebUiBuiltInKeywords.verifyTextPresent(WebUiBuiltInKeywords.groovy:1825)
	at Script178070060102.run(Script178070060102.groovy:20)
	at com.kms.katalon.core.main.ScriptEngine.run(ScriptEngine.java:203)
	at com.kms.katalon.core.main.ScriptEngine.runScriptAsRawText(ScriptEngine.java:115)
	at com.kms.katalon.core.main.TestCaseExecutor.runScript(TestCaseExecutor.java:506)
	at com.kms.katalon.core.main.TestCaseExecutor.doExecute(TestCaseExecutor.java:497)
	at com.kms.katalon.core.main.TestCaseExecutor.processExecutionPhase(TestCaseExecutor.java:476)
	at com.kms.katalon.core.main.TestCaseExecutor.accessMainPhase(TestCaseExecutor.java:468)
	at com.kms.katalon.core.main.TestCaseExecutor.execute(TestCaseExecutor.java:334)
	at com.kms.katalon.core.common.CommonExecutor.accessTestCaseMainPhase(CommonExecutor.java:71)
	at com.kms.katalon.core.main.TestSuiteExecutor.accessTestSuiteMainPhase(TestSuiteExecutor.java:153)
	at com.kms.katalon.core.main.TestSuiteExecutor.execute(TestSuiteExecutor.java:110)
	at com.kms.katalon.core.main.TestCaseMain.startTestSuite(TestCaseMain.java:206)
	at S0608_0.run(S0608_0.groovy:40)
	at java.base/jdk.internal.reflect.DirectMethodHandleAccessor.invoke(DirectMethodHandleAccessor.java:103)
Caused by: com.kms.katalon.core.exception.StepFailedException: Text &amp;apos;(?i)Non hai un account&amp;apos; is not present on page  using regular expression
	at com.kms.katalon.core.webui.keyword.internal.WebUIKeywordMain.stepFailed(WebUIKeywordMain.groovy:177)
	at com.kms.katalon.core.webui.keyword.builtin.VerifyTextPresentKeyword$_verifyTextPresent_closure1.doCall(VerifyTextPresentKeyword.groovy:79)
	at com.kms.katalon.core.webui.keyword.builtin.VerifyTextPresentKeyword$_verifyTextPresent_closure1.call(VerifyTextPresentKeyword.groovy)
	at com.kms.katalon.core.webui.keyword.internal.WebUIKeywordMain.runKeyword(WebUIKeywordMain.groovy:41)
	... 18 more
)</message>
  <nestedLevel>1</nestedLevel>
  <escapedJava>false</escapedJava>
  <property name="failed.exception.class">com.kms.katalon.core.exception.StepFailedException</property>
  <property name="attachment">1780873160055.png</property>
  <property name="failed.exception.stacktrace">com.kms.katalon.core.exception.StepFailedException: Text &apos;(?i)Non hai un account&apos; is not present on page  using regular expression
	at com.kms.katalon.core.webui.keyword.internal.WebUIKeywordMain.stepFailed(WebUIKeywordMain.groovy:177)
	at com.kms.katalon.core.webui.keyword.builtin.VerifyTextPresentKeyword$_verifyTextPresent_closure1.doCall(VerifyTextPresentKeyword.groovy:79)
	at com.kms.katalon.core.webui.keyword.builtin.VerifyTextPresentKeyword$_verifyTextPresent_closure1.call(VerifyTextPresentKeyword.groovy)
	at com.kms.katalon.core.webui.keyword.internal.WebUIKeywordMain.runKeyword(WebUIKeywordMain.groovy:41)
	at com.kms.katalon.core.webui.keyword.builtin.VerifyTextPresentKeyword.verifyTextPresent(VerifyTextPresentKeyword.groovy:83)
	at com.kms.katalon.core.webui.keyword.builtin.VerifyTextPresentKeyword.execute(VerifyTextPresentKeyword.groovy:68)
	at com.kms.katalon.core.keyword.internal.KeywordExecutor.executeKeywordForPlatform(KeywordExecutor.groovy:103)
	at com.kms.katalon.core.webui.keyword.WebUiBuiltInKeywords.verifyTextPresent(WebUiBuiltInKeywords.groovy:1825)
	at Script178070060102.run(Script178070060102.groovy:20)
	at com.kms.katalon.core.main.ScriptEngine.run(ScriptEngine.java:203)
	at com.kms.katalon.core.main.ScriptEngine.runScriptAsRawText(ScriptEngine.java:115)
	at com.kms.katalon.core.main.TestCaseExecutor.runScript(TestCaseExecutor.java:506)
	at com.kms.katalon.core.main.TestCaseExecutor.doExecute(TestCaseExecutor.java:497)
	at com.kms.katalon.core.main.TestCaseExecutor.processExecutionPhase(TestCaseExecutor.java:476)
	at com.kms.katalon.core.main.TestCaseExecutor.accessMainPhase(TestCaseExecutor.java:468)
	at com.kms.katalon.core.main.TestCaseExecutor.execute(TestCaseExecutor.java:334)
	at com.kms.katalon.core.common.CommonExecutor.accessTestCaseMainPhase(CommonExecutor.java:71)
	at com.kms.katalon.core.main.TestSuiteExecutor.accessTestSuiteMainPhase(TestSuiteExecutor.java:153)
	at com.kms.katalon.core.main.TestSuiteExecutor.execute(TestSuiteExecutor.java:110)
	at com.kms.katalon.core.main.TestCaseMain.startTestSuite(TestCaseMain.java:206)
	at S0608_0.run(S0608_0.groovy:40)
	at java.base/jdk.internal.reflect.DirectMethodHandleAccessor.invoke(DirectMethodHandleAccessor.java:103)
</property>
  <property name="failed.exception.message">Text &apos;(?i)Non hai un account&apos; is not present on page  using regular expression</property>
</record>
<record>
  <date>2026-06-07T22:59:20.102910100Z</date>
  <millis>1780873160102</millis>
  <nanos>910100</nanos>
  <sequence>271</sequence>
  <level>END</level>
  <class>com.kms.katalon.core.logging.XmlKeywordLogger</class>
  <method>endKeyword</method>
  <thread>1</thread>
  <message>End action : verifyTextPresent(&amp;quot;(?i)Non hai un account&amp;quot;, true)</message>
  <nestedLevel>1</nestedLevel>
  <escapedJava>false</escapedJava>
</record>
<record>
  <date>2026-06-07T22:59:20.103497500Z</date>
  <millis>1780873160103</millis>
  <nanos>497500</nanos>
  <sequence>274</sequence>
  <level>FAILED</level>
  <class>com.kms.katalon.core.logging.XmlKeywordLogger</class>
  <method>logMessage</method>
  <thread>1</thread>
  <message>Test Cases/Ordine/TC_6.1_2 FAILED.
Reason:
com.kms.katalon.core.exception.StepFailedException: Unable to verify text &amp;apos;(?i)Non hai un account&amp;apos; is present  using regular expression
	at com.kms.katalon.core.webui.keyword.internal.WebUIKeywordMain.stepFailed(WebUIKeywordMain.groovy:177)
	at com.kms.katalon.core.webui.keyword.internal.WebUIKeywordMain.runKeyword(WebUIKeywordMain.groovy:49)
	at com.kms.katalon.core.webui.keyword.builtin.VerifyTextPresentKeyword.verifyTextPresent(VerifyTextPresentKeyword.groovy:83)
	at com.kms.katalon.core.webui.keyword.builtin.VerifyTextPresentKeyword.execute(VerifyTextPresentKeyword.groovy:68)
	at com.kms.katalon.core.keyword.internal.KeywordExecutor.executeKeywordForPlatform(KeywordExecutor.groovy:103)
	at com.kms.katalon.core.webui.keyword.WebUiBuiltInKeywords.verifyTextPresent(WebUiBuiltInKeywords.groovy:1825)
	at Script178070060102.run(Script178070060102.groovy:20)
	at com.kms.katalon.core.main.ScriptEngine.run(ScriptEngine.java:203)
	at com.kms.katalon.core.main.ScriptEngine.runScriptAsRawText(ScriptEngine.java:115)
	at com.kms.katalon.core.main.TestCaseExecutor.runScript(TestCaseExecutor.java:506)
	at com.kms.katalon.core.main.TestCaseExecutor.doExecute(TestCaseExecutor.java:497)
	at com.kms.katalon.core.main.TestCaseExecutor.processExecutionPhase(TestCaseExecutor.java:476)
	at com.kms.katalon.core.main.TestCaseExecutor.accessMainPhase(TestCaseExecutor.java:468)
	at com.kms.katalon.core.main.TestCaseExecutor.execute(TestCaseExecutor.java:334)
	at com.kms.katalon.core.common.CommonExecutor.accessTestCaseMainPhase(CommonExecutor.java:71)
	at com.kms.katalon.core.main.TestSuiteExecutor.accessTestSuiteMainPhase(TestSuiteExecutor.java:153)
	at com.kms.katalon.core.main.TestSuiteExecutor.execute(TestSuiteExecutor.java:110)
	at com.kms.katalon.core.main.TestCaseMain.startTestSuite(TestCaseMain.java:206)
	at S0608_0.run(S0608_0.groovy:40)
	at java.base/jdk.internal.reflect.DirectMethodHandleAccessor.invoke(DirectMethodHandleAccessor.java:103)
Caused by: com.kms.katalon.core.exception.StepFailedException: Text &amp;apos;(?i)Non hai un account&amp;apos; is not present on page  using regular expression
	at com.kms.katalon.core.webui.keyword.internal.WebUIKeywordMain.stepFailed(WebUIKeywordMain.groovy:177)
	at com.kms.katalon.core.webui.keyword.builtin.VerifyTextPresentKeyword$_verifyTextPresent_closure1.doCall(VerifyTextPresentKeyword.groovy:79)
	at com.kms.katalon.core.webui.keyword.builtin.VerifyTextPresentKeyword$_verifyTextPresent_closure1.call(VerifyTextPresentKeyword.groovy)
	at com.kms.katalon.core.webui.keyword.internal.WebUIKeywordMain.runKeyword(WebUIKeywordMain.groovy:41)
	... 18 more
</message>
  <exception>
    <message>com.kms.katalon.core.exception.StepFailedException: Unable to verify text '(?i)Non hai un account' is present  using regular expression</message>
    <frame>
      <class>com.kms.katalon.core.logging.XmlKeywordLogger</class>
      <method>logMessage</method>
      <line>516</line>
    </frame>
    <frame>
      <class>com.kms.katalon.core.logging.KeywordLogger</class>
      <method>logMessage</method>
      <line>475</line>
    </frame>
    <frame>
      <class>com.kms.katalon.core.main.TestCaseExecutor</class>
      <method>logError</method>
      <line>619</line>
    </frame>
    <frame>
      <class>com.kms.katalon.core.main.TestCaseExecutor</class>
      <method>onExecutionError</method>
      <line>189</line>
    </frame>
    <frame>
      <class>com.kms.katalon.core.main.TestCaseExecutor</class>
      <method>processExecutionPhase</method>
      <line>486</line>
    </frame>
    <frame>
      <class>com.kms.katalon.core.main.TestCaseExecutor</class>
      <method>accessMainPhase</method>
      <line>468</line>
    </frame>
    <frame>
      <class>com.kms.katalon.core.main.TestCaseExecutor</class>
      <method>execute</method>
      <line>334</line>
    </frame>
    <frame>
      <class>com.kms.katalon.core.common.CommonExecutor</class>
      <method>accessTestCaseMainPhase</method>
      <line>71</line>
    </frame>
    <frame>
      <class>com.kms.katalon.core.main.TestSuiteExecutor</class>
      <method>accessTestSuiteMainPhase</method>
      <line>153</line>
    </frame>
    <frame>
      <class>com.kms.katalon.core.main.TestSuiteExecutor</class>
      <method>execute</method>
      <line>110</line>
    </frame>
    <frame>
      <class>com.kms.katalon.core.main.TestCaseMain</class>
      <method>startTestSuite</method>
      <line>206</line>
    </frame>
    <frame>
      <class>org.codehaus.groovy.vmplugin.v8.IndyInterface</class>
      <method>fromCache</method>
      <line>318</line>
    </frame>
    <frame>
      <class>S0608_0</class>
      <method>run</method>
      <line>40</line>
    </frame>
    <frame>
      <class>groovy.lang.GroovyShell</class>
      <method>runScriptOrMainOrTestOrRunnable</method>
      <line>254</line>
    </frame>
    <frame>
      <class>groovy.lang.GroovyShell</class>
      <method>run</method>
      <line>360</line>
    </frame>
    <frame>
      <class>groovy.lang.GroovyShell</class>
      <method>run</method>
      <line>349</line>
    </frame>
    <frame>
      <class>groovy.ui.GroovyMain</class>
      <method>processOnce</method>
      <line>652</line>
    </frame>
    <frame>
      <class>groovy.ui.GroovyMain</class>
      <method>run</method>
      <line>398</line>
    </frame>
    <frame>
      <class>groovy.ui.GroovyMain</class>
      <method>access$1400</method>
      <line>68</line>
    </frame>
    <frame>
      <class>groovy.ui.GroovyMain$GroovyCommand</class>
      <method>process</method>
      <line>322</line>
    </frame>
    <frame>
      <class>groovy.ui.GroovyMain</class>
      <method>processArgs</method>
      <line>142</line>
    </frame>
    <frame>
      <class>groovy.ui.GroovyMain</class>
      <method>main</method>
      <line>115</line>
    </frame>
    <frame>
      <class>jdk.internal.reflect.DirectMethodHandleAccessor</class>
      <method>invoke</method>
      <line>103</line>
    </frame>
    <frame>
      <class>java.lang.reflect.Method</class>
      <method>invoke</method>
      <line>580</line>
    </frame>
    <frame>
      <class>org.codehaus.groovy.tools.GroovyStarter</class>
      <method>rootLoader</method>
      <line>117</line>
    </frame>
    <frame>
      <class>org.codehaus.groovy.tools.GroovyStarter</class>
      <method>main</method>
      <line>39</line>
    </frame>
  </exception>
  <nestedLevel>0</nestedLevel>
  <escapedJava>false</escapedJava>
  <property name="failed.exception.stacktrace">com.kms.katalon.core.exception.StepFailedException: Text &apos;(?i)Non hai un account&apos; is not present on page  using regular expression
	at com.kms.katalon.core.webui.keyword.internal.WebUIKeywordMain.stepFailed(WebUIKeywordMain.groovy:177)
	at com.kms.katalon.core.webui.keyword.builtin.VerifyTextPresentKeyword$_verifyTextPresent_closure1.doCall(VerifyTextPresentKeyword.groovy:79)
	at com.kms.katalon.core.webui.keyword.builtin.VerifyTextPresentKeyword$_verifyTextPresent_closure1.call(VerifyTextPresentKeyword.groovy)
	at com.kms.katalon.core.webui.keyword.internal.WebUIKeywordMain.runKeyword(WebUIKeywordMain.groovy:41)
	at com.kms.katalon.core.webui.keyword.builtin.VerifyTextPresentKeyword.verifyTextPresent(VerifyTextPresentKeyword.groovy:83)
	at com.kms.katalon.core.webui.keyword.builtin.VerifyTextPresentKeyword.execute(VerifyTextPresentKeyword.groovy:68)
	at com.kms.katalon.core.keyword.internal.KeywordExecutor.executeKeywordForPlatform(KeywordExecutor.groovy:103)
	at com.kms.katalon.core.webui.keyword.WebUiBuiltInKeywords.verifyTextPresent(WebUiBuiltInKeywords.groovy:1825)
	at Script178070060102.run(Script178070060102.groovy:20)
	at com.kms.katalon.core.main.ScriptEngine.run(ScriptEngine.java:203)
	at com.kms.katalon.core.main.ScriptEngine.runScriptAsRawText(ScriptEngine.java:115)
	at com.kms.katalon.core.main.TestCaseExecutor.runScript(TestCaseExecutor.java:506)
	at com.kms.katalon.core.main.TestCaseExecutor.doExecute(TestCaseExecutor.java:497)
	at com.kms.katalon.core.main.TestCaseExecutor.processExecutionPhase(TestCaseExecutor.java:476)
	at com.kms.katalon.core.main.TestCaseExecutor.accessMainPhase(TestCaseExecutor.java:468)
	at com.kms.katalon.core.main.TestCaseExecutor.execute(TestCaseExecutor.java:334)
	at com.kms.katalon.core.common.CommonExecutor.accessTestCaseMainPhase(CommonExecutor.java:71)
	at com.kms.katalon.core.main.TestSuiteExecutor.accessTestSuiteMainPhase(TestSuiteExecutor.java:153)
	at com.kms.katalon.core.main.TestSuiteExecutor.execute(TestSuiteExecutor.java:110)
	at com.kms.katalon.core.main.TestCaseMain.startTestSuite(TestCaseMain.java:206)
	at S0608_0.run(S0608_0.groovy:40)
	at java.base/jdk.internal.reflect.DirectMethodHandleAccessor.invoke(DirectMethodHandleAccessor.java:103)
</property>
  <property name="failed.exception.class">com.kms.katalon.core.exception.StepFailedException</property>
  <property name="failed.exception.message">Text &apos;(?i)Non hai un account&apos; is not present on page  using regular expression</property>
</record>
<record>
  <date>2026-06-07T22:59:20.104553900Z</date>
  <millis>1780873160104</millis>
  <nanos>553900</nanos>
  <sequence>276</sequence>
  <level>END</level>
  <class>com.kms.katalon.core.logging.XmlKeywordLogger</class>
  <method>endTest</method>
  <thread>1</thread>
  <message>End Test Case : Test Cases/Ordine/TC_6.1_2</message>
  <nestedLevel>0</nestedLevel>
  <escapedJava>false</escapedJava>
  <property name="executionBindingVariables">[]</property>
  <property name="applitools">false</property>
  <property name="executedKeywords">{
  &quot;WebUI.takeScreenshot&quot;: 1,
  &quot;WebUI.verifyTextPresent&quot;: 1,
  &quot;WebUI.navigateToUrl&quot;: 1,
  &quot;WebUI.openBrowser&quot;: 1,
  &quot;BuiltIn.delay&quot;: 1
}</property>
  <property name="keywordsUsage">{
  &quot;web_ui&quot;: true,
  &quot;web_service&quot;: false,
  &quot;cucumber&quot;: false,
  &quot;builtin&quot;: true,
  &quot;mobile&quot;: false,
  &quot;windows&quot;: false,
  &quot;testng&quot;: false
}</property>
</record>
<record>
  <date>2026-06-07T22:59:20.106770100Z</date>
  <millis>1780873160106</millis>
  <nanos>770100</nanos>
  <sequence>277</sequence>
  <level>START</level>
  <class>com.kms.katalon.core.logging.XmlKeywordLogger</class>
  <method>startTest</method>
  <thread>1</thread>
  <message>Start Test Case : Test Cases/Ordine/TC_6.1_3</message>
  <nestedLevel>1</nestedLevel>
  <escapedJava>false</escapedJava>
  <property name="origin"></property>
  <property name="name">Test Cases/Ordine/TC_6.1_3</property>
  <property name="description">Checkout di un cliente senza indirizzi (link Aggiungi indirizzo)</property>
  <property name="iteration"></property>
  <property name="id">Test Cases/Ordine/TC_6.1_3</property>
  <property name="source">C:\Users\gianf\Documents\Vaporant-IGES\StorageSession\testing\katalon\Vaporant-Baseline\Test Cases\Ordine\TC_6.1_3.tc</property>
  <property name="tag"></property>
  <property name="isOptional">false</property>
  <property name="uuid">07caf43f-2629-4646-ae87-c1fa607dd0df</property>
</record>
<record>
  <date>2026-06-07T22:59:20.115426700Z</date>
  <millis>1780873160115</millis>
  <nanos>426700</nanos>
  <sequence>279</sequence>
  <level>RUN_DATA</level>
  <class>com.kms.katalon.core.logging.XmlKeywordLogger</class>
  <method>logMessage</method>
  <thread>1</thread>
  <message>executionBindingVariables = []</message>
  <nestedLevel>1</nestedLevel>
  <escapedJava>false</escapedJava>
  <property name="executionBindingVariables">[]</property>
</record>
<record>
  <date>2026-06-07T22:59:20.115426700Z</date>
  <millis>1780873160115</millis>
  <nanos>426700</nanos>
  <sequence>280</sequence>
  <level>START</level>
  <class>com.kms.katalon.core.logging.XmlKeywordLogger</class>
  <method>startKeyword</method>
  <thread>1</thread>
  <message>Start listener action : resetSeedBeforeTestCase</message>
  <nestedLevel>1</nestedLevel>
  <escapedJava>false</escapedJava>
</record>
<record>
  <date>2026-06-07T22:59:20.115426700Z</date>
  <millis>1780873160115</millis>
  <nanos>426700</nanos>
  <sequence>282</sequence>
  <level>START</level>
  <class>com.kms.katalon.core.logging.XmlKeywordLogger</class>
  <method>startKeyword</method>
  <thread>1</thread>
  <message>Start action : if (resetSeed == false)</message>
  <nestedLevel>1</nestedLevel>
  <escapedJava>false</escapedJava>
  <property name="startLine">26</property>
  <property name="stepIndex">1</property>
</record>
<record>
  <date>2026-06-07T22:59:20.116414200Z</date>
  <millis>1780873160116</millis>
  <nanos>414200</nanos>
  <sequence>283</sequence>
  <level>END</level>
  <class>com.kms.katalon.core.logging.XmlKeywordLogger</class>
  <method>endKeyword</method>
  <thread>1</thread>
  <message>End action : if (resetSeed == false)</message>
  <nestedLevel>1</nestedLevel>
  <escapedJava>false</escapedJava>
</record>
<record>
  <date>2026-06-07T22:59:20.116414200Z</date>
  <millis>1780873160116</millis>
  <nanos>414200</nanos>
  <sequence>284</sequence>
  <level>START</level>
  <class>com.kms.katalon.core.logging.XmlKeywordLogger</class>
  <method>startKeyword</method>
  <thread>1</thread>
  <message>Start action : projectDir = getProjectDir()</message>
  <nestedLevel>1</nestedLevel>
  <escapedJava>false</escapedJava>
  <property name="startLine">30</property>
  <property name="stepIndex">2</property>
</record>
<record>
  <date>2026-06-07T22:59:20.116414200Z</date>
  <millis>1780873160116</millis>
  <nanos>414200</nanos>
  <sequence>285</sequence>
  <level>END</level>
  <class>com.kms.katalon.core.logging.XmlKeywordLogger</class>
  <method>endKeyword</method>
  <thread>1</thread>
  <message>End action : projectDir = getProjectDir()</message>
  <nestedLevel>1</nestedLevel>
  <escapedJava>false</escapedJava>
</record>
<record>
  <date>2026-06-07T22:59:20.116414200Z</date>
  <millis>1780873160116</millis>
  <nanos>414200</nanos>
  <sequence>286</sequence>
  <level>START</level>
  <class>com.kms.katalon.core.logging.XmlKeywordLogger</class>
  <method>startKeyword</method>
  <thread>1</thread>
  <message>Start action : script = new java.io.File(projectDir, Data Files/reset-seed.sql)</message>
  <nestedLevel>1</nestedLevel>
  <escapedJava>false</escapedJava>
  <property name="startLine">31</property>
  <property name="stepIndex">3</property>
</record>
<record>
  <date>2026-06-07T22:59:20.116414200Z</date>
  <millis>1780873160116</millis>
  <nanos>414200</nanos>
  <sequence>287</sequence>
  <level>END</level>
  <class>com.kms.katalon.core.logging.XmlKeywordLogger</class>
  <method>endKeyword</method>
  <thread>1</thread>
  <message>End action : script = new java.io.File(projectDir, Data Files/reset-seed.sql)</message>
  <nestedLevel>1</nestedLevel>
  <escapedJava>false</escapedJava>
</record>
<record>
  <date>2026-06-07T22:59:20.116414200Z</date>
  <millis>1780873160116</millis>
  <nanos>414200</nanos>
  <sequence>288</sequence>
  <level>START</level>
  <class>com.kms.katalon.core.logging.XmlKeywordLogger</class>
  <method>startKeyword</method>
  <thread>1</thread>
  <message>Start action : if (!(script.exists()))</message>
  <nestedLevel>1</nestedLevel>
  <escapedJava>false</escapedJava>
  <property name="startLine">33</property>
  <property name="stepIndex">4</property>
</record>
<record>
  <date>2026-06-07T22:59:20.116414200Z</date>
  <millis>1780873160116</millis>
  <nanos>414200</nanos>
  <sequence>289</sequence>
  <level>END</level>
  <class>com.kms.katalon.core.logging.XmlKeywordLogger</class>
  <method>endKeyword</method>
  <thread>1</thread>
  <message>End action : if (!(script.exists()))</message>
  <nestedLevel>1</nestedLevel>
  <escapedJava>false</escapedJava>
</record>
<record>
  <date>2026-06-07T22:59:20.116414200Z</date>
  <millis>1780873160116</millis>
  <nanos>414200</nanos>
  <sequence>290</sequence>
  <level>START</level>
  <class>com.kms.katalon.core.logging.XmlKeywordLogger</class>
  <method>startKeyword</method>
  <thread>1</thread>
  <message>Start action : cmd = [mysqlExe, &amp;quot;--user=&amp;quot; + dbUser, &amp;quot;--password=&amp;quot; + dbPass, dbName]</message>
  <nestedLevel>1</nestedLevel>
  <escapedJava>false</escapedJava>
  <property name="startLine">39</property>
  <property name="stepIndex">5</property>
</record>
<record>
  <date>2026-06-07T22:59:20.117414500Z</date>
  <millis>1780873160117</millis>
  <nanos>414500</nanos>
  <sequence>291</sequence>
  <level>END</level>
  <class>com.kms.katalon.core.logging.XmlKeywordLogger</class>
  <method>endKeyword</method>
  <thread>1</thread>
  <message>End action : cmd = [mysqlExe, &amp;quot;--user=&amp;quot; + dbUser, &amp;quot;--password=&amp;quot; + dbPass, dbName]</message>
  <nestedLevel>1</nestedLevel>
  <escapedJava>false</escapedJava>
</record>
<record>
  <date>2026-06-07T22:59:20.117414500Z</date>
  <millis>1780873160117</millis>
  <nanos>414500</nanos>
  <sequence>292</sequence>
  <level>START</level>
  <class>com.kms.katalon.core.logging.XmlKeywordLogger</class>
  <method>startKeyword</method>
  <thread>1</thread>
  <message>Start action : log = new java.io.File(java.lang.System.getProperty(java.io.tmpdir), seedreset.log)</message>
  <nestedLevel>1</nestedLevel>
  <escapedJava>false</escapedJava>
  <property name="startLine">46</property>
  <property name="stepIndex">6</property>
</record>
<record>
  <date>2026-06-07T22:59:20.117414500Z</date>
  <millis>1780873160117</millis>
  <nanos>414500</nanos>
  <sequence>293</sequence>
  <level>END</level>
  <class>com.kms.katalon.core.logging.XmlKeywordLogger</class>
  <method>endKeyword</method>
  <thread>1</thread>
  <message>End action : log = new java.io.File(java.lang.System.getProperty(java.io.tmpdir), seedreset.log)</message>
  <nestedLevel>1</nestedLevel>
  <escapedJava>false</escapedJava>
</record>
<record>
  <date>2026-06-07T22:59:20.117414500Z</date>
  <millis>1780873160117</millis>
  <nanos>414500</nanos>
  <sequence>294</sequence>
  <level>START</level>
  <class>com.kms.katalon.core.logging.XmlKeywordLogger</class>
  <method>startKeyword</method>
  <thread>1</thread>
  <message>Start action : pb = new java.lang.ProcessBuilder(cmd)</message>
  <nestedLevel>1</nestedLevel>
  <escapedJava>false</escapedJava>
  <property name="startLine">48</property>
  <property name="stepIndex">7</property>
</record>
<record>
  <date>2026-06-07T22:59:20.117414500Z</date>
  <millis>1780873160117</millis>
  <nanos>414500</nanos>
  <sequence>295</sequence>
  <level>END</level>
  <class>com.kms.katalon.core.logging.XmlKeywordLogger</class>
  <method>endKeyword</method>
  <thread>1</thread>
  <message>End action : pb = new java.lang.ProcessBuilder(cmd)</message>
  <nestedLevel>1</nestedLevel>
  <escapedJava>false</escapedJava>
</record>
<record>
  <date>2026-06-07T22:59:20.117414500Z</date>
  <millis>1780873160117</millis>
  <nanos>414500</nanos>
  <sequence>296</sequence>
  <level>START</level>
  <class>com.kms.katalon.core.logging.XmlKeywordLogger</class>
  <method>startKeyword</method>
  <thread>1</thread>
  <message>Start action : pb.redirectInput(script)</message>
  <nestedLevel>1</nestedLevel>
  <escapedJava>false</escapedJava>
  <property name="startLine">49</property>
  <property name="stepIndex">8</property>
</record>
<record>
  <date>2026-06-07T22:59:20.118415200Z</date>
  <millis>1780873160118</millis>
  <nanos>415200</nanos>
  <sequence>297</sequence>
  <level>END</level>
  <class>com.kms.katalon.core.logging.XmlKeywordLogger</class>
  <method>endKeyword</method>
  <thread>1</thread>
  <message>End action : pb.redirectInput(script)</message>
  <nestedLevel>1</nestedLevel>
  <escapedJava>false</escapedJava>
</record>
<record>
  <date>2026-06-07T22:59:20.118415200Z</date>
  <millis>1780873160118</millis>
  <nanos>415200</nanos>
  <sequence>298</sequence>
  <level>START</level>
  <class>com.kms.katalon.core.logging.XmlKeywordLogger</class>
  <method>startKeyword</method>
  <thread>1</thread>
  <message>Start action : pb.redirectErrorStream(true)</message>
  <nestedLevel>1</nestedLevel>
  <escapedJava>false</escapedJava>
  <property name="startLine">50</property>
  <property name="stepIndex">9</property>
</record>
<record>
  <date>2026-06-07T22:59:20.118415200Z</date>
  <millis>1780873160118</millis>
  <nanos>415200</nanos>
  <sequence>299</sequence>
  <level>END</level>
  <class>com.kms.katalon.core.logging.XmlKeywordLogger</class>
  <method>endKeyword</method>
  <thread>1</thread>
  <message>End action : pb.redirectErrorStream(true)</message>
  <nestedLevel>1</nestedLevel>
  <escapedJava>false</escapedJava>
</record>
<record>
  <date>2026-06-07T22:59:20.118415200Z</date>
  <millis>1780873160118</millis>
  <nanos>415200</nanos>
  <sequence>300</sequence>
  <level>START</level>
  <class>com.kms.katalon.core.logging.XmlKeywordLogger</class>
  <method>startKeyword</method>
  <thread>1</thread>
  <message>Start action : pb.redirectOutput(log)</message>
  <nestedLevel>1</nestedLevel>
  <escapedJava>false</escapedJava>
  <property name="startLine">51</property>
  <property name="stepIndex">10</property>
</record>
<record>
  <date>2026-06-07T22:59:20.118415200Z</date>
  <millis>1780873160118</millis>
  <nanos>415200</nanos>
  <sequence>301</sequence>
  <level>END</level>
  <class>com.kms.katalon.core.logging.XmlKeywordLogger</class>
  <method>endKeyword</method>
  <thread>1</thread>
  <message>End action : pb.redirectOutput(log)</message>
  <nestedLevel>1</nestedLevel>
  <escapedJava>false</escapedJava>
</record>
<record>
  <date>2026-06-07T22:59:20.118415200Z</date>
  <millis>1780873160118</millis>
  <nanos>415200</nanos>
  <sequence>302</sequence>
  <level>START</level>
  <class>com.kms.katalon.core.logging.XmlKeywordLogger</class>
  <method>startKeyword</method>
  <thread>1</thread>
  <message>Start action : p = pb.start()</message>
  <nestedLevel>1</nestedLevel>
  <escapedJava>false</escapedJava>
  <property name="startLine">53</property>
  <property name="stepIndex">11</property>
</record>
<record>
  <date>2026-06-07T22:59:20.121413800Z</date>
  <millis>1780873160121</millis>
  <nanos>413800</nanos>
  <sequence>303</sequence>
  <level>END</level>
  <class>com.kms.katalon.core.logging.XmlKeywordLogger</class>
  <method>endKeyword</method>
  <thread>1</thread>
  <message>End action : p = pb.start()</message>
  <nestedLevel>1</nestedLevel>
  <escapedJava>false</escapedJava>
</record>
<record>
  <date>2026-06-07T22:59:20.121413800Z</date>
  <millis>1780873160121</millis>
  <nanos>413800</nanos>
  <sequence>304</sequence>
  <level>START</level>
  <class>com.kms.katalon.core.logging.XmlKeywordLogger</class>
  <method>startKeyword</method>
  <thread>1</thread>
  <message>Start action : finished = p.waitFor(20, SECONDS)</message>
  <nestedLevel>1</nestedLevel>
  <escapedJava>false</escapedJava>
  <property name="startLine">55</property>
  <property name="stepIndex">12</property>
</record>
<record>
  <date>2026-06-07T22:59:20.189939400Z</date>
  <millis>1780873160189</millis>
  <nanos>939400</nanos>
  <sequence>305</sequence>
  <level>END</level>
  <class>com.kms.katalon.core.logging.XmlKeywordLogger</class>
  <method>endKeyword</method>
  <thread>1</thread>
  <message>End action : finished = p.waitFor(20, SECONDS)</message>
  <nestedLevel>1</nestedLevel>
  <escapedJava>false</escapedJava>
</record>
<record>
  <date>2026-06-07T22:59:20.189939400Z</date>
  <millis>1780873160189</millis>
  <nanos>939400</nanos>
  <sequence>306</sequence>
  <level>START</level>
  <class>com.kms.katalon.core.logging.XmlKeywordLogger</class>
  <method>startKeyword</method>
  <thread>1</thread>
  <message>Start action : if (!(finished))</message>
  <nestedLevel>1</nestedLevel>
  <escapedJava>false</escapedJava>
  <property name="startLine">56</property>
  <property name="stepIndex">13</property>
</record>
<record>
  <date>2026-06-07T22:59:20.189939400Z</date>
  <millis>1780873160189</millis>
  <nanos>939400</nanos>
  <sequence>307</sequence>
  <level>END</level>
  <class>com.kms.katalon.core.logging.XmlKeywordLogger</class>
  <method>endKeyword</method>
  <thread>1</thread>
  <message>End action : if (!(finished))</message>
  <nestedLevel>1</nestedLevel>
  <escapedJava>false</escapedJava>
</record>
<record>
  <date>2026-06-07T22:59:20.189939400Z</date>
  <millis>1780873160189</millis>
  <nanos>939400</nanos>
  <sequence>308</sequence>
  <level>START</level>
  <class>com.kms.katalon.core.logging.XmlKeywordLogger</class>
  <method>startKeyword</method>
  <thread>1</thread>
  <message>Start action : code = p.exitValue()</message>
  <nestedLevel>1</nestedLevel>
  <escapedJava>false</escapedJava>
  <property name="startLine">62</property>
  <property name="stepIndex">14</property>
</record>
<record>
  <date>2026-06-07T22:59:20.189939400Z</date>
  <millis>1780873160189</millis>
  <nanos>939400</nanos>
  <sequence>309</sequence>
  <level>END</level>
  <class>com.kms.katalon.core.logging.XmlKeywordLogger</class>
  <method>endKeyword</method>
  <thread>1</thread>
  <message>End action : code = p.exitValue()</message>
  <nestedLevel>1</nestedLevel>
  <escapedJava>false</escapedJava>
</record>
<record>
  <date>2026-06-07T22:59:20.189939400Z</date>
  <millis>1780873160189</millis>
  <nanos>939400</nanos>
  <sequence>310</sequence>
  <level>START</level>
  <class>com.kms.katalon.core.logging.XmlKeywordLogger</class>
  <method>startKeyword</method>
  <thread>1</thread>
  <message>Start action : if (code != 0)</message>
  <nestedLevel>1</nestedLevel>
  <escapedJava>false</escapedJava>
  <property name="startLine">63</property>
  <property name="stepIndex">15</property>
</record>
<record>
  <date>2026-06-07T22:59:20.189939400Z</date>
  <millis>1780873160189</millis>
  <nanos>939400</nanos>
  <sequence>311</sequence>
  <level>END</level>
  <class>com.kms.katalon.core.logging.XmlKeywordLogger</class>
  <method>endKeyword</method>
  <thread>1</thread>
  <message>End action : if (code != 0)</message>
  <nestedLevel>1</nestedLevel>
  <escapedJava>false</escapedJava>
</record>
<record>
  <date>2026-06-07T22:59:20.189939400Z</date>
  <millis>1780873160189</millis>
  <nanos>939400</nanos>
  <sequence>312</sequence>
  <level>START</level>
  <class>com.kms.katalon.core.logging.XmlKeywordLogger</class>
  <method>startKeyword</method>
  <thread>1</thread>
  <message>Start action : else</message>
  <nestedLevel>1</nestedLevel>
  <escapedJava>false</escapedJava>
  <property name="startLine">67</property>
  <property name="stepIndex">16</property>
</record>
<record>
  <date>2026-06-07T22:59:20.189939400Z</date>
  <millis>1780873160189</millis>
  <nanos>939400</nanos>
  <sequence>313</sequence>
  <level>START</level>
  <class>com.kms.katalon.core.logging.XmlKeywordLogger</class>
  <method>startKeyword</method>
  <thread>1</thread>
  <message>Start action : logInfo(&amp;quot;Seed ripristinato prima di: &amp;quot; + context.getTestCaseId())</message>
  <nestedLevel>2</nestedLevel>
  <escapedJava>false</escapedJava>
  <property name="startLine">68</property>
  <property name="stepIndex">1</property>
</record>
<record>
  <date>2026-06-07T22:59:20.189939400Z</date>
  <millis>1780873160189</millis>
  <nanos>939400</nanos>
  <sequence>314</sequence>
  <level>INFO</level>
  <class>com.kms.katalon.core.logging.XmlKeywordLogger</class>
  <method>logMessage</method>
  <thread>1</thread>
  <message>Seed ripristinato prima di: Test Cases/Ordine/TC_6.1_3</message>
  <nestedLevel>1</nestedLevel>
  <escapedJava>false</escapedJava>
</record>
<record>
  <date>2026-06-07T22:59:20.189939400Z</date>
  <millis>1780873160189</millis>
  <nanos>939400</nanos>
  <sequence>316</sequence>
  <level>END</level>
  <class>com.kms.katalon.core.logging.XmlKeywordLogger</class>
  <method>endKeyword</method>
  <thread>1</thread>
  <message>End action : logInfo(&amp;quot;Seed ripristinato prima di: &amp;quot; + context.getTestCaseId())</message>
  <nestedLevel>2</nestedLevel>
  <escapedJava>false</escapedJava>
</record>
<record>
  <date>2026-06-07T22:59:20.189939400Z</date>
  <millis>1780873160189</millis>
  <nanos>939400</nanos>
  <sequence>317</sequence>
  <level>END</level>
  <class>com.kms.katalon.core.logging.XmlKeywordLogger</class>
  <method>endKeyword</method>
  <thread>1</thread>
  <message>End action : else</message>
  <nestedLevel>1</nestedLevel>
  <escapedJava>false</escapedJava>
</record>
<record>
  <date>2026-06-07T22:59:20.189939400Z</date>
  <millis>1780873160189</millis>
  <nanos>939400</nanos>
  <sequence>318</sequence>
  <level>END</level>
  <class>com.kms.katalon.core.logging.XmlKeywordLogger</class>
  <method>endKeyword</method>
  <thread>1</thread>
  <message>End listener action : resetSeedBeforeTestCase</message>
  <nestedLevel>1</nestedLevel>
  <escapedJava>false</escapedJava>
</record>
<record>
  <date>2026-06-07T22:59:20.237547600Z</date>
  <millis>1780873160237</millis>
  <nanos>547600</nanos>
  <sequence>319</sequence>
  <level>START</level>
  <class>com.kms.katalon.core.logging.XmlKeywordLogger</class>
  <method>startKeyword</method>
  <thread>1</thread>
  <message>Start action : openBrowser(&amp;quot;&amp;quot;)</message>
  <nestedLevel>1</nestedLevel>
  <escapedJava>false</escapedJava>
  <property name="startLine">15</property>
  <property name="stepIndex">1</property>
</record>
<record>
  <date>2026-06-07T22:59:20.239054Z</date>
  <millis>1780873160239</millis>
  <nanos>54000</nanos>
  <sequence>322</sequence>
  <level>WARNING</level>
  <class>com.kms.katalon.core.logging.XmlKeywordLogger</class>
  <method>logMessage</method>
  <thread>1</thread>
  <message>A browser is already opened. Closing browser and opening a new one</message>
  <nestedLevel>1</nestedLevel>
  <escapedJava>false</escapedJava>
</record>
<record>
  <date>2026-06-07T22:59:20.405579200Z</date>
  <millis>1780873160405</millis>
  <nanos>579200</nanos>
  <sequence>323</sequence>
  <level>INFO</level>
  <class>com.kms.katalon.core.logging.XmlKeywordLogger</class>
  <method>logMessage</method>
  <thread>1</thread>
  <message>Starting &amp;apos;Chrome&amp;apos; driver</message>
  <nestedLevel>1</nestedLevel>
  <escapedJava>false</escapedJava>
</record>
<record>
  <date>2026-06-07T22:59:20.407591500Z</date>
  <millis>1780873160407</millis>
  <nanos>591500</nanos>
  <sequence>324</sequence>
  <level>INFO</level>
  <class>com.kms.katalon.core.logging.XmlKeywordLogger</class>
  <method>logMessage</method>
  <thread>1</thread>
  <message>Action delay is set to 0 milliseconds</message>
  <nestedLevel>1</nestedLevel>
  <escapedJava>false</escapedJava>
</record>
<record>
  <date>2026-06-07T22:59:21.174901200Z</date>
  <millis>1780873161174</millis>
  <nanos>901200</nanos>
  <sequence>326</sequence>
  <level>RUN_DATA</level>
  <class>com.kms.katalon.core.logging.XmlKeywordLogger</class>
  <method>logMessage</method>
  <thread>1</thread>
  <message>sessionId = 9378bf197abde74a6dcf95f8b584bc80</message>
  <nestedLevel>1</nestedLevel>
  <escapedJava>false</escapedJava>
  <property name="sessionId">9378bf197abde74a6dcf95f8b584bc80</property>
</record>
<record>
  <date>2026-06-07T22:59:21.174901200Z</date>
  <millis>1780873161174</millis>
  <nanos>901200</nanos>
  <sequence>327</sequence>
  <level>RUN_DATA</level>
  <class>com.kms.katalon.core.logging.XmlKeywordLogger</class>
  <method>logMessage</method>
  <thread>1</thread>
  <message>browser = Chrome 148.0.7778.179</message>
  <nestedLevel>1</nestedLevel>
  <escapedJava>false</escapedJava>
  <property name="browser">Chrome 148.0.7778.179</property>
</record>
<record>
  <date>2026-06-07T22:59:21.175901800Z</date>
  <millis>1780873161175</millis>
  <nanos>901800</nanos>
  <sequence>328</sequence>
  <level>RUN_DATA</level>
  <class>com.kms.katalon.core.logging.XmlKeywordLogger</class>
  <method>logMessage</method>
  <thread>1</thread>
  <message>platform = Windows 11</message>
  <nestedLevel>1</nestedLevel>
  <escapedJava>false</escapedJava>
  <property name="platform">Windows 11</property>
</record>
<record>
  <date>2026-06-07T22:59:21.175901800Z</date>
  <millis>1780873161175</millis>
  <nanos>901800</nanos>
  <sequence>329</sequence>
  <level>RUN_DATA</level>
  <class>com.kms.katalon.core.logging.XmlKeywordLogger</class>
  <method>logMessage</method>
  <thread>1</thread>
  <message>seleniumVersion = 4.39.0</message>
  <nestedLevel>1</nestedLevel>
  <escapedJava>false</escapedJava>
  <property name="seleniumVersion">4.39.0</property>
</record>
<record>
  <date>2026-06-07T22:59:21.175901800Z</date>
  <millis>1780873161175</millis>
  <nanos>901800</nanos>
  <sequence>330</sequence>
  <level>RUN_DATA</level>
  <class>com.kms.katalon.core.logging.XmlKeywordLogger</class>
  <method>logMessage</method>
  <thread>1</thread>
  <message>proxyInformation = ProxyInformation { proxyOption=NO_PROXY, proxyServerType=HTTP, username=, password=********, proxyServerAddress=, proxyServerPort=0, executionList=&amp;quot;&amp;quot;, isApplyToDesiredCapabilities=true }</message>
  <nestedLevel>1</nestedLevel>
  <escapedJava>false</escapedJava>
  <property name="proxyInformation">ProxyInformation { proxyOption=NO_PROXY, proxyServerType=HTTP, username=, password=********, proxyServerAddress=, proxyServerPort=0, executionList=&quot;&quot;, isApplyToDesiredCapabilities=true }</property>
</record>
<record>
  <date>2026-06-07T22:59:21.187543700Z</date>
  <millis>1780873161187</millis>
  <nanos>543700</nanos>
  <sequence>331</sequence>
  <level>PASSED</level>
  <class>com.kms.katalon.core.logging.XmlKeywordLogger</class>
  <method>logMessage</method>
  <thread>1</thread>
  <message>Browser is opened with url: &amp;apos;&amp;apos;</message>
  <nestedLevel>1</nestedLevel>
  <escapedJava>false</escapedJava>
  <property name="testops-method-name">com.kms.katalon.core.webui.keyword.builtin.OpenBrowserKeyword.openBrowser</property>
  <property name="testops-execution-stacktrace"></property>
</record>
<record>
  <date>2026-06-07T22:59:21.187543700Z</date>
  <millis>1780873161187</millis>
  <nanos>543700</nanos>
  <sequence>332</sequence>
  <level>END</level>
  <class>com.kms.katalon.core.logging.XmlKeywordLogger</class>
  <method>endKeyword</method>
  <thread>1</thread>
  <message>End action : openBrowser(&amp;quot;&amp;quot;)</message>
  <nestedLevel>1</nestedLevel>
  <escapedJava>false</escapedJava>
</record>
<record>
  <date>2026-06-07T22:59:21.189050400Z</date>
  <millis>1780873161189</millis>
  <nanos>50400</nanos>
  <sequence>333</sequence>
  <level>START</level>
  <class>com.kms.katalon.core.logging.XmlKeywordLogger</class>
  <method>startKeyword</method>
  <thread>1</thread>
  <message>Start action : navigateToUrl(base + &amp;quot;SignForm.jsp&amp;quot;)</message>
  <nestedLevel>1</nestedLevel>
  <escapedJava>false</escapedJava>
  <property name="startLine">16</property>
  <property name="stepIndex">2</property>
</record>
<record>
  <date>2026-06-07T22:59:21.641428700Z</date>
  <millis>1780873161641</millis>
  <nanos>428700</nanos>
  <sequence>337</sequence>
  <level>PASSED</level>
  <class>com.kms.katalon.core.logging.XmlKeywordLogger</class>
  <method>logMessage</method>
  <thread>1</thread>
  <message>Navigate to &amp;apos;http://localhost:8080/Vaporant_IGES_war_exploded/SignForm.jsp&amp;apos; successfully</message>
  <nestedLevel>1</nestedLevel>
  <escapedJava>false</escapedJava>
  <property name="testops-method-name">com.kms.katalon.core.webui.keyword.builtin.NavigateToUrlKeyword.navigateToUrl</property>
  <property name="testops-execution-stacktrace"></property>
</record>
<record>
  <date>2026-06-07T22:59:21.642943100Z</date>
  <millis>1780873161642</millis>
  <nanos>943100</nanos>
  <sequence>338</sequence>
  <level>END</level>
  <class>com.kms.katalon.core.logging.XmlKeywordLogger</class>
  <method>endKeyword</method>
  <thread>1</thread>
  <message>End action : navigateToUrl(base + &amp;quot;SignForm.jsp&amp;quot;)</message>
  <nestedLevel>1</nestedLevel>
  <escapedJava>false</escapedJava>
</record>
<record>
  <date>2026-06-07T22:59:21.643450500Z</date>
  <millis>1780873161643</millis>
  <nanos>450500</nanos>
  <sequence>339</sequence>
  <level>START</level>
  <class>com.kms.katalon.core.logging.XmlKeywordLogger</class>
  <method>startKeyword</method>
  <thread>1</thread>
  <message>Start action : executeJavaScript(&amp;quot;document.getElementById(&amp;apos;nome&amp;apos;).value=&amp;apos;Cliente&amp;apos;;&amp;quot; + &amp;quot;document.getElementById(&amp;apos;cognome&amp;apos;).value=&amp;apos;SenzaIndirizzo&amp;apos;;&amp;quot; + &amp;quot;document.getElementById(&amp;apos;data_nascita&amp;apos;).value=&amp;apos;1999-01-01&amp;apos;;&amp;quot; + &amp;quot;document.getElementById(&amp;apos;codice_fiscale&amp;apos;).value=&amp;apos;CLTSNI99A01F839X&amp;apos;;&amp;quot; + &amp;quot;document.getElementById(&amp;apos;telefono&amp;apos;).value=&amp;apos;3310000001&amp;apos;;&amp;quot; + &amp;quot;document.getElementById(&amp;apos;email&amp;apos;).value=&amp;apos;nessun.indirizzo@example.com&amp;apos;;&amp;quot; + &amp;quot;document.getElementById(&amp;apos;password&amp;apos;).value=&amp;apos;Password1&amp;apos;;&amp;quot;, null)</message>
  <nestedLevel>1</nestedLevel>
  <escapedJava>false</escapedJava>
  <property name="startLine">17</property>
  <property name="stepIndex">3</property>
</record>
<record>
  <date>2026-06-07T22:59:21.667125Z</date>
  <millis>1780873161667</millis>
  <nanos>125000</nanos>
  <sequence>341</sequence>
  <level>PASSED</level>
  <class>com.kms.katalon.core.logging.XmlKeywordLogger</class>
  <method>logMessage</method>
  <thread>1</thread>
  <message>Execute JavaScript &amp;apos;document.getElementById(&amp;apos;nome&amp;apos;).value=&amp;apos;Cliente&amp;apos;;document.getElementById(&amp;apos;cognome&amp;apos;).value=&amp;apos;SenzaIndirizzo&amp;apos;;document.getElementById(&amp;apos;data_nascita&amp;apos;).value=&amp;apos;1999-01-01&amp;apos;;document.getElementById(&amp;apos;codice_fiscale&amp;apos;).value=&amp;apos;CLTSNI99A01F839X&amp;apos;;document.getElementById(&amp;apos;telefono&amp;apos;).value=&amp;apos;3310000001&amp;apos;;document.getElementById(&amp;apos;email&amp;apos;).value=&amp;apos;nessun.indirizzo@example.com&amp;apos;;document.getElementById(&amp;apos;password&amp;apos;).value=&amp;apos;Password1&amp;apos;;&amp;apos; successfully</message>
  <nestedLevel>1</nestedLevel>
  <escapedJava>false</escapedJava>
  <property name="testops-method-name">com.kms.katalon.core.webui.keyword.builtin.ExecuteJavaScriptKeyword.executeJavascript</property>
  <property name="testops-execution-stacktrace"></property>
</record>
<record>
  <date>2026-06-07T22:59:21.668589600Z</date>
  <millis>1780873161668</millis>
  <nanos>589600</nanos>
  <sequence>342</sequence>
  <level>END</level>
  <class>com.kms.katalon.core.logging.XmlKeywordLogger</class>
  <method>endKeyword</method>
  <thread>1</thread>
  <message>End action : executeJavaScript(&amp;quot;document.getElementById(&amp;apos;nome&amp;apos;).value=&amp;apos;Cliente&amp;apos;;&amp;quot; + &amp;quot;document.getElementById(&amp;apos;cognome&amp;apos;).value=&amp;apos;SenzaIndirizzo&amp;apos;;&amp;quot; + &amp;quot;document.getElementById(&amp;apos;data_nascita&amp;apos;).value=&amp;apos;1999-01-01&amp;apos;;&amp;quot; + &amp;quot;document.getElementById(&amp;apos;codice_fiscale&amp;apos;).value=&amp;apos;CLTSNI99A01F839X&amp;apos;;&amp;quot; + &amp;quot;document.getElementById(&amp;apos;telefono&amp;apos;).value=&amp;apos;3310000001&amp;apos;;&amp;quot; + &amp;quot;document.getElementById(&amp;apos;email&amp;apos;).value=&amp;apos;nessun.indirizzo@example.com&amp;apos;;&amp;quot; + &amp;quot;document.getElementById(&amp;apos;password&amp;apos;).value=&amp;apos;Password1&amp;apos;;&amp;quot;, null)</message>
  <nestedLevel>1</nestedLevel>
  <escapedJava>false</escapedJava>
</record>
<record>
  <date>2026-06-07T22:59:21.668589600Z</date>
  <millis>1780873161668</millis>
  <nanos>589600</nanos>
  <sequence>343</sequence>
  <level>START</level>
  <class>com.kms.katalon.core.logging.XmlKeywordLogger</class>
  <method>startKeyword</method>
  <thread>1</thread>
  <message>Start action : click(css(&amp;quot;#submit&amp;quot;))</message>
  <nestedLevel>1</nestedLevel>
  <escapedJava>false</escapedJava>
  <property name="startLine">24</property>
  <property name="stepIndex">4</property>
</record>
<record>
  <date>2026-06-07T22:59:21.671742200Z</date>
  <millis>1780873161671</millis>
  <nanos>742200</nanos>
  <sequence>344</sequence>
  <level>END</level>
  <class>com.kms.katalon.core.logging.XmlKeywordLogger</class>
  <method>endKeyword</method>
  <thread>1</thread>
  <message>End action : click(css(&amp;quot;#submit&amp;quot;))</message>
  <nestedLevel>1</nestedLevel>
  <escapedJava>false</escapedJava>
</record>
<record>
  <date>2026-06-07T22:59:21.672254600Z</date>
  <millis>1780873161672</millis>
  <nanos>254600</nanos>
  <sequence>345</sequence>
  <level>START</level>
  <class>com.kms.katalon.core.logging.XmlKeywordLogger</class>
  <method>startKeyword</method>
  <thread>1</thread>
  <message>Start action : t = new com.kms.katalon.core.testobject.TestObject(sel)</message>
  <nestedLevel>1</nestedLevel>
  <escapedJava>false</escapedJava>
  <property name="startLine">8</property>
  <property name="stepIndex">1</property>
</record>
<record>
  <date>2026-06-07T22:59:21.674527700Z</date>
  <millis>1780873161674</millis>
  <nanos>527700</nanos>
  <sequence>346</sequence>
  <level>END</level>
  <class>com.kms.katalon.core.logging.XmlKeywordLogger</class>
  <method>endKeyword</method>
  <thread>1</thread>
  <message>End action : t = new com.kms.katalon.core.testobject.TestObject(sel)</message>
  <nestedLevel>1</nestedLevel>
  <escapedJava>false</escapedJava>
</record>
<record>
  <date>2026-06-07T22:59:21.674527700Z</date>
  <millis>1780873161674</millis>
  <nanos>527700</nanos>
  <sequence>347</sequence>
  <level>START</level>
  <class>com.kms.katalon.core.logging.XmlKeywordLogger</class>
  <method>startKeyword</method>
  <thread>1</thread>
  <message>Start action : t.addProperty(&amp;quot;css&amp;quot;, EQUALS, sel)</message>
  <nestedLevel>1</nestedLevel>
  <escapedJava>false</escapedJava>
  <property name="startLine">9</property>
  <property name="stepIndex">2</property>
</record>
<record>
  <date>2026-06-07T22:59:21.676546Z</date>
  <millis>1780873161676</millis>
  <nanos>546000</nanos>
  <sequence>348</sequence>
  <level>END</level>
  <class>com.kms.katalon.core.logging.XmlKeywordLogger</class>
  <method>endKeyword</method>
  <thread>1</thread>
  <message>End action : t.addProperty(&amp;quot;css&amp;quot;, EQUALS, sel)</message>
  <nestedLevel>1</nestedLevel>
  <escapedJava>false</escapedJava>
</record>
<record>
  <date>2026-06-07T22:59:21.676546Z</date>
  <millis>1780873161676</millis>
  <nanos>546000</nanos>
  <sequence>349</sequence>
  <level>START</level>
  <class>com.kms.katalon.core.logging.XmlKeywordLogger</class>
  <method>startKeyword</method>
  <thread>1</thread>
  <message>Start action : return t</message>
  <nestedLevel>1</nestedLevel>
  <escapedJava>false</escapedJava>
  <property name="startLine">10</property>
  <property name="stepIndex">3</property>
</record>
<record>
  <date>2026-06-07T22:59:22.005419Z</date>
  <millis>1780873162005</millis>
  <nanos>419000</nanos>
  <sequence>359</sequence>
  <level>PASSED</level>
  <class>com.kms.katalon.core.logging.XmlKeywordLogger</class>
  <method>logMessage</method>
  <thread>1</thread>
  <message>Object: &amp;apos;#submit&amp;apos; is clicked on</message>
  <nestedLevel>1</nestedLevel>
  <escapedJava>false</escapedJava>
  <property name="testops-method-name">com.kms.katalon.core.webui.keyword.internal.WebUIKeywordMain.runKeywordUntilTimeout</property>
  <property name="testops-execution-stacktrace">com.kms.katalon.core.logging.KeywordLogger.logPassed(KeywordLogger.java:350)
com.kms.katalon.core.logging.KeywordLogger.logPassed(KeywordLogger.java:345)
com.kms.katalon.core.webui.keyword.builtin.ClickKeyword$_click_closure1.doCall(ClickKeyword.groovy:66)
java.base/jdk.internal.reflect.DirectMethodHandleAccessor.invoke(DirectMethodHandleAccessor.java:103)
jdk.proxy2/jdk.proxy2.$Proxy57.execute(Unknown Source)
com.kms.katalon.core.webui.model.SeleniumActionRetryController.performAction(SeleniumActionRetryController.java:96)
com.kms.katalon.core.webui.model.SeleniumActionRetryController.performAction(SeleniumActionRetryController.java:83)
com.kms.katalon.core.webui.keyword.internal.WebUIKeywordMain$_runKeywordUntilTimeout_closure1.doCall(WebUIKeywordMain.groovy:135)
com.kms.katalon.core.webui.keyword.internal.WebUIKeywordMain$_runKeywordUntilTimeout_closure1.call(WebUIKeywordMain.groovy)
com.kms.katalon.core.webui.keyword.internal.WebUIKeywordMain.runKeyword(WebUIKeywordMain.groovy:41)
com.kms.katalon.core.webui.keyword.internal.WebUIKeywordMain.runKeywordUntilTimeout(WebUIKeywordMain.groovy:133)
com.kms.katalon.core.webui.keyword.builtin.ClickKeyword.click(ClickKeyword.groovy:72)
com.kms.katalon.core.webui.keyword.builtin.ClickKeyword.execute(ClickKeyword.groovy:38)
com.kms.katalon.core.keyword.internal.KeywordExecutor.executeKeywordForPlatform(KeywordExecutor.groovy:103)
com.kms.katalon.core.webui.keyword.WebUiBuiltInKeywords.click(WebUiBuiltInKeywords.groovy:722)
Script178070060103.run(Script178070060103.groovy:24)
</property>
</record>
<record>
  <date>2026-06-07T22:59:22.006587400Z</date>
  <millis>1780873162006</millis>
  <nanos>587400</nanos>
  <sequence>360</sequence>
  <level>END</level>
  <class>com.kms.katalon.core.logging.XmlKeywordLogger</class>
  <method>endKeyword</method>
  <thread>1</thread>
  <message>End action : return t</message>
  <nestedLevel>1</nestedLevel>
  <escapedJava>false</escapedJava>
</record>
<record>
  <date>2026-06-07T22:59:22.006587400Z</date>
  <millis>1780873162006</millis>
  <nanos>587400</nanos>
  <sequence>361</sequence>
  <level>START</level>
  <class>com.kms.katalon.core.logging.XmlKeywordLogger</class>
  <method>startKeyword</method>
  <thread>1</thread>
  <message>Start action : delay(2)</message>
  <nestedLevel>1</nestedLevel>
  <escapedJava>false</escapedJava>
  <property name="startLine">25</property>
  <property name="stepIndex">5</property>
</record>
<record>
  <date>2026-06-07T22:59:24.008483Z</date>
  <millis>1780873164008</millis>
  <nanos>483000</nanos>
  <sequence>364</sequence>
  <level>PASSED</level>
  <class>com.kms.katalon.core.logging.XmlKeywordLogger</class>
  <method>logMessage</method>
  <thread>1</thread>
  <message>Delayed 2 second(s)</message>
  <nestedLevel>1</nestedLevel>
  <escapedJava>false</escapedJava>
  <property name="testops-method-name">com.kms.katalon.core.keyword.builtin.DelayKeyword.delay</property>
  <property name="testops-execution-stacktrace"></property>
</record>
<record>
  <date>2026-06-07T22:59:24.010394200Z</date>
  <millis>1780873164010</millis>
  <nanos>394200</nanos>
  <sequence>365</sequence>
  <level>END</level>
  <class>com.kms.katalon.core.logging.XmlKeywordLogger</class>
  <method>endKeyword</method>
  <thread>1</thread>
  <message>End action : delay(2)</message>
  <nestedLevel>1</nestedLevel>
  <escapedJava>false</escapedJava>
</record>
<record>
  <date>2026-06-07T22:59:24.010394200Z</date>
  <millis>1780873164010</millis>
  <nanos>394200</nanos>
  <sequence>366</sequence>
  <level>START</level>
  <class>com.kms.katalon.core.logging.XmlKeywordLogger</class>
  <method>startKeyword</method>
  <thread>1</thread>
  <message>Start action : setText(css(&amp;quot;#email&amp;quot;), &amp;quot;nessun.indirizzo@example.com&amp;quot;)</message>
  <nestedLevel>1</nestedLevel>
  <escapedJava>false</escapedJava>
  <property name="startLine">27</property>
  <property name="stepIndex">6</property>
</record>
<record>
  <date>2026-06-07T22:59:24.011901500Z</date>
  <millis>1780873164011</millis>
  <nanos>901500</nanos>
  <sequence>367</sequence>
  <level>END</level>
  <class>com.kms.katalon.core.logging.XmlKeywordLogger</class>
  <method>endKeyword</method>
  <thread>1</thread>
  <message>End action : setText(css(&amp;quot;#email&amp;quot;), &amp;quot;nessun.indirizzo@example.com&amp;quot;)</message>
  <nestedLevel>1</nestedLevel>
  <escapedJava>false</escapedJava>
</record>
<record>
  <date>2026-06-07T22:59:24.011901500Z</date>
  <millis>1780873164011</millis>
  <nanos>901500</nanos>
  <sequence>368</sequence>
  <level>START</level>
  <class>com.kms.katalon.core.logging.XmlKeywordLogger</class>
  <method>startKeyword</method>
  <thread>1</thread>
  <message>Start action : t = new com.kms.katalon.core.testobject.TestObject(sel)</message>
  <nestedLevel>1</nestedLevel>
  <escapedJava>false</escapedJava>
  <property name="startLine">8</property>
  <property name="stepIndex">1</property>
</record>
<record>
  <date>2026-06-07T22:59:24.013416300Z</date>
  <millis>1780873164013</millis>
  <nanos>416300</nanos>
  <sequence>369</sequence>
  <level>END</level>
  <class>com.kms.katalon.core.logging.XmlKeywordLogger</class>
  <method>endKeyword</method>
  <thread>1</thread>
  <message>End action : t = new com.kms.katalon.core.testobject.TestObject(sel)</message>
  <nestedLevel>1</nestedLevel>
  <escapedJava>false</escapedJava>
</record>
<record>
  <date>2026-06-07T22:59:24.013416300Z</date>
  <millis>1780873164013</millis>
  <nanos>416300</nanos>
  <sequence>370</sequence>
  <level>START</level>
  <class>com.kms.katalon.core.logging.XmlKeywordLogger</class>
  <method>startKeyword</method>
  <thread>1</thread>
  <message>Start action : t.addProperty(&amp;quot;css&amp;quot;, EQUALS, sel)</message>
  <nestedLevel>1</nestedLevel>
  <escapedJava>false</escapedJava>
  <property name="startLine">9</property>
  <property name="stepIndex">2</property>
</record>
<record>
  <date>2026-06-07T22:59:24.014421200Z</date>
  <millis>1780873164014</millis>
  <nanos>421200</nanos>
  <sequence>371</sequence>
  <level>END</level>
  <class>com.kms.katalon.core.logging.XmlKeywordLogger</class>
  <method>endKeyword</method>
  <thread>1</thread>
  <message>End action : t.addProperty(&amp;quot;css&amp;quot;, EQUALS, sel)</message>
  <nestedLevel>1</nestedLevel>
  <escapedJava>false</escapedJava>
</record>
<record>
  <date>2026-06-07T22:59:24.014932700Z</date>
  <millis>1780873164014</millis>
  <nanos>932700</nanos>
  <sequence>372</sequence>
  <level>START</level>
  <class>com.kms.katalon.core.logging.XmlKeywordLogger</class>
  <method>startKeyword</method>
  <thread>1</thread>
  <message>Start action : return t</message>
  <nestedLevel>1</nestedLevel>
  <escapedJava>false</escapedJava>
  <property name="startLine">10</property>
  <property name="stepIndex">3</property>
</record>
<record>
  <date>2026-06-07T22:59:24.618753300Z</date>
  <millis>1780873164618</millis>
  <nanos>753300</nanos>
  <sequence>385</sequence>
  <level>PASSED</level>
  <class>com.kms.katalon.core.logging.XmlKeywordLogger</class>
  <method>logMessage</method>
  <thread>1</thread>
  <message>Text &amp;apos;nessun.indirizzo@example.com&amp;apos; is set on object &amp;apos;#email&amp;apos;</message>
  <nestedLevel>1</nestedLevel>
  <escapedJava>false</escapedJava>
  <property name="testops-method-name">com.kms.katalon.core.webui.keyword.internal.WebUIKeywordMain.runKeywordUntilTimeout</property>
  <property name="testops-execution-stacktrace">com.kms.katalon.core.logging.KeywordLogger.logPassed(KeywordLogger.java:350)
com.kms.katalon.core.logging.KeywordLogger.logPassed(KeywordLogger.java:345)
com.kms.katalon.core.webui.keyword.builtin.SetTextKeyword$_setText_closure1.doCall(SetTextKeyword.groovy:99)
java.base/jdk.internal.reflect.DirectMethodHandleAccessor.invoke(DirectMethodHandleAccessor.java:103)
jdk.proxy2/jdk.proxy2.$Proxy57.execute(Unknown Source)
com.kms.katalon.core.webui.model.SeleniumActionRetryController.performAction(SeleniumActionRetryController.java:96)
com.kms.katalon.core.webui.model.SeleniumActionRetryController.performAction(SeleniumActionRetryController.java:83)
com.kms.katalon.core.webui.keyword.internal.WebUIKeywordMain$_runKeywordUntilTimeout_closure1.doCall(WebUIKeywordMain.groovy:135)
com.kms.katalon.core.webui.keyword.internal.WebUIKeywordMain$_runKeywordUntilTimeout_closure1.call(WebUIKeywordMain.groovy)
com.kms.katalon.core.webui.keyword.internal.WebUIKeywordMain.runKeyword(WebUIKeywordMain.groovy:41)
com.kms.katalon.core.webui.keyword.internal.WebUIKeywordMain.runKeywordUntilTimeout(WebUIKeywordMain.groovy:133)
com.kms.katalon.core.webui.keyword.builtin.SetTextKeyword.setText(SetTextKeyword.groovy:106)
com.kms.katalon.core.webui.keyword.builtin.SetTextKeyword.execute(SetTextKeyword.groovy:49)
com.kms.katalon.core.keyword.internal.KeywordExecutor.executeKeywordForPlatform(KeywordExecutor.groovy:103)
com.kms.katalon.core.webui.keyword.WebUiBuiltInKeywords.setText(WebUiBuiltInKeywords.groovy:1082)
Script178070060103.run(Script178070060103.groovy:27)
</property>
</record>
<record>
  <date>2026-06-07T22:59:24.619772700Z</date>
  <millis>1780873164619</millis>
  <nanos>772700</nanos>
  <sequence>386</sequence>
  <level>END</level>
  <class>com.kms.katalon.core.logging.XmlKeywordLogger</class>
  <method>endKeyword</method>
  <thread>1</thread>
  <message>End action : return t</message>
  <nestedLevel>1</nestedLevel>
  <escapedJava>false</escapedJava>
</record>
<record>
  <date>2026-06-07T22:59:24.619772700Z</date>
  <millis>1780873164619</millis>
  <nanos>772700</nanos>
  <sequence>387</sequence>
  <level>START</level>
  <class>com.kms.katalon.core.logging.XmlKeywordLogger</class>
  <method>startKeyword</method>
  <thread>1</thread>
  <message>Start action : setText(css(&amp;quot;#password&amp;quot;), &amp;quot;Password1&amp;quot;)</message>
  <nestedLevel>1</nestedLevel>
  <escapedJava>false</escapedJava>
  <property name="startLine">28</property>
  <property name="stepIndex">7</property>
</record>
<record>
  <date>2026-06-07T22:59:24.619772700Z</date>
  <millis>1780873164619</millis>
  <nanos>772700</nanos>
  <sequence>388</sequence>
  <level>END</level>
  <class>com.kms.katalon.core.logging.XmlKeywordLogger</class>
  <method>endKeyword</method>
  <thread>1</thread>
  <message>End action : setText(css(&amp;quot;#password&amp;quot;), &amp;quot;Password1&amp;quot;)</message>
  <nestedLevel>1</nestedLevel>
  <escapedJava>false</escapedJava>
</record>
<record>
  <date>2026-06-07T22:59:24.619772700Z</date>
  <millis>1780873164619</millis>
  <nanos>772700</nanos>
  <sequence>389</sequence>
  <level>START</level>
  <class>com.kms.katalon.core.logging.XmlKeywordLogger</class>
  <method>startKeyword</method>
  <thread>1</thread>
  <message>Start action : t = new com.kms.katalon.core.testobject.TestObject(sel)</message>
  <nestedLevel>1</nestedLevel>
  <escapedJava>false</escapedJava>
  <property name="startLine">8</property>
  <property name="stepIndex">1</property>
</record>
<record>
  <date>2026-06-07T22:59:24.619772700Z</date>
  <millis>1780873164619</millis>
  <nanos>772700</nanos>
  <sequence>390</sequence>
  <level>END</level>
  <class>com.kms.katalon.core.logging.XmlKeywordLogger</class>
  <method>endKeyword</method>
  <thread>1</thread>
  <message>End action : t = new com.kms.katalon.core.testobject.TestObject(sel)</message>
  <nestedLevel>1</nestedLevel>
  <escapedJava>false</escapedJava>
</record>
<record>
  <date>2026-06-07T22:59:24.619772700Z</date>
  <millis>1780873164619</millis>
  <nanos>772700</nanos>
  <sequence>391</sequence>
  <level>START</level>
  <class>com.kms.katalon.core.logging.XmlKeywordLogger</class>
  <method>startKeyword</method>
  <thread>1</thread>
  <message>Start action : t.addProperty(&amp;quot;css&amp;quot;, EQUALS, sel)</message>
  <nestedLevel>1</nestedLevel>
  <escapedJava>false</escapedJava>
  <property name="startLine">9</property>
  <property name="stepIndex">2</property>
</record>
<record>
  <date>2026-06-07T22:59:24.619772700Z</date>
  <millis>1780873164619</millis>
  <nanos>772700</nanos>
  <sequence>392</sequence>
  <level>END</level>
  <class>com.kms.katalon.core.logging.XmlKeywordLogger</class>
  <method>endKeyword</method>
  <thread>1</thread>
  <message>End action : t.addProperty(&amp;quot;css&amp;quot;, EQUALS, sel)</message>
  <nestedLevel>1</nestedLevel>
  <escapedJava>false</escapedJava>
</record>
<record>
  <date>2026-06-07T22:59:24.619772700Z</date>
  <millis>1780873164619</millis>
  <nanos>772700</nanos>
  <sequence>393</sequence>
  <level>START</level>
  <class>com.kms.katalon.core.logging.XmlKeywordLogger</class>
  <method>startKeyword</method>
  <thread>1</thread>
  <message>Start action : return t</message>
  <nestedLevel>1</nestedLevel>
  <escapedJava>false</escapedJava>
  <property name="startLine">10</property>
  <property name="stepIndex">3</property>
</record>
<record>
  <date>2026-06-07T22:59:25.186227400Z</date>
  <millis>1780873165186</millis>
  <nanos>227400</nanos>
  <sequence>406</sequence>
  <level>PASSED</level>
  <class>com.kms.katalon.core.logging.XmlKeywordLogger</class>
  <method>logMessage</method>
  <thread>1</thread>
  <message>Text &amp;apos;Password1&amp;apos; is set on object &amp;apos;#password&amp;apos;</message>
  <nestedLevel>1</nestedLevel>
  <escapedJava>false</escapedJava>
  <property name="testops-method-name">com.kms.katalon.core.webui.keyword.internal.WebUIKeywordMain.runKeywordUntilTimeout</property>
  <property name="testops-execution-stacktrace">com.kms.katalon.core.logging.KeywordLogger.logPassed(KeywordLogger.java:350)
com.kms.katalon.core.logging.KeywordLogger.logPassed(KeywordLogger.java:345)
com.kms.katalon.core.webui.keyword.builtin.SetTextKeyword$_setText_closure1.doCall(SetTextKeyword.groovy:99)
java.base/jdk.internal.reflect.DirectMethodHandleAccessor.invoke(DirectMethodHandleAccessor.java:103)
jdk.proxy2/jdk.proxy2.$Proxy57.execute(Unknown Source)
com.kms.katalon.core.webui.model.SeleniumActionRetryController.performAction(SeleniumActionRetryController.java:96)
com.kms.katalon.core.webui.model.SeleniumActionRetryController.performAction(SeleniumActionRetryController.java:83)
com.kms.katalon.core.webui.keyword.internal.WebUIKeywordMain$_runKeywordUntilTimeout_closure1.doCall(WebUIKeywordMain.groovy:135)
com.kms.katalon.core.webui.keyword.internal.WebUIKeywordMain$_runKeywordUntilTimeout_closure1.call(WebUIKeywordMain.groovy)
com.kms.katalon.core.webui.keyword.internal.WebUIKeywordMain.runKeyword(WebUIKeywordMain.groovy:41)
com.kms.katalon.core.webui.keyword.internal.WebUIKeywordMain.runKeywordUntilTimeout(WebUIKeywordMain.groovy:133)
com.kms.katalon.core.webui.keyword.builtin.SetTextKeyword.setText(SetTextKeyword.groovy:106)
com.kms.katalon.core.webui.keyword.builtin.SetTextKeyword.execute(SetTextKeyword.groovy:49)
com.kms.katalon.core.keyword.internal.KeywordExecutor.executeKeywordForPlatform(KeywordExecutor.groovy:103)
com.kms.katalon.core.webui.keyword.WebUiBuiltInKeywords.setText(WebUiBuiltInKeywords.groovy:1082)
Script178070060103.run(Script178070060103.groovy:28)
</property>
</record>
<record>
  <date>2026-06-07T22:59:25.186227400Z</date>
  <millis>1780873165186</millis>
  <nanos>227400</nanos>
  <sequence>407</sequence>
  <level>END</level>
  <class>com.kms.katalon.core.logging.XmlKeywordLogger</class>
  <method>endKeyword</method>
  <thread>1</thread>
  <message>End action : return t</message>
  <nestedLevel>1</nestedLevel>
  <escapedJava>false</escapedJava>
</record>
<record>
  <date>2026-06-07T22:59:25.187227300Z</date>
  <millis>1780873165187</millis>
  <nanos>227300</nanos>
  <sequence>408</sequence>
  <level>START</level>
  <class>com.kms.katalon.core.logging.XmlKeywordLogger</class>
  <method>startKeyword</method>
  <thread>1</thread>
  <message>Start action : click(css(&amp;quot;#submit&amp;quot;))</message>
  <nestedLevel>1</nestedLevel>
  <escapedJava>false</escapedJava>
  <property name="startLine">29</property>
  <property name="stepIndex">8</property>
</record>
<record>
  <date>2026-06-07T22:59:25.187227300Z</date>
  <millis>1780873165187</millis>
  <nanos>227300</nanos>
  <sequence>409</sequence>
  <level>END</level>
  <class>com.kms.katalon.core.logging.XmlKeywordLogger</class>
  <method>endKeyword</method>
  <thread>1</thread>
  <message>End action : click(css(&amp;quot;#submit&amp;quot;))</message>
  <nestedLevel>1</nestedLevel>
  <escapedJava>false</escapedJava>
</record>
<record>
  <date>2026-06-07T22:59:25.187227300Z</date>
  <millis>1780873165187</millis>
  <nanos>227300</nanos>
  <sequence>410</sequence>
  <level>START</level>
  <class>com.kms.katalon.core.logging.XmlKeywordLogger</class>
  <method>startKeyword</method>
  <thread>1</thread>
  <message>Start action : t = new com.kms.katalon.core.testobject.TestObject(sel)</message>
  <nestedLevel>1</nestedLevel>
  <escapedJava>false</escapedJava>
  <property name="startLine">8</property>
  <property name="stepIndex">1</property>
</record>
<record>
  <date>2026-06-07T22:59:25.187227300Z</date>
  <millis>1780873165187</millis>
  <nanos>227300</nanos>
  <sequence>411</sequence>
  <level>END</level>
  <class>com.kms.katalon.core.logging.XmlKeywordLogger</class>
  <method>endKeyword</method>
  <thread>1</thread>
  <message>End action : t = new com.kms.katalon.core.testobject.TestObject(sel)</message>
  <nestedLevel>1</nestedLevel>
  <escapedJava>false</escapedJava>
</record>
<record>
  <date>2026-06-07T22:59:25.187227300Z</date>
  <millis>1780873165187</millis>
  <nanos>227300</nanos>
  <sequence>412</sequence>
  <level>START</level>
  <class>com.kms.katalon.core.logging.XmlKeywordLogger</class>
  <method>startKeyword</method>
  <thread>1</thread>
  <message>Start action : t.addProperty(&amp;quot;css&amp;quot;, EQUALS, sel)</message>
  <nestedLevel>1</nestedLevel>
  <escapedJava>false</escapedJava>
  <property name="startLine">9</property>
  <property name="stepIndex">2</property>
</record>
<record>
  <date>2026-06-07T22:59:25.187227300Z</date>
  <millis>1780873165187</millis>
  <nanos>227300</nanos>
  <sequence>413</sequence>
  <level>END</level>
  <class>com.kms.katalon.core.logging.XmlKeywordLogger</class>
  <method>endKeyword</method>
  <thread>1</thread>
  <message>End action : t.addProperty(&amp;quot;css&amp;quot;, EQUALS, sel)</message>
  <nestedLevel>1</nestedLevel>
  <escapedJava>false</escapedJava>
</record>
<record>
  <date>2026-06-07T22:59:25.187227300Z</date>
  <millis>1780873165187</millis>
  <nanos>227300</nanos>
  <sequence>414</sequence>
  <level>START</level>
  <class>com.kms.katalon.core.logging.XmlKeywordLogger</class>
  <method>startKeyword</method>
  <thread>1</thread>
  <message>Start action : return t</message>
  <nestedLevel>1</nestedLevel>
  <escapedJava>false</escapedJava>
  <property name="startLine">10</property>
  <property name="stepIndex">3</property>
</record>
<record>
  <date>2026-06-07T22:59:25.464109300Z</date>
  <millis>1780873165464</millis>
  <nanos>109300</nanos>
  <sequence>424</sequence>
  <level>PASSED</level>
  <class>com.kms.katalon.core.logging.XmlKeywordLogger</class>
  <method>logMessage</method>
  <thread>1</thread>
  <message>Object: &amp;apos;#submit&amp;apos; is clicked on</message>
  <nestedLevel>1</nestedLevel>
  <escapedJava>false</escapedJava>
  <property name="testops-method-name">com.kms.katalon.core.webui.keyword.internal.WebUIKeywordMain.runKeywordUntilTimeout</property>
  <property name="testops-execution-stacktrace">com.kms.katalon.core.logging.KeywordLogger.logPassed(KeywordLogger.java:350)
com.kms.katalon.core.logging.KeywordLogger.logPassed(KeywordLogger.java:345)
com.kms.katalon.core.webui.keyword.builtin.ClickKeyword$_click_closure1.doCall(ClickKeyword.groovy:66)
java.base/jdk.internal.reflect.DirectMethodHandleAccessor.invoke(DirectMethodHandleAccessor.java:103)
jdk.proxy2/jdk.proxy2.$Proxy57.execute(Unknown Source)
com.kms.katalon.core.webui.model.SeleniumActionRetryController.performAction(SeleniumActionRetryController.java:96)
com.kms.katalon.core.webui.model.SeleniumActionRetryController.performAction(SeleniumActionRetryController.java:83)
com.kms.katalon.core.webui.keyword.internal.WebUIKeywordMain$_runKeywordUntilTimeout_closure1.doCall(WebUIKeywordMain.groovy:135)
com.kms.katalon.core.webui.keyword.internal.WebUIKeywordMain$_runKeywordUntilTimeout_closure1.call(WebUIKeywordMain.groovy)
com.kms.katalon.core.webui.keyword.internal.WebUIKeywordMain.runKeyword(WebUIKeywordMain.groovy:41)
com.kms.katalon.core.webui.keyword.internal.WebUIKeywordMain.runKeywordUntilTimeout(WebUIKeywordMain.groovy:133)
com.kms.katalon.core.webui.keyword.builtin.ClickKeyword.click(ClickKeyword.groovy:72)
com.kms.katalon.core.webui.keyword.builtin.ClickKeyword.execute(ClickKeyword.groovy:38)
com.kms.katalon.core.keyword.internal.KeywordExecutor.executeKeywordForPlatform(KeywordExecutor.groovy:103)
com.kms.katalon.core.webui.keyword.WebUiBuiltInKeywords.click(WebUiBuiltInKeywords.groovy:722)
Script178070060103.run(Script178070060103.groovy:29)
</property>
</record>
<record>
  <date>2026-06-07T22:59:25.465109100Z</date>
  <millis>1780873165465</millis>
  <nanos>109100</nanos>
  <sequence>425</sequence>
  <level>END</level>
  <class>com.kms.katalon.core.logging.XmlKeywordLogger</class>
  <method>endKeyword</method>
  <thread>1</thread>
  <message>End action : return t</message>
  <nestedLevel>1</nestedLevel>
  <escapedJava>false</escapedJava>
</record>
<record>
  <date>2026-06-07T22:59:25.465109100Z</date>
  <millis>1780873165465</millis>
  <nanos>109100</nanos>
  <sequence>426</sequence>
  <level>START</level>
  <class>com.kms.katalon.core.logging.XmlKeywordLogger</class>
  <method>startKeyword</method>
  <thread>1</thread>
  <message>Start action : delay(2)</message>
  <nestedLevel>1</nestedLevel>
  <escapedJava>false</escapedJava>
  <property name="startLine">30</property>
  <property name="stepIndex">9</property>
</record>
<record>
  <date>2026-06-07T22:59:27.472061200Z</date>
  <millis>1780873167472</millis>
  <nanos>61200</nanos>
  <sequence>429</sequence>
  <level>PASSED</level>
  <class>com.kms.katalon.core.logging.XmlKeywordLogger</class>
  <method>logMessage</method>
  <thread>1</thread>
  <message>Delayed 2 second(s)</message>
  <nestedLevel>1</nestedLevel>
  <escapedJava>false</escapedJava>
  <property name="testops-method-name">com.kms.katalon.core.keyword.builtin.DelayKeyword.delay</property>
  <property name="testops-execution-stacktrace"></property>
</record>
<record>
  <date>2026-06-07T22:59:27.473064400Z</date>
  <millis>1780873167473</millis>
  <nanos>64400</nanos>
  <sequence>430</sequence>
  <level>END</level>
  <class>com.kms.katalon.core.logging.XmlKeywordLogger</class>
  <method>endKeyword</method>
  <thread>1</thread>
  <message>End action : delay(2)</message>
  <nestedLevel>1</nestedLevel>
  <escapedJava>false</escapedJava>
</record>
<record>
  <date>2026-06-07T22:59:27.473064400Z</date>
  <millis>1780873167473</millis>
  <nanos>64400</nanos>
  <sequence>431</sequence>
  <level>START</level>
  <class>com.kms.katalon.core.logging.XmlKeywordLogger</class>
  <method>startKeyword</method>
  <thread>1</thread>
  <message>Start action : navigateToUrl(base + &amp;quot;cart?action=addC&amp;amp;id=2&amp;quot;)</message>
  <nestedLevel>1</nestedLevel>
  <escapedJava>false</escapedJava>
  <property name="startLine">32</property>
  <property name="stepIndex">10</property>
</record>
<record>
  <date>2026-06-07T22:59:27.589270600Z</date>
  <millis>1780873167589</millis>
  <nanos>270600</nanos>
  <sequence>435</sequence>
  <level>PASSED</level>
  <class>com.kms.katalon.core.logging.XmlKeywordLogger</class>
  <method>logMessage</method>
  <thread>1</thread>
  <message>Navigate to &amp;apos;http://localhost:8080/Vaporant_IGES_war_exploded/cart?action=addC&amp;amp;id=2&amp;apos; successfully</message>
  <nestedLevel>1</nestedLevel>
  <escapedJava>false</escapedJava>
  <property name="testops-method-name">com.kms.katalon.core.webui.keyword.builtin.NavigateToUrlKeyword.navigateToUrl</property>
  <property name="testops-execution-stacktrace"></property>
</record>
<record>
  <date>2026-06-07T22:59:27.590274100Z</date>
  <millis>1780873167590</millis>
  <nanos>274100</nanos>
  <sequence>436</sequence>
  <level>END</level>
  <class>com.kms.katalon.core.logging.XmlKeywordLogger</class>
  <method>endKeyword</method>
  <thread>1</thread>
  <message>End action : navigateToUrl(base + &amp;quot;cart?action=addC&amp;amp;id=2&amp;quot;)</message>
  <nestedLevel>1</nestedLevel>
  <escapedJava>false</escapedJava>
</record>
<record>
  <date>2026-06-07T22:59:27.590274100Z</date>
  <millis>1780873167590</millis>
  <nanos>274100</nanos>
  <sequence>437</sequence>
  <level>START</level>
  <class>com.kms.katalon.core.logging.XmlKeywordLogger</class>
  <method>startKeyword</method>
  <thread>1</thread>
  <message>Start action : delay(1)</message>
  <nestedLevel>1</nestedLevel>
  <escapedJava>false</escapedJava>
  <property name="startLine">33</property>
  <property name="stepIndex">11</property>
</record>
<record>
  <date>2026-06-07T22:59:28.607341100Z</date>
  <millis>1780873168607</millis>
  <nanos>341100</nanos>
  <sequence>440</sequence>
  <level>PASSED</level>
  <class>com.kms.katalon.core.logging.XmlKeywordLogger</class>
  <method>logMessage</method>
  <thread>1</thread>
  <message>Delayed 1 second(s)</message>
  <nestedLevel>1</nestedLevel>
  <escapedJava>false</escapedJava>
  <property name="testops-method-name">com.kms.katalon.core.keyword.builtin.DelayKeyword.delay</property>
  <property name="testops-execution-stacktrace"></property>
</record>
<record>
  <date>2026-06-07T22:59:28.608336800Z</date>
  <millis>1780873168608</millis>
  <nanos>336800</nanos>
  <sequence>441</sequence>
  <level>END</level>
  <class>com.kms.katalon.core.logging.XmlKeywordLogger</class>
  <method>endKeyword</method>
  <thread>1</thread>
  <message>End action : delay(1)</message>
  <nestedLevel>1</nestedLevel>
  <escapedJava>false</escapedJava>
</record>
<record>
  <date>2026-06-07T22:59:28.609337Z</date>
  <millis>1780873168609</millis>
  <nanos>337000</nanos>
  <sequence>442</sequence>
  <level>START</level>
  <class>com.kms.katalon.core.logging.XmlKeywordLogger</class>
  <method>startKeyword</method>
  <thread>1</thread>
  <message>Start action : navigateToUrl(base + &amp;quot;checkout.jsp&amp;quot;)</message>
  <nestedLevel>1</nestedLevel>
  <escapedJava>false</escapedJava>
  <property name="startLine">34</property>
  <property name="stepIndex">12</property>
</record>
<record>
  <date>2026-06-07T22:59:28.662183300Z</date>
  <millis>1780873168662</millis>
  <nanos>183300</nanos>
  <sequence>446</sequence>
  <level>PASSED</level>
  <class>com.kms.katalon.core.logging.XmlKeywordLogger</class>
  <method>logMessage</method>
  <thread>1</thread>
  <message>Navigate to &amp;apos;http://localhost:8080/Vaporant_IGES_war_exploded/checkout.jsp&amp;apos; successfully</message>
  <nestedLevel>1</nestedLevel>
  <escapedJava>false</escapedJava>
  <property name="testops-method-name">com.kms.katalon.core.webui.keyword.builtin.NavigateToUrlKeyword.navigateToUrl</property>
  <property name="testops-execution-stacktrace"></property>
</record>
<record>
  <date>2026-06-07T22:59:28.662183300Z</date>
  <millis>1780873168662</millis>
  <nanos>183300</nanos>
  <sequence>447</sequence>
  <level>END</level>
  <class>com.kms.katalon.core.logging.XmlKeywordLogger</class>
  <method>endKeyword</method>
  <thread>1</thread>
  <message>End action : navigateToUrl(base + &amp;quot;checkout.jsp&amp;quot;)</message>
  <nestedLevel>1</nestedLevel>
  <escapedJava>false</escapedJava>
</record>
<record>
  <date>2026-06-07T22:59:28.663343800Z</date>
  <millis>1780873168663</millis>
  <nanos>343800</nanos>
  <sequence>448</sequence>
  <level>START</level>
  <class>com.kms.katalon.core.logging.XmlKeywordLogger</class>
  <method>startKeyword</method>
  <thread>1</thread>
  <message>Start action : delay(2)</message>
  <nestedLevel>1</nestedLevel>
  <escapedJava>false</escapedJava>
  <property name="startLine">35</property>
  <property name="stepIndex">13</property>
</record>
<record>
  <date>2026-06-07T22:59:30.676387800Z</date>
  <millis>1780873170676</millis>
  <nanos>387800</nanos>
  <sequence>451</sequence>
  <level>PASSED</level>
  <class>com.kms.katalon.core.logging.XmlKeywordLogger</class>
  <method>logMessage</method>
  <thread>1</thread>
  <message>Delayed 2 second(s)</message>
  <nestedLevel>1</nestedLevel>
  <escapedJava>false</escapedJava>
  <property name="testops-method-name">com.kms.katalon.core.keyword.builtin.DelayKeyword.delay</property>
  <property name="testops-execution-stacktrace"></property>
</record>
<record>
  <date>2026-06-07T22:59:30.677385800Z</date>
  <millis>1780873170677</millis>
  <nanos>385800</nanos>
  <sequence>452</sequence>
  <level>END</level>
  <class>com.kms.katalon.core.logging.XmlKeywordLogger</class>
  <method>endKeyword</method>
  <thread>1</thread>
  <message>End action : delay(2)</message>
  <nestedLevel>1</nestedLevel>
  <escapedJava>false</escapedJava>
</record>
<record>
  <date>2026-06-07T22:59:30.677385800Z</date>
  <millis>1780873170677</millis>
  <nanos>385800</nanos>
  <sequence>453</sequence>
  <level>START</level>
  <class>com.kms.katalon.core.logging.XmlKeywordLogger</class>
  <method>startKeyword</method>
  <thread>1</thread>
  <message>Start action : takeScreenshot()</message>
  <nestedLevel>1</nestedLevel>
  <escapedJava>false</escapedJava>
  <property name="startLine">36</property>
  <property name="stepIndex">14</property>
</record>
<record>
  <date>2026-06-07T22:59:30.980619800Z</date>
  <millis>1780873170980</millis>
  <nanos>619800</nanos>
  <sequence>456</sequence>
  <level>PASSED</level>
  <class>com.kms.katalon.core.logging.XmlKeywordLogger</class>
  <method>logMessage</method>
  <thread>1</thread>
  <message>Taking screenshot successfully</message>
  <nestedLevel>1</nestedLevel>
  <escapedJava>false</escapedJava>
  <property name="attachment">1780873170678.png</property>
  <property name="testops-method-name">com.kms.katalon.core.webui.keyword.builtin.TakeScreenshotKeyword.takeScreenshot</property>
  <property name="testops-execution-stacktrace"></property>
</record>
<record>
  <date>2026-06-07T22:59:30.981131300Z</date>
  <millis>1780873170981</millis>
  <nanos>131300</nanos>
  <sequence>457</sequence>
  <level>END</level>
  <class>com.kms.katalon.core.logging.XmlKeywordLogger</class>
  <method>endKeyword</method>
  <thread>1</thread>
  <message>End action : takeScreenshot()</message>
  <nestedLevel>1</nestedLevel>
  <escapedJava>false</escapedJava>
</record>
<record>
  <date>2026-06-07T22:59:30.981131300Z</date>
  <millis>1780873170981</millis>
  <nanos>131300</nanos>
  <sequence>458</sequence>
  <level>START</level>
  <class>com.kms.katalon.core.logging.XmlKeywordLogger</class>
  <method>startKeyword</method>
  <thread>1</thread>
  <message>Start action : verifyTextPresent(&amp;quot;(?i)Aggiungi indirizzo&amp;quot;, true)</message>
  <nestedLevel>1</nestedLevel>
  <escapedJava>false</escapedJava>
  <property name="startLine">38</property>
  <property name="stepIndex">15</property>
</record>
<record>
  <date>2026-06-07T22:59:31.234366300Z</date>
  <millis>1780873171234</millis>
  <nanos>366300</nanos>
  <sequence>462</sequence>
  <level>PASSED</level>
  <class>com.kms.katalon.core.logging.XmlKeywordLogger</class>
  <method>logMessage</method>
  <thread>1</thread>
  <message>Text &amp;apos;(?i)Aggiungi indirizzo&amp;apos; is present on page  using regular expression</message>
  <nestedLevel>1</nestedLevel>
  <escapedJava>false</escapedJava>
  <property name="testops-is-assertion">true</property>
  <property name="testops-method-name">com.kms.katalon.core.webui.keyword.builtin.VerifyTextPresentKeyword.verifyTextPresent</property>
  <property name="testops-execution-stacktrace"></property>
</record>
<record>
  <date>2026-06-07T22:59:31.234366300Z</date>
  <millis>1780873171234</millis>
  <nanos>366300</nanos>
  <sequence>463</sequence>
  <level>END</level>
  <class>com.kms.katalon.core.logging.XmlKeywordLogger</class>
  <method>endKeyword</method>
  <thread>1</thread>
  <message>End action : verifyTextPresent(&amp;quot;(?i)Aggiungi indirizzo&amp;quot;, true)</message>
  <nestedLevel>1</nestedLevel>
  <escapedJava>false</escapedJava>
</record>
<record>
  <date>2026-06-07T22:59:31.234366300Z</date>
  <millis>1780873171234</millis>
  <nanos>366300</nanos>
  <sequence>464</sequence>
  <level>START</level>
  <class>com.kms.katalon.core.logging.XmlKeywordLogger</class>
  <method>startKeyword</method>
  <thread>1</thread>
  <message>Start action : closeBrowser()</message>
  <nestedLevel>1</nestedLevel>
  <escapedJava>false</escapedJava>
  <property name="startLine">39</property>
  <property name="stepIndex">16</property>
</record>
<record>
  <date>2026-06-07T22:59:31.405387800Z</date>
  <millis>1780873171405</millis>
  <nanos>387800</nanos>
  <sequence>467</sequence>
  <level>PASSED</level>
  <class>com.kms.katalon.core.logging.XmlKeywordLogger</class>
  <method>logMessage</method>
  <thread>1</thread>
  <message>Browser is closed</message>
  <nestedLevel>1</nestedLevel>
  <escapedJava>false</escapedJava>
  <property name="testops-method-name">com.kms.katalon.core.webui.keyword.builtin.CloseBrowserKeyword.closeBrowser</property>
  <property name="testops-execution-stacktrace"></property>
</record>
<record>
  <date>2026-06-07T22:59:31.405387800Z</date>
  <millis>1780873171405</millis>
  <nanos>387800</nanos>
  <sequence>468</sequence>
  <level>END</level>
  <class>com.kms.katalon.core.logging.XmlKeywordLogger</class>
  <method>endKeyword</method>
  <thread>1</thread>
  <message>End action : closeBrowser()</message>
  <nestedLevel>1</nestedLevel>
  <escapedJava>false</escapedJava>
</record>
<record>
  <date>2026-06-07T22:59:31.405387800Z</date>
  <millis>1780873171405</millis>
  <nanos>387800</nanos>
  <sequence>469</sequence>
  <level>PASSED</level>
  <class>com.kms.katalon.core.logging.XmlKeywordLogger</class>
  <method>logMessage</method>
  <thread>1</thread>
  <message>Test Cases/Ordine/TC_6.1_3</message>
  <nestedLevel>1</nestedLevel>
  <escapedJava>false</escapedJava>
</record>
<record>
  <date>2026-06-07T22:59:31.406392800Z</date>
  <millis>1780873171406</millis>
  <nanos>392800</nanos>
  <sequence>470</sequence>
  <level>END</level>
  <class>com.kms.katalon.core.logging.XmlKeywordLogger</class>
  <method>endTest</method>
  <thread>1</thread>
  <message>End Test Case : Test Cases/Ordine/TC_6.1_3</message>
  <nestedLevel>0</nestedLevel>
  <escapedJava>false</escapedJava>
  <property name="executionBindingVariables">[]</property>
  <property name="applitools">false</property>
  <property name="executedKeywords">{
  &quot;WebUI.closeBrowser&quot;: 1,
  &quot;WebUI.click&quot;: 2,
  &quot;WebUI.executeJavaScript&quot;: 1,
  &quot;WebUI.takeScreenshot&quot;: 1,
  &quot;WebUI.verifyTextPresent&quot;: 1,
  &quot;WebUI.navigateToUrl&quot;: 3,
  &quot;WebUI.openBrowser&quot;: 1,
  &quot;BuiltIn.delay&quot;: 4,
  &quot;WebUI.setText&quot;: 2
}</property>
  <property name="keywordsUsage">{
  &quot;web_ui&quot;: true,
  &quot;web_service&quot;: false,
  &quot;cucumber&quot;: false,
  &quot;builtin&quot;: true,
  &quot;mobile&quot;: false,
  &quot;windows&quot;: false,
  &quot;testng&quot;: false
}</property>
</record>
<record>
  <date>2026-06-07T22:59:31.409386100Z</date>
  <millis>1780873171409</millis>
  <nanos>386100</nanos>
  <sequence>471</sequence>
  <level>START</level>
  <class>com.kms.katalon.core.logging.XmlKeywordLogger</class>
  <method>startTest</method>
  <thread>1</thread>
  <message>Start Test Case : Test Cases/Ordine/TC_6.1_4</message>
  <nestedLevel>1</nestedLevel>
  <escapedJava>false</escapedJava>
  <property name="origin"></property>
  <property name="name">Test Cases/Ordine/TC_6.1_4</property>
  <property name="description">Checkout con carrello vuoto/assente (robustezza, incident atteso NPE/500)</property>
  <property name="iteration"></property>
  <property name="id">Test Cases/Ordine/TC_6.1_4</property>
  <property name="source">C:\Users\gianf\Documents\Vaporant-IGES\StorageSession\testing\katalon\Vaporant-Baseline\Test Cases\Ordine\TC_6.1_4.tc</property>
  <property name="tag"></property>
  <property name="isOptional">false</property>
  <property name="uuid">f272f4b1-0c9a-4f03-bb8b-ffe0f8a92292</property>
</record>
<record>
  <date>2026-06-07T22:59:31.418407900Z</date>
  <millis>1780873171418</millis>
  <nanos>407900</nanos>
  <sequence>473</sequence>
  <level>RUN_DATA</level>
  <class>com.kms.katalon.core.logging.XmlKeywordLogger</class>
  <method>logMessage</method>
  <thread>1</thread>
  <message>executionBindingVariables = []</message>
  <nestedLevel>1</nestedLevel>
  <escapedJava>false</escapedJava>
  <property name="executionBindingVariables">[]</property>
</record>
<record>
  <date>2026-06-07T22:59:31.418407900Z</date>
  <millis>1780873171418</millis>
  <nanos>407900</nanos>
  <sequence>474</sequence>
  <level>START</level>
  <class>com.kms.katalon.core.logging.XmlKeywordLogger</class>
  <method>startKeyword</method>
  <thread>1</thread>
  <message>Start listener action : resetSeedBeforeTestCase</message>
  <nestedLevel>1</nestedLevel>
  <escapedJava>false</escapedJava>
</record>
<record>
  <date>2026-06-07T22:59:31.419419300Z</date>
  <millis>1780873171419</millis>
  <nanos>419300</nanos>
  <sequence>476</sequence>
  <level>START</level>
  <class>com.kms.katalon.core.logging.XmlKeywordLogger</class>
  <method>startKeyword</method>
  <thread>1</thread>
  <message>Start action : if (resetSeed == false)</message>
  <nestedLevel>1</nestedLevel>
  <escapedJava>false</escapedJava>
  <property name="startLine">26</property>
  <property name="stepIndex">1</property>
</record>
<record>
  <date>2026-06-07T22:59:31.419419300Z</date>
  <millis>1780873171419</millis>
  <nanos>419300</nanos>
  <sequence>477</sequence>
  <level>END</level>
  <class>com.kms.katalon.core.logging.XmlKeywordLogger</class>
  <method>endKeyword</method>
  <thread>1</thread>
  <message>End action : if (resetSeed == false)</message>
  <nestedLevel>1</nestedLevel>
  <escapedJava>false</escapedJava>
</record>
<record>
  <date>2026-06-07T22:59:31.419419300Z</date>
  <millis>1780873171419</millis>
  <nanos>419300</nanos>
  <sequence>478</sequence>
  <level>START</level>
  <class>com.kms.katalon.core.logging.XmlKeywordLogger</class>
  <method>startKeyword</method>
  <thread>1</thread>
  <message>Start action : projectDir = getProjectDir()</message>
  <nestedLevel>1</nestedLevel>
  <escapedJava>false</escapedJava>
  <property name="startLine">30</property>
  <property name="stepIndex">2</property>
</record>
<record>
  <date>2026-06-07T22:59:31.419419300Z</date>
  <millis>1780873171419</millis>
  <nanos>419300</nanos>
  <sequence>479</sequence>
  <level>END</level>
  <class>com.kms.katalon.core.logging.XmlKeywordLogger</class>
  <method>endKeyword</method>
  <thread>1</thread>
  <message>End action : projectDir = getProjectDir()</message>
  <nestedLevel>1</nestedLevel>
  <escapedJava>false</escapedJava>
</record>
<record>
  <date>2026-06-07T22:59:31.419419300Z</date>
  <millis>1780873171419</millis>
  <nanos>419300</nanos>
  <sequence>480</sequence>
  <level>START</level>
  <class>com.kms.katalon.core.logging.XmlKeywordLogger</class>
  <method>startKeyword</method>
  <thread>1</thread>
  <message>Start action : script = new java.io.File(projectDir, Data Files/reset-seed.sql)</message>
  <nestedLevel>1</nestedLevel>
  <escapedJava>false</escapedJava>
  <property name="startLine">31</property>
  <property name="stepIndex">3</property>
</record>
<record>
  <date>2026-06-07T22:59:31.420511500Z</date>
  <millis>1780873171420</millis>
  <nanos>511500</nanos>
  <sequence>481</sequence>
  <level>END</level>
  <class>com.kms.katalon.core.logging.XmlKeywordLogger</class>
  <method>endKeyword</method>
  <thread>1</thread>
  <message>End action : script = new java.io.File(projectDir, Data Files/reset-seed.sql)</message>
  <nestedLevel>1</nestedLevel>
  <escapedJava>false</escapedJava>
</record>
<record>
  <date>2026-06-07T22:59:31.420511500Z</date>
  <millis>1780873171420</millis>
  <nanos>511500</nanos>
  <sequence>482</sequence>
  <level>START</level>
  <class>com.kms.katalon.core.logging.XmlKeywordLogger</class>
  <method>startKeyword</method>
  <thread>1</thread>
  <message>Start action : if (!(script.exists()))</message>
  <nestedLevel>1</nestedLevel>
  <escapedJava>false</escapedJava>
  <property name="startLine">33</property>
  <property name="stepIndex">4</property>
</record>
<record>
  <date>2026-06-07T22:59:31.421511600Z</date>
  <millis>1780873171421</millis>
  <nanos>511600</nanos>
  <sequence>483</sequence>
  <level>END</level>
  <class>com.kms.katalon.core.logging.XmlKeywordLogger</class>
  <method>endKeyword</method>
  <thread>1</thread>
  <message>End action : if (!(script.exists()))</message>
  <nestedLevel>1</nestedLevel>
  <escapedJava>false</escapedJava>
</record>
<record>
  <date>2026-06-07T22:59:31.421511600Z</date>
  <millis>1780873171421</millis>
  <nanos>511600</nanos>
  <sequence>484</sequence>
  <level>START</level>
  <class>com.kms.katalon.core.logging.XmlKeywordLogger</class>
  <method>startKeyword</method>
  <thread>1</thread>
  <message>Start action : cmd = [mysqlExe, &amp;quot;--user=&amp;quot; + dbUser, &amp;quot;--password=&amp;quot; + dbPass, dbName]</message>
  <nestedLevel>1</nestedLevel>
  <escapedJava>false</escapedJava>
  <property name="startLine">39</property>
  <property name="stepIndex">5</property>
</record>
<record>
  <date>2026-06-07T22:59:31.422014400Z</date>
  <millis>1780873171422</millis>
  <nanos>14400</nanos>
  <sequence>485</sequence>
  <level>END</level>
  <class>com.kms.katalon.core.logging.XmlKeywordLogger</class>
  <method>endKeyword</method>
  <thread>1</thread>
  <message>End action : cmd = [mysqlExe, &amp;quot;--user=&amp;quot; + dbUser, &amp;quot;--password=&amp;quot; + dbPass, dbName]</message>
  <nestedLevel>1</nestedLevel>
  <escapedJava>false</escapedJava>
</record>
<record>
  <date>2026-06-07T22:59:31.422014400Z</date>
  <millis>1780873171422</millis>
  <nanos>14400</nanos>
  <sequence>486</sequence>
  <level>START</level>
  <class>com.kms.katalon.core.logging.XmlKeywordLogger</class>
  <method>startKeyword</method>
  <thread>1</thread>
  <message>Start action : log = new java.io.File(java.lang.System.getProperty(java.io.tmpdir), seedreset.log)</message>
  <nestedLevel>1</nestedLevel>
  <escapedJava>false</escapedJava>
  <property name="startLine">46</property>
  <property name="stepIndex">6</property>
</record>
<record>
  <date>2026-06-07T22:59:31.422532800Z</date>
  <millis>1780873171422</millis>
  <nanos>532800</nanos>
  <sequence>487</sequence>
  <level>END</level>
  <class>com.kms.katalon.core.logging.XmlKeywordLogger</class>
  <method>endKeyword</method>
  <thread>1</thread>
  <message>End action : log = new java.io.File(java.lang.System.getProperty(java.io.tmpdir), seedreset.log)</message>
  <nestedLevel>1</nestedLevel>
  <escapedJava>false</escapedJava>
</record>
<record>
  <date>2026-06-07T22:59:31.422532800Z</date>
  <millis>1780873171422</millis>
  <nanos>532800</nanos>
  <sequence>488</sequence>
  <level>START</level>
  <class>com.kms.katalon.core.logging.XmlKeywordLogger</class>
  <method>startKeyword</method>
  <thread>1</thread>
  <message>Start action : pb = new java.lang.ProcessBuilder(cmd)</message>
  <nestedLevel>1</nestedLevel>
  <escapedJava>false</escapedJava>
  <property name="startLine">48</property>
  <property name="stepIndex">7</property>
</record>
<record>
  <date>2026-06-07T22:59:31.422532800Z</date>
  <millis>1780873171422</millis>
  <nanos>532800</nanos>
  <sequence>489</sequence>
  <level>END</level>
  <class>com.kms.katalon.core.logging.XmlKeywordLogger</class>
  <method>endKeyword</method>
  <thread>1</thread>
  <message>End action : pb = new java.lang.ProcessBuilder(cmd)</message>
  <nestedLevel>1</nestedLevel>
  <escapedJava>false</escapedJava>
</record>
<record>
  <date>2026-06-07T22:59:31.422532800Z</date>
  <millis>1780873171422</millis>
  <nanos>532800</nanos>
  <sequence>490</sequence>
  <level>START</level>
  <class>com.kms.katalon.core.logging.XmlKeywordLogger</class>
  <method>startKeyword</method>
  <thread>1</thread>
  <message>Start action : pb.redirectInput(script)</message>
  <nestedLevel>1</nestedLevel>
  <escapedJava>false</escapedJava>
  <property name="startLine">49</property>
  <property name="stepIndex">8</property>
</record>
<record>
  <date>2026-06-07T22:59:31.422532800Z</date>
  <millis>1780873171422</millis>
  <nanos>532800</nanos>
  <sequence>491</sequence>
  <level>END</level>
  <class>com.kms.katalon.core.logging.XmlKeywordLogger</class>
  <method>endKeyword</method>
  <thread>1</thread>
  <message>End action : pb.redirectInput(script)</message>
  <nestedLevel>1</nestedLevel>
  <escapedJava>false</escapedJava>
</record>
<record>
  <date>2026-06-07T22:59:31.422532800Z</date>
  <millis>1780873171422</millis>
  <nanos>532800</nanos>
  <sequence>492</sequence>
  <level>START</level>
  <class>com.kms.katalon.core.logging.XmlKeywordLogger</class>
  <method>startKeyword</method>
  <thread>1</thread>
  <message>Start action : pb.redirectErrorStream(true)</message>
  <nestedLevel>1</nestedLevel>
  <escapedJava>false</escapedJava>
  <property name="startLine">50</property>
  <property name="stepIndex">9</property>
</record>
<record>
  <date>2026-06-07T22:59:31.423540900Z</date>
  <millis>1780873171423</millis>
  <nanos>540900</nanos>
  <sequence>493</sequence>
  <level>END</level>
  <class>com.kms.katalon.core.logging.XmlKeywordLogger</class>
  <method>endKeyword</method>
  <thread>1</thread>
  <message>End action : pb.redirectErrorStream(true)</message>
  <nestedLevel>1</nestedLevel>
  <escapedJava>false</escapedJava>
</record>
<record>
  <date>2026-06-07T22:59:31.423540900Z</date>
  <millis>1780873171423</millis>
  <nanos>540900</nanos>
  <sequence>494</sequence>
  <level>START</level>
  <class>com.kms.katalon.core.logging.XmlKeywordLogger</class>
  <method>startKeyword</method>
  <thread>1</thread>
  <message>Start action : pb.redirectOutput(log)</message>
  <nestedLevel>1</nestedLevel>
  <escapedJava>false</escapedJava>
  <property name="startLine">51</property>
  <property name="stepIndex">10</property>
</record>
<record>
  <date>2026-06-07T22:59:31.423540900Z</date>
  <millis>1780873171423</millis>
  <nanos>540900</nanos>
  <sequence>495</sequence>
  <level>END</level>
  <class>com.kms.katalon.core.logging.XmlKeywordLogger</class>
  <method>endKeyword</method>
  <thread>1</thread>
  <message>End action : pb.redirectOutput(log)</message>
  <nestedLevel>1</nestedLevel>
  <escapedJava>false</escapedJava>
</record>
<record>
  <date>2026-06-07T22:59:31.423540900Z</date>
  <millis>1780873171423</millis>
  <nanos>540900</nanos>
  <sequence>496</sequence>
  <level>START</level>
  <class>com.kms.katalon.core.logging.XmlKeywordLogger</class>
  <method>startKeyword</method>
  <thread>1</thread>
  <message>Start action : p = pb.start()</message>
  <nestedLevel>1</nestedLevel>
  <escapedJava>false</escapedJava>
  <property name="startLine">53</property>
  <property name="stepIndex">11</property>
</record>
<record>
  <date>2026-06-07T22:59:31.426540100Z</date>
  <millis>1780873171426</millis>
  <nanos>540100</nanos>
  <sequence>497</sequence>
  <level>END</level>
  <class>com.kms.katalon.core.logging.XmlKeywordLogger</class>
  <method>endKeyword</method>
  <thread>1</thread>
  <message>End action : p = pb.start()</message>
  <nestedLevel>1</nestedLevel>
  <escapedJava>false</escapedJava>
</record>
<record>
  <date>2026-06-07T22:59:31.426540100Z</date>
  <millis>1780873171426</millis>
  <nanos>540100</nanos>
  <sequence>498</sequence>
  <level>START</level>
  <class>com.kms.katalon.core.logging.XmlKeywordLogger</class>
  <method>startKeyword</method>
  <thread>1</thread>
  <message>Start action : finished = p.waitFor(20, SECONDS)</message>
  <nestedLevel>1</nestedLevel>
  <escapedJava>false</escapedJava>
  <property name="startLine">55</property>
  <property name="stepIndex">12</property>
</record>
<record>
  <date>2026-06-07T22:59:31.489448500Z</date>
  <millis>1780873171489</millis>
  <nanos>448500</nanos>
  <sequence>499</sequence>
  <level>END</level>
  <class>com.kms.katalon.core.logging.XmlKeywordLogger</class>
  <method>endKeyword</method>
  <thread>1</thread>
  <message>End action : finished = p.waitFor(20, SECONDS)</message>
  <nestedLevel>1</nestedLevel>
  <escapedJava>false</escapedJava>
</record>
<record>
  <date>2026-06-07T22:59:31.489448500Z</date>
  <millis>1780873171489</millis>
  <nanos>448500</nanos>
  <sequence>500</sequence>
  <level>START</level>
  <class>com.kms.katalon.core.logging.XmlKeywordLogger</class>
  <method>startKeyword</method>
  <thread>1</thread>
  <message>Start action : if (!(finished))</message>
  <nestedLevel>1</nestedLevel>
  <escapedJava>false</escapedJava>
  <property name="startLine">56</property>
  <property name="stepIndex">13</property>
</record>
<record>
  <date>2026-06-07T22:59:31.489448500Z</date>
  <millis>1780873171489</millis>
  <nanos>448500</nanos>
  <sequence>501</sequence>
  <level>END</level>
  <class>com.kms.katalon.core.logging.XmlKeywordLogger</class>
  <method>endKeyword</method>
  <thread>1</thread>
  <message>End action : if (!(finished))</message>
  <nestedLevel>1</nestedLevel>
  <escapedJava>false</escapedJava>
</record>
<record>
  <date>2026-06-07T22:59:31.489448500Z</date>
  <millis>1780873171489</millis>
  <nanos>448500</nanos>
  <sequence>502</sequence>
  <level>START</level>
  <class>com.kms.katalon.core.logging.XmlKeywordLogger</class>
  <method>startKeyword</method>
  <thread>1</thread>
  <message>Start action : code = p.exitValue()</message>
  <nestedLevel>1</nestedLevel>
  <escapedJava>false</escapedJava>
  <property name="startLine">62</property>
  <property name="stepIndex">14</property>
</record>
<record>
  <date>2026-06-07T22:59:31.489448500Z</date>
  <millis>1780873171489</millis>
  <nanos>448500</nanos>
  <sequence>503</sequence>
  <level>END</level>
  <class>com.kms.katalon.core.logging.XmlKeywordLogger</class>
  <method>endKeyword</method>
  <thread>1</thread>
  <message>End action : code = p.exitValue()</message>
  <nestedLevel>1</nestedLevel>
  <escapedJava>false</escapedJava>
</record>
<record>
  <date>2026-06-07T22:59:31.489448500Z</date>
  <millis>1780873171489</millis>
  <nanos>448500</nanos>
  <sequence>504</sequence>
  <level>START</level>
  <class>com.kms.katalon.core.logging.XmlKeywordLogger</class>
  <method>startKeyword</method>
  <thread>1</thread>
  <message>Start action : if (code != 0)</message>
  <nestedLevel>1</nestedLevel>
  <escapedJava>false</escapedJava>
  <property name="startLine">63</property>
  <property name="stepIndex">15</property>
</record>
<record>
  <date>2026-06-07T22:59:31.489448500Z</date>
  <millis>1780873171489</millis>
  <nanos>448500</nanos>
  <sequence>505</sequence>
  <level>END</level>
  <class>com.kms.katalon.core.logging.XmlKeywordLogger</class>
  <method>endKeyword</method>
  <thread>1</thread>
  <message>End action : if (code != 0)</message>
  <nestedLevel>1</nestedLevel>
  <escapedJava>false</escapedJava>
</record>
<record>
  <date>2026-06-07T22:59:31.489448500Z</date>
  <millis>1780873171489</millis>
  <nanos>448500</nanos>
  <sequence>506</sequence>
  <level>START</level>
  <class>com.kms.katalon.core.logging.XmlKeywordLogger</class>
  <method>startKeyword</method>
  <thread>1</thread>
  <message>Start action : else</message>
  <nestedLevel>1</nestedLevel>
  <escapedJava>false</escapedJava>
  <property name="startLine">67</property>
  <property name="stepIndex">16</property>
</record>
<record>
  <date>2026-06-07T22:59:31.490453400Z</date>
  <millis>1780873171490</millis>
  <nanos>453400</nanos>
  <sequence>507</sequence>
  <level>START</level>
  <class>com.kms.katalon.core.logging.XmlKeywordLogger</class>
  <method>startKeyword</method>
  <thread>1</thread>
  <message>Start action : logInfo(&amp;quot;Seed ripristinato prima di: &amp;quot; + context.getTestCaseId())</message>
  <nestedLevel>2</nestedLevel>
  <escapedJava>false</escapedJava>
  <property name="startLine">68</property>
  <property name="stepIndex">1</property>
</record>
<record>
  <date>2026-06-07T22:59:31.490453400Z</date>
  <millis>1780873171490</millis>
  <nanos>453400</nanos>
  <sequence>508</sequence>
  <level>INFO</level>
  <class>com.kms.katalon.core.logging.XmlKeywordLogger</class>
  <method>logMessage</method>
  <thread>1</thread>
  <message>Seed ripristinato prima di: Test Cases/Ordine/TC_6.1_4</message>
  <nestedLevel>1</nestedLevel>
  <escapedJava>false</escapedJava>
</record>
<record>
  <date>2026-06-07T22:59:31.490453400Z</date>
  <millis>1780873171490</millis>
  <nanos>453400</nanos>
  <sequence>510</sequence>
  <level>END</level>
  <class>com.kms.katalon.core.logging.XmlKeywordLogger</class>
  <method>endKeyword</method>
  <thread>1</thread>
  <message>End action : logInfo(&amp;quot;Seed ripristinato prima di: &amp;quot; + context.getTestCaseId())</message>
  <nestedLevel>2</nestedLevel>
  <escapedJava>false</escapedJava>
</record>
<record>
  <date>2026-06-07T22:59:31.490453400Z</date>
  <millis>1780873171490</millis>
  <nanos>453400</nanos>
  <sequence>511</sequence>
  <level>END</level>
  <class>com.kms.katalon.core.logging.XmlKeywordLogger</class>
  <method>endKeyword</method>
  <thread>1</thread>
  <message>End action : else</message>
  <nestedLevel>1</nestedLevel>
  <escapedJava>false</escapedJava>
</record>
<record>
  <date>2026-06-07T22:59:31.490453400Z</date>
  <millis>1780873171490</millis>
  <nanos>453400</nanos>
  <sequence>512</sequence>
  <level>END</level>
  <class>com.kms.katalon.core.logging.XmlKeywordLogger</class>
  <method>endKeyword</method>
  <thread>1</thread>
  <message>End listener action : resetSeedBeforeTestCase</message>
  <nestedLevel>1</nestedLevel>
  <escapedJava>false</escapedJava>
</record>
<record>
  <date>2026-06-07T22:59:31.542251Z</date>
  <millis>1780873171542</millis>
  <nanos>251000</nanos>
  <sequence>513</sequence>
  <level>START</level>
  <class>com.kms.katalon.core.logging.XmlKeywordLogger</class>
  <method>startKeyword</method>
  <thread>1</thread>
  <message>Start action : openBrowser(&amp;quot;&amp;quot;)</message>
  <nestedLevel>1</nestedLevel>
  <escapedJava>false</escapedJava>
  <property name="startLine">15</property>
  <property name="stepIndex">1</property>
</record>
<record>
  <date>2026-06-07T22:59:31.543347400Z</date>
  <millis>1780873171543</millis>
  <nanos>347400</nanos>
  <sequence>516</sequence>
  <level>INFO</level>
  <class>com.kms.katalon.core.logging.XmlKeywordLogger</class>
  <method>logMessage</method>
  <thread>1</thread>
  <message>Starting &amp;apos;Chrome&amp;apos; driver</message>
  <nestedLevel>1</nestedLevel>
  <escapedJava>false</escapedJava>
</record>
<record>
  <date>2026-06-07T22:59:31.544351300Z</date>
  <millis>1780873171544</millis>
  <nanos>351300</nanos>
  <sequence>517</sequence>
  <level>INFO</level>
  <class>com.kms.katalon.core.logging.XmlKeywordLogger</class>
  <method>logMessage</method>
  <thread>1</thread>
  <message>Action delay is set to 0 milliseconds</message>
  <nestedLevel>1</nestedLevel>
  <escapedJava>false</escapedJava>
</record>
<record>
  <date>2026-06-07T22:59:32.297192400Z</date>
  <millis>1780873172297</millis>
  <nanos>192400</nanos>
  <sequence>519</sequence>
  <level>RUN_DATA</level>
  <class>com.kms.katalon.core.logging.XmlKeywordLogger</class>
  <method>logMessage</method>
  <thread>1</thread>
  <message>sessionId = 59009d5ba4c149a2965c0dc696a76a2f</message>
  <nestedLevel>1</nestedLevel>
  <escapedJava>false</escapedJava>
  <property name="sessionId">59009d5ba4c149a2965c0dc696a76a2f</property>
</record>
<record>
  <date>2026-06-07T22:59:32.297192400Z</date>
  <millis>1780873172297</millis>
  <nanos>192400</nanos>
  <sequence>520</sequence>
  <level>RUN_DATA</level>
  <class>com.kms.katalon.core.logging.XmlKeywordLogger</class>
  <method>logMessage</method>
  <thread>1</thread>
  <message>browser = Chrome 148.0.7778.179</message>
  <nestedLevel>1</nestedLevel>
  <escapedJava>false</escapedJava>
  <property name="browser">Chrome 148.0.7778.179</property>
</record>
<record>
  <date>2026-06-07T22:59:32.297192400Z</date>
  <millis>1780873172297</millis>
  <nanos>192400</nanos>
  <sequence>521</sequence>
  <level>RUN_DATA</level>
  <class>com.kms.katalon.core.logging.XmlKeywordLogger</class>
  <method>logMessage</method>
  <thread>1</thread>
  <message>platform = Windows 11</message>
  <nestedLevel>1</nestedLevel>
  <escapedJava>false</escapedJava>
  <property name="platform">Windows 11</property>
</record>
<record>
  <date>2026-06-07T22:59:32.297192400Z</date>
  <millis>1780873172297</millis>
  <nanos>192400</nanos>
  <sequence>522</sequence>
  <level>RUN_DATA</level>
  <class>com.kms.katalon.core.logging.XmlKeywordLogger</class>
  <method>logMessage</method>
  <thread>1</thread>
  <message>seleniumVersion = 4.39.0</message>
  <nestedLevel>1</nestedLevel>
  <escapedJava>false</escapedJava>
  <property name="seleniumVersion">4.39.0</property>
</record>
<record>
  <date>2026-06-07T22:59:32.298189600Z</date>
  <millis>1780873172298</millis>
  <nanos>189600</nanos>
  <sequence>523</sequence>
  <level>RUN_DATA</level>
  <class>com.kms.katalon.core.logging.XmlKeywordLogger</class>
  <method>logMessage</method>
  <thread>1</thread>
  <message>proxyInformation = ProxyInformation { proxyOption=NO_PROXY, proxyServerType=HTTP, username=, password=********, proxyServerAddress=, proxyServerPort=0, executionList=&amp;quot;&amp;quot;, isApplyToDesiredCapabilities=true }</message>
  <nestedLevel>1</nestedLevel>
  <escapedJava>false</escapedJava>
  <property name="proxyInformation">ProxyInformation { proxyOption=NO_PROXY, proxyServerType=HTTP, username=, password=********, proxyServerAddress=, proxyServerPort=0, executionList=&quot;&quot;, isApplyToDesiredCapabilities=true }</property>
</record>
<record>
  <date>2026-06-07T22:59:32.305455400Z</date>
  <millis>1780873172305</millis>
  <nanos>455400</nanos>
  <sequence>524</sequence>
  <level>PASSED</level>
  <class>com.kms.katalon.core.logging.XmlKeywordLogger</class>
  <method>logMessage</method>
  <thread>1</thread>
  <message>Browser is opened with url: &amp;apos;&amp;apos;</message>
  <nestedLevel>1</nestedLevel>
  <escapedJava>false</escapedJava>
  <property name="testops-method-name">com.kms.katalon.core.webui.keyword.builtin.OpenBrowserKeyword.openBrowser</property>
  <property name="testops-execution-stacktrace"></property>
</record>
<record>
  <date>2026-06-07T22:59:32.306449Z</date>
  <millis>1780873172306</millis>
  <nanos>449000</nanos>
  <sequence>525</sequence>
  <level>END</level>
  <class>com.kms.katalon.core.logging.XmlKeywordLogger</class>
  <method>endKeyword</method>
  <thread>1</thread>
  <message>End action : openBrowser(&amp;quot;&amp;quot;)</message>
  <nestedLevel>1</nestedLevel>
  <escapedJava>false</escapedJava>
</record>
<record>
  <date>2026-06-07T22:59:32.306449Z</date>
  <millis>1780873172306</millis>
  <nanos>449000</nanos>
  <sequence>526</sequence>
  <level>START</level>
  <class>com.kms.katalon.core.logging.XmlKeywordLogger</class>
  <method>startKeyword</method>
  <thread>1</thread>
  <message>Start action : navigateToUrl(base + &amp;quot;loginForm.jsp&amp;quot;)</message>
  <nestedLevel>1</nestedLevel>
  <escapedJava>false</escapedJava>
  <property name="startLine">16</property>
  <property name="stepIndex">2</property>
</record>
<record>
  <date>2026-06-07T22:59:32.685739800Z</date>
  <millis>1780873172685</millis>
  <nanos>739800</nanos>
  <sequence>530</sequence>
  <level>PASSED</level>
  <class>com.kms.katalon.core.logging.XmlKeywordLogger</class>
  <method>logMessage</method>
  <thread>1</thread>
  <message>Navigate to &amp;apos;http://localhost:8080/Vaporant_IGES_war_exploded/loginForm.jsp&amp;apos; successfully</message>
  <nestedLevel>1</nestedLevel>
  <escapedJava>false</escapedJava>
  <property name="testops-method-name">com.kms.katalon.core.webui.keyword.builtin.NavigateToUrlKeyword.navigateToUrl</property>
  <property name="testops-execution-stacktrace"></property>
</record>
<record>
  <date>2026-06-07T22:59:32.685739800Z</date>
  <millis>1780873172685</millis>
  <nanos>739800</nanos>
  <sequence>531</sequence>
  <level>END</level>
  <class>com.kms.katalon.core.logging.XmlKeywordLogger</class>
  <method>endKeyword</method>
  <thread>1</thread>
  <message>End action : navigateToUrl(base + &amp;quot;loginForm.jsp&amp;quot;)</message>
  <nestedLevel>1</nestedLevel>
  <escapedJava>false</escapedJava>
</record>
<record>
  <date>2026-06-07T22:59:32.685739800Z</date>
  <millis>1780873172685</millis>
  <nanos>739800</nanos>
  <sequence>532</sequence>
  <level>START</level>
  <class>com.kms.katalon.core.logging.XmlKeywordLogger</class>
  <method>startKeyword</method>
  <thread>1</thread>
  <message>Start action : setText(css(&amp;quot;#email&amp;quot;), &amp;quot;t.mansi@studenti.unisa.it&amp;quot;)</message>
  <nestedLevel>1</nestedLevel>
  <escapedJava>false</escapedJava>
  <property name="startLine">17</property>
  <property name="stepIndex">3</property>
</record>
<record>
  <date>2026-06-07T22:59:32.688752600Z</date>
  <millis>1780873172688</millis>
  <nanos>752600</nanos>
  <sequence>533</sequence>
  <level>END</level>
  <class>com.kms.katalon.core.logging.XmlKeywordLogger</class>
  <method>endKeyword</method>
  <thread>1</thread>
  <message>End action : setText(css(&amp;quot;#email&amp;quot;), &amp;quot;t.mansi@studenti.unisa.it&amp;quot;)</message>
  <nestedLevel>1</nestedLevel>
  <escapedJava>false</escapedJava>
</record>
<record>
  <date>2026-06-07T22:59:32.688752600Z</date>
  <millis>1780873172688</millis>
  <nanos>752600</nanos>
  <sequence>534</sequence>
  <level>START</level>
  <class>com.kms.katalon.core.logging.XmlKeywordLogger</class>
  <method>startKeyword</method>
  <thread>1</thread>
  <message>Start action : t = new com.kms.katalon.core.testobject.TestObject(sel)</message>
  <nestedLevel>1</nestedLevel>
  <escapedJava>false</escapedJava>
  <property name="startLine">9</property>
  <property name="stepIndex">1</property>
</record>
<record>
  <date>2026-06-07T22:59:32.691272500Z</date>
  <millis>1780873172691</millis>
  <nanos>272500</nanos>
  <sequence>535</sequence>
  <level>END</level>
  <class>com.kms.katalon.core.logging.XmlKeywordLogger</class>
  <method>endKeyword</method>
  <thread>1</thread>
  <message>End action : t = new com.kms.katalon.core.testobject.TestObject(sel)</message>
  <nestedLevel>1</nestedLevel>
  <escapedJava>false</escapedJava>
</record>
<record>
  <date>2026-06-07T22:59:32.691272500Z</date>
  <millis>1780873172691</millis>
  <nanos>272500</nanos>
  <sequence>536</sequence>
  <level>START</level>
  <class>com.kms.katalon.core.logging.XmlKeywordLogger</class>
  <method>startKeyword</method>
  <thread>1</thread>
  <message>Start action : t.addProperty(&amp;quot;css&amp;quot;, EQUALS, sel)</message>
  <nestedLevel>1</nestedLevel>
  <escapedJava>false</escapedJava>
  <property name="startLine">10</property>
  <property name="stepIndex">2</property>
</record>
<record>
  <date>2026-06-07T22:59:32.691272500Z</date>
  <millis>1780873172691</millis>
  <nanos>272500</nanos>
  <sequence>537</sequence>
  <level>END</level>
  <class>com.kms.katalon.core.logging.XmlKeywordLogger</class>
  <method>endKeyword</method>
  <thread>1</thread>
  <message>End action : t.addProperty(&amp;quot;css&amp;quot;, EQUALS, sel)</message>
  <nestedLevel>1</nestedLevel>
  <escapedJava>false</escapedJava>
</record>
<record>
  <date>2026-06-07T22:59:32.692744800Z</date>
  <millis>1780873172692</millis>
  <nanos>744800</nanos>
  <sequence>538</sequence>
  <level>START</level>
  <class>com.kms.katalon.core.logging.XmlKeywordLogger</class>
  <method>startKeyword</method>
  <thread>1</thread>
  <message>Start action : return t</message>
  <nestedLevel>1</nestedLevel>
  <escapedJava>false</escapedJava>
  <property name="startLine">11</property>
  <property name="stepIndex">3</property>
</record>
<record>
  <date>2026-06-07T22:59:33.249866400Z</date>
  <millis>1780873173249</millis>
  <nanos>866400</nanos>
  <sequence>551</sequence>
  <level>PASSED</level>
  <class>com.kms.katalon.core.logging.XmlKeywordLogger</class>
  <method>logMessage</method>
  <thread>1</thread>
  <message>Text &amp;apos;t.mansi@studenti.unisa.it&amp;apos; is set on object &amp;apos;#email&amp;apos;</message>
  <nestedLevel>1</nestedLevel>
  <escapedJava>false</escapedJava>
  <property name="testops-method-name">com.kms.katalon.core.webui.keyword.internal.WebUIKeywordMain.runKeywordUntilTimeout</property>
  <property name="testops-execution-stacktrace">com.kms.katalon.core.logging.KeywordLogger.logPassed(KeywordLogger.java:350)
com.kms.katalon.core.logging.KeywordLogger.logPassed(KeywordLogger.java:345)
com.kms.katalon.core.webui.keyword.builtin.SetTextKeyword$_setText_closure1.doCall(SetTextKeyword.groovy:99)
java.base/jdk.internal.reflect.DirectMethodHandleAccessor.invoke(DirectMethodHandleAccessor.java:103)
jdk.proxy2/jdk.proxy2.$Proxy57.execute(Unknown Source)
com.kms.katalon.core.webui.model.SeleniumActionRetryController.performAction(SeleniumActionRetryController.java:96)
com.kms.katalon.core.webui.model.SeleniumActionRetryController.performAction(SeleniumActionRetryController.java:83)
com.kms.katalon.core.webui.keyword.internal.WebUIKeywordMain$_runKeywordUntilTimeout_closure1.doCall(WebUIKeywordMain.groovy:135)
com.kms.katalon.core.webui.keyword.internal.WebUIKeywordMain$_runKeywordUntilTimeout_closure1.call(WebUIKeywordMain.groovy)
com.kms.katalon.core.webui.keyword.internal.WebUIKeywordMain.runKeyword(WebUIKeywordMain.groovy:41)
com.kms.katalon.core.webui.keyword.internal.WebUIKeywordMain.runKeywordUntilTimeout(WebUIKeywordMain.groovy:133)
com.kms.katalon.core.webui.keyword.builtin.SetTextKeyword.setText(SetTextKeyword.groovy:106)
com.kms.katalon.core.webui.keyword.builtin.SetTextKeyword.execute(SetTextKeyword.groovy:49)
com.kms.katalon.core.keyword.internal.KeywordExecutor.executeKeywordForPlatform(KeywordExecutor.groovy:103)
com.kms.katalon.core.webui.keyword.WebUiBuiltInKeywords.setText(WebUiBuiltInKeywords.groovy:1082)
Script178070060104.run(Script178070060104.groovy:17)
</property>
</record>
<record>
  <date>2026-06-07T22:59:33.251372200Z</date>
  <millis>1780873173251</millis>
  <nanos>372200</nanos>
  <sequence>552</sequence>
  <level>END</level>
  <class>com.kms.katalon.core.logging.XmlKeywordLogger</class>
  <method>endKeyword</method>
  <thread>1</thread>
  <message>End action : return t</message>
  <nestedLevel>1</nestedLevel>
  <escapedJava>false</escapedJava>
</record>
<record>
  <date>2026-06-07T22:59:33.251372200Z</date>
  <millis>1780873173251</millis>
  <nanos>372200</nanos>
  <sequence>553</sequence>
  <level>START</level>
  <class>com.kms.katalon.core.logging.XmlKeywordLogger</class>
  <method>startKeyword</method>
  <thread>1</thread>
  <message>Start action : setText(css(&amp;quot;#password&amp;quot;), &amp;quot;321CBA.&amp;quot;)</message>
  <nestedLevel>1</nestedLevel>
  <escapedJava>false</escapedJava>
  <property name="startLine">18</property>
  <property name="stepIndex">4</property>
</record>
<record>
  <date>2026-06-07T22:59:33.251372200Z</date>
  <millis>1780873173251</millis>
  <nanos>372200</nanos>
  <sequence>554</sequence>
  <level>END</level>
  <class>com.kms.katalon.core.logging.XmlKeywordLogger</class>
  <method>endKeyword</method>
  <thread>1</thread>
  <message>End action : setText(css(&amp;quot;#password&amp;quot;), &amp;quot;321CBA.&amp;quot;)</message>
  <nestedLevel>1</nestedLevel>
  <escapedJava>false</escapedJava>
</record>
<record>
  <date>2026-06-07T22:59:33.251372200Z</date>
  <millis>1780873173251</millis>
  <nanos>372200</nanos>
  <sequence>555</sequence>
  <level>START</level>
  <class>com.kms.katalon.core.logging.XmlKeywordLogger</class>
  <method>startKeyword</method>
  <thread>1</thread>
  <message>Start action : t = new com.kms.katalon.core.testobject.TestObject(sel)</message>
  <nestedLevel>1</nestedLevel>
  <escapedJava>false</escapedJava>
  <property name="startLine">9</property>
  <property name="stepIndex">1</property>
</record>
<record>
  <date>2026-06-07T22:59:33.251372200Z</date>
  <millis>1780873173251</millis>
  <nanos>372200</nanos>
  <sequence>556</sequence>
  <level>END</level>
  <class>com.kms.katalon.core.logging.XmlKeywordLogger</class>
  <method>endKeyword</method>
  <thread>1</thread>
  <message>End action : t = new com.kms.katalon.core.testobject.TestObject(sel)</message>
  <nestedLevel>1</nestedLevel>
  <escapedJava>false</escapedJava>
</record>
<record>
  <date>2026-06-07T22:59:33.251372200Z</date>
  <millis>1780873173251</millis>
  <nanos>372200</nanos>
  <sequence>557</sequence>
  <level>START</level>
  <class>com.kms.katalon.core.logging.XmlKeywordLogger</class>
  <method>startKeyword</method>
  <thread>1</thread>
  <message>Start action : t.addProperty(&amp;quot;css&amp;quot;, EQUALS, sel)</message>
  <nestedLevel>1</nestedLevel>
  <escapedJava>false</escapedJava>
  <property name="startLine">10</property>
  <property name="stepIndex">2</property>
</record>
<record>
  <date>2026-06-07T22:59:33.252379Z</date>
  <millis>1780873173252</millis>
  <nanos>379000</nanos>
  <sequence>558</sequence>
  <level>END</level>
  <class>com.kms.katalon.core.logging.XmlKeywordLogger</class>
  <method>endKeyword</method>
  <thread>1</thread>
  <message>End action : t.addProperty(&amp;quot;css&amp;quot;, EQUALS, sel)</message>
  <nestedLevel>1</nestedLevel>
  <escapedJava>false</escapedJava>
</record>
<record>
  <date>2026-06-07T22:59:33.252379Z</date>
  <millis>1780873173252</millis>
  <nanos>379000</nanos>
  <sequence>559</sequence>
  <level>START</level>
  <class>com.kms.katalon.core.logging.XmlKeywordLogger</class>
  <method>startKeyword</method>
  <thread>1</thread>
  <message>Start action : return t</message>
  <nestedLevel>1</nestedLevel>
  <escapedJava>false</escapedJava>
  <property name="startLine">11</property>
  <property name="stepIndex">3</property>
</record>
<record>
  <date>2026-06-07T22:59:33.789956100Z</date>
  <millis>1780873173789</millis>
  <nanos>956100</nanos>
  <sequence>572</sequence>
  <level>PASSED</level>
  <class>com.kms.katalon.core.logging.XmlKeywordLogger</class>
  <method>logMessage</method>
  <thread>1</thread>
  <message>Text &amp;apos;321CBA.&amp;apos; is set on object &amp;apos;#password&amp;apos;</message>
  <nestedLevel>1</nestedLevel>
  <escapedJava>false</escapedJava>
  <property name="testops-method-name">com.kms.katalon.core.webui.keyword.internal.WebUIKeywordMain.runKeywordUntilTimeout</property>
  <property name="testops-execution-stacktrace">com.kms.katalon.core.logging.KeywordLogger.logPassed(KeywordLogger.java:350)
com.kms.katalon.core.logging.KeywordLogger.logPassed(KeywordLogger.java:345)
com.kms.katalon.core.webui.keyword.builtin.SetTextKeyword$_setText_closure1.doCall(SetTextKeyword.groovy:99)
java.base/jdk.internal.reflect.DirectMethodHandleAccessor.invoke(DirectMethodHandleAccessor.java:103)
jdk.proxy2/jdk.proxy2.$Proxy57.execute(Unknown Source)
com.kms.katalon.core.webui.model.SeleniumActionRetryController.performAction(SeleniumActionRetryController.java:96)
com.kms.katalon.core.webui.model.SeleniumActionRetryController.performAction(SeleniumActionRetryController.java:83)
com.kms.katalon.core.webui.keyword.internal.WebUIKeywordMain$_runKeywordUntilTimeout_closure1.doCall(WebUIKeywordMain.groovy:135)
com.kms.katalon.core.webui.keyword.internal.WebUIKeywordMain$_runKeywordUntilTimeout_closure1.call(WebUIKeywordMain.groovy)
com.kms.katalon.core.webui.keyword.internal.WebUIKeywordMain.runKeyword(WebUIKeywordMain.groovy:41)
com.kms.katalon.core.webui.keyword.internal.WebUIKeywordMain.runKeywordUntilTimeout(WebUIKeywordMain.groovy:133)
com.kms.katalon.core.webui.keyword.builtin.SetTextKeyword.setText(SetTextKeyword.groovy:106)
com.kms.katalon.core.webui.keyword.builtin.SetTextKeyword.execute(SetTextKeyword.groovy:49)
com.kms.katalon.core.keyword.internal.KeywordExecutor.executeKeywordForPlatform(KeywordExecutor.groovy:103)
com.kms.katalon.core.webui.keyword.WebUiBuiltInKeywords.setText(WebUiBuiltInKeywords.groovy:1082)
Script178070060104.run(Script178070060104.groovy:18)
</property>
</record>
<record>
  <date>2026-06-07T22:59:33.791462200Z</date>
  <millis>1780873173791</millis>
  <nanos>462200</nanos>
  <sequence>573</sequence>
  <level>END</level>
  <class>com.kms.katalon.core.logging.XmlKeywordLogger</class>
  <method>endKeyword</method>
  <thread>1</thread>
  <message>End action : return t</message>
  <nestedLevel>1</nestedLevel>
  <escapedJava>false</escapedJava>
</record>
<record>
  <date>2026-06-07T22:59:33.791462200Z</date>
  <millis>1780873173791</millis>
  <nanos>462200</nanos>
  <sequence>574</sequence>
  <level>START</level>
  <class>com.kms.katalon.core.logging.XmlKeywordLogger</class>
  <method>startKeyword</method>
  <thread>1</thread>
  <message>Start action : click(css(&amp;quot;#submit&amp;quot;))</message>
  <nestedLevel>1</nestedLevel>
  <escapedJava>false</escapedJava>
  <property name="startLine">19</property>
  <property name="stepIndex">5</property>
</record>
<record>
  <date>2026-06-07T22:59:33.791462200Z</date>
  <millis>1780873173791</millis>
  <nanos>462200</nanos>
  <sequence>575</sequence>
  <level>END</level>
  <class>com.kms.katalon.core.logging.XmlKeywordLogger</class>
  <method>endKeyword</method>
  <thread>1</thread>
  <message>End action : click(css(&amp;quot;#submit&amp;quot;))</message>
  <nestedLevel>1</nestedLevel>
  <escapedJava>false</escapedJava>
</record>
<record>
  <date>2026-06-07T22:59:33.791462200Z</date>
  <millis>1780873173791</millis>
  <nanos>462200</nanos>
  <sequence>576</sequence>
  <level>START</level>
  <class>com.kms.katalon.core.logging.XmlKeywordLogger</class>
  <method>startKeyword</method>
  <thread>1</thread>
  <message>Start action : t = new com.kms.katalon.core.testobject.TestObject(sel)</message>
  <nestedLevel>1</nestedLevel>
  <escapedJava>false</escapedJava>
  <property name="startLine">9</property>
  <property name="stepIndex">1</property>
</record>
<record>
  <date>2026-06-07T22:59:33.791462200Z</date>
  <millis>1780873173791</millis>
  <nanos>462200</nanos>
  <sequence>577</sequence>
  <level>END</level>
  <class>com.kms.katalon.core.logging.XmlKeywordLogger</class>
  <method>endKeyword</method>
  <thread>1</thread>
  <message>End action : t = new com.kms.katalon.core.testobject.TestObject(sel)</message>
  <nestedLevel>1</nestedLevel>
  <escapedJava>false</escapedJava>
</record>
<record>
  <date>2026-06-07T22:59:33.792469Z</date>
  <millis>1780873173792</millis>
  <nanos>469000</nanos>
  <sequence>578</sequence>
  <level>START</level>
  <class>com.kms.katalon.core.logging.XmlKeywordLogger</class>
  <method>startKeyword</method>
  <thread>1</thread>
  <message>Start action : t.addProperty(&amp;quot;css&amp;quot;, EQUALS, sel)</message>
  <nestedLevel>1</nestedLevel>
  <escapedJava>false</escapedJava>
  <property name="startLine">10</property>
  <property name="stepIndex">2</property>
</record>
<record>
  <date>2026-06-07T22:59:33.792469Z</date>
  <millis>1780873173792</millis>
  <nanos>469000</nanos>
  <sequence>579</sequence>
  <level>END</level>
  <class>com.kms.katalon.core.logging.XmlKeywordLogger</class>
  <method>endKeyword</method>
  <thread>1</thread>
  <message>End action : t.addProperty(&amp;quot;css&amp;quot;, EQUALS, sel)</message>
  <nestedLevel>1</nestedLevel>
  <escapedJava>false</escapedJava>
</record>
<record>
  <date>2026-06-07T22:59:33.792469Z</date>
  <millis>1780873173792</millis>
  <nanos>469000</nanos>
  <sequence>580</sequence>
  <level>START</level>
  <class>com.kms.katalon.core.logging.XmlKeywordLogger</class>
  <method>startKeyword</method>
  <thread>1</thread>
  <message>Start action : return t</message>
  <nestedLevel>1</nestedLevel>
  <escapedJava>false</escapedJava>
  <property name="startLine">11</property>
  <property name="stepIndex">3</property>
</record>
<record>
  <date>2026-06-07T22:59:34.105910800Z</date>
  <millis>1780873174105</millis>
  <nanos>910800</nanos>
  <sequence>590</sequence>
  <level>PASSED</level>
  <class>com.kms.katalon.core.logging.XmlKeywordLogger</class>
  <method>logMessage</method>
  <thread>1</thread>
  <message>Object: &amp;apos;#submit&amp;apos; is clicked on</message>
  <nestedLevel>1</nestedLevel>
  <escapedJava>false</escapedJava>
  <property name="testops-method-name">com.kms.katalon.core.webui.keyword.internal.WebUIKeywordMain.runKeywordUntilTimeout</property>
  <property name="testops-execution-stacktrace">com.kms.katalon.core.logging.KeywordLogger.logPassed(KeywordLogger.java:350)
com.kms.katalon.core.logging.KeywordLogger.logPassed(KeywordLogger.java:345)
com.kms.katalon.core.webui.keyword.builtin.ClickKeyword$_click_closure1.doCall(ClickKeyword.groovy:66)
java.base/jdk.internal.reflect.DirectMethodHandleAccessor.invoke(DirectMethodHandleAccessor.java:103)
jdk.proxy2/jdk.proxy2.$Proxy57.execute(Unknown Source)
com.kms.katalon.core.webui.model.SeleniumActionRetryController.performAction(SeleniumActionRetryController.java:96)
com.kms.katalon.core.webui.model.SeleniumActionRetryController.performAction(SeleniumActionRetryController.java:83)
com.kms.katalon.core.webui.keyword.internal.WebUIKeywordMain$_runKeywordUntilTimeout_closure1.doCall(WebUIKeywordMain.groovy:135)
com.kms.katalon.core.webui.keyword.internal.WebUIKeywordMain$_runKeywordUntilTimeout_closure1.call(WebUIKeywordMain.groovy)
com.kms.katalon.core.webui.keyword.internal.WebUIKeywordMain.runKeyword(WebUIKeywordMain.groovy:41)
com.kms.katalon.core.webui.keyword.internal.WebUIKeywordMain.runKeywordUntilTimeout(WebUIKeywordMain.groovy:133)
com.kms.katalon.core.webui.keyword.builtin.ClickKeyword.click(ClickKeyword.groovy:72)
com.kms.katalon.core.webui.keyword.builtin.ClickKeyword.execute(ClickKeyword.groovy:38)
com.kms.katalon.core.keyword.internal.KeywordExecutor.executeKeywordForPlatform(KeywordExecutor.groovy:103)
com.kms.katalon.core.webui.keyword.WebUiBuiltInKeywords.click(WebUiBuiltInKeywords.groovy:722)
Script178070060104.run(Script178070060104.groovy:19)
</property>
</record>
<record>
  <date>2026-06-07T22:59:34.108422700Z</date>
  <millis>1780873174108</millis>
  <nanos>422700</nanos>
  <sequence>591</sequence>
  <level>END</level>
  <class>com.kms.katalon.core.logging.XmlKeywordLogger</class>
  <method>endKeyword</method>
  <thread>1</thread>
  <message>End action : return t</message>
  <nestedLevel>1</nestedLevel>
  <escapedJava>false</escapedJava>
</record>
<record>
  <date>2026-06-07T22:59:34.108422700Z</date>
  <millis>1780873174108</millis>
  <nanos>422700</nanos>
  <sequence>592</sequence>
  <level>START</level>
  <class>com.kms.katalon.core.logging.XmlKeywordLogger</class>
  <method>startKeyword</method>
  <thread>1</thread>
  <message>Start action : delay(2)</message>
  <nestedLevel>1</nestedLevel>
  <escapedJava>false</escapedJava>
  <property name="startLine">20</property>
  <property name="stepIndex">6</property>
</record>
<record>
  <date>2026-06-07T22:59:36.113274800Z</date>
  <millis>1780873176113</millis>
  <nanos>274800</nanos>
  <sequence>595</sequence>
  <level>PASSED</level>
  <class>com.kms.katalon.core.logging.XmlKeywordLogger</class>
  <method>logMessage</method>
  <thread>1</thread>
  <message>Delayed 2 second(s)</message>
  <nestedLevel>1</nestedLevel>
  <escapedJava>false</escapedJava>
  <property name="testops-method-name">com.kms.katalon.core.keyword.builtin.DelayKeyword.delay</property>
  <property name="testops-execution-stacktrace"></property>
</record>
<record>
  <date>2026-06-07T22:59:36.114277900Z</date>
  <millis>1780873176114</millis>
  <nanos>277900</nanos>
  <sequence>596</sequence>
  <level>END</level>
  <class>com.kms.katalon.core.logging.XmlKeywordLogger</class>
  <method>endKeyword</method>
  <thread>1</thread>
  <message>End action : delay(2)</message>
  <nestedLevel>1</nestedLevel>
  <escapedJava>false</escapedJava>
</record>
<record>
  <date>2026-06-07T22:59:36.114277900Z</date>
  <millis>1780873176114</millis>
  <nanos>277900</nanos>
  <sequence>597</sequence>
  <level>START</level>
  <class>com.kms.katalon.core.logging.XmlKeywordLogger</class>
  <method>startKeyword</method>
  <thread>1</thread>
  <message>Start action : navigateToUrl(base + &amp;quot;checkout.jsp&amp;quot;)</message>
  <nestedLevel>1</nestedLevel>
  <escapedJava>false</escapedJava>
  <property name="startLine">22</property>
  <property name="stepIndex">7</property>
</record>
<record>
  <date>2026-06-07T22:59:36.159982600Z</date>
  <millis>1780873176159</millis>
  <nanos>982600</nanos>
  <sequence>601</sequence>
  <level>PASSED</level>
  <class>com.kms.katalon.core.logging.XmlKeywordLogger</class>
  <method>logMessage</method>
  <thread>1</thread>
  <message>Navigate to &amp;apos;http://localhost:8080/Vaporant_IGES_war_exploded/checkout.jsp&amp;apos; successfully</message>
  <nestedLevel>1</nestedLevel>
  <escapedJava>false</escapedJava>
  <property name="testops-method-name">com.kms.katalon.core.webui.keyword.builtin.NavigateToUrlKeyword.navigateToUrl</property>
  <property name="testops-execution-stacktrace"></property>
</record>
<record>
  <date>2026-06-07T22:59:36.159982600Z</date>
  <millis>1780873176159</millis>
  <nanos>982600</nanos>
  <sequence>602</sequence>
  <level>END</level>
  <class>com.kms.katalon.core.logging.XmlKeywordLogger</class>
  <method>endKeyword</method>
  <thread>1</thread>
  <message>End action : navigateToUrl(base + &amp;quot;checkout.jsp&amp;quot;)</message>
  <nestedLevel>1</nestedLevel>
  <escapedJava>false</escapedJava>
</record>
<record>
  <date>2026-06-07T22:59:36.159982600Z</date>
  <millis>1780873176159</millis>
  <nanos>982600</nanos>
  <sequence>603</sequence>
  <level>START</level>
  <class>com.kms.katalon.core.logging.XmlKeywordLogger</class>
  <method>startKeyword</method>
  <thread>1</thread>
  <message>Start action : delay(2)</message>
  <nestedLevel>1</nestedLevel>
  <escapedJava>false</escapedJava>
  <property name="startLine">23</property>
  <property name="stepIndex">8</property>
</record>
<record>
  <date>2026-06-07T22:59:38.166378Z</date>
  <millis>1780873178166</millis>
  <nanos>378000</nanos>
  <sequence>606</sequence>
  <level>PASSED</level>
  <class>com.kms.katalon.core.logging.XmlKeywordLogger</class>
  <method>logMessage</method>
  <thread>1</thread>
  <message>Delayed 2 second(s)</message>
  <nestedLevel>1</nestedLevel>
  <escapedJava>false</escapedJava>
  <property name="testops-method-name">com.kms.katalon.core.keyword.builtin.DelayKeyword.delay</property>
  <property name="testops-execution-stacktrace"></property>
</record>
<record>
  <date>2026-06-07T22:59:38.167108200Z</date>
  <millis>1780873178167</millis>
  <nanos>108200</nanos>
  <sequence>607</sequence>
  <level>END</level>
  <class>com.kms.katalon.core.logging.XmlKeywordLogger</class>
  <method>endKeyword</method>
  <thread>1</thread>
  <message>End action : delay(2)</message>
  <nestedLevel>1</nestedLevel>
  <escapedJava>false</escapedJava>
</record>
<record>
  <date>2026-06-07T22:59:38.167108200Z</date>
  <millis>1780873178167</millis>
  <nanos>108200</nanos>
  <sequence>608</sequence>
  <level>START</level>
  <class>com.kms.katalon.core.logging.XmlKeywordLogger</class>
  <method>startKeyword</method>
  <thread>1</thread>
  <message>Start action : takeScreenshot()</message>
  <nestedLevel>1</nestedLevel>
  <escapedJava>false</escapedJava>
  <property name="startLine">24</property>
  <property name="stepIndex">9</property>
</record>
<record>
  <date>2026-06-07T22:59:38.448965600Z</date>
  <millis>1780873178448</millis>
  <nanos>965600</nanos>
  <sequence>611</sequence>
  <level>PASSED</level>
  <class>com.kms.katalon.core.logging.XmlKeywordLogger</class>
  <method>logMessage</method>
  <thread>1</thread>
  <message>Taking screenshot successfully</message>
  <nestedLevel>1</nestedLevel>
  <escapedJava>false</escapedJava>
  <property name="attachment">1780873178168.png</property>
  <property name="testops-method-name">com.kms.katalon.core.webui.keyword.builtin.TakeScreenshotKeyword.takeScreenshot</property>
  <property name="testops-execution-stacktrace"></property>
</record>
<record>
  <date>2026-06-07T22:59:38.449468600Z</date>
  <millis>1780873178449</millis>
  <nanos>468600</nanos>
  <sequence>612</sequence>
  <level>END</level>
  <class>com.kms.katalon.core.logging.XmlKeywordLogger</class>
  <method>endKeyword</method>
  <thread>1</thread>
  <message>End action : takeScreenshot()</message>
  <nestedLevel>1</nestedLevel>
  <escapedJava>false</escapedJava>
</record>
<record>
  <date>2026-06-07T22:59:38.449468600Z</date>
  <millis>1780873178449</millis>
  <nanos>468600</nanos>
  <sequence>613</sequence>
  <level>START</level>
  <class>com.kms.katalon.core.logging.XmlKeywordLogger</class>
  <method>startKeyword</method>
  <thread>1</thread>
  <message>Start action : verifyTextPresent(&amp;quot;(?i)Acquista&amp;quot;, true, CONTINUE_ON_FAILURE)</message>
  <nestedLevel>1</nestedLevel>
  <escapedJava>false</escapedJava>
  <property name="startLine">28</property>
  <property name="stepIndex">10</property>
</record>
<record>
  <date>2026-06-07T22:59:38.688581900Z</date>
  <millis>1780873178688</millis>
  <nanos>581900</nanos>
  <sequence>620</sequence>
  <level>FAILED</level>
  <class>com.kms.katalon.core.logging.XmlKeywordLogger</class>
  <method>logMessage</method>
  <thread>1</thread>
  <message>Text &amp;apos;(?i)Acquista&amp;apos; is not present on page  using regular expression (Root cause: com.kms.katalon.core.exception.StepFailedException: Text &amp;apos;(?i)Acquista&amp;apos; is not present on page  using regular expression
	at com.kms.katalon.core.webui.keyword.internal.WebUIKeywordMain.stepFailed(WebUIKeywordMain.groovy:177)
	at com.kms.katalon.core.webui.keyword.builtin.VerifyTextPresentKeyword$_verifyTextPresent_closure1.doCall(VerifyTextPresentKeyword.groovy:79)
	at com.kms.katalon.core.webui.keyword.builtin.VerifyTextPresentKeyword$_verifyTextPresent_closure1.call(VerifyTextPresentKeyword.groovy)
	at com.kms.katalon.core.webui.keyword.internal.WebUIKeywordMain.runKeyword(WebUIKeywordMain.groovy:41)
	at com.kms.katalon.core.webui.keyword.builtin.VerifyTextPresentKeyword.verifyTextPresent(VerifyTextPresentKeyword.groovy:83)
	at com.kms.katalon.core.webui.keyword.builtin.VerifyTextPresentKeyword.execute(VerifyTextPresentKeyword.groovy:68)
	at com.kms.katalon.core.keyword.internal.KeywordExecutor.executeKeywordForPlatform(KeywordExecutor.groovy:103)
	at com.kms.katalon.core.webui.keyword.WebUiBuiltInKeywords.verifyTextPresent(WebUiBuiltInKeywords.groovy:1809)
	at Script178070060104.run(Script178070060104.groovy:28)
	at com.kms.katalon.core.main.ScriptEngine.run(ScriptEngine.java:203)
	at com.kms.katalon.core.main.ScriptEngine.runScriptAsRawText(ScriptEngine.java:115)
	at com.kms.katalon.core.main.TestCaseExecutor.runScript(TestCaseExecutor.java:506)
	at com.kms.katalon.core.main.TestCaseExecutor.doExecute(TestCaseExecutor.java:497)
	at com.kms.katalon.core.main.TestCaseExecutor.processExecutionPhase(TestCaseExecutor.java:476)
	at com.kms.katalon.core.main.TestCaseExecutor.accessMainPhase(TestCaseExecutor.java:468)
	at com.kms.katalon.core.main.TestCaseExecutor.execute(TestCaseExecutor.java:334)
	at com.kms.katalon.core.common.CommonExecutor.accessTestCaseMainPhase(CommonExecutor.java:71)
	at com.kms.katalon.core.main.TestSuiteExecutor.accessTestSuiteMainPhase(TestSuiteExecutor.java:153)
	at com.kms.katalon.core.main.TestSuiteExecutor.execute(TestSuiteExecutor.java:110)
	at com.kms.katalon.core.main.TestCaseMain.startTestSuite(TestCaseMain.java:206)
	at S0608_0.run(S0608_0.groovy:40)
	at java.base/jdk.internal.reflect.DirectMethodHandleAccessor.invoke(DirectMethodHandleAccessor.java:103)
)</message>
  <nestedLevel>1</nestedLevel>
  <escapedJava>false</escapedJava>
  <property name="failed.exception.stacktrace">com.kms.katalon.core.exception.StepFailedException: Text &apos;(?i)Acquista&apos; is not present on page  using regular expression
	at com.kms.katalon.core.webui.keyword.internal.WebUIKeywordMain.stepFailed(WebUIKeywordMain.groovy:177)
	at com.kms.katalon.core.webui.keyword.builtin.VerifyTextPresentKeyword$_verifyTextPresent_closure1.doCall(VerifyTextPresentKeyword.groovy:79)
	at com.kms.katalon.core.webui.keyword.builtin.VerifyTextPresentKeyword$_verifyTextPresent_closure1.call(VerifyTextPresentKeyword.groovy)
	at com.kms.katalon.core.webui.keyword.internal.WebUIKeywordMain.runKeyword(WebUIKeywordMain.groovy:41)
	at com.kms.katalon.core.webui.keyword.builtin.VerifyTextPresentKeyword.verifyTextPresent(VerifyTextPresentKeyword.groovy:83)
	at com.kms.katalon.core.webui.keyword.builtin.VerifyTextPresentKeyword.execute(VerifyTextPresentKeyword.groovy:68)
	at com.kms.katalon.core.keyword.internal.KeywordExecutor.executeKeywordForPlatform(KeywordExecutor.groovy:103)
	at com.kms.katalon.core.webui.keyword.WebUiBuiltInKeywords.verifyTextPresent(WebUiBuiltInKeywords.groovy:1809)
	at Script178070060104.run(Script178070060104.groovy:28)
	at com.kms.katalon.core.main.ScriptEngine.run(ScriptEngine.java:203)
	at com.kms.katalon.core.main.ScriptEngine.runScriptAsRawText(ScriptEngine.java:115)
	at com.kms.katalon.core.main.TestCaseExecutor.runScript(TestCaseExecutor.java:506)
	at com.kms.katalon.core.main.TestCaseExecutor.doExecute(TestCaseExecutor.java:497)
	at com.kms.katalon.core.main.TestCaseExecutor.processExecutionPhase(TestCaseExecutor.java:476)
	at com.kms.katalon.core.main.TestCaseExecutor.accessMainPhase(TestCaseExecutor.java:468)
	at com.kms.katalon.core.main.TestCaseExecutor.execute(TestCaseExecutor.java:334)
	at com.kms.katalon.core.common.CommonExecutor.accessTestCaseMainPhase(CommonExecutor.java:71)
	at com.kms.katalon.core.main.TestSuiteExecutor.accessTestSuiteMainPhase(TestSuiteExecutor.java:153)
	at com.kms.katalon.core.main.TestSuiteExecutor.execute(TestSuiteExecutor.java:110)
	at com.kms.katalon.core.main.TestCaseMain.startTestSuite(TestCaseMain.java:206)
	at S0608_0.run(S0608_0.groovy:40)
	at java.base/jdk.internal.reflect.DirectMethodHandleAccessor.invoke(DirectMethodHandleAccessor.java:103)
</property>
  <property name="failed.exception.class">com.kms.katalon.core.exception.StepFailedException</property>
  <property name="testops-is-assertion">true</property>
  <property name="testops-method-name">com.kms.katalon.core.webui.keyword.builtin.VerifyTextPresentKeyword.verifyTextPresent</property>
  <property name="testops-execution-stacktrace">com.kms.katalon.core.logging.testops.TestOpsLogHelper.handleFailedLogEntry(TestOpsLogHelper.java:112)
com.kms.katalon.core.logging.KeywordLogger.logFailed(KeywordLogger.java:300)
com.kms.katalon.core.keyword.internal.KeywordMain.stepFailed(KeywordMain.groovy:34)
com.kms.katalon.core.webui.keyword.internal.WebUIKeywordMain.stepFailed(WebUIKeywordMain.groovy:177)
com.kms.katalon.core.webui.keyword.builtin.VerifyTextPresentKeyword$_verifyTextPresent_closure1.doCall(VerifyTextPresentKeyword.groovy:79)
com.kms.katalon.core.webui.keyword.builtin.VerifyTextPresentKeyword$_verifyTextPresent_closure1.call(VerifyTextPresentKeyword.groovy)
com.kms.katalon.core.webui.keyword.internal.WebUIKeywordMain.runKeyword(WebUIKeywordMain.groovy:41)
com.kms.katalon.core.webui.keyword.builtin.VerifyTextPresentKeyword.verifyTextPresent(VerifyTextPresentKeyword.groovy:83)
com.kms.katalon.core.webui.keyword.builtin.VerifyTextPresentKeyword.execute(VerifyTextPresentKeyword.groovy:68)
com.kms.katalon.core.keyword.internal.KeywordExecutor.executeKeywordForPlatform(KeywordExecutor.groovy:103)
com.kms.katalon.core.webui.keyword.WebUiBuiltInKeywords.verifyTextPresent(WebUiBuiltInKeywords.groovy:1809)
Script178070060104.run(Script178070060104.groovy:28)
</property>
  <property name="failed.exception.message">Text &apos;(?i)Acquista&apos; is not present on page  using regular expression</property>
</record>
<record>
  <date>2026-06-07T22:59:38.689085200Z</date>
  <millis>1780873178689</millis>
  <nanos>85200</nanos>
  <sequence>621</sequence>
  <level>END</level>
  <class>com.kms.katalon.core.logging.XmlKeywordLogger</class>
  <method>endKeyword</method>
  <thread>1</thread>
  <message>End action : verifyTextPresent(&amp;quot;(?i)Acquista&amp;quot;, true, CONTINUE_ON_FAILURE)</message>
  <nestedLevel>1</nestedLevel>
  <escapedJava>false</escapedJava>
</record>
<record>
  <date>2026-06-07T22:59:38.689085200Z</date>
  <millis>1780873178689</millis>
  <nanos>85200</nanos>
  <sequence>622</sequence>
  <level>START</level>
  <class>com.kms.katalon.core.logging.XmlKeywordLogger</class>
  <method>startKeyword</method>
  <thread>1</thread>
  <message>Start action : closeBrowser()</message>
  <nestedLevel>1</nestedLevel>
  <escapedJava>false</escapedJava>
  <property name="startLine">29</property>
  <property name="stepIndex">11</property>
</record>
<record>
  <date>2026-06-07T22:59:38.863680700Z</date>
  <millis>1780873178863</millis>
  <nanos>680700</nanos>
  <sequence>625</sequence>
  <level>PASSED</level>
  <class>com.kms.katalon.core.logging.XmlKeywordLogger</class>
  <method>logMessage</method>
  <thread>1</thread>
  <message>Browser is closed</message>
  <nestedLevel>1</nestedLevel>
  <escapedJava>false</escapedJava>
  <property name="testops-method-name">com.kms.katalon.core.webui.keyword.builtin.CloseBrowserKeyword.closeBrowser</property>
  <property name="testops-execution-stacktrace"></property>
</record>
<record>
  <date>2026-06-07T22:59:38.864680200Z</date>
  <millis>1780873178864</millis>
  <nanos>680200</nanos>
  <sequence>628</sequence>
  <level>END</level>
  <class>com.kms.katalon.core.logging.XmlKeywordLogger</class>
  <method>endKeyword</method>
  <thread>1</thread>
  <message>End action : closeBrowser()</message>
  <nestedLevel>1</nestedLevel>
  <escapedJava>false</escapedJava>
</record>
<record>
  <date>2026-06-07T22:59:38.864680200Z</date>
  <millis>1780873178864</millis>
  <nanos>680200</nanos>
  <sequence>631</sequence>
  <level>FAILED</level>
  <class>com.kms.katalon.core.logging.XmlKeywordLogger</class>
  <method>logMessage</method>
  <thread>1</thread>
  <message>Test Cases/Ordine/TC_6.1_4 FAILED.
Reason:
com.kms.katalon.core.exception.StepFailedException: Text &amp;apos;(?i)Acquista&amp;apos; is not present on page  using regular expression (Root cause: com.kms.katalon.core.exception.StepFailedException: Text &amp;apos;(?i)Acquista&amp;apos; is not present on page  using regular expression
	at com.kms.katalon.core.webui.keyword.internal.WebUIKeywordMain.stepFailed(WebUIKeywordMain.groovy:177)
	at com.kms.katalon.core.webui.keyword.builtin.VerifyTextPresentKeyword$_verifyTextPresent_closure1.doCall(VerifyTextPresentKeyword.groovy:79)
	at com.kms.katalon.core.webui.keyword.builtin.VerifyTextPresentKeyword$_verifyTextPresent_closure1.call(VerifyTextPresentKeyword.groovy)
	at com.kms.katalon.core.webui.keyword.internal.WebUIKeywordMain.runKeyword(WebUIKeywordMain.groovy:41)
	at com.kms.katalon.core.webui.keyword.builtin.VerifyTextPresentKeyword.verifyTextPresent(VerifyTextPresentKeyword.groovy:83)
	at com.kms.katalon.core.webui.keyword.builtin.VerifyTextPresentKeyword.execute(VerifyTextPresentKeyword.groovy:68)
	at com.kms.katalon.core.keyword.internal.KeywordExecutor.executeKeywordForPlatform(KeywordExecutor.groovy:103)
	at com.kms.katalon.core.webui.keyword.WebUiBuiltInKeywords.verifyTextPresent(WebUiBuiltInKeywords.groovy:1809)
	at Script178070060104.run(Script178070060104.groovy:28)
	at com.kms.katalon.core.main.ScriptEngine.run(ScriptEngine.java:203)
	at com.kms.katalon.core.main.ScriptEngine.runScriptAsRawText(ScriptEngine.java:115)
	at com.kms.katalon.core.main.TestCaseExecutor.runScript(TestCaseExecutor.java:506)
	at com.kms.katalon.core.main.TestCaseExecutor.doExecute(TestCaseExecutor.java:497)
	at com.kms.katalon.core.main.TestCaseExecutor.processExecutionPhase(TestCaseExecutor.java:476)
	at com.kms.katalon.core.main.TestCaseExecutor.accessMainPhase(TestCaseExecutor.java:468)
	at com.kms.katalon.core.main.TestCaseExecutor.execute(TestCaseExecutor.java:334)
	at com.kms.katalon.core.common.CommonExecutor.accessTestCaseMainPhase(CommonExecutor.java:71)
	at com.kms.katalon.core.main.TestSuiteExecutor.accessTestSuiteMainPhase(TestSuiteExecutor.java:153)
	at com.kms.katalon.core.main.TestSuiteExecutor.execute(TestSuiteExecutor.java:110)
	at com.kms.katalon.core.main.TestCaseMain.startTestSuite(TestCaseMain.java:206)
	at S0608_0.run(S0608_0.groovy:40)
	at java.base/jdk.internal.reflect.DirectMethodHandleAccessor.invoke(DirectMethodHandleAccessor.java:103)
)
	at com.kms.katalon.core.keyword.internal.KeywordMain.stepFailed(KeywordMain.groovy:39)
	at com.kms.katalon.core.webui.keyword.internal.WebUIKeywordMain.stepFailed(WebUIKeywordMain.groovy:177)
	at com.kms.katalon.core.webui.keyword.builtin.VerifyTextPresentKeyword$_verifyTextPresent_closure1.doCall(VerifyTextPresentKeyword.groovy:79)
	at com.kms.katalon.core.webui.keyword.builtin.VerifyTextPresentKeyword$_verifyTextPresent_closure1.call(VerifyTextPresentKeyword.groovy)
	at com.kms.katalon.core.webui.keyword.internal.WebUIKeywordMain.runKeyword(WebUIKeywordMain.groovy:41)
	at com.kms.katalon.core.webui.keyword.builtin.VerifyTextPresentKeyword.verifyTextPresent(VerifyTextPresentKeyword.groovy:83)
	at com.kms.katalon.core.webui.keyword.builtin.VerifyTextPresentKeyword.execute(VerifyTextPresentKeyword.groovy:68)
	at com.kms.katalon.core.keyword.internal.KeywordExecutor.executeKeywordForPlatform(KeywordExecutor.groovy:103)
	at com.kms.katalon.core.webui.keyword.WebUiBuiltInKeywords.verifyTextPresent(WebUiBuiltInKeywords.groovy:1809)
	at Script178070060104.run(Script178070060104.groovy:28)
	at com.kms.katalon.core.main.ScriptEngine.run(ScriptEngine.java:203)
	at com.kms.katalon.core.main.ScriptEngine.runScriptAsRawText(ScriptEngine.java:115)
	at com.kms.katalon.core.main.TestCaseExecutor.runScript(TestCaseExecutor.java:506)
	at com.kms.katalon.core.main.TestCaseExecutor.doExecute(TestCaseExecutor.java:497)
	at com.kms.katalon.core.main.TestCaseExecutor.processExecutionPhase(TestCaseExecutor.java:476)
	at com.kms.katalon.core.main.TestCaseExecutor.accessMainPhase(TestCaseExecutor.java:468)
	at com.kms.katalon.core.main.TestCaseExecutor.execute(TestCaseExecutor.java:334)
	at com.kms.katalon.core.common.CommonExecutor.accessTestCaseMainPhase(CommonExecutor.java:71)
	at com.kms.katalon.core.main.TestSuiteExecutor.accessTestSuiteMainPhase(TestSuiteExecutor.java:153)
	at com.kms.katalon.core.main.TestSuiteExecutor.execute(TestSuiteExecutor.java:110)
	at com.kms.katalon.core.main.TestCaseMain.startTestSuite(TestCaseMain.java:206)
	at S0608_0.run(S0608_0.groovy:40)
	at java.base/jdk.internal.reflect.DirectMethodHandleAccessor.invoke(DirectMethodHandleAccessor.java:103)
Caused by: com.kms.katalon.core.exception.StepFailedException: Text &amp;apos;(?i)Acquista&amp;apos; is not present on page  using regular expression
	... 22 more
</message>
  <exception>
    <message>com.kms.katalon.core.exception.StepFailedException: Text '(?i)Acquista' is not present on page  using regular expression (Root cause: com.kms.katalon.core.exception.StepFailedException: Text '(?i)Acquista' is not present on page  using regular expression
	at com.kms.katalon.core.webui.keyword.internal.WebUIKeywordMain.stepFailed(WebUIKeywordMain.groovy:177)
	at com.kms.katalon.core.webui.keyword.builtin.VerifyTextPresentKeyword$_verifyTextPresent_closure1.doCall(VerifyTextPresentKeyword.groovy:79)
	at com.kms.katalon.core.webui.keyword.builtin.VerifyTextPresentKeyword$_verifyTextPresent_closure1.call(VerifyTextPresentKeyword.groovy)
	at com.kms.katalon.core.webui.keyword.internal.WebUIKeywordMain.runKeyword(WebUIKeywordMain.groovy:41)
	at com.kms.katalon.core.webui.keyword.builtin.VerifyTextPresentKeyword.verifyTextPresent(VerifyTextPresentKeyword.groovy:83)
	at com.kms.katalon.core.webui.keyword.builtin.VerifyTextPresentKeyword.execute(VerifyTextPresentKeyword.groovy:68)
	at com.kms.katalon.core.keyword.internal.KeywordExecutor.executeKeywordForPlatform(KeywordExecutor.groovy:103)
	at com.kms.katalon.core.webui.keyword.WebUiBuiltInKeywords.verifyTextPresent(WebUiBuiltInKeywords.groovy:1809)
	at Script178070060104.run(Script178070060104.groovy:28)
	at com.kms.katalon.core.main.ScriptEngine.run(ScriptEngine.java:203)
	at com.kms.katalon.core.main.ScriptEngine.runScriptAsRawText(ScriptEngine.java:115)
	at com.kms.katalon.core.main.TestCaseExecutor.runScript(TestCaseExecutor.java:506)
	at com.kms.katalon.core.main.TestCaseExecutor.doExecute(TestCaseExecutor.java:497)
	at com.kms.katalon.core.main.TestCaseExecutor.processExecutionPhase(TestCaseExecutor.java:476)
	at com.kms.katalon.core.main.TestCaseExecutor.accessMainPhase(TestCaseExecutor.java:468)
	at com.kms.katalon.core.main.TestCaseExecutor.execute(TestCaseExecutor.java:334)
	at com.kms.katalon.core.common.CommonExecutor.accessTestCaseMainPhase(CommonExecutor.java:71)
	at com.kms.katalon.core.main.TestSuiteExecutor.accessTestSuiteMainPhase(TestSuiteExecutor.java:153)
	at com.kms.katalon.core.main.TestSuiteExecutor.execute(TestSuiteExecutor.java:110)
	at com.kms.katalon.core.main.TestCaseMain.startTestSuite(TestCaseMain.java:206)
	at S0608_0.run(S0608_0.groovy:40)
	at java.base/jdk.internal.reflect.DirectMethodHandleAccessor.invoke(DirectMethodHandleAccessor.java:103)
)</message>
    <frame>
      <class>com.kms.katalon.core.logging.XmlKeywordLogger</class>
      <method>logMessage</method>
      <line>516</line>
    </frame>
    <frame>
      <class>com.kms.katalon.core.logging.KeywordLogger</class>
      <method>logMessage</method>
      <line>475</line>
    </frame>
    <frame>
      <class>com.kms.katalon.core.main.TestCaseExecutor</class>
      <method>logError</method>
      <line>619</line>
    </frame>
    <frame>
      <class>com.kms.katalon.core.main.TestCaseExecutor</class>
      <method>onExecutionError</method>
      <line>189</line>
    </frame>
    <frame>
      <class>com.kms.katalon.core.main.TestCaseExecutor</class>
      <method>processExecutionPhase</method>
      <line>486</line>
    </frame>
    <frame>
      <class>com.kms.katalon.core.main.TestCaseExecutor</class>
      <method>accessMainPhase</method>
      <line>468</line>
    </frame>
    <frame>
      <class>com.kms.katalon.core.main.TestCaseExecutor</class>
      <method>execute</method>
      <line>334</line>
    </frame>
    <frame>
      <class>com.kms.katalon.core.common.CommonExecutor</class>
      <method>accessTestCaseMainPhase</method>
      <line>71</line>
    </frame>
    <frame>
      <class>com.kms.katalon.core.main.TestSuiteExecutor</class>
      <method>accessTestSuiteMainPhase</method>
      <line>153</line>
    </frame>
    <frame>
      <class>com.kms.katalon.core.main.TestSuiteExecutor</class>
      <method>execute</method>
      <line>110</line>
    </frame>
    <frame>
      <class>com.kms.katalon.core.main.TestCaseMain</class>
      <method>startTestSuite</method>
      <line>206</line>
    </frame>
    <frame>
      <class>org.codehaus.groovy.vmplugin.v8.IndyInterface</class>
      <method>fromCache</method>
      <line>318</line>
    </frame>
    <frame>
      <class>S0608_0</class>
      <method>run</method>
      <line>40</line>
    </frame>
    <frame>
      <class>groovy.lang.GroovyShell</class>
      <method>runScriptOrMainOrTestOrRunnable</method>
      <line>254</line>
    </frame>
    <frame>
      <class>groovy.lang.GroovyShell</class>
      <method>run</method>
      <line>360</line>
    </frame>
    <frame>
      <class>groovy.lang.GroovyShell</class>
      <method>run</method>
      <line>349</line>
    </frame>
    <frame>
      <class>groovy.ui.GroovyMain</class>
      <method>processOnce</method>
      <line>652</line>
    </frame>
    <frame>
      <class>groovy.ui.GroovyMain</class>
      <method>run</method>
      <line>398</line>
    </frame>
    <frame>
      <class>groovy.ui.GroovyMain</class>
      <method>access$1400</method>
      <line>68</line>
    </frame>
    <frame>
      <class>groovy.ui.GroovyMain$GroovyCommand</class>
      <method>process</method>
      <line>322</line>
    </frame>
    <frame>
      <class>groovy.ui.GroovyMain</class>
      <method>processArgs</method>
      <line>142</line>
    </frame>
    <frame>
      <class>groovy.ui.GroovyMain</class>
      <method>main</method>
      <line>115</line>
    </frame>
    <frame>
      <class>jdk.internal.reflect.DirectMethodHandleAccessor</class>
      <method>invoke</method>
      <line>103</line>
    </frame>
    <frame>
      <class>java.lang.reflect.Method</class>
      <method>invoke</method>
      <line>580</line>
    </frame>
    <frame>
      <class>org.codehaus.groovy.tools.GroovyStarter</class>
      <method>rootLoader</method>
      <line>117</line>
    </frame>
    <frame>
      <class>org.codehaus.groovy.tools.GroovyStarter</class>
      <method>main</method>
      <line>39</line>
    </frame>
  </exception>
  <nestedLevel>0</nestedLevel>
  <escapedJava>false</escapedJava>
  <property name="failed.exception.stacktrace">com.kms.katalon.core.exception.StepFailedException: Text &apos;(?i)Acquista&apos; is not present on page  using regular expression
	at com.kms.katalon.core.webui.keyword.internal.WebUIKeywordMain.stepFailed(WebUIKeywordMain.groovy:177)
	at com.kms.katalon.core.webui.keyword.builtin.VerifyTextPresentKeyword$_verifyTextPresent_closure1.doCall(VerifyTextPresentKeyword.groovy:79)
	at com.kms.katalon.core.webui.keyword.builtin.VerifyTextPresentKeyword$_verifyTextPresent_closure1.call(VerifyTextPresentKeyword.groovy)
	at com.kms.katalon.core.webui.keyword.internal.WebUIKeywordMain.runKeyword(WebUIKeywordMain.groovy:41)
	at com.kms.katalon.core.webui.keyword.builtin.VerifyTextPresentKeyword.verifyTextPresent(VerifyTextPresentKeyword.groovy:83)
	at com.kms.katalon.core.webui.keyword.builtin.VerifyTextPresentKeyword.execute(VerifyTextPresentKeyword.groovy:68)
	at com.kms.katalon.core.keyword.internal.KeywordExecutor.executeKeywordForPlatform(KeywordExecutor.groovy:103)
	at com.kms.katalon.core.webui.keyword.WebUiBuiltInKeywords.verifyTextPresent(WebUiBuiltInKeywords.groovy:1809)
	at Script178070060104.run(Script178070060104.groovy:28)
	at com.kms.katalon.core.main.ScriptEngine.run(ScriptEngine.java:203)
	at com.kms.katalon.core.main.ScriptEngine.runScriptAsRawText(ScriptEngine.java:115)
	at com.kms.katalon.core.main.TestCaseExecutor.runScript(TestCaseExecutor.java:506)
	at com.kms.katalon.core.main.TestCaseExecutor.doExecute(TestCaseExecutor.java:497)
	at com.kms.katalon.core.main.TestCaseExecutor.processExecutionPhase(TestCaseExecutor.java:476)
	at com.kms.katalon.core.main.TestCaseExecutor.accessMainPhase(TestCaseExecutor.java:468)
	at com.kms.katalon.core.main.TestCaseExecutor.execute(TestCaseExecutor.java:334)
	at com.kms.katalon.core.common.CommonExecutor.accessTestCaseMainPhase(CommonExecutor.java:71)
	at com.kms.katalon.core.main.TestSuiteExecutor.accessTestSuiteMainPhase(TestSuiteExecutor.java:153)
	at com.kms.katalon.core.main.TestSuiteExecutor.execute(TestSuiteExecutor.java:110)
	at com.kms.katalon.core.main.TestCaseMain.startTestSuite(TestCaseMain.java:206)
	at S0608_0.run(S0608_0.groovy:40)
	at java.base/jdk.internal.reflect.DirectMethodHandleAccessor.invoke(DirectMethodHandleAccessor.java:103)
</property>
  <property name="failed.exception.class">com.kms.katalon.core.exception.StepFailedException</property>
  <property name="failed.exception.message">Text &apos;(?i)Acquista&apos; is not present on page  using regular expression</property>
</record>
<record>
  <date>2026-06-07T22:59:38.866683Z</date>
  <millis>1780873178866</millis>
  <nanos>683000</nanos>
  <sequence>633</sequence>
  <level>END</level>
  <class>com.kms.katalon.core.logging.XmlKeywordLogger</class>
  <method>endTest</method>
  <thread>1</thread>
  <message>End Test Case : Test Cases/Ordine/TC_6.1_4</message>
  <nestedLevel>0</nestedLevel>
  <escapedJava>false</escapedJava>
  <property name="executionBindingVariables">[]</property>
  <property name="applitools">false</property>
  <property name="executedKeywords">{
  &quot;WebUI.closeBrowser&quot;: 1,
  &quot;WebUI.click&quot;: 1,
  &quot;WebUI.takeScreenshot&quot;: 1,
  &quot;WebUI.verifyTextPresent&quot;: 1,
  &quot;WebUI.navigateToUrl&quot;: 2,
  &quot;WebUI.openBrowser&quot;: 1,
  &quot;BuiltIn.delay&quot;: 2,
  &quot;WebUI.setText&quot;: 2
}</property>
  <property name="keywordsUsage">{
  &quot;web_ui&quot;: true,
  &quot;web_service&quot;: false,
  &quot;cucumber&quot;: false,
  &quot;builtin&quot;: true,
  &quot;mobile&quot;: false,
  &quot;windows&quot;: false,
  &quot;testng&quot;: false
}</property>
</record>
<record>
  <date>2026-06-07T22:59:38.868682400Z</date>
  <millis>1780873178868</millis>
  <nanos>682400</nanos>
  <sequence>634</sequence>
  <level>START</level>
  <class>com.kms.katalon.core.logging.XmlKeywordLogger</class>
  <method>startTest</method>
  <thread>1</thread>
  <message>Start Test Case : Test Cases/Ordine/TC_6.2_1</message>
  <nestedLevel>1</nestedLevel>
  <escapedJava>false</escapedJava>
  <property name="origin"></property>
  <property name="name">Test Cases/Ordine/TC_6.2_1</property>
  <property name="description">Effettuare un acquisto con tutti i campi selezionati</property>
  <property name="iteration"></property>
  <property name="id">Test Cases/Ordine/TC_6.2_1</property>
  <property name="source">C:\Users\gianf\Documents\Vaporant-IGES\StorageSession\testing\katalon\Vaporant-Baseline\Test Cases\Ordine\TC_6.2_1.tc</property>
  <property name="tag"></property>
  <property name="isOptional">false</property>
  <property name="uuid">86752b69-fa2e-4920-b65c-6b777cb1d687</property>
</record>
<record>
  <date>2026-06-07T22:59:38.873698700Z</date>
  <millis>1780873178873</millis>
  <nanos>698700</nanos>
  <sequence>636</sequence>
  <level>RUN_DATA</level>
  <class>com.kms.katalon.core.logging.XmlKeywordLogger</class>
  <method>logMessage</method>
  <thread>1</thread>
  <message>executionBindingVariables = []</message>
  <nestedLevel>1</nestedLevel>
  <escapedJava>false</escapedJava>
  <property name="executionBindingVariables">[]</property>
</record>
<record>
  <date>2026-06-07T22:59:38.874703400Z</date>
  <millis>1780873178874</millis>
  <nanos>703400</nanos>
  <sequence>637</sequence>
  <level>START</level>
  <class>com.kms.katalon.core.logging.XmlKeywordLogger</class>
  <method>startKeyword</method>
  <thread>1</thread>
  <message>Start listener action : resetSeedBeforeTestCase</message>
  <nestedLevel>1</nestedLevel>
  <escapedJava>false</escapedJava>
</record>
<record>
  <date>2026-06-07T22:59:38.874703400Z</date>
  <millis>1780873178874</millis>
  <nanos>703400</nanos>
  <sequence>639</sequence>
  <level>START</level>
  <class>com.kms.katalon.core.logging.XmlKeywordLogger</class>
  <method>startKeyword</method>
  <thread>1</thread>
  <message>Start action : if (resetSeed == false)</message>
  <nestedLevel>1</nestedLevel>
  <escapedJava>false</escapedJava>
  <property name="startLine">26</property>
  <property name="stepIndex">1</property>
</record>
<record>
  <date>2026-06-07T22:59:38.874703400Z</date>
  <millis>1780873178874</millis>
  <nanos>703400</nanos>
  <sequence>640</sequence>
  <level>END</level>
  <class>com.kms.katalon.core.logging.XmlKeywordLogger</class>
  <method>endKeyword</method>
  <thread>1</thread>
  <message>End action : if (resetSeed == false)</message>
  <nestedLevel>1</nestedLevel>
  <escapedJava>false</escapedJava>
</record>
<record>
  <date>2026-06-07T22:59:38.874703400Z</date>
  <millis>1780873178874</millis>
  <nanos>703400</nanos>
  <sequence>641</sequence>
  <level>START</level>
  <class>com.kms.katalon.core.logging.XmlKeywordLogger</class>
  <method>startKeyword</method>
  <thread>1</thread>
  <message>Start action : projectDir = getProjectDir()</message>
  <nestedLevel>1</nestedLevel>
  <escapedJava>false</escapedJava>
  <property name="startLine">30</property>
  <property name="stepIndex">2</property>
</record>
<record>
  <date>2026-06-07T22:59:38.874703400Z</date>
  <millis>1780873178874</millis>
  <nanos>703400</nanos>
  <sequence>642</sequence>
  <level>END</level>
  <class>com.kms.katalon.core.logging.XmlKeywordLogger</class>
  <method>endKeyword</method>
  <thread>1</thread>
  <message>End action : projectDir = getProjectDir()</message>
  <nestedLevel>1</nestedLevel>
  <escapedJava>false</escapedJava>
</record>
<record>
  <date>2026-06-07T22:59:38.874703400Z</date>
  <millis>1780873178874</millis>
  <nanos>703400</nanos>
  <sequence>643</sequence>
  <level>START</level>
  <class>com.kms.katalon.core.logging.XmlKeywordLogger</class>
  <method>startKeyword</method>
  <thread>1</thread>
  <message>Start action : script = new java.io.File(projectDir, Data Files/reset-seed.sql)</message>
  <nestedLevel>1</nestedLevel>
  <escapedJava>false</escapedJava>
  <property name="startLine">31</property>
  <property name="stepIndex">3</property>
</record>
<record>
  <date>2026-06-07T22:59:38.874703400Z</date>
  <millis>1780873178874</millis>
  <nanos>703400</nanos>
  <sequence>644</sequence>
  <level>END</level>
  <class>com.kms.katalon.core.logging.XmlKeywordLogger</class>
  <method>endKeyword</method>
  <thread>1</thread>
  <message>End action : script = new java.io.File(projectDir, Data Files/reset-seed.sql)</message>
  <nestedLevel>1</nestedLevel>
  <escapedJava>false</escapedJava>
</record>
<record>
  <date>2026-06-07T22:59:38.874703400Z</date>
  <millis>1780873178874</millis>
  <nanos>703400</nanos>
  <sequence>645</sequence>
  <level>START</level>
  <class>com.kms.katalon.core.logging.XmlKeywordLogger</class>
  <method>startKeyword</method>
  <thread>1</thread>
  <message>Start action : if (!(script.exists()))</message>
  <nestedLevel>1</nestedLevel>
  <escapedJava>false</escapedJava>
  <property name="startLine">33</property>
  <property name="stepIndex">4</property>
</record>
<record>
  <date>2026-06-07T22:59:38.875701900Z</date>
  <millis>1780873178875</millis>
  <nanos>701900</nanos>
  <sequence>646</sequence>
  <level>END</level>
  <class>com.kms.katalon.core.logging.XmlKeywordLogger</class>
  <method>endKeyword</method>
  <thread>1</thread>
  <message>End action : if (!(script.exists()))</message>
  <nestedLevel>1</nestedLevel>
  <escapedJava>false</escapedJava>
</record>
<record>
  <date>2026-06-07T22:59:38.875701900Z</date>
  <millis>1780873178875</millis>
  <nanos>701900</nanos>
  <sequence>647</sequence>
  <level>START</level>
  <class>com.kms.katalon.core.logging.XmlKeywordLogger</class>
  <method>startKeyword</method>
  <thread>1</thread>
  <message>Start action : cmd = [mysqlExe, &amp;quot;--user=&amp;quot; + dbUser, &amp;quot;--password=&amp;quot; + dbPass, dbName]</message>
  <nestedLevel>1</nestedLevel>
  <escapedJava>false</escapedJava>
  <property name="startLine">39</property>
  <property name="stepIndex">5</property>
</record>
<record>
  <date>2026-06-07T22:59:38.875701900Z</date>
  <millis>1780873178875</millis>
  <nanos>701900</nanos>
  <sequence>648</sequence>
  <level>END</level>
  <class>com.kms.katalon.core.logging.XmlKeywordLogger</class>
  <method>endKeyword</method>
  <thread>1</thread>
  <message>End action : cmd = [mysqlExe, &amp;quot;--user=&amp;quot; + dbUser, &amp;quot;--password=&amp;quot; + dbPass, dbName]</message>
  <nestedLevel>1</nestedLevel>
  <escapedJava>false</escapedJava>
</record>
<record>
  <date>2026-06-07T22:59:38.875701900Z</date>
  <millis>1780873178875</millis>
  <nanos>701900</nanos>
  <sequence>649</sequence>
  <level>START</level>
  <class>com.kms.katalon.core.logging.XmlKeywordLogger</class>
  <method>startKeyword</method>
  <thread>1</thread>
  <message>Start action : log = new java.io.File(java.lang.System.getProperty(java.io.tmpdir), seedreset.log)</message>
  <nestedLevel>1</nestedLevel>
  <escapedJava>false</escapedJava>
  <property name="startLine">46</property>
  <property name="stepIndex">6</property>
</record>
<record>
  <date>2026-06-07T22:59:38.875701900Z</date>
  <millis>1780873178875</millis>
  <nanos>701900</nanos>
  <sequence>650</sequence>
  <level>END</level>
  <class>com.kms.katalon.core.logging.XmlKeywordLogger</class>
  <method>endKeyword</method>
  <thread>1</thread>
  <message>End action : log = new java.io.File(java.lang.System.getProperty(java.io.tmpdir), seedreset.log)</message>
  <nestedLevel>1</nestedLevel>
  <escapedJava>false</escapedJava>
</record>
<record>
  <date>2026-06-07T22:59:38.875701900Z</date>
  <millis>1780873178875</millis>
  <nanos>701900</nanos>
  <sequence>651</sequence>
  <level>START</level>
  <class>com.kms.katalon.core.logging.XmlKeywordLogger</class>
  <method>startKeyword</method>
  <thread>1</thread>
  <message>Start action : pb = new java.lang.ProcessBuilder(cmd)</message>
  <nestedLevel>1</nestedLevel>
  <escapedJava>false</escapedJava>
  <property name="startLine">48</property>
  <property name="stepIndex">7</property>
</record>
<record>
  <date>2026-06-07T22:59:38.875701900Z</date>
  <millis>1780873178875</millis>
  <nanos>701900</nanos>
  <sequence>652</sequence>
  <level>END</level>
  <class>com.kms.katalon.core.logging.XmlKeywordLogger</class>
  <method>endKeyword</method>
  <thread>1</thread>
  <message>End action : pb = new java.lang.ProcessBuilder(cmd)</message>
  <nestedLevel>1</nestedLevel>
  <escapedJava>false</escapedJava>
</record>
<record>
  <date>2026-06-07T22:59:38.875701900Z</date>
  <millis>1780873178875</millis>
  <nanos>701900</nanos>
  <sequence>653</sequence>
  <level>START</level>
  <class>com.kms.katalon.core.logging.XmlKeywordLogger</class>
  <method>startKeyword</method>
  <thread>1</thread>
  <message>Start action : pb.redirectInput(script)</message>
  <nestedLevel>1</nestedLevel>
  <escapedJava>false</escapedJava>
  <property name="startLine">49</property>
  <property name="stepIndex">8</property>
</record>
<record>
  <date>2026-06-07T22:59:38.875701900Z</date>
  <millis>1780873178875</millis>
  <nanos>701900</nanos>
  <sequence>654</sequence>
  <level>END</level>
  <class>com.kms.katalon.core.logging.XmlKeywordLogger</class>
  <method>endKeyword</method>
  <thread>1</thread>
  <message>End action : pb.redirectInput(script)</message>
  <nestedLevel>1</nestedLevel>
  <escapedJava>false</escapedJava>
</record>
<record>
  <date>2026-06-07T22:59:38.875701900Z</date>
  <millis>1780873178875</millis>
  <nanos>701900</nanos>
  <sequence>655</sequence>
  <level>START</level>
  <class>com.kms.katalon.core.logging.XmlKeywordLogger</class>
  <method>startKeyword</method>
  <thread>1</thread>
  <message>Start action : pb.redirectErrorStream(true)</message>
  <nestedLevel>1</nestedLevel>
  <escapedJava>false</escapedJava>
  <property name="startLine">50</property>
  <property name="stepIndex">9</property>
</record>
<record>
  <date>2026-06-07T22:59:38.875701900Z</date>
  <millis>1780873178875</millis>
  <nanos>701900</nanos>
  <sequence>656</sequence>
  <level>END</level>
  <class>com.kms.katalon.core.logging.XmlKeywordLogger</class>
  <method>endKeyword</method>
  <thread>1</thread>
  <message>End action : pb.redirectErrorStream(true)</message>
  <nestedLevel>1</nestedLevel>
  <escapedJava>false</escapedJava>
</record>
<record>
  <date>2026-06-07T22:59:38.875701900Z</date>
  <millis>1780873178875</millis>
  <nanos>701900</nanos>
  <sequence>657</sequence>
  <level>START</level>
  <class>com.kms.katalon.core.logging.XmlKeywordLogger</class>
  <method>startKeyword</method>
  <thread>1</thread>
  <message>Start action : pb.redirectOutput(log)</message>
  <nestedLevel>1</nestedLevel>
  <escapedJava>false</escapedJava>
  <property name="startLine">51</property>
  <property name="stepIndex">10</property>
</record>
<record>
  <date>2026-06-07T22:59:38.875701900Z</date>
  <millis>1780873178875</millis>
  <nanos>701900</nanos>
  <sequence>658</sequence>
  <level>END</level>
  <class>com.kms.katalon.core.logging.XmlKeywordLogger</class>
  <method>endKeyword</method>
  <thread>1</thread>
  <message>End action : pb.redirectOutput(log)</message>
  <nestedLevel>1</nestedLevel>
  <escapedJava>false</escapedJava>
</record>
<record>
  <date>2026-06-07T22:59:38.875701900Z</date>
  <millis>1780873178875</millis>
  <nanos>701900</nanos>
  <sequence>659</sequence>
  <level>START</level>
  <class>com.kms.katalon.core.logging.XmlKeywordLogger</class>
  <method>startKeyword</method>
  <thread>1</thread>
  <message>Start action : p = pb.start()</message>
  <nestedLevel>1</nestedLevel>
  <escapedJava>false</escapedJava>
  <property name="startLine">53</property>
  <property name="stepIndex">11</property>
</record>
<record>
  <date>2026-06-07T22:59:38.878702500Z</date>
  <millis>1780873178878</millis>
  <nanos>702500</nanos>
  <sequence>660</sequence>
  <level>END</level>
  <class>com.kms.katalon.core.logging.XmlKeywordLogger</class>
  <method>endKeyword</method>
  <thread>1</thread>
  <message>End action : p = pb.start()</message>
  <nestedLevel>1</nestedLevel>
  <escapedJava>false</escapedJava>
</record>
<record>
  <date>2026-06-07T22:59:38.878702500Z</date>
  <millis>1780873178878</millis>
  <nanos>702500</nanos>
  <sequence>661</sequence>
  <level>START</level>
  <class>com.kms.katalon.core.logging.XmlKeywordLogger</class>
  <method>startKeyword</method>
  <thread>1</thread>
  <message>Start action : finished = p.waitFor(20, SECONDS)</message>
  <nestedLevel>1</nestedLevel>
  <escapedJava>false</escapedJava>
  <property name="startLine">55</property>
  <property name="stepIndex">12</property>
</record>
<record>
  <date>2026-06-07T22:59:38.945563400Z</date>
  <millis>1780873178945</millis>
  <nanos>563400</nanos>
  <sequence>662</sequence>
  <level>END</level>
  <class>com.kms.katalon.core.logging.XmlKeywordLogger</class>
  <method>endKeyword</method>
  <thread>1</thread>
  <message>End action : finished = p.waitFor(20, SECONDS)</message>
  <nestedLevel>1</nestedLevel>
  <escapedJava>false</escapedJava>
</record>
<record>
  <date>2026-06-07T22:59:38.946563100Z</date>
  <millis>1780873178946</millis>
  <nanos>563100</nanos>
  <sequence>663</sequence>
  <level>START</level>
  <class>com.kms.katalon.core.logging.XmlKeywordLogger</class>
  <method>startKeyword</method>
  <thread>1</thread>
  <message>Start action : if (!(finished))</message>
  <nestedLevel>1</nestedLevel>
  <escapedJava>false</escapedJava>
  <property name="startLine">56</property>
  <property name="stepIndex">13</property>
</record>
<record>
  <date>2026-06-07T22:59:38.946563100Z</date>
  <millis>1780873178946</millis>
  <nanos>563100</nanos>
  <sequence>664</sequence>
  <level>END</level>
  <class>com.kms.katalon.core.logging.XmlKeywordLogger</class>
  <method>endKeyword</method>
  <thread>1</thread>
  <message>End action : if (!(finished))</message>
  <nestedLevel>1</nestedLevel>
  <escapedJava>false</escapedJava>
</record>
<record>
  <date>2026-06-07T22:59:38.946563100Z</date>
  <millis>1780873178946</millis>
  <nanos>563100</nanos>
  <sequence>665</sequence>
  <level>START</level>
  <class>com.kms.katalon.core.logging.XmlKeywordLogger</class>
  <method>startKeyword</method>
  <thread>1</thread>
  <message>Start action : code = p.exitValue()</message>
  <nestedLevel>1</nestedLevel>
  <escapedJava>false</escapedJava>
  <property name="startLine">62</property>
  <property name="stepIndex">14</property>
</record>
<record>
  <date>2026-06-07T22:59:38.946563100Z</date>
  <millis>1780873178946</millis>
  <nanos>563100</nanos>
  <sequence>666</sequence>
  <level>END</level>
  <class>com.kms.katalon.core.logging.XmlKeywordLogger</class>
  <method>endKeyword</method>
  <thread>1</thread>
  <message>End action : code = p.exitValue()</message>
  <nestedLevel>1</nestedLevel>
  <escapedJava>false</escapedJava>
</record>
<record>
  <date>2026-06-07T22:59:38.946563100Z</date>
  <millis>1780873178946</millis>
  <nanos>563100</nanos>
  <sequence>667</sequence>
  <level>START</level>
  <class>com.kms.katalon.core.logging.XmlKeywordLogger</class>
  <method>startKeyword</method>
  <thread>1</thread>
  <message>Start action : if (code != 0)</message>
  <nestedLevel>1</nestedLevel>
  <escapedJava>false</escapedJava>
  <property name="startLine">63</property>
  <property name="stepIndex">15</property>
</record>
<record>
  <date>2026-06-07T22:59:38.946563100Z</date>
  <millis>1780873178946</millis>
  <nanos>563100</nanos>
  <sequence>668</sequence>
  <level>END</level>
  <class>com.kms.katalon.core.logging.XmlKeywordLogger</class>
  <method>endKeyword</method>
  <thread>1</thread>
  <message>End action : if (code != 0)</message>
  <nestedLevel>1</nestedLevel>
  <escapedJava>false</escapedJava>
</record>
<record>
  <date>2026-06-07T22:59:38.946563100Z</date>
  <millis>1780873178946</millis>
  <nanos>563100</nanos>
  <sequence>669</sequence>
  <level>START</level>
  <class>com.kms.katalon.core.logging.XmlKeywordLogger</class>
  <method>startKeyword</method>
  <thread>1</thread>
  <message>Start action : else</message>
  <nestedLevel>1</nestedLevel>
  <escapedJava>false</escapedJava>
  <property name="startLine">67</property>
  <property name="stepIndex">16</property>
</record>
<record>
  <date>2026-06-07T22:59:38.947563100Z</date>
  <millis>1780873178947</millis>
  <nanos>563100</nanos>
  <sequence>670</sequence>
  <level>START</level>
  <class>com.kms.katalon.core.logging.XmlKeywordLogger</class>
  <method>startKeyword</method>
  <thread>1</thread>
  <message>Start action : logInfo(&amp;quot;Seed ripristinato prima di: &amp;quot; + context.getTestCaseId())</message>
  <nestedLevel>2</nestedLevel>
  <escapedJava>false</escapedJava>
  <property name="startLine">68</property>
  <property name="stepIndex">1</property>
</record>
<record>
  <date>2026-06-07T22:59:38.947563100Z</date>
  <millis>1780873178947</millis>
  <nanos>563100</nanos>
  <sequence>671</sequence>
  <level>INFO</level>
  <class>com.kms.katalon.core.logging.XmlKeywordLogger</class>
  <method>logMessage</method>
  <thread>1</thread>
  <message>Seed ripristinato prima di: Test Cases/Ordine/TC_6.2_1</message>
  <nestedLevel>1</nestedLevel>
  <escapedJava>false</escapedJava>
</record>
<record>
  <date>2026-06-07T22:59:38.947563100Z</date>
  <millis>1780873178947</millis>
  <nanos>563100</nanos>
  <sequence>673</sequence>
  <level>END</level>
  <class>com.kms.katalon.core.logging.XmlKeywordLogger</class>
  <method>endKeyword</method>
  <thread>1</thread>
  <message>End action : logInfo(&amp;quot;Seed ripristinato prima di: &amp;quot; + context.getTestCaseId())</message>
  <nestedLevel>2</nestedLevel>
  <escapedJava>false</escapedJava>
</record>
<record>
  <date>2026-06-07T22:59:38.947563100Z</date>
  <millis>1780873178947</millis>
  <nanos>563100</nanos>
  <sequence>674</sequence>
  <level>END</level>
  <class>com.kms.katalon.core.logging.XmlKeywordLogger</class>
  <method>endKeyword</method>
  <thread>1</thread>
  <message>End action : else</message>
  <nestedLevel>1</nestedLevel>
  <escapedJava>false</escapedJava>
</record>
<record>
  <date>2026-06-07T22:59:38.947563100Z</date>
  <millis>1780873178947</millis>
  <nanos>563100</nanos>
  <sequence>675</sequence>
  <level>END</level>
  <class>com.kms.katalon.core.logging.XmlKeywordLogger</class>
  <method>endKeyword</method>
  <thread>1</thread>
  <message>End listener action : resetSeedBeforeTestCase</message>
  <nestedLevel>1</nestedLevel>
  <escapedJava>false</escapedJava>
</record>
<record>
  <date>2026-06-07T22:59:38.991205800Z</date>
  <millis>1780873178991</millis>
  <nanos>205800</nanos>
  <sequence>676</sequence>
  <level>START</level>
  <class>com.kms.katalon.core.logging.XmlKeywordLogger</class>
  <method>startKeyword</method>
  <thread>1</thread>
  <message>Start action : openBrowser(&amp;quot;&amp;quot;)</message>
  <nestedLevel>1</nestedLevel>
  <escapedJava>false</escapedJava>
  <property name="startLine">14</property>
  <property name="stepIndex">1</property>
</record>
<record>
  <date>2026-06-07T22:59:38.992209800Z</date>
  <millis>1780873178992</millis>
  <nanos>209800</nanos>
  <sequence>679</sequence>
  <level>INFO</level>
  <class>com.kms.katalon.core.logging.XmlKeywordLogger</class>
  <method>logMessage</method>
  <thread>1</thread>
  <message>Starting &amp;apos;Chrome&amp;apos; driver</message>
  <nestedLevel>1</nestedLevel>
  <escapedJava>false</escapedJava>
</record>
<record>
  <date>2026-06-07T22:59:38.993216300Z</date>
  <millis>1780873178993</millis>
  <nanos>216300</nanos>
  <sequence>680</sequence>
  <level>INFO</level>
  <class>com.kms.katalon.core.logging.XmlKeywordLogger</class>
  <method>logMessage</method>
  <thread>1</thread>
  <message>Action delay is set to 0 milliseconds</message>
  <nestedLevel>1</nestedLevel>
  <escapedJava>false</escapedJava>
</record>
<record>
  <date>2026-06-07T22:59:39.758854300Z</date>
  <millis>1780873179758</millis>
  <nanos>854300</nanos>
  <sequence>682</sequence>
  <level>RUN_DATA</level>
  <class>com.kms.katalon.core.logging.XmlKeywordLogger</class>
  <method>logMessage</method>
  <thread>1</thread>
  <message>sessionId = 809d959d8f502ccc31987d4f76b02969</message>
  <nestedLevel>1</nestedLevel>
  <escapedJava>false</escapedJava>
  <property name="sessionId">809d959d8f502ccc31987d4f76b02969</property>
</record>
<record>
  <date>2026-06-07T22:59:39.759854800Z</date>
  <millis>1780873179759</millis>
  <nanos>854800</nanos>
  <sequence>683</sequence>
  <level>RUN_DATA</level>
  <class>com.kms.katalon.core.logging.XmlKeywordLogger</class>
  <method>logMessage</method>
  <thread>1</thread>
  <message>browser = Chrome 148.0.7778.179</message>
  <nestedLevel>1</nestedLevel>
  <escapedJava>false</escapedJava>
  <property name="browser">Chrome 148.0.7778.179</property>
</record>
<record>
  <date>2026-06-07T22:59:39.759854800Z</date>
  <millis>1780873179759</millis>
  <nanos>854800</nanos>
  <sequence>684</sequence>
  <level>RUN_DATA</level>
  <class>com.kms.katalon.core.logging.XmlKeywordLogger</class>
  <method>logMessage</method>
  <thread>1</thread>
  <message>platform = Windows 11</message>
  <nestedLevel>1</nestedLevel>
  <escapedJava>false</escapedJava>
  <property name="platform">Windows 11</property>
</record>
<record>
  <date>2026-06-07T22:59:39.759854800Z</date>
  <millis>1780873179759</millis>
  <nanos>854800</nanos>
  <sequence>685</sequence>
  <level>RUN_DATA</level>
  <class>com.kms.katalon.core.logging.XmlKeywordLogger</class>
  <method>logMessage</method>
  <thread>1</thread>
  <message>seleniumVersion = 4.39.0</message>
  <nestedLevel>1</nestedLevel>
  <escapedJava>false</escapedJava>
  <property name="seleniumVersion">4.39.0</property>
</record>
<record>
  <date>2026-06-07T22:59:39.759854800Z</date>
  <millis>1780873179759</millis>
  <nanos>854800</nanos>
  <sequence>686</sequence>
  <level>RUN_DATA</level>
  <class>com.kms.katalon.core.logging.XmlKeywordLogger</class>
  <method>logMessage</method>
  <thread>1</thread>
  <message>proxyInformation = ProxyInformation { proxyOption=NO_PROXY, proxyServerType=HTTP, username=, password=********, proxyServerAddress=, proxyServerPort=0, executionList=&amp;quot;&amp;quot;, isApplyToDesiredCapabilities=true }</message>
  <nestedLevel>1</nestedLevel>
  <escapedJava>false</escapedJava>
  <property name="proxyInformation">ProxyInformation { proxyOption=NO_PROXY, proxyServerType=HTTP, username=, password=********, proxyServerAddress=, proxyServerPort=0, executionList=&quot;&quot;, isApplyToDesiredCapabilities=true }</property>
</record>
<record>
  <date>2026-06-07T22:59:39.772925500Z</date>
  <millis>1780873179772</millis>
  <nanos>925500</nanos>
  <sequence>687</sequence>
  <level>PASSED</level>
  <class>com.kms.katalon.core.logging.XmlKeywordLogger</class>
  <method>logMessage</method>
  <thread>1</thread>
  <message>Browser is opened with url: &amp;apos;&amp;apos;</message>
  <nestedLevel>1</nestedLevel>
  <escapedJava>false</escapedJava>
  <property name="testops-method-name">com.kms.katalon.core.webui.keyword.builtin.OpenBrowserKeyword.openBrowser</property>
  <property name="testops-execution-stacktrace"></property>
</record>
<record>
  <date>2026-06-07T22:59:39.773924500Z</date>
  <millis>1780873179773</millis>
  <nanos>924500</nanos>
  <sequence>688</sequence>
  <level>END</level>
  <class>com.kms.katalon.core.logging.XmlKeywordLogger</class>
  <method>endKeyword</method>
  <thread>1</thread>
  <message>End action : openBrowser(&amp;quot;&amp;quot;)</message>
  <nestedLevel>1</nestedLevel>
  <escapedJava>false</escapedJava>
</record>
<record>
  <date>2026-06-07T22:59:39.773924500Z</date>
  <millis>1780873179773</millis>
  <nanos>924500</nanos>
  <sequence>689</sequence>
  <level>START</level>
  <class>com.kms.katalon.core.logging.XmlKeywordLogger</class>
  <method>startKeyword</method>
  <thread>1</thread>
  <message>Start action : navigateToUrl(base + &amp;quot;loginForm.jsp&amp;quot;)</message>
  <nestedLevel>1</nestedLevel>
  <escapedJava>false</escapedJava>
  <property name="startLine">15</property>
  <property name="stepIndex">2</property>
</record>
<record>
  <date>2026-06-07T22:59:40.163204300Z</date>
  <millis>1780873180163</millis>
  <nanos>204300</nanos>
  <sequence>693</sequence>
  <level>PASSED</level>
  <class>com.kms.katalon.core.logging.XmlKeywordLogger</class>
  <method>logMessage</method>
  <thread>1</thread>
  <message>Navigate to &amp;apos;http://localhost:8080/Vaporant_IGES_war_exploded/loginForm.jsp&amp;apos; successfully</message>
  <nestedLevel>1</nestedLevel>
  <escapedJava>false</escapedJava>
  <property name="testops-method-name">com.kms.katalon.core.webui.keyword.builtin.NavigateToUrlKeyword.navigateToUrl</property>
  <property name="testops-execution-stacktrace"></property>
</record>
<record>
  <date>2026-06-07T22:59:40.164200900Z</date>
  <millis>1780873180164</millis>
  <nanos>200900</nanos>
  <sequence>694</sequence>
  <level>END</level>
  <class>com.kms.katalon.core.logging.XmlKeywordLogger</class>
  <method>endKeyword</method>
  <thread>1</thread>
  <message>End action : navigateToUrl(base + &amp;quot;loginForm.jsp&amp;quot;)</message>
  <nestedLevel>1</nestedLevel>
  <escapedJava>false</escapedJava>
</record>
<record>
  <date>2026-06-07T22:59:40.164200900Z</date>
  <millis>1780873180164</millis>
  <nanos>200900</nanos>
  <sequence>695</sequence>
  <level>START</level>
  <class>com.kms.katalon.core.logging.XmlKeywordLogger</class>
  <method>startKeyword</method>
  <thread>1</thread>
  <message>Start action : setText(css(&amp;quot;#email&amp;quot;), &amp;quot;t.mansi@studenti.unisa.it&amp;quot;)</message>
  <nestedLevel>1</nestedLevel>
  <escapedJava>false</escapedJava>
  <property name="startLine">16</property>
  <property name="stepIndex">3</property>
</record>
<record>
  <date>2026-06-07T22:59:40.164200900Z</date>
  <millis>1780873180164</millis>
  <nanos>200900</nanos>
  <sequence>696</sequence>
  <level>END</level>
  <class>com.kms.katalon.core.logging.XmlKeywordLogger</class>
  <method>endKeyword</method>
  <thread>1</thread>
  <message>End action : setText(css(&amp;quot;#email&amp;quot;), &amp;quot;t.mansi@studenti.unisa.it&amp;quot;)</message>
  <nestedLevel>1</nestedLevel>
  <escapedJava>false</escapedJava>
</record>
<record>
  <date>2026-06-07T22:59:40.164200900Z</date>
  <millis>1780873180164</millis>
  <nanos>200900</nanos>
  <sequence>697</sequence>
  <level>START</level>
  <class>com.kms.katalon.core.logging.XmlKeywordLogger</class>
  <method>startKeyword</method>
  <thread>1</thread>
  <message>Start action : t = new com.kms.katalon.core.testobject.TestObject(sel)</message>
  <nestedLevel>1</nestedLevel>
  <escapedJava>false</escapedJava>
  <property name="startLine">8</property>
  <property name="stepIndex">1</property>
</record>
<record>
  <date>2026-06-07T22:59:40.165201200Z</date>
  <millis>1780873180165</millis>
  <nanos>201200</nanos>
  <sequence>698</sequence>
  <level>END</level>
  <class>com.kms.katalon.core.logging.XmlKeywordLogger</class>
  <method>endKeyword</method>
  <thread>1</thread>
  <message>End action : t = new com.kms.katalon.core.testobject.TestObject(sel)</message>
  <nestedLevel>1</nestedLevel>
  <escapedJava>false</escapedJava>
</record>
<record>
  <date>2026-06-07T22:59:40.165201200Z</date>
  <millis>1780873180165</millis>
  <nanos>201200</nanos>
  <sequence>699</sequence>
  <level>START</level>
  <class>com.kms.katalon.core.logging.XmlKeywordLogger</class>
  <method>startKeyword</method>
  <thread>1</thread>
  <message>Start action : t.addProperty(&amp;quot;css&amp;quot;, EQUALS, sel)</message>
  <nestedLevel>1</nestedLevel>
  <escapedJava>false</escapedJava>
  <property name="startLine">9</property>
  <property name="stepIndex">2</property>
</record>
<record>
  <date>2026-06-07T22:59:40.166202300Z</date>
  <millis>1780873180166</millis>
  <nanos>202300</nanos>
  <sequence>700</sequence>
  <level>END</level>
  <class>com.kms.katalon.core.logging.XmlKeywordLogger</class>
  <method>endKeyword</method>
  <thread>1</thread>
  <message>End action : t.addProperty(&amp;quot;css&amp;quot;, EQUALS, sel)</message>
  <nestedLevel>1</nestedLevel>
  <escapedJava>false</escapedJava>
</record>
<record>
  <date>2026-06-07T22:59:40.166202300Z</date>
  <millis>1780873180166</millis>
  <nanos>202300</nanos>
  <sequence>701</sequence>
  <level>START</level>
  <class>com.kms.katalon.core.logging.XmlKeywordLogger</class>
  <method>startKeyword</method>
  <thread>1</thread>
  <message>Start action : return t</message>
  <nestedLevel>1</nestedLevel>
  <escapedJava>false</escapedJava>
  <property name="startLine">10</property>
  <property name="stepIndex">3</property>
</record>
<record>
  <date>2026-06-07T22:59:40.751475700Z</date>
  <millis>1780873180751</millis>
  <nanos>475700</nanos>
  <sequence>714</sequence>
  <level>PASSED</level>
  <class>com.kms.katalon.core.logging.XmlKeywordLogger</class>
  <method>logMessage</method>
  <thread>1</thread>
  <message>Text &amp;apos;t.mansi@studenti.unisa.it&amp;apos; is set on object &amp;apos;#email&amp;apos;</message>
  <nestedLevel>1</nestedLevel>
  <escapedJava>false</escapedJava>
  <property name="testops-method-name">com.kms.katalon.core.webui.keyword.internal.WebUIKeywordMain.runKeywordUntilTimeout</property>
  <property name="testops-execution-stacktrace">com.kms.katalon.core.logging.KeywordLogger.logPassed(KeywordLogger.java:350)
com.kms.katalon.core.logging.KeywordLogger.logPassed(KeywordLogger.java:345)
com.kms.katalon.core.webui.keyword.builtin.SetTextKeyword$_setText_closure1.doCall(SetTextKeyword.groovy:99)
java.base/jdk.internal.reflect.DirectMethodHandleAccessor.invoke(DirectMethodHandleAccessor.java:103)
jdk.proxy2/jdk.proxy2.$Proxy57.execute(Unknown Source)
com.kms.katalon.core.webui.model.SeleniumActionRetryController.performAction(SeleniumActionRetryController.java:96)
com.kms.katalon.core.webui.model.SeleniumActionRetryController.performAction(SeleniumActionRetryController.java:83)
com.kms.katalon.core.webui.keyword.internal.WebUIKeywordMain$_runKeywordUntilTimeout_closure1.doCall(WebUIKeywordMain.groovy:135)
com.kms.katalon.core.webui.keyword.internal.WebUIKeywordMain$_runKeywordUntilTimeout_closure1.call(WebUIKeywordMain.groovy)
com.kms.katalon.core.webui.keyword.internal.WebUIKeywordMain.runKeyword(WebUIKeywordMain.groovy:41)
com.kms.katalon.core.webui.keyword.internal.WebUIKeywordMain.runKeywordUntilTimeout(WebUIKeywordMain.groovy:133)
com.kms.katalon.core.webui.keyword.builtin.SetTextKeyword.setText(SetTextKeyword.groovy:106)
com.kms.katalon.core.webui.keyword.builtin.SetTextKeyword.execute(SetTextKeyword.groovy:49)
com.kms.katalon.core.keyword.internal.KeywordExecutor.executeKeywordForPlatform(KeywordExecutor.groovy:103)
com.kms.katalon.core.webui.keyword.WebUiBuiltInKeywords.setText(WebUiBuiltInKeywords.groovy:1082)
Script178070060201.run(Script178070060201.groovy:16)
</property>
</record>
<record>
  <date>2026-06-07T22:59:40.751475700Z</date>
  <millis>1780873180751</millis>
  <nanos>475700</nanos>
  <sequence>715</sequence>
  <level>END</level>
  <class>com.kms.katalon.core.logging.XmlKeywordLogger</class>
  <method>endKeyword</method>
  <thread>1</thread>
  <message>End action : return t</message>
  <nestedLevel>1</nestedLevel>
  <escapedJava>false</escapedJava>
</record>
<record>
  <date>2026-06-07T22:59:40.751475700Z</date>
  <millis>1780873180751</millis>
  <nanos>475700</nanos>
  <sequence>716</sequence>
  <level>START</level>
  <class>com.kms.katalon.core.logging.XmlKeywordLogger</class>
  <method>startKeyword</method>
  <thread>1</thread>
  <message>Start action : setText(css(&amp;quot;#password&amp;quot;), &amp;quot;321CBA.&amp;quot;)</message>
  <nestedLevel>1</nestedLevel>
  <escapedJava>false</escapedJava>
  <property name="startLine">17</property>
  <property name="stepIndex">4</property>
</record>
<record>
  <date>2026-06-07T22:59:40.752479400Z</date>
  <millis>1780873180752</millis>
  <nanos>479400</nanos>
  <sequence>717</sequence>
  <level>END</level>
  <class>com.kms.katalon.core.logging.XmlKeywordLogger</class>
  <method>endKeyword</method>
  <thread>1</thread>
  <message>End action : setText(css(&amp;quot;#password&amp;quot;), &amp;quot;321CBA.&amp;quot;)</message>
  <nestedLevel>1</nestedLevel>
  <escapedJava>false</escapedJava>
</record>
<record>
  <date>2026-06-07T22:59:40.752479400Z</date>
  <millis>1780873180752</millis>
  <nanos>479400</nanos>
  <sequence>718</sequence>
  <level>START</level>
  <class>com.kms.katalon.core.logging.XmlKeywordLogger</class>
  <method>startKeyword</method>
  <thread>1</thread>
  <message>Start action : t = new com.kms.katalon.core.testobject.TestObject(sel)</message>
  <nestedLevel>1</nestedLevel>
  <escapedJava>false</escapedJava>
  <property name="startLine">8</property>
  <property name="stepIndex">1</property>
</record>
<record>
  <date>2026-06-07T22:59:40.752479400Z</date>
  <millis>1780873180752</millis>
  <nanos>479400</nanos>
  <sequence>719</sequence>
  <level>END</level>
  <class>com.kms.katalon.core.logging.XmlKeywordLogger</class>
  <method>endKeyword</method>
  <thread>1</thread>
  <message>End action : t = new com.kms.katalon.core.testobject.TestObject(sel)</message>
  <nestedLevel>1</nestedLevel>
  <escapedJava>false</escapedJava>
</record>
<record>
  <date>2026-06-07T22:59:40.752479400Z</date>
  <millis>1780873180752</millis>
  <nanos>479400</nanos>
  <sequence>720</sequence>
  <level>START</level>
  <class>com.kms.katalon.core.logging.XmlKeywordLogger</class>
  <method>startKeyword</method>
  <thread>1</thread>
  <message>Start action : t.addProperty(&amp;quot;css&amp;quot;, EQUALS, sel)</message>
  <nestedLevel>1</nestedLevel>
  <escapedJava>false</escapedJava>
  <property name="startLine">9</property>
  <property name="stepIndex">2</property>
</record>
<record>
  <date>2026-06-07T22:59:40.752479400Z</date>
  <millis>1780873180752</millis>
  <nanos>479400</nanos>
  <sequence>721</sequence>
  <level>END</level>
  <class>com.kms.katalon.core.logging.XmlKeywordLogger</class>
  <method>endKeyword</method>
  <thread>1</thread>
  <message>End action : t.addProperty(&amp;quot;css&amp;quot;, EQUALS, sel)</message>
  <nestedLevel>1</nestedLevel>
  <escapedJava>false</escapedJava>
</record>
<record>
  <date>2026-06-07T22:59:40.752479400Z</date>
  <millis>1780873180752</millis>
  <nanos>479400</nanos>
  <sequence>722</sequence>
  <level>START</level>
  <class>com.kms.katalon.core.logging.XmlKeywordLogger</class>
  <method>startKeyword</method>
  <thread>1</thread>
  <message>Start action : return t</message>
  <nestedLevel>1</nestedLevel>
  <escapedJava>false</escapedJava>
  <property name="startLine">10</property>
  <property name="stepIndex">3</property>
</record>
<record>
  <date>2026-06-07T22:59:41.291051700Z</date>
  <millis>1780873181291</millis>
  <nanos>51700</nanos>
  <sequence>735</sequence>
  <level>PASSED</level>
  <class>com.kms.katalon.core.logging.XmlKeywordLogger</class>
  <method>logMessage</method>
  <thread>1</thread>
  <message>Text &amp;apos;321CBA.&amp;apos; is set on object &amp;apos;#password&amp;apos;</message>
  <nestedLevel>1</nestedLevel>
  <escapedJava>false</escapedJava>
  <property name="testops-method-name">com.kms.katalon.core.webui.keyword.internal.WebUIKeywordMain.runKeywordUntilTimeout</property>
  <property name="testops-execution-stacktrace">com.kms.katalon.core.logging.KeywordLogger.logPassed(KeywordLogger.java:350)
com.kms.katalon.core.logging.KeywordLogger.logPassed(KeywordLogger.java:345)
com.kms.katalon.core.webui.keyword.builtin.SetTextKeyword$_setText_closure1.doCall(SetTextKeyword.groovy:99)
java.base/jdk.internal.reflect.DirectMethodHandleAccessor.invoke(DirectMethodHandleAccessor.java:103)
jdk.proxy2/jdk.proxy2.$Proxy57.execute(Unknown Source)
com.kms.katalon.core.webui.model.SeleniumActionRetryController.performAction(SeleniumActionRetryController.java:96)
com.kms.katalon.core.webui.model.SeleniumActionRetryController.performAction(SeleniumActionRetryController.java:83)
com.kms.katalon.core.webui.keyword.internal.WebUIKeywordMain$_runKeywordUntilTimeout_closure1.doCall(WebUIKeywordMain.groovy:135)
com.kms.katalon.core.webui.keyword.internal.WebUIKeywordMain$_runKeywordUntilTimeout_closure1.call(WebUIKeywordMain.groovy)
com.kms.katalon.core.webui.keyword.internal.WebUIKeywordMain.runKeyword(WebUIKeywordMain.groovy:41)
com.kms.katalon.core.webui.keyword.internal.WebUIKeywordMain.runKeywordUntilTimeout(WebUIKeywordMain.groovy:133)
com.kms.katalon.core.webui.keyword.builtin.SetTextKeyword.setText(SetTextKeyword.groovy:106)
com.kms.katalon.core.webui.keyword.builtin.SetTextKeyword.execute(SetTextKeyword.groovy:49)
com.kms.katalon.core.keyword.internal.KeywordExecutor.executeKeywordForPlatform(KeywordExecutor.groovy:103)
com.kms.katalon.core.webui.keyword.WebUiBuiltInKeywords.setText(WebUiBuiltInKeywords.groovy:1082)
Script178070060201.run(Script178070060201.groovy:17)
</property>
</record>
<record>
  <date>2026-06-07T22:59:41.291645100Z</date>
  <millis>1780873181291</millis>
  <nanos>645100</nanos>
  <sequence>736</sequence>
  <level>END</level>
  <class>com.kms.katalon.core.logging.XmlKeywordLogger</class>
  <method>endKeyword</method>
  <thread>1</thread>
  <message>End action : return t</message>
  <nestedLevel>1</nestedLevel>
  <escapedJava>false</escapedJava>
</record>
<record>
  <date>2026-06-07T22:59:41.291645100Z</date>
  <millis>1780873181291</millis>
  <nanos>645100</nanos>
  <sequence>737</sequence>
  <level>START</level>
  <class>com.kms.katalon.core.logging.XmlKeywordLogger</class>
  <method>startKeyword</method>
  <thread>1</thread>
  <message>Start action : click(css(&amp;quot;#submit&amp;quot;))</message>
  <nestedLevel>1</nestedLevel>
  <escapedJava>false</escapedJava>
  <property name="startLine">18</property>
  <property name="stepIndex">5</property>
</record>
<record>
  <date>2026-06-07T22:59:41.292152100Z</date>
  <millis>1780873181292</millis>
  <nanos>152100</nanos>
  <sequence>738</sequence>
  <level>END</level>
  <class>com.kms.katalon.core.logging.XmlKeywordLogger</class>
  <method>endKeyword</method>
  <thread>1</thread>
  <message>End action : click(css(&amp;quot;#submit&amp;quot;))</message>
  <nestedLevel>1</nestedLevel>
  <escapedJava>false</escapedJava>
</record>
<record>
  <date>2026-06-07T22:59:41.292152100Z</date>
  <millis>1780873181292</millis>
  <nanos>152100</nanos>
  <sequence>739</sequence>
  <level>START</level>
  <class>com.kms.katalon.core.logging.XmlKeywordLogger</class>
  <method>startKeyword</method>
  <thread>1</thread>
  <message>Start action : t = new com.kms.katalon.core.testobject.TestObject(sel)</message>
  <nestedLevel>1</nestedLevel>
  <escapedJava>false</escapedJava>
  <property name="startLine">8</property>
  <property name="stepIndex">1</property>
</record>
<record>
  <date>2026-06-07T22:59:41.292152100Z</date>
  <millis>1780873181292</millis>
  <nanos>152100</nanos>
  <sequence>740</sequence>
  <level>END</level>
  <class>com.kms.katalon.core.logging.XmlKeywordLogger</class>
  <method>endKeyword</method>
  <thread>1</thread>
  <message>End action : t = new com.kms.katalon.core.testobject.TestObject(sel)</message>
  <nestedLevel>1</nestedLevel>
  <escapedJava>false</escapedJava>
</record>
<record>
  <date>2026-06-07T22:59:41.292152100Z</date>
  <millis>1780873181292</millis>
  <nanos>152100</nanos>
  <sequence>741</sequence>
  <level>START</level>
  <class>com.kms.katalon.core.logging.XmlKeywordLogger</class>
  <method>startKeyword</method>
  <thread>1</thread>
  <message>Start action : t.addProperty(&amp;quot;css&amp;quot;, EQUALS, sel)</message>
  <nestedLevel>1</nestedLevel>
  <escapedJava>false</escapedJava>
  <property name="startLine">9</property>
  <property name="stepIndex">2</property>
</record>
<record>
  <date>2026-06-07T22:59:41.292152100Z</date>
  <millis>1780873181292</millis>
  <nanos>152100</nanos>
  <sequence>742</sequence>
  <level>END</level>
  <class>com.kms.katalon.core.logging.XmlKeywordLogger</class>
  <method>endKeyword</method>
  <thread>1</thread>
  <message>End action : t.addProperty(&amp;quot;css&amp;quot;, EQUALS, sel)</message>
  <nestedLevel>1</nestedLevel>
  <escapedJava>false</escapedJava>
</record>
<record>
  <date>2026-06-07T22:59:41.292152100Z</date>
  <millis>1780873181292</millis>
  <nanos>152100</nanos>
  <sequence>743</sequence>
  <level>START</level>
  <class>com.kms.katalon.core.logging.XmlKeywordLogger</class>
  <method>startKeyword</method>
  <thread>1</thread>
  <message>Start action : return t</message>
  <nestedLevel>1</nestedLevel>
  <escapedJava>false</escapedJava>
  <property name="startLine">10</property>
  <property name="stepIndex">3</property>
</record>
<record>
  <date>2026-06-07T22:59:41.616828800Z</date>
  <millis>1780873181616</millis>
  <nanos>828800</nanos>
  <sequence>753</sequence>
  <level>PASSED</level>
  <class>com.kms.katalon.core.logging.XmlKeywordLogger</class>
  <method>logMessage</method>
  <thread>1</thread>
  <message>Object: &amp;apos;#submit&amp;apos; is clicked on</message>
  <nestedLevel>1</nestedLevel>
  <escapedJava>false</escapedJava>
  <property name="testops-method-name">com.kms.katalon.core.webui.keyword.internal.WebUIKeywordMain.runKeywordUntilTimeout</property>
  <property name="testops-execution-stacktrace">com.kms.katalon.core.logging.KeywordLogger.logPassed(KeywordLogger.java:350)
com.kms.katalon.core.logging.KeywordLogger.logPassed(KeywordLogger.java:345)
com.kms.katalon.core.webui.keyword.builtin.ClickKeyword$_click_closure1.doCall(ClickKeyword.groovy:66)
java.base/jdk.internal.reflect.DirectMethodHandleAccessor.invoke(DirectMethodHandleAccessor.java:103)
jdk.proxy2/jdk.proxy2.$Proxy57.execute(Unknown Source)
com.kms.katalon.core.webui.model.SeleniumActionRetryController.performAction(SeleniumActionRetryController.java:96)
com.kms.katalon.core.webui.model.SeleniumActionRetryController.performAction(SeleniumActionRetryController.java:83)
com.kms.katalon.core.webui.keyword.internal.WebUIKeywordMain$_runKeywordUntilTimeout_closure1.doCall(WebUIKeywordMain.groovy:135)
com.kms.katalon.core.webui.keyword.internal.WebUIKeywordMain$_runKeywordUntilTimeout_closure1.call(WebUIKeywordMain.groovy)
com.kms.katalon.core.webui.keyword.internal.WebUIKeywordMain.runKeyword(WebUIKeywordMain.groovy:41)
com.kms.katalon.core.webui.keyword.internal.WebUIKeywordMain.runKeywordUntilTimeout(WebUIKeywordMain.groovy:133)
com.kms.katalon.core.webui.keyword.builtin.ClickKeyword.click(ClickKeyword.groovy:72)
com.kms.katalon.core.webui.keyword.builtin.ClickKeyword.execute(ClickKeyword.groovy:38)
com.kms.katalon.core.keyword.internal.KeywordExecutor.executeKeywordForPlatform(KeywordExecutor.groovy:103)
com.kms.katalon.core.webui.keyword.WebUiBuiltInKeywords.click(WebUiBuiltInKeywords.groovy:722)
Script178070060201.run(Script178070060201.groovy:18)
</property>
</record>
<record>
  <date>2026-06-07T22:59:41.618333800Z</date>
  <millis>1780873181618</millis>
  <nanos>333800</nanos>
  <sequence>754</sequence>
  <level>END</level>
  <class>com.kms.katalon.core.logging.XmlKeywordLogger</class>
  <method>endKeyword</method>
  <thread>1</thread>
  <message>End action : return t</message>
  <nestedLevel>1</nestedLevel>
  <escapedJava>false</escapedJava>
</record>
<record>
  <date>2026-06-07T22:59:41.618333800Z</date>
  <millis>1780873181618</millis>
  <nanos>333800</nanos>
  <sequence>755</sequence>
  <level>START</level>
  <class>com.kms.katalon.core.logging.XmlKeywordLogger</class>
  <method>startKeyword</method>
  <thread>1</thread>
  <message>Start action : delay(2)</message>
  <nestedLevel>1</nestedLevel>
  <escapedJava>false</escapedJava>
  <property name="startLine">19</property>
  <property name="stepIndex">6</property>
</record>
<record>
  <date>2026-06-07T22:59:43.629259200Z</date>
  <millis>1780873183629</millis>
  <nanos>259200</nanos>
  <sequence>758</sequence>
  <level>PASSED</level>
  <class>com.kms.katalon.core.logging.XmlKeywordLogger</class>
  <method>logMessage</method>
  <thread>1</thread>
  <message>Delayed 2 second(s)</message>
  <nestedLevel>1</nestedLevel>
  <escapedJava>false</escapedJava>
  <property name="testops-method-name">com.kms.katalon.core.keyword.builtin.DelayKeyword.delay</property>
  <property name="testops-execution-stacktrace"></property>
</record>
<record>
  <date>2026-06-07T22:59:43.631260800Z</date>
  <millis>1780873183631</millis>
  <nanos>260800</nanos>
  <sequence>759</sequence>
  <level>END</level>
  <class>com.kms.katalon.core.logging.XmlKeywordLogger</class>
  <method>endKeyword</method>
  <thread>1</thread>
  <message>End action : delay(2)</message>
  <nestedLevel>1</nestedLevel>
  <escapedJava>false</escapedJava>
</record>
<record>
  <date>2026-06-07T22:59:43.632289600Z</date>
  <millis>1780873183632</millis>
  <nanos>289600</nanos>
  <sequence>760</sequence>
  <level>START</level>
  <class>com.kms.katalon.core.logging.XmlKeywordLogger</class>
  <method>startKeyword</method>
  <thread>1</thread>
  <message>Start action : navigateToUrl(base + &amp;quot;cart?action=addC&amp;amp;id=2&amp;quot;)</message>
  <nestedLevel>1</nestedLevel>
  <escapedJava>false</escapedJava>
  <property name="startLine">20</property>
  <property name="stepIndex">7</property>
</record>
<record>
  <date>2026-06-07T22:59:43.809003700Z</date>
  <millis>1780873183809</millis>
  <nanos>3700</nanos>
  <sequence>764</sequence>
  <level>PASSED</level>
  <class>com.kms.katalon.core.logging.XmlKeywordLogger</class>
  <method>logMessage</method>
  <thread>1</thread>
  <message>Navigate to &amp;apos;http://localhost:8080/Vaporant_IGES_war_exploded/cart?action=addC&amp;amp;id=2&amp;apos; successfully</message>
  <nestedLevel>1</nestedLevel>
  <escapedJava>false</escapedJava>
  <property name="testops-method-name">com.kms.katalon.core.webui.keyword.builtin.NavigateToUrlKeyword.navigateToUrl</property>
  <property name="testops-execution-stacktrace"></property>
</record>
<record>
  <date>2026-06-07T22:59:43.809003700Z</date>
  <millis>1780873183809</millis>
  <nanos>3700</nanos>
  <sequence>765</sequence>
  <level>END</level>
  <class>com.kms.katalon.core.logging.XmlKeywordLogger</class>
  <method>endKeyword</method>
  <thread>1</thread>
  <message>End action : navigateToUrl(base + &amp;quot;cart?action=addC&amp;amp;id=2&amp;quot;)</message>
  <nestedLevel>1</nestedLevel>
  <escapedJava>false</escapedJava>
</record>
<record>
  <date>2026-06-07T22:59:43.810004400Z</date>
  <millis>1780873183810</millis>
  <nanos>4400</nanos>
  <sequence>766</sequence>
  <level>START</level>
  <class>com.kms.katalon.core.logging.XmlKeywordLogger</class>
  <method>startKeyword</method>
  <thread>1</thread>
  <message>Start action : delay(1)</message>
  <nestedLevel>1</nestedLevel>
  <escapedJava>false</escapedJava>
  <property name="startLine">21</property>
  <property name="stepIndex">8</property>
</record>
<record>
  <date>2026-06-07T22:59:44.815131300Z</date>
  <millis>1780873184815</millis>
  <nanos>131300</nanos>
  <sequence>769</sequence>
  <level>PASSED</level>
  <class>com.kms.katalon.core.logging.XmlKeywordLogger</class>
  <method>logMessage</method>
  <thread>1</thread>
  <message>Delayed 1 second(s)</message>
  <nestedLevel>1</nestedLevel>
  <escapedJava>false</escapedJava>
  <property name="testops-method-name">com.kms.katalon.core.keyword.builtin.DelayKeyword.delay</property>
  <property name="testops-execution-stacktrace"></property>
</record>
<record>
  <date>2026-06-07T22:59:44.816129300Z</date>
  <millis>1780873184816</millis>
  <nanos>129300</nanos>
  <sequence>770</sequence>
  <level>END</level>
  <class>com.kms.katalon.core.logging.XmlKeywordLogger</class>
  <method>endKeyword</method>
  <thread>1</thread>
  <message>End action : delay(1)</message>
  <nestedLevel>1</nestedLevel>
  <escapedJava>false</escapedJava>
</record>
<record>
  <date>2026-06-07T22:59:44.817125400Z</date>
  <millis>1780873184817</millis>
  <nanos>125400</nanos>
  <sequence>771</sequence>
  <level>START</level>
  <class>com.kms.katalon.core.logging.XmlKeywordLogger</class>
  <method>startKeyword</method>
  <thread>1</thread>
  <message>Start action : navigateToUrl(base + &amp;quot;checkout.jsp&amp;quot;)</message>
  <nestedLevel>1</nestedLevel>
  <escapedJava>false</escapedJava>
  <property name="startLine">22</property>
  <property name="stepIndex">9</property>
</record>
<record>
  <date>2026-06-07T22:59:44.867413100Z</date>
  <millis>1780873184867</millis>
  <nanos>413100</nanos>
  <sequence>775</sequence>
  <level>PASSED</level>
  <class>com.kms.katalon.core.logging.XmlKeywordLogger</class>
  <method>logMessage</method>
  <thread>1</thread>
  <message>Navigate to &amp;apos;http://localhost:8080/Vaporant_IGES_war_exploded/checkout.jsp&amp;apos; successfully</message>
  <nestedLevel>1</nestedLevel>
  <escapedJava>false</escapedJava>
  <property name="testops-method-name">com.kms.katalon.core.webui.keyword.builtin.NavigateToUrlKeyword.navigateToUrl</property>
  <property name="testops-execution-stacktrace"></property>
</record>
<record>
  <date>2026-06-07T22:59:44.868411Z</date>
  <millis>1780873184868</millis>
  <nanos>411000</nanos>
  <sequence>776</sequence>
  <level>END</level>
  <class>com.kms.katalon.core.logging.XmlKeywordLogger</class>
  <method>endKeyword</method>
  <thread>1</thread>
  <message>End action : navigateToUrl(base + &amp;quot;checkout.jsp&amp;quot;)</message>
  <nestedLevel>1</nestedLevel>
  <escapedJava>false</escapedJava>
</record>
<record>
  <date>2026-06-07T22:59:44.868411Z</date>
  <millis>1780873184868</millis>
  <nanos>411000</nanos>
  <sequence>777</sequence>
  <level>START</level>
  <class>com.kms.katalon.core.logging.XmlKeywordLogger</class>
  <method>startKeyword</method>
  <thread>1</thread>
  <message>Start action : delay(2)</message>
  <nestedLevel>1</nestedLevel>
  <escapedJava>false</escapedJava>
  <property name="startLine">23</property>
  <property name="stepIndex">10</property>
</record>
<record>
  <date>2026-06-07T22:59:46.884780900Z</date>
  <millis>1780873186884</millis>
  <nanos>780900</nanos>
  <sequence>780</sequence>
  <level>PASSED</level>
  <class>com.kms.katalon.core.logging.XmlKeywordLogger</class>
  <method>logMessage</method>
  <thread>1</thread>
  <message>Delayed 2 second(s)</message>
  <nestedLevel>1</nestedLevel>
  <escapedJava>false</escapedJava>
  <property name="testops-method-name">com.kms.katalon.core.keyword.builtin.DelayKeyword.delay</property>
  <property name="testops-execution-stacktrace"></property>
</record>
<record>
  <date>2026-06-07T22:59:46.885790600Z</date>
  <millis>1780873186885</millis>
  <nanos>790600</nanos>
  <sequence>781</sequence>
  <level>END</level>
  <class>com.kms.katalon.core.logging.XmlKeywordLogger</class>
  <method>endKeyword</method>
  <thread>1</thread>
  <message>End action : delay(2)</message>
  <nestedLevel>1</nestedLevel>
  <escapedJava>false</escapedJava>
</record>
<record>
  <date>2026-06-07T22:59:46.885790600Z</date>
  <millis>1780873186885</millis>
  <nanos>790600</nanos>
  <sequence>782</sequence>
  <level>START</level>
  <class>com.kms.katalon.core.logging.XmlKeywordLogger</class>
  <method>startKeyword</method>
  <thread>1</thread>
  <message>Start action : selectOptionByValue(css(&amp;quot;#addressDropdown&amp;quot;), &amp;quot;4&amp;quot;, false)</message>
  <nestedLevel>1</nestedLevel>
  <escapedJava>false</escapedJava>
  <property name="startLine">25</property>
  <property name="stepIndex">11</property>
</record>
<record>
  <date>2026-06-07T22:59:46.886790200Z</date>
  <millis>1780873186886</millis>
  <nanos>790200</nanos>
  <sequence>783</sequence>
  <level>END</level>
  <class>com.kms.katalon.core.logging.XmlKeywordLogger</class>
  <method>endKeyword</method>
  <thread>1</thread>
  <message>End action : selectOptionByValue(css(&amp;quot;#addressDropdown&amp;quot;), &amp;quot;4&amp;quot;, false)</message>
  <nestedLevel>1</nestedLevel>
  <escapedJava>false</escapedJava>
</record>
<record>
  <date>2026-06-07T22:59:46.886790200Z</date>
  <millis>1780873186886</millis>
  <nanos>790200</nanos>
  <sequence>784</sequence>
  <level>START</level>
  <class>com.kms.katalon.core.logging.XmlKeywordLogger</class>
  <method>startKeyword</method>
  <thread>1</thread>
  <message>Start action : t = new com.kms.katalon.core.testobject.TestObject(sel)</message>
  <nestedLevel>1</nestedLevel>
  <escapedJava>false</escapedJava>
  <property name="startLine">8</property>
  <property name="stepIndex">1</property>
</record>
<record>
  <date>2026-06-07T22:59:46.886790200Z</date>
  <millis>1780873186886</millis>
  <nanos>790200</nanos>
  <sequence>785</sequence>
  <level>END</level>
  <class>com.kms.katalon.core.logging.XmlKeywordLogger</class>
  <method>endKeyword</method>
  <thread>1</thread>
  <message>End action : t = new com.kms.katalon.core.testobject.TestObject(sel)</message>
  <nestedLevel>1</nestedLevel>
  <escapedJava>false</escapedJava>
</record>
<record>
  <date>2026-06-07T22:59:46.886790200Z</date>
  <millis>1780873186886</millis>
  <nanos>790200</nanos>
  <sequence>786</sequence>
  <level>START</level>
  <class>com.kms.katalon.core.logging.XmlKeywordLogger</class>
  <method>startKeyword</method>
  <thread>1</thread>
  <message>Start action : t.addProperty(&amp;quot;css&amp;quot;, EQUALS, sel)</message>
  <nestedLevel>1</nestedLevel>
  <escapedJava>false</escapedJava>
  <property name="startLine">9</property>
  <property name="stepIndex">2</property>
</record>
<record>
  <date>2026-06-07T22:59:46.887787300Z</date>
  <millis>1780873186887</millis>
  <nanos>787300</nanos>
  <sequence>787</sequence>
  <level>END</level>
  <class>com.kms.katalon.core.logging.XmlKeywordLogger</class>
  <method>endKeyword</method>
  <thread>1</thread>
  <message>End action : t.addProperty(&amp;quot;css&amp;quot;, EQUALS, sel)</message>
  <nestedLevel>1</nestedLevel>
  <escapedJava>false</escapedJava>
</record>
<record>
  <date>2026-06-07T22:59:46.887787300Z</date>
  <millis>1780873186887</millis>
  <nanos>787300</nanos>
  <sequence>788</sequence>
  <level>START</level>
  <class>com.kms.katalon.core.logging.XmlKeywordLogger</class>
  <method>startKeyword</method>
  <thread>1</thread>
  <message>Start action : return t</message>
  <nestedLevel>1</nestedLevel>
  <escapedJava>false</escapedJava>
  <property name="startLine">10</property>
  <property name="stepIndex">3</property>
</record>
<record>
  <date>2026-06-07T22:59:47.445678800Z</date>
  <millis>1780873187445</millis>
  <nanos>678800</nanos>
  <sequence>799</sequence>
  <level>PASSED</level>
  <class>com.kms.katalon.core.logging.XmlKeywordLogger</class>
  <method>logMessage</method>
  <thread>1</thread>
  <message>All options with value &amp;apos;4&amp;apos; are selected in object &amp;apos;#addressDropdown&amp;apos; </message>
  <nestedLevel>1</nestedLevel>
  <escapedJava>false</escapedJava>
  <property name="testops-method-name">com.kms.katalon.core.webui.keyword.internal.WebUIKeywordMain.runKeywordUntilTimeout</property>
  <property name="testops-execution-stacktrace">com.kms.katalon.core.logging.KeywordLogger.logPassed(KeywordLogger.java:350)
com.kms.katalon.core.logging.KeywordLogger.logPassed(KeywordLogger.java:345)
com.kms.katalon.core.webui.keyword.builtin.SelectOptionByValueKeyword$_selectOptionByValue_closure1.doCall(SelectOptionByValueKeyword.groovy:70)
java.base/jdk.internal.reflect.DirectMethodHandleAccessor.invoke(DirectMethodHandleAccessor.java:103)
jdk.proxy2/jdk.proxy2.$Proxy57.execute(Unknown Source)
com.kms.katalon.core.webui.model.SeleniumActionRetryController.performAction(SeleniumActionRetryController.java:96)
com.kms.katalon.core.webui.model.SeleniumActionRetryController.performAction(SeleniumActionRetryController.java:83)
com.kms.katalon.core.webui.keyword.internal.WebUIKeywordMain$_runKeywordUntilTimeout_closure1.doCall(WebUIKeywordMain.groovy:135)
com.kms.katalon.core.webui.keyword.internal.WebUIKeywordMain$_runKeywordUntilTimeout_closure1.call(WebUIKeywordMain.groovy)
com.kms.katalon.core.webui.keyword.internal.WebUIKeywordMain.runKeyword(WebUIKeywordMain.groovy:41)
com.kms.katalon.core.webui.keyword.internal.WebUIKeywordMain.runKeywordUntilTimeout(WebUIKeywordMain.groovy:133)
com.kms.katalon.core.webui.keyword.builtin.SelectOptionByValueKeyword.selectOptionByValue(SelectOptionByValueKeyword.groovy:79)
com.kms.katalon.core.webui.keyword.builtin.SelectOptionByValueKeyword.execute(SelectOptionByValueKeyword.groovy:44)
com.kms.katalon.core.keyword.internal.KeywordExecutor.executeKeywordForPlatform(KeywordExecutor.groovy:103)
com.kms.katalon.core.webui.keyword.WebUiBuiltInKeywords.selectOptionByValue(WebUiBuiltInKeywords.groovy:1270)
Script178070060201.run(Script178070060201.groovy:25)
</property>
</record>
<record>
  <date>2026-06-07T22:59:47.446676300Z</date>
  <millis>1780873187446</millis>
  <nanos>676300</nanos>
  <sequence>800</sequence>
  <level>END</level>
  <class>com.kms.katalon.core.logging.XmlKeywordLogger</class>
  <method>endKeyword</method>
  <thread>1</thread>
  <message>End action : return t</message>
  <nestedLevel>1</nestedLevel>
  <escapedJava>false</escapedJava>
</record>
<record>
  <date>2026-06-07T22:59:47.446676300Z</date>
  <millis>1780873187446</millis>
  <nanos>676300</nanos>
  <sequence>801</sequence>
  <level>START</level>
  <class>com.kms.katalon.core.logging.XmlKeywordLogger</class>
  <method>startKeyword</method>
  <thread>1</thread>
  <message>Start action : selectOptionByValue(css(&amp;quot;#addressDropdown2&amp;quot;), &amp;quot;4&amp;quot;, false)</message>
  <nestedLevel>1</nestedLevel>
  <escapedJava>false</escapedJava>
  <property name="startLine">26</property>
  <property name="stepIndex">12</property>
</record>
<record>
  <date>2026-06-07T22:59:47.447677700Z</date>
  <millis>1780873187447</millis>
  <nanos>677700</nanos>
  <sequence>802</sequence>
  <level>END</level>
  <class>com.kms.katalon.core.logging.XmlKeywordLogger</class>
  <method>endKeyword</method>
  <thread>1</thread>
  <message>End action : selectOptionByValue(css(&amp;quot;#addressDropdown2&amp;quot;), &amp;quot;4&amp;quot;, false)</message>
  <nestedLevel>1</nestedLevel>
  <escapedJava>false</escapedJava>
</record>
<record>
  <date>2026-06-07T22:59:47.447677700Z</date>
  <millis>1780873187447</millis>
  <nanos>677700</nanos>
  <sequence>803</sequence>
  <level>START</level>
  <class>com.kms.katalon.core.logging.XmlKeywordLogger</class>
  <method>startKeyword</method>
  <thread>1</thread>
  <message>Start action : t = new com.kms.katalon.core.testobject.TestObject(sel)</message>
  <nestedLevel>1</nestedLevel>
  <escapedJava>false</escapedJava>
  <property name="startLine">8</property>
  <property name="stepIndex">1</property>
</record>
<record>
  <date>2026-06-07T22:59:47.447677700Z</date>
  <millis>1780873187447</millis>
  <nanos>677700</nanos>
  <sequence>804</sequence>
  <level>END</level>
  <class>com.kms.katalon.core.logging.XmlKeywordLogger</class>
  <method>endKeyword</method>
  <thread>1</thread>
  <message>End action : t = new com.kms.katalon.core.testobject.TestObject(sel)</message>
  <nestedLevel>1</nestedLevel>
  <escapedJava>false</escapedJava>
</record>
<record>
  <date>2026-06-07T22:59:47.447677700Z</date>
  <millis>1780873187447</millis>
  <nanos>677700</nanos>
  <sequence>805</sequence>
  <level>START</level>
  <class>com.kms.katalon.core.logging.XmlKeywordLogger</class>
  <method>startKeyword</method>
  <thread>1</thread>
  <message>Start action : t.addProperty(&amp;quot;css&amp;quot;, EQUALS, sel)</message>
  <nestedLevel>1</nestedLevel>
  <escapedJava>false</escapedJava>
  <property name="startLine">9</property>
  <property name="stepIndex">2</property>
</record>
<record>
  <date>2026-06-07T22:59:47.447677700Z</date>
  <millis>1780873187447</millis>
  <nanos>677700</nanos>
  <sequence>806</sequence>
  <level>END</level>
  <class>com.kms.katalon.core.logging.XmlKeywordLogger</class>
  <method>endKeyword</method>
  <thread>1</thread>
  <message>End action : t.addProperty(&amp;quot;css&amp;quot;, EQUALS, sel)</message>
  <nestedLevel>1</nestedLevel>
  <escapedJava>false</escapedJava>
</record>
<record>
  <date>2026-06-07T22:59:47.447677700Z</date>
  <millis>1780873187447</millis>
  <nanos>677700</nanos>
  <sequence>807</sequence>
  <level>START</level>
  <class>com.kms.katalon.core.logging.XmlKeywordLogger</class>
  <method>startKeyword</method>
  <thread>1</thread>
  <message>Start action : return t</message>
  <nestedLevel>1</nestedLevel>
  <escapedJava>false</escapedJava>
  <property name="startLine">10</property>
  <property name="stepIndex">3</property>
</record>
<record>
  <date>2026-06-07T22:59:47.967537200Z</date>
  <millis>1780873187967</millis>
  <nanos>537200</nanos>
  <sequence>818</sequence>
  <level>PASSED</level>
  <class>com.kms.katalon.core.logging.XmlKeywordLogger</class>
  <method>logMessage</method>
  <thread>1</thread>
  <message>All options with value &amp;apos;4&amp;apos; are selected in object &amp;apos;#addressDropdown2&amp;apos; </message>
  <nestedLevel>1</nestedLevel>
  <escapedJava>false</escapedJava>
  <property name="testops-method-name">com.kms.katalon.core.webui.keyword.internal.WebUIKeywordMain.runKeywordUntilTimeout</property>
  <property name="testops-execution-stacktrace">com.kms.katalon.core.logging.KeywordLogger.logPassed(KeywordLogger.java:350)
com.kms.katalon.core.logging.KeywordLogger.logPassed(KeywordLogger.java:345)
com.kms.katalon.core.webui.keyword.builtin.SelectOptionByValueKeyword$_selectOptionByValue_closure1.doCall(SelectOptionByValueKeyword.groovy:70)
java.base/jdk.internal.reflect.DirectMethodHandleAccessor.invoke(DirectMethodHandleAccessor.java:103)
jdk.proxy2/jdk.proxy2.$Proxy57.execute(Unknown Source)
com.kms.katalon.core.webui.model.SeleniumActionRetryController.performAction(SeleniumActionRetryController.java:96)
com.kms.katalon.core.webui.model.SeleniumActionRetryController.performAction(SeleniumActionRetryController.java:83)
com.kms.katalon.core.webui.keyword.internal.WebUIKeywordMain$_runKeywordUntilTimeout_closure1.doCall(WebUIKeywordMain.groovy:135)
com.kms.katalon.core.webui.keyword.internal.WebUIKeywordMain$_runKeywordUntilTimeout_closure1.call(WebUIKeywordMain.groovy)
com.kms.katalon.core.webui.keyword.internal.WebUIKeywordMain.runKeyword(WebUIKeywordMain.groovy:41)
com.kms.katalon.core.webui.keyword.internal.WebUIKeywordMain.runKeywordUntilTimeout(WebUIKeywordMain.groovy:133)
com.kms.katalon.core.webui.keyword.builtin.SelectOptionByValueKeyword.selectOptionByValue(SelectOptionByValueKeyword.groovy:79)
com.kms.katalon.core.webui.keyword.builtin.SelectOptionByValueKeyword.execute(SelectOptionByValueKeyword.groovy:44)
com.kms.katalon.core.keyword.internal.KeywordExecutor.executeKeywordForPlatform(KeywordExecutor.groovy:103)
com.kms.katalon.core.webui.keyword.WebUiBuiltInKeywords.selectOptionByValue(WebUiBuiltInKeywords.groovy:1270)
Script178070060201.run(Script178070060201.groovy:26)
</property>
</record>
<record>
  <date>2026-06-07T22:59:47.968539Z</date>
  <millis>1780873187968</millis>
  <nanos>539000</nanos>
  <sequence>819</sequence>
  <level>END</level>
  <class>com.kms.katalon.core.logging.XmlKeywordLogger</class>
  <method>endKeyword</method>
  <thread>1</thread>
  <message>End action : return t</message>
  <nestedLevel>1</nestedLevel>
  <escapedJava>false</escapedJava>
</record>
<record>
  <date>2026-06-07T22:59:47.968539Z</date>
  <millis>1780873187968</millis>
  <nanos>539000</nanos>
  <sequence>820</sequence>
  <level>START</level>
  <class>com.kms.katalon.core.logging.XmlKeywordLogger</class>
  <method>startKeyword</method>
  <thread>1</thread>
  <message>Start action : click(css(&amp;quot;#paypal&amp;quot;))</message>
  <nestedLevel>1</nestedLevel>
  <escapedJava>false</escapedJava>
  <property name="startLine">28</property>
  <property name="stepIndex">13</property>
</record>
<record>
  <date>2026-06-07T22:59:47.969540300Z</date>
  <millis>1780873187969</millis>
  <nanos>540300</nanos>
  <sequence>821</sequence>
  <level>END</level>
  <class>com.kms.katalon.core.logging.XmlKeywordLogger</class>
  <method>endKeyword</method>
  <thread>1</thread>
  <message>End action : click(css(&amp;quot;#paypal&amp;quot;))</message>
  <nestedLevel>1</nestedLevel>
  <escapedJava>false</escapedJava>
</record>
<record>
  <date>2026-06-07T22:59:47.969540300Z</date>
  <millis>1780873187969</millis>
  <nanos>540300</nanos>
  <sequence>822</sequence>
  <level>START</level>
  <class>com.kms.katalon.core.logging.XmlKeywordLogger</class>
  <method>startKeyword</method>
  <thread>1</thread>
  <message>Start action : t = new com.kms.katalon.core.testobject.TestObject(sel)</message>
  <nestedLevel>1</nestedLevel>
  <escapedJava>false</escapedJava>
  <property name="startLine">8</property>
  <property name="stepIndex">1</property>
</record>
<record>
  <date>2026-06-07T22:59:47.969540300Z</date>
  <millis>1780873187969</millis>
  <nanos>540300</nanos>
  <sequence>823</sequence>
  <level>END</level>
  <class>com.kms.katalon.core.logging.XmlKeywordLogger</class>
  <method>endKeyword</method>
  <thread>1</thread>
  <message>End action : t = new com.kms.katalon.core.testobject.TestObject(sel)</message>
  <nestedLevel>1</nestedLevel>
  <escapedJava>false</escapedJava>
</record>
<record>
  <date>2026-06-07T22:59:47.969540300Z</date>
  <millis>1780873187969</millis>
  <nanos>540300</nanos>
  <sequence>824</sequence>
  <level>START</level>
  <class>com.kms.katalon.core.logging.XmlKeywordLogger</class>
  <method>startKeyword</method>
  <thread>1</thread>
  <message>Start action : t.addProperty(&amp;quot;css&amp;quot;, EQUALS, sel)</message>
  <nestedLevel>1</nestedLevel>
  <escapedJava>false</escapedJava>
  <property name="startLine">9</property>
  <property name="stepIndex">2</property>
</record>
<record>
  <date>2026-06-07T22:59:47.969540300Z</date>
  <millis>1780873187969</millis>
  <nanos>540300</nanos>
  <sequence>825</sequence>
  <level>END</level>
  <class>com.kms.katalon.core.logging.XmlKeywordLogger</class>
  <method>endKeyword</method>
  <thread>1</thread>
  <message>End action : t.addProperty(&amp;quot;css&amp;quot;, EQUALS, sel)</message>
  <nestedLevel>1</nestedLevel>
  <escapedJava>false</escapedJava>
</record>
<record>
  <date>2026-06-07T22:59:47.969540300Z</date>
  <millis>1780873187969</millis>
  <nanos>540300</nanos>
  <sequence>826</sequence>
  <level>START</level>
  <class>com.kms.katalon.core.logging.XmlKeywordLogger</class>
  <method>startKeyword</method>
  <thread>1</thread>
  <message>Start action : return t</message>
  <nestedLevel>1</nestedLevel>
  <escapedJava>false</escapedJava>
  <property name="startLine">10</property>
  <property name="stepIndex">3</property>
</record>
<record>
  <date>2026-06-07T22:59:48.264935500Z</date>
  <millis>1780873188264</millis>
  <nanos>935500</nanos>
  <sequence>836</sequence>
  <level>PASSED</level>
  <class>com.kms.katalon.core.logging.XmlKeywordLogger</class>
  <method>logMessage</method>
  <thread>1</thread>
  <message>Object: &amp;apos;#paypal&amp;apos; is clicked on</message>
  <nestedLevel>1</nestedLevel>
  <escapedJava>false</escapedJava>
  <property name="testops-method-name">com.kms.katalon.core.webui.keyword.internal.WebUIKeywordMain.runKeywordUntilTimeout</property>
  <property name="testops-execution-stacktrace">com.kms.katalon.core.logging.KeywordLogger.logPassed(KeywordLogger.java:350)
com.kms.katalon.core.logging.KeywordLogger.logPassed(KeywordLogger.java:345)
com.kms.katalon.core.webui.keyword.builtin.ClickKeyword$_click_closure1.doCall(ClickKeyword.groovy:66)
java.base/jdk.internal.reflect.DirectMethodHandleAccessor.invoke(DirectMethodHandleAccessor.java:103)
jdk.proxy2/jdk.proxy2.$Proxy57.execute(Unknown Source)
com.kms.katalon.core.webui.model.SeleniumActionRetryController.performAction(SeleniumActionRetryController.java:96)
com.kms.katalon.core.webui.model.SeleniumActionRetryController.performAction(SeleniumActionRetryController.java:83)
com.kms.katalon.core.webui.keyword.internal.WebUIKeywordMain$_runKeywordUntilTimeout_closure1.doCall(WebUIKeywordMain.groovy:135)
com.kms.katalon.core.webui.keyword.internal.WebUIKeywordMain$_runKeywordUntilTimeout_closure1.call(WebUIKeywordMain.groovy)
com.kms.katalon.core.webui.keyword.internal.WebUIKeywordMain.runKeyword(WebUIKeywordMain.groovy:41)
com.kms.katalon.core.webui.keyword.internal.WebUIKeywordMain.runKeywordUntilTimeout(WebUIKeywordMain.groovy:133)
com.kms.katalon.core.webui.keyword.builtin.ClickKeyword.click(ClickKeyword.groovy:72)
com.kms.katalon.core.webui.keyword.builtin.ClickKeyword.execute(ClickKeyword.groovy:38)
com.kms.katalon.core.keyword.internal.KeywordExecutor.executeKeywordForPlatform(KeywordExecutor.groovy:103)
com.kms.katalon.core.webui.keyword.WebUiBuiltInKeywords.click(WebUiBuiltInKeywords.groovy:722)
Script178070060201.run(Script178070060201.groovy:28)
</property>
</record>
<record>
  <date>2026-06-07T22:59:48.264935500Z</date>
  <millis>1780873188264</millis>
  <nanos>935500</nanos>
  <sequence>837</sequence>
  <level>END</level>
  <class>com.kms.katalon.core.logging.XmlKeywordLogger</class>
  <method>endKeyword</method>
  <thread>1</thread>
  <message>End action : return t</message>
  <nestedLevel>1</nestedLevel>
  <escapedJava>false</escapedJava>
</record>
<record>
  <date>2026-06-07T22:59:48.264935500Z</date>
  <millis>1780873188264</millis>
  <nanos>935500</nanos>
  <sequence>838</sequence>
  <level>START</level>
  <class>com.kms.katalon.core.logging.XmlKeywordLogger</class>
  <method>startKeyword</method>
  <thread>1</thread>
  <message>Start action : delay(1)</message>
  <nestedLevel>1</nestedLevel>
  <escapedJava>false</escapedJava>
  <property name="startLine">29</property>
  <property name="stepIndex">14</property>
</record>
<record>
  <date>2026-06-07T22:59:49.266603500Z</date>
  <millis>1780873189266</millis>
  <nanos>603500</nanos>
  <sequence>841</sequence>
  <level>PASSED</level>
  <class>com.kms.katalon.core.logging.XmlKeywordLogger</class>
  <method>logMessage</method>
  <thread>1</thread>
  <message>Delayed 1 second(s)</message>
  <nestedLevel>1</nestedLevel>
  <escapedJava>false</escapedJava>
  <property name="testops-method-name">com.kms.katalon.core.keyword.builtin.DelayKeyword.delay</property>
  <property name="testops-execution-stacktrace"></property>
</record>
<record>
  <date>2026-06-07T22:59:49.267616300Z</date>
  <millis>1780873189267</millis>
  <nanos>616300</nanos>
  <sequence>842</sequence>
  <level>END</level>
  <class>com.kms.katalon.core.logging.XmlKeywordLogger</class>
  <method>endKeyword</method>
  <thread>1</thread>
  <message>End action : delay(1)</message>
  <nestedLevel>1</nestedLevel>
  <escapedJava>false</escapedJava>
</record>
<record>
  <date>2026-06-07T22:59:49.267616300Z</date>
  <millis>1780873189267</millis>
  <nanos>616300</nanos>
  <sequence>843</sequence>
  <level>START</level>
  <class>com.kms.katalon.core.logging.XmlKeywordLogger</class>
  <method>startKeyword</method>
  <thread>1</thread>
  <message>Start action : takeScreenshot()</message>
  <nestedLevel>1</nestedLevel>
  <escapedJava>false</escapedJava>
  <property name="startLine">30</property>
  <property name="stepIndex">15</property>
</record>
<record>
  <date>2026-06-07T22:59:49.541500Z</date>
  <millis>1780873189541</millis>
  <nanos>500000</nanos>
  <sequence>846</sequence>
  <level>PASSED</level>
  <class>com.kms.katalon.core.logging.XmlKeywordLogger</class>
  <method>logMessage</method>
  <thread>1</thread>
  <message>Taking screenshot successfully</message>
  <nestedLevel>1</nestedLevel>
  <escapedJava>false</escapedJava>
  <property name="attachment">1780873189268.png</property>
  <property name="testops-method-name">com.kms.katalon.core.webui.keyword.builtin.TakeScreenshotKeyword.takeScreenshot</property>
  <property name="testops-execution-stacktrace"></property>
</record>
<record>
  <date>2026-06-07T22:59:49.542044200Z</date>
  <millis>1780873189542</millis>
  <nanos>44200</nanos>
  <sequence>847</sequence>
  <level>END</level>
  <class>com.kms.katalon.core.logging.XmlKeywordLogger</class>
  <method>endKeyword</method>
  <thread>1</thread>
  <message>End action : takeScreenshot()</message>
  <nestedLevel>1</nestedLevel>
  <escapedJava>false</escapedJava>
</record>
<record>
  <date>2026-06-07T22:59:49.542555Z</date>
  <millis>1780873189542</millis>
  <nanos>555000</nanos>
  <sequence>848</sequence>
  <level>START</level>
  <class>com.kms.katalon.core.logging.XmlKeywordLogger</class>
  <method>startKeyword</method>
  <thread>1</thread>
  <message>Start action : click(css(&amp;quot;form[action=&amp;apos;Ordine&amp;apos;] .checkout-btn&amp;quot;))</message>
  <nestedLevel>1</nestedLevel>
  <escapedJava>false</escapedJava>
  <property name="startLine">34</property>
  <property name="stepIndex">16</property>
</record>
<record>
  <date>2026-06-07T22:59:49.543091600Z</date>
  <millis>1780873189543</millis>
  <nanos>91600</nanos>
  <sequence>849</sequence>
  <level>END</level>
  <class>com.kms.katalon.core.logging.XmlKeywordLogger</class>
  <method>endKeyword</method>
  <thread>1</thread>
  <message>End action : click(css(&amp;quot;form[action=&amp;apos;Ordine&amp;apos;] .checkout-btn&amp;quot;))</message>
  <nestedLevel>1</nestedLevel>
  <escapedJava>false</escapedJava>
</record>
<record>
  <date>2026-06-07T22:59:49.543091600Z</date>
  <millis>1780873189543</millis>
  <nanos>91600</nanos>
  <sequence>850</sequence>
  <level>START</level>
  <class>com.kms.katalon.core.logging.XmlKeywordLogger</class>
  <method>startKeyword</method>
  <thread>1</thread>
  <message>Start action : t = new com.kms.katalon.core.testobject.TestObject(sel)</message>
  <nestedLevel>1</nestedLevel>
  <escapedJava>false</escapedJava>
  <property name="startLine">8</property>
  <property name="stepIndex">1</property>
</record>
<record>
  <date>2026-06-07T22:59:49.543091600Z</date>
  <millis>1780873189543</millis>
  <nanos>91600</nanos>
  <sequence>851</sequence>
  <level>END</level>
  <class>com.kms.katalon.core.logging.XmlKeywordLogger</class>
  <method>endKeyword</method>
  <thread>1</thread>
  <message>End action : t = new com.kms.katalon.core.testobject.TestObject(sel)</message>
  <nestedLevel>1</nestedLevel>
  <escapedJava>false</escapedJava>
</record>
<record>
  <date>2026-06-07T22:59:49.543091600Z</date>
  <millis>1780873189543</millis>
  <nanos>91600</nanos>
  <sequence>852</sequence>
  <level>START</level>
  <class>com.kms.katalon.core.logging.XmlKeywordLogger</class>
  <method>startKeyword</method>
  <thread>1</thread>
  <message>Start action : t.addProperty(&amp;quot;css&amp;quot;, EQUALS, sel)</message>
  <nestedLevel>1</nestedLevel>
  <escapedJava>false</escapedJava>
  <property name="startLine">9</property>
  <property name="stepIndex">2</property>
</record>
<record>
  <date>2026-06-07T22:59:49.543734100Z</date>
  <millis>1780873189543</millis>
  <nanos>734100</nanos>
  <sequence>853</sequence>
  <level>END</level>
  <class>com.kms.katalon.core.logging.XmlKeywordLogger</class>
  <method>endKeyword</method>
  <thread>1</thread>
  <message>End action : t.addProperty(&amp;quot;css&amp;quot;, EQUALS, sel)</message>
  <nestedLevel>1</nestedLevel>
  <escapedJava>false</escapedJava>
</record>
<record>
  <date>2026-06-07T22:59:49.543734100Z</date>
  <millis>1780873189543</millis>
  <nanos>734100</nanos>
  <sequence>854</sequence>
  <level>START</level>
  <class>com.kms.katalon.core.logging.XmlKeywordLogger</class>
  <method>startKeyword</method>
  <thread>1</thread>
  <message>Start action : return t</message>
  <nestedLevel>1</nestedLevel>
  <escapedJava>false</escapedJava>
  <property name="startLine">10</property>
  <property name="stepIndex">3</property>
</record>
<record>
  <date>2026-06-07T22:59:50.007604400Z</date>
  <millis>1780873190007</millis>
  <nanos>604400</nanos>
  <sequence>864</sequence>
  <level>PASSED</level>
  <class>com.kms.katalon.core.logging.XmlKeywordLogger</class>
  <method>logMessage</method>
  <thread>1</thread>
  <message>Object: &amp;apos;form[action=&amp;apos;Ordine&amp;apos;] .checkout-btn&amp;apos; is clicked on</message>
  <nestedLevel>1</nestedLevel>
  <escapedJava>false</escapedJava>
  <property name="testops-method-name">com.kms.katalon.core.webui.keyword.internal.WebUIKeywordMain.runKeywordUntilTimeout</property>
  <property name="testops-execution-stacktrace">com.kms.katalon.core.logging.KeywordLogger.logPassed(KeywordLogger.java:350)
com.kms.katalon.core.logging.KeywordLogger.logPassed(KeywordLogger.java:345)
com.kms.katalon.core.webui.keyword.builtin.ClickKeyword$_click_closure1.doCall(ClickKeyword.groovy:66)
java.base/jdk.internal.reflect.DirectMethodHandleAccessor.invoke(DirectMethodHandleAccessor.java:103)
jdk.proxy2/jdk.proxy2.$Proxy57.execute(Unknown Source)
com.kms.katalon.core.webui.model.SeleniumActionRetryController.performAction(SeleniumActionRetryController.java:96)
com.kms.katalon.core.webui.model.SeleniumActionRetryController.performAction(SeleniumActionRetryController.java:83)
com.kms.katalon.core.webui.keyword.internal.WebUIKeywordMain$_runKeywordUntilTimeout_closure1.doCall(WebUIKeywordMain.groovy:135)
com.kms.katalon.core.webui.keyword.internal.WebUIKeywordMain$_runKeywordUntilTimeout_closure1.call(WebUIKeywordMain.groovy)
com.kms.katalon.core.webui.keyword.internal.WebUIKeywordMain.runKeyword(WebUIKeywordMain.groovy:41)
com.kms.katalon.core.webui.keyword.internal.WebUIKeywordMain.runKeywordUntilTimeout(WebUIKeywordMain.groovy:133)
com.kms.katalon.core.webui.keyword.builtin.ClickKeyword.click(ClickKeyword.groovy:72)
com.kms.katalon.core.webui.keyword.builtin.ClickKeyword.execute(ClickKeyword.groovy:38)
com.kms.katalon.core.keyword.internal.KeywordExecutor.executeKeywordForPlatform(KeywordExecutor.groovy:103)
com.kms.katalon.core.webui.keyword.WebUiBuiltInKeywords.click(WebUiBuiltInKeywords.groovy:722)
Script178070060201.run(Script178070060201.groovy:34)
</property>
</record>
<record>
  <date>2026-06-07T22:59:50.008604900Z</date>
  <millis>1780873190008</millis>
  <nanos>604900</nanos>
  <sequence>865</sequence>
  <level>END</level>
  <class>com.kms.katalon.core.logging.XmlKeywordLogger</class>
  <method>endKeyword</method>
  <thread>1</thread>
  <message>End action : return t</message>
  <nestedLevel>1</nestedLevel>
  <escapedJava>false</escapedJava>
</record>
<record>
  <date>2026-06-07T22:59:50.008604900Z</date>
  <millis>1780873190008</millis>
  <nanos>604900</nanos>
  <sequence>866</sequence>
  <level>START</level>
  <class>com.kms.katalon.core.logging.XmlKeywordLogger</class>
  <method>startKeyword</method>
  <thread>1</thread>
  <message>Start action : delay(3)</message>
  <nestedLevel>1</nestedLevel>
  <escapedJava>false</escapedJava>
  <property name="startLine">35</property>
  <property name="stepIndex">17</property>
</record>
<record>
  <date>2026-06-07T22:59:53.022526800Z</date>
  <millis>1780873193022</millis>
  <nanos>526800</nanos>
  <sequence>869</sequence>
  <level>PASSED</level>
  <class>com.kms.katalon.core.logging.XmlKeywordLogger</class>
  <method>logMessage</method>
  <thread>1</thread>
  <message>Delayed 3 second(s)</message>
  <nestedLevel>1</nestedLevel>
  <escapedJava>false</escapedJava>
  <property name="testops-method-name">com.kms.katalon.core.keyword.builtin.DelayKeyword.delay</property>
  <property name="testops-execution-stacktrace"></property>
</record>
<record>
  <date>2026-06-07T22:59:53.024047600Z</date>
  <millis>1780873193024</millis>
  <nanos>47600</nanos>
  <sequence>870</sequence>
  <level>END</level>
  <class>com.kms.katalon.core.logging.XmlKeywordLogger</class>
  <method>endKeyword</method>
  <thread>1</thread>
  <message>End action : delay(3)</message>
  <nestedLevel>1</nestedLevel>
  <escapedJava>false</escapedJava>
</record>
<record>
  <date>2026-06-07T22:59:53.024047600Z</date>
  <millis>1780873193024</millis>
  <nanos>47600</nanos>
  <sequence>871</sequence>
  <level>START</level>
  <class>com.kms.katalon.core.logging.XmlKeywordLogger</class>
  <method>startKeyword</method>
  <thread>1</thread>
  <message>Start action : takeScreenshot()</message>
  <nestedLevel>1</nestedLevel>
  <escapedJava>false</escapedJava>
  <property name="startLine">36</property>
  <property name="stepIndex">18</property>
</record>
<record>
  <date>2026-06-07T22:59:53.319344100Z</date>
  <millis>1780873193319</millis>
  <nanos>344100</nanos>
  <sequence>874</sequence>
  <level>PASSED</level>
  <class>com.kms.katalon.core.logging.XmlKeywordLogger</class>
  <method>logMessage</method>
  <thread>1</thread>
  <message>Taking screenshot successfully</message>
  <nestedLevel>1</nestedLevel>
  <escapedJava>false</escapedJava>
  <property name="attachment">1780873193026.png</property>
  <property name="testops-method-name">com.kms.katalon.core.webui.keyword.builtin.TakeScreenshotKeyword.takeScreenshot</property>
  <property name="testops-execution-stacktrace"></property>
</record>
<record>
  <date>2026-06-07T22:59:53.319344100Z</date>
  <millis>1780873193319</millis>
  <nanos>344100</nanos>
  <sequence>875</sequence>
  <level>END</level>
  <class>com.kms.katalon.core.logging.XmlKeywordLogger</class>
  <method>endKeyword</method>
  <thread>1</thread>
  <message>End action : takeScreenshot()</message>
  <nestedLevel>1</nestedLevel>
  <escapedJava>false</escapedJava>
</record>
<record>
  <date>2026-06-07T22:59:53.319344100Z</date>
  <millis>1780873193319</millis>
  <nanos>344100</nanos>
  <sequence>876</sequence>
  <level>START</level>
  <class>com.kms.katalon.core.logging.XmlKeywordLogger</class>
  <method>startKeyword</method>
  <thread>1</thread>
  <message>Start action : verifyTextPresent(&amp;quot;(?i)Acquisto effettuato&amp;quot;, true)</message>
  <nestedLevel>1</nestedLevel>
  <escapedJava>false</escapedJava>
  <property name="startLine">39</property>
  <property name="stepIndex">19</property>
</record>
<record>
  <date>2026-06-07T22:59:53.560004300Z</date>
  <millis>1780873193560</millis>
  <nanos>4300</nanos>
  <sequence>880</sequence>
  <level>PASSED</level>
  <class>com.kms.katalon.core.logging.XmlKeywordLogger</class>
  <method>logMessage</method>
  <thread>1</thread>
  <message>Text &amp;apos;(?i)Acquisto effettuato&amp;apos; is present on page  using regular expression</message>
  <nestedLevel>1</nestedLevel>
  <escapedJava>false</escapedJava>
  <property name="testops-is-assertion">true</property>
  <property name="testops-method-name">com.kms.katalon.core.webui.keyword.builtin.VerifyTextPresentKeyword.verifyTextPresent</property>
  <property name="testops-execution-stacktrace"></property>
</record>
<record>
  <date>2026-06-07T22:59:53.561509300Z</date>
  <millis>1780873193561</millis>
  <nanos>509300</nanos>
  <sequence>881</sequence>
  <level>END</level>
  <class>com.kms.katalon.core.logging.XmlKeywordLogger</class>
  <method>endKeyword</method>
  <thread>1</thread>
  <message>End action : verifyTextPresent(&amp;quot;(?i)Acquisto effettuato&amp;quot;, true)</message>
  <nestedLevel>1</nestedLevel>
  <escapedJava>false</escapedJava>
</record>
<record>
  <date>2026-06-07T22:59:53.561509300Z</date>
  <millis>1780873193561</millis>
  <nanos>509300</nanos>
  <sequence>882</sequence>
  <level>START</level>
  <class>com.kms.katalon.core.logging.XmlKeywordLogger</class>
  <method>startKeyword</method>
  <thread>1</thread>
  <message>Start action : closeBrowser()</message>
  <nestedLevel>1</nestedLevel>
  <escapedJava>false</escapedJava>
  <property name="startLine">40</property>
  <property name="stepIndex">20</property>
</record>
<record>
  <date>2026-06-07T22:59:53.703284500Z</date>
  <millis>1780873193703</millis>
  <nanos>284500</nanos>
  <sequence>885</sequence>
  <level>PASSED</level>
  <class>com.kms.katalon.core.logging.XmlKeywordLogger</class>
  <method>logMessage</method>
  <thread>1</thread>
  <message>Browser is closed</message>
  <nestedLevel>1</nestedLevel>
  <escapedJava>false</escapedJava>
  <property name="testops-method-name">com.kms.katalon.core.webui.keyword.builtin.CloseBrowserKeyword.closeBrowser</property>
  <property name="testops-execution-stacktrace"></property>
</record>
<record>
  <date>2026-06-07T22:59:53.703284500Z</date>
  <millis>1780873193703</millis>
  <nanos>284500</nanos>
  <sequence>886</sequence>
  <level>END</level>
  <class>com.kms.katalon.core.logging.XmlKeywordLogger</class>
  <method>endKeyword</method>
  <thread>1</thread>
  <message>End action : closeBrowser()</message>
  <nestedLevel>1</nestedLevel>
  <escapedJava>false</escapedJava>
</record>
<record>
  <date>2026-06-07T22:59:53.703284500Z</date>
  <millis>1780873193703</millis>
  <nanos>284500</nanos>
  <sequence>887</sequence>
  <level>PASSED</level>
  <class>com.kms.katalon.core.logging.XmlKeywordLogger</class>
  <method>logMessage</method>
  <thread>1</thread>
  <message>Test Cases/Ordine/TC_6.2_1</message>
  <nestedLevel>1</nestedLevel>
  <escapedJava>false</escapedJava>
</record>
<record>
  <date>2026-06-07T22:59:53.704293300Z</date>
  <millis>1780873193704</millis>
  <nanos>293300</nanos>
  <sequence>888</sequence>
  <level>END</level>
  <class>com.kms.katalon.core.logging.XmlKeywordLogger</class>
  <method>endTest</method>
  <thread>1</thread>
  <message>End Test Case : Test Cases/Ordine/TC_6.2_1</message>
  <nestedLevel>0</nestedLevel>
  <escapedJava>false</escapedJava>
  <property name="executionBindingVariables">[]</property>
  <property name="applitools">false</property>
  <property name="executedKeywords">{
  &quot;WebUI.closeBrowser&quot;: 1,
  &quot;WebUI.click&quot;: 3,
  &quot;WebUI.takeScreenshot&quot;: 2,
  &quot;WebUI.verifyTextPresent&quot;: 1,
  &quot;WebUI.navigateToUrl&quot;: 3,
  &quot;WebUI.selectOptionByValue&quot;: 2,
  &quot;WebUI.openBrowser&quot;: 1,
  &quot;BuiltIn.delay&quot;: 5,
  &quot;WebUI.setText&quot;: 2
}</property>
  <property name="keywordsUsage">{
  &quot;web_ui&quot;: true,
  &quot;web_service&quot;: false,
  &quot;cucumber&quot;: false,
  &quot;builtin&quot;: true,
  &quot;mobile&quot;: false,
  &quot;windows&quot;: false,
  &quot;testng&quot;: false
}</property>
</record>
<record>
  <date>2026-06-07T22:59:53.706285100Z</date>
  <millis>1780873193706</millis>
  <nanos>285100</nanos>
  <sequence>889</sequence>
  <level>START</level>
  <class>com.kms.katalon.core.logging.XmlKeywordLogger</class>
  <method>startTest</method>
  <thread>1</thread>
  <message>Start Test Case : Test Cases/Ordine/TC_6.2_2</message>
  <nestedLevel>1</nestedLevel>
  <escapedJava>false</escapedJava>
  <property name="origin"></property>
  <property name="name">Test Cases/Ordine/TC_6.2_2</property>
  <property name="description">Rifiuto acquisto senza indirizzo di spedizione (validazione client)</property>
  <property name="iteration"></property>
  <property name="id">Test Cases/Ordine/TC_6.2_2</property>
  <property name="source">C:\Users\gianf\Documents\Vaporant-IGES\StorageSession\testing\katalon\Vaporant-Baseline\Test Cases\Ordine\TC_6.2_2.tc</property>
  <property name="tag"></property>
  <property name="isOptional">false</property>
  <property name="uuid">6637e7f9-e1e0-4db9-a3a2-67c085e9cb70</property>
</record>
<record>
  <date>2026-06-07T22:59:53.716327100Z</date>
  <millis>1780873193716</millis>
  <nanos>327100</nanos>
  <sequence>891</sequence>
  <level>RUN_DATA</level>
  <class>com.kms.katalon.core.logging.XmlKeywordLogger</class>
  <method>logMessage</method>
  <thread>1</thread>
  <message>executionBindingVariables = []</message>
  <nestedLevel>1</nestedLevel>
  <escapedJava>false</escapedJava>
  <property name="executionBindingVariables">[]</property>
</record>
<record>
  <date>2026-06-07T22:59:53.716327100Z</date>
  <millis>1780873193716</millis>
  <nanos>327100</nanos>
  <sequence>892</sequence>
  <level>START</level>
  <class>com.kms.katalon.core.logging.XmlKeywordLogger</class>
  <method>startKeyword</method>
  <thread>1</thread>
  <message>Start listener action : resetSeedBeforeTestCase</message>
  <nestedLevel>1</nestedLevel>
  <escapedJava>false</escapedJava>
</record>
<record>
  <date>2026-06-07T22:59:53.717318600Z</date>
  <millis>1780873193717</millis>
  <nanos>318600</nanos>
  <sequence>894</sequence>
  <level>START</level>
  <class>com.kms.katalon.core.logging.XmlKeywordLogger</class>
  <method>startKeyword</method>
  <thread>1</thread>
  <message>Start action : if (resetSeed == false)</message>
  <nestedLevel>1</nestedLevel>
  <escapedJava>false</escapedJava>
  <property name="startLine">26</property>
  <property name="stepIndex">1</property>
</record>
<record>
  <date>2026-06-07T22:59:53.717318600Z</date>
  <millis>1780873193717</millis>
  <nanos>318600</nanos>
  <sequence>895</sequence>
  <level>END</level>
  <class>com.kms.katalon.core.logging.XmlKeywordLogger</class>
  <method>endKeyword</method>
  <thread>1</thread>
  <message>End action : if (resetSeed == false)</message>
  <nestedLevel>1</nestedLevel>
  <escapedJava>false</escapedJava>
</record>
<record>
  <date>2026-06-07T22:59:53.717318600Z</date>
  <millis>1780873193717</millis>
  <nanos>318600</nanos>
  <sequence>896</sequence>
  <level>START</level>
  <class>com.kms.katalon.core.logging.XmlKeywordLogger</class>
  <method>startKeyword</method>
  <thread>1</thread>
  <message>Start action : projectDir = getProjectDir()</message>
  <nestedLevel>1</nestedLevel>
  <escapedJava>false</escapedJava>
  <property name="startLine">30</property>
  <property name="stepIndex">2</property>
</record>
<record>
  <date>2026-06-07T22:59:53.717318600Z</date>
  <millis>1780873193717</millis>
  <nanos>318600</nanos>
  <sequence>897</sequence>
  <level>END</level>
  <class>com.kms.katalon.core.logging.XmlKeywordLogger</class>
  <method>endKeyword</method>
  <thread>1</thread>
  <message>End action : projectDir = getProjectDir()</message>
  <nestedLevel>1</nestedLevel>
  <escapedJava>false</escapedJava>
</record>
<record>
  <date>2026-06-07T22:59:53.718320300Z</date>
  <millis>1780873193718</millis>
  <nanos>320300</nanos>
  <sequence>898</sequence>
  <level>START</level>
  <class>com.kms.katalon.core.logging.XmlKeywordLogger</class>
  <method>startKeyword</method>
  <thread>1</thread>
  <message>Start action : script = new java.io.File(projectDir, Data Files/reset-seed.sql)</message>
  <nestedLevel>1</nestedLevel>
  <escapedJava>false</escapedJava>
  <property name="startLine">31</property>
  <property name="stepIndex">3</property>
</record>
<record>
  <date>2026-06-07T22:59:53.718320300Z</date>
  <millis>1780873193718</millis>
  <nanos>320300</nanos>
  <sequence>899</sequence>
  <level>END</level>
  <class>com.kms.katalon.core.logging.XmlKeywordLogger</class>
  <method>endKeyword</method>
  <thread>1</thread>
  <message>End action : script = new java.io.File(projectDir, Data Files/reset-seed.sql)</message>
  <nestedLevel>1</nestedLevel>
  <escapedJava>false</escapedJava>
</record>
<record>
  <date>2026-06-07T22:59:53.718320300Z</date>
  <millis>1780873193718</millis>
  <nanos>320300</nanos>
  <sequence>900</sequence>
  <level>START</level>
  <class>com.kms.katalon.core.logging.XmlKeywordLogger</class>
  <method>startKeyword</method>
  <thread>1</thread>
  <message>Start action : if (!(script.exists()))</message>
  <nestedLevel>1</nestedLevel>
  <escapedJava>false</escapedJava>
  <property name="startLine">33</property>
  <property name="stepIndex">4</property>
</record>
<record>
  <date>2026-06-07T22:59:53.718320300Z</date>
  <millis>1780873193718</millis>
  <nanos>320300</nanos>
  <sequence>901</sequence>
  <level>END</level>
  <class>com.kms.katalon.core.logging.XmlKeywordLogger</class>
  <method>endKeyword</method>
  <thread>1</thread>
  <message>End action : if (!(script.exists()))</message>
  <nestedLevel>1</nestedLevel>
  <escapedJava>false</escapedJava>
</record>
<record>
  <date>2026-06-07T22:59:53.718320300Z</date>
  <millis>1780873193718</millis>
  <nanos>320300</nanos>
  <sequence>902</sequence>
  <level>START</level>
  <class>com.kms.katalon.core.logging.XmlKeywordLogger</class>
  <method>startKeyword</method>
  <thread>1</thread>
  <message>Start action : cmd = [mysqlExe, &amp;quot;--user=&amp;quot; + dbUser, &amp;quot;--password=&amp;quot; + dbPass, dbName]</message>
  <nestedLevel>1</nestedLevel>
  <escapedJava>false</escapedJava>
  <property name="startLine">39</property>
  <property name="stepIndex">5</property>
</record>
<record>
  <date>2026-06-07T22:59:53.718320300Z</date>
  <millis>1780873193718</millis>
  <nanos>320300</nanos>
  <sequence>903</sequence>
  <level>END</level>
  <class>com.kms.katalon.core.logging.XmlKeywordLogger</class>
  <method>endKeyword</method>
  <thread>1</thread>
  <message>End action : cmd = [mysqlExe, &amp;quot;--user=&amp;quot; + dbUser, &amp;quot;--password=&amp;quot; + dbPass, dbName]</message>
  <nestedLevel>1</nestedLevel>
  <escapedJava>false</escapedJava>
</record>
<record>
  <date>2026-06-07T22:59:53.718320300Z</date>
  <millis>1780873193718</millis>
  <nanos>320300</nanos>
  <sequence>904</sequence>
  <level>START</level>
  <class>com.kms.katalon.core.logging.XmlKeywordLogger</class>
  <method>startKeyword</method>
  <thread>1</thread>
  <message>Start action : log = new java.io.File(java.lang.System.getProperty(java.io.tmpdir), seedreset.log)</message>
  <nestedLevel>1</nestedLevel>
  <escapedJava>false</escapedJava>
  <property name="startLine">46</property>
  <property name="stepIndex">6</property>
</record>
<record>
  <date>2026-06-07T22:59:53.718320300Z</date>
  <millis>1780873193718</millis>
  <nanos>320300</nanos>
  <sequence>905</sequence>
  <level>END</level>
  <class>com.kms.katalon.core.logging.XmlKeywordLogger</class>
  <method>endKeyword</method>
  <thread>1</thread>
  <message>End action : log = new java.io.File(java.lang.System.getProperty(java.io.tmpdir), seedreset.log)</message>
  <nestedLevel>1</nestedLevel>
  <escapedJava>false</escapedJava>
</record>
<record>
  <date>2026-06-07T22:59:53.718320300Z</date>
  <millis>1780873193718</millis>
  <nanos>320300</nanos>
  <sequence>906</sequence>
  <level>START</level>
  <class>com.kms.katalon.core.logging.XmlKeywordLogger</class>
  <method>startKeyword</method>
  <thread>1</thread>
  <message>Start action : pb = new java.lang.ProcessBuilder(cmd)</message>
  <nestedLevel>1</nestedLevel>
  <escapedJava>false</escapedJava>
  <property name="startLine">48</property>
  <property name="stepIndex">7</property>
</record>
<record>
  <date>2026-06-07T22:59:53.719336Z</date>
  <millis>1780873193719</millis>
  <nanos>336000</nanos>
  <sequence>907</sequence>
  <level>END</level>
  <class>com.kms.katalon.core.logging.XmlKeywordLogger</class>
  <method>endKeyword</method>
  <thread>1</thread>
  <message>End action : pb = new java.lang.ProcessBuilder(cmd)</message>
  <nestedLevel>1</nestedLevel>
  <escapedJava>false</escapedJava>
</record>
<record>
  <date>2026-06-07T22:59:53.719336Z</date>
  <millis>1780873193719</millis>
  <nanos>336000</nanos>
  <sequence>908</sequence>
  <level>START</level>
  <class>com.kms.katalon.core.logging.XmlKeywordLogger</class>
  <method>startKeyword</method>
  <thread>1</thread>
  <message>Start action : pb.redirectInput(script)</message>
  <nestedLevel>1</nestedLevel>
  <escapedJava>false</escapedJava>
  <property name="startLine">49</property>
  <property name="stepIndex">8</property>
</record>
<record>
  <date>2026-06-07T22:59:53.719336Z</date>
  <millis>1780873193719</millis>
  <nanos>336000</nanos>
  <sequence>909</sequence>
  <level>END</level>
  <class>com.kms.katalon.core.logging.XmlKeywordLogger</class>
  <method>endKeyword</method>
  <thread>1</thread>
  <message>End action : pb.redirectInput(script)</message>
  <nestedLevel>1</nestedLevel>
  <escapedJava>false</escapedJava>
</record>
<record>
  <date>2026-06-07T22:59:53.719336Z</date>
  <millis>1780873193719</millis>
  <nanos>336000</nanos>
  <sequence>910</sequence>
  <level>START</level>
  <class>com.kms.katalon.core.logging.XmlKeywordLogger</class>
  <method>startKeyword</method>
  <thread>1</thread>
  <message>Start action : pb.redirectErrorStream(true)</message>
  <nestedLevel>1</nestedLevel>
  <escapedJava>false</escapedJava>
  <property name="startLine">50</property>
  <property name="stepIndex">9</property>
</record>
<record>
  <date>2026-06-07T22:59:53.719336Z</date>
  <millis>1780873193719</millis>
  <nanos>336000</nanos>
  <sequence>911</sequence>
  <level>END</level>
  <class>com.kms.katalon.core.logging.XmlKeywordLogger</class>
  <method>endKeyword</method>
  <thread>1</thread>
  <message>End action : pb.redirectErrorStream(true)</message>
  <nestedLevel>1</nestedLevel>
  <escapedJava>false</escapedJava>
</record>
<record>
  <date>2026-06-07T22:59:53.719336Z</date>
  <millis>1780873193719</millis>
  <nanos>336000</nanos>
  <sequence>912</sequence>
  <level>START</level>
  <class>com.kms.katalon.core.logging.XmlKeywordLogger</class>
  <method>startKeyword</method>
  <thread>1</thread>
  <message>Start action : pb.redirectOutput(log)</message>
  <nestedLevel>1</nestedLevel>
  <escapedJava>false</escapedJava>
  <property name="startLine">51</property>
  <property name="stepIndex">10</property>
</record>
<record>
  <date>2026-06-07T22:59:53.719336Z</date>
  <millis>1780873193719</millis>
  <nanos>336000</nanos>
  <sequence>913</sequence>
  <level>END</level>
  <class>com.kms.katalon.core.logging.XmlKeywordLogger</class>
  <method>endKeyword</method>
  <thread>1</thread>
  <message>End action : pb.redirectOutput(log)</message>
  <nestedLevel>1</nestedLevel>
  <escapedJava>false</escapedJava>
</record>
<record>
  <date>2026-06-07T22:59:53.719336Z</date>
  <millis>1780873193719</millis>
  <nanos>336000</nanos>
  <sequence>914</sequence>
  <level>START</level>
  <class>com.kms.katalon.core.logging.XmlKeywordLogger</class>
  <method>startKeyword</method>
  <thread>1</thread>
  <message>Start action : p = pb.start()</message>
  <nestedLevel>1</nestedLevel>
  <escapedJava>false</escapedJava>
  <property name="startLine">53</property>
  <property name="stepIndex">11</property>
</record>
<record>
  <date>2026-06-07T22:59:53.721318600Z</date>
  <millis>1780873193721</millis>
  <nanos>318600</nanos>
  <sequence>915</sequence>
  <level>END</level>
  <class>com.kms.katalon.core.logging.XmlKeywordLogger</class>
  <method>endKeyword</method>
  <thread>1</thread>
  <message>End action : p = pb.start()</message>
  <nestedLevel>1</nestedLevel>
  <escapedJava>false</escapedJava>
</record>
<record>
  <date>2026-06-07T22:59:53.722347Z</date>
  <millis>1780873193722</millis>
  <nanos>347000</nanos>
  <sequence>916</sequence>
  <level>START</level>
  <class>com.kms.katalon.core.logging.XmlKeywordLogger</class>
  <method>startKeyword</method>
  <thread>1</thread>
  <message>Start action : finished = p.waitFor(20, SECONDS)</message>
  <nestedLevel>1</nestedLevel>
  <escapedJava>false</escapedJava>
  <property name="startLine">55</property>
  <property name="stepIndex">12</property>
</record>
<record>
  <date>2026-06-07T22:59:53.786332300Z</date>
  <millis>1780873193786</millis>
  <nanos>332300</nanos>
  <sequence>917</sequence>
  <level>END</level>
  <class>com.kms.katalon.core.logging.XmlKeywordLogger</class>
  <method>endKeyword</method>
  <thread>1</thread>
  <message>End action : finished = p.waitFor(20, SECONDS)</message>
  <nestedLevel>1</nestedLevel>
  <escapedJava>false</escapedJava>
</record>
<record>
  <date>2026-06-07T22:59:53.786332300Z</date>
  <millis>1780873193786</millis>
  <nanos>332300</nanos>
  <sequence>918</sequence>
  <level>START</level>
  <class>com.kms.katalon.core.logging.XmlKeywordLogger</class>
  <method>startKeyword</method>
  <thread>1</thread>
  <message>Start action : if (!(finished))</message>
  <nestedLevel>1</nestedLevel>
  <escapedJava>false</escapedJava>
  <property name="startLine">56</property>
  <property name="stepIndex">13</property>
</record>
<record>
  <date>2026-06-07T22:59:53.786332300Z</date>
  <millis>1780873193786</millis>
  <nanos>332300</nanos>
  <sequence>919</sequence>
  <level>END</level>
  <class>com.kms.katalon.core.logging.XmlKeywordLogger</class>
  <method>endKeyword</method>
  <thread>1</thread>
  <message>End action : if (!(finished))</message>
  <nestedLevel>1</nestedLevel>
  <escapedJava>false</escapedJava>
</record>
<record>
  <date>2026-06-07T22:59:53.786332300Z</date>
  <millis>1780873193786</millis>
  <nanos>332300</nanos>
  <sequence>920</sequence>
  <level>START</level>
  <class>com.kms.katalon.core.logging.XmlKeywordLogger</class>
  <method>startKeyword</method>
  <thread>1</thread>
  <message>Start action : code = p.exitValue()</message>
  <nestedLevel>1</nestedLevel>
  <escapedJava>false</escapedJava>
  <property name="startLine">62</property>
  <property name="stepIndex">14</property>
</record>
<record>
  <date>2026-06-07T22:59:53.786332300Z</date>
  <millis>1780873193786</millis>
  <nanos>332300</nanos>
  <sequence>921</sequence>
  <level>END</level>
  <class>com.kms.katalon.core.logging.XmlKeywordLogger</class>
  <method>endKeyword</method>
  <thread>1</thread>
  <message>End action : code = p.exitValue()</message>
  <nestedLevel>1</nestedLevel>
  <escapedJava>false</escapedJava>
</record>
<record>
  <date>2026-06-07T22:59:53.786332300Z</date>
  <millis>1780873193786</millis>
  <nanos>332300</nanos>
  <sequence>922</sequence>
  <level>START</level>
  <class>com.kms.katalon.core.logging.XmlKeywordLogger</class>
  <method>startKeyword</method>
  <thread>1</thread>
  <message>Start action : if (code != 0)</message>
  <nestedLevel>1</nestedLevel>
  <escapedJava>false</escapedJava>
  <property name="startLine">63</property>
  <property name="stepIndex">15</property>
</record>
<record>
  <date>2026-06-07T22:59:53.786332300Z</date>
  <millis>1780873193786</millis>
  <nanos>332300</nanos>
  <sequence>923</sequence>
  <level>END</level>
  <class>com.kms.katalon.core.logging.XmlKeywordLogger</class>
  <method>endKeyword</method>
  <thread>1</thread>
  <message>End action : if (code != 0)</message>
  <nestedLevel>1</nestedLevel>
  <escapedJava>false</escapedJava>
</record>
<record>
  <date>2026-06-07T22:59:53.786332300Z</date>
  <millis>1780873193786</millis>
  <nanos>332300</nanos>
  <sequence>924</sequence>
  <level>START</level>
  <class>com.kms.katalon.core.logging.XmlKeywordLogger</class>
  <method>startKeyword</method>
  <thread>1</thread>
  <message>Start action : else</message>
  <nestedLevel>1</nestedLevel>
  <escapedJava>false</escapedJava>
  <property name="startLine">67</property>
  <property name="stepIndex">16</property>
</record>
<record>
  <date>2026-06-07T22:59:53.786332300Z</date>
  <millis>1780873193786</millis>
  <nanos>332300</nanos>
  <sequence>925</sequence>
  <level>START</level>
  <class>com.kms.katalon.core.logging.XmlKeywordLogger</class>
  <method>startKeyword</method>
  <thread>1</thread>
  <message>Start action : logInfo(&amp;quot;Seed ripristinato prima di: &amp;quot; + context.getTestCaseId())</message>
  <nestedLevel>2</nestedLevel>
  <escapedJava>false</escapedJava>
  <property name="startLine">68</property>
  <property name="stepIndex">1</property>
</record>
<record>
  <date>2026-06-07T22:59:53.786332300Z</date>
  <millis>1780873193786</millis>
  <nanos>332300</nanos>
  <sequence>926</sequence>
  <level>INFO</level>
  <class>com.kms.katalon.core.logging.XmlKeywordLogger</class>
  <method>logMessage</method>
  <thread>1</thread>
  <message>Seed ripristinato prima di: Test Cases/Ordine/TC_6.2_2</message>
  <nestedLevel>1</nestedLevel>
  <escapedJava>false</escapedJava>
</record>
<record>
  <date>2026-06-07T22:59:53.787332400Z</date>
  <millis>1780873193787</millis>
  <nanos>332400</nanos>
  <sequence>928</sequence>
  <level>END</level>
  <class>com.kms.katalon.core.logging.XmlKeywordLogger</class>
  <method>endKeyword</method>
  <thread>1</thread>
  <message>End action : logInfo(&amp;quot;Seed ripristinato prima di: &amp;quot; + context.getTestCaseId())</message>
  <nestedLevel>2</nestedLevel>
  <escapedJava>false</escapedJava>
</record>
<record>
  <date>2026-06-07T22:59:53.787332400Z</date>
  <millis>1780873193787</millis>
  <nanos>332400</nanos>
  <sequence>929</sequence>
  <level>END</level>
  <class>com.kms.katalon.core.logging.XmlKeywordLogger</class>
  <method>endKeyword</method>
  <thread>1</thread>
  <message>End action : else</message>
  <nestedLevel>1</nestedLevel>
  <escapedJava>false</escapedJava>
</record>
<record>
  <date>2026-06-07T22:59:53.787332400Z</date>
  <millis>1780873193787</millis>
  <nanos>332400</nanos>
  <sequence>930</sequence>
  <level>END</level>
  <class>com.kms.katalon.core.logging.XmlKeywordLogger</class>
  <method>endKeyword</method>
  <thread>1</thread>
  <message>End listener action : resetSeedBeforeTestCase</message>
  <nestedLevel>1</nestedLevel>
  <escapedJava>false</escapedJava>
</record>
<record>
  <date>2026-06-07T22:59:53.827437900Z</date>
  <millis>1780873193827</millis>
  <nanos>437900</nanos>
  <sequence>931</sequence>
  <level>START</level>
  <class>com.kms.katalon.core.logging.XmlKeywordLogger</class>
  <method>startKeyword</method>
  <thread>1</thread>
  <message>Start action : openBrowser(&amp;quot;&amp;quot;)</message>
  <nestedLevel>1</nestedLevel>
  <escapedJava>false</escapedJava>
  <property name="startLine">14</property>
  <property name="stepIndex">1</property>
</record>
<record>
  <date>2026-06-07T22:59:53.828433700Z</date>
  <millis>1780873193828</millis>
  <nanos>433700</nanos>
  <sequence>934</sequence>
  <level>INFO</level>
  <class>com.kms.katalon.core.logging.XmlKeywordLogger</class>
  <method>logMessage</method>
  <thread>1</thread>
  <message>Starting &amp;apos;Chrome&amp;apos; driver</message>
  <nestedLevel>1</nestedLevel>
  <escapedJava>false</escapedJava>
</record>
<record>
  <date>2026-06-07T22:59:53.829426700Z</date>
  <millis>1780873193829</millis>
  <nanos>426700</nanos>
  <sequence>935</sequence>
  <level>INFO</level>
  <class>com.kms.katalon.core.logging.XmlKeywordLogger</class>
  <method>logMessage</method>
  <thread>1</thread>
  <message>Action delay is set to 0 milliseconds</message>
  <nestedLevel>1</nestedLevel>
  <escapedJava>false</escapedJava>
</record>
<record>
  <date>2026-06-07T22:59:54.623986700Z</date>
  <millis>1780873194623</millis>
  <nanos>986700</nanos>
  <sequence>937</sequence>
  <level>RUN_DATA</level>
  <class>com.kms.katalon.core.logging.XmlKeywordLogger</class>
  <method>logMessage</method>
  <thread>1</thread>
  <message>sessionId = 97b8f4c6f6bf407066ce67beaa52e01b</message>
  <nestedLevel>1</nestedLevel>
  <escapedJava>false</escapedJava>
  <property name="sessionId">97b8f4c6f6bf407066ce67beaa52e01b</property>
</record>
<record>
  <date>2026-06-07T22:59:54.623986700Z</date>
  <millis>1780873194623</millis>
  <nanos>986700</nanos>
  <sequence>938</sequence>
  <level>RUN_DATA</level>
  <class>com.kms.katalon.core.logging.XmlKeywordLogger</class>
  <method>logMessage</method>
  <thread>1</thread>
  <message>browser = Chrome 148.0.7778.179</message>
  <nestedLevel>1</nestedLevel>
  <escapedJava>false</escapedJava>
  <property name="browser">Chrome 148.0.7778.179</property>
</record>
<record>
  <date>2026-06-07T22:59:54.623986700Z</date>
  <millis>1780873194623</millis>
  <nanos>986700</nanos>
  <sequence>939</sequence>
  <level>RUN_DATA</level>
  <class>com.kms.katalon.core.logging.XmlKeywordLogger</class>
  <method>logMessage</method>
  <thread>1</thread>
  <message>platform = Windows 11</message>
  <nestedLevel>1</nestedLevel>
  <escapedJava>false</escapedJava>
  <property name="platform">Windows 11</property>
</record>
<record>
  <date>2026-06-07T22:59:54.623986700Z</date>
  <millis>1780873194623</millis>
  <nanos>986700</nanos>
  <sequence>940</sequence>
  <level>RUN_DATA</level>
  <class>com.kms.katalon.core.logging.XmlKeywordLogger</class>
  <method>logMessage</method>
  <thread>1</thread>
  <message>seleniumVersion = 4.39.0</message>
  <nestedLevel>1</nestedLevel>
  <escapedJava>false</escapedJava>
  <property name="seleniumVersion">4.39.0</property>
</record>
<record>
  <date>2026-06-07T22:59:54.623986700Z</date>
  <millis>1780873194623</millis>
  <nanos>986700</nanos>
  <sequence>941</sequence>
  <level>RUN_DATA</level>
  <class>com.kms.katalon.core.logging.XmlKeywordLogger</class>
  <method>logMessage</method>
  <thread>1</thread>
  <message>proxyInformation = ProxyInformation { proxyOption=NO_PROXY, proxyServerType=HTTP, username=, password=********, proxyServerAddress=, proxyServerPort=0, executionList=&amp;quot;&amp;quot;, isApplyToDesiredCapabilities=true }</message>
  <nestedLevel>1</nestedLevel>
  <escapedJava>false</escapedJava>
  <property name="proxyInformation">ProxyInformation { proxyOption=NO_PROXY, proxyServerType=HTTP, username=, password=********, proxyServerAddress=, proxyServerPort=0, executionList=&quot;&quot;, isApplyToDesiredCapabilities=true }</property>
</record>
<record>
  <date>2026-06-07T22:59:54.634175600Z</date>
  <millis>1780873194634</millis>
  <nanos>175600</nanos>
  <sequence>942</sequence>
  <level>PASSED</level>
  <class>com.kms.katalon.core.logging.XmlKeywordLogger</class>
  <method>logMessage</method>
  <thread>1</thread>
  <message>Browser is opened with url: &amp;apos;&amp;apos;</message>
  <nestedLevel>1</nestedLevel>
  <escapedJava>false</escapedJava>
  <property name="testops-method-name">com.kms.katalon.core.webui.keyword.builtin.OpenBrowserKeyword.openBrowser</property>
  <property name="testops-execution-stacktrace"></property>
</record>
<record>
  <date>2026-06-07T22:59:54.635182300Z</date>
  <millis>1780873194635</millis>
  <nanos>182300</nanos>
  <sequence>943</sequence>
  <level>END</level>
  <class>com.kms.katalon.core.logging.XmlKeywordLogger</class>
  <method>endKeyword</method>
  <thread>1</thread>
  <message>End action : openBrowser(&amp;quot;&amp;quot;)</message>
  <nestedLevel>1</nestedLevel>
  <escapedJava>false</escapedJava>
</record>
<record>
  <date>2026-06-07T22:59:54.635182300Z</date>
  <millis>1780873194635</millis>
  <nanos>182300</nanos>
  <sequence>944</sequence>
  <level>START</level>
  <class>com.kms.katalon.core.logging.XmlKeywordLogger</class>
  <method>startKeyword</method>
  <thread>1</thread>
  <message>Start action : navigateToUrl(base + &amp;quot;loginForm.jsp&amp;quot;)</message>
  <nestedLevel>1</nestedLevel>
  <escapedJava>false</escapedJava>
  <property name="startLine">15</property>
  <property name="stepIndex">2</property>
</record>
<record>
  <date>2026-06-07T22:59:54.993488700Z</date>
  <millis>1780873194993</millis>
  <nanos>488700</nanos>
  <sequence>948</sequence>
  <level>PASSED</level>
  <class>com.kms.katalon.core.logging.XmlKeywordLogger</class>
  <method>logMessage</method>
  <thread>1</thread>
  <message>Navigate to &amp;apos;http://localhost:8080/Vaporant_IGES_war_exploded/loginForm.jsp&amp;apos; successfully</message>
  <nestedLevel>1</nestedLevel>
  <escapedJava>false</escapedJava>
  <property name="testops-method-name">com.kms.katalon.core.webui.keyword.builtin.NavigateToUrlKeyword.navigateToUrl</property>
  <property name="testops-execution-stacktrace"></property>
</record>
<record>
  <date>2026-06-07T22:59:54.994125300Z</date>
  <millis>1780873194994</millis>
  <nanos>125300</nanos>
  <sequence>949</sequence>
  <level>END</level>
  <class>com.kms.katalon.core.logging.XmlKeywordLogger</class>
  <method>endKeyword</method>
  <thread>1</thread>
  <message>End action : navigateToUrl(base + &amp;quot;loginForm.jsp&amp;quot;)</message>
  <nestedLevel>1</nestedLevel>
  <escapedJava>false</escapedJava>
</record>
<record>
  <date>2026-06-07T22:59:54.994125300Z</date>
  <millis>1780873194994</millis>
  <nanos>125300</nanos>
  <sequence>950</sequence>
  <level>START</level>
  <class>com.kms.katalon.core.logging.XmlKeywordLogger</class>
  <method>startKeyword</method>
  <thread>1</thread>
  <message>Start action : setText(css(&amp;quot;#email&amp;quot;), &amp;quot;t.mansi@studenti.unisa.it&amp;quot;)</message>
  <nestedLevel>1</nestedLevel>
  <escapedJava>false</escapedJava>
  <property name="startLine">16</property>
  <property name="stepIndex">3</property>
</record>
<record>
  <date>2026-06-07T22:59:54.994125300Z</date>
  <millis>1780873194994</millis>
  <nanos>125300</nanos>
  <sequence>951</sequence>
  <level>END</level>
  <class>com.kms.katalon.core.logging.XmlKeywordLogger</class>
  <method>endKeyword</method>
  <thread>1</thread>
  <message>End action : setText(css(&amp;quot;#email&amp;quot;), &amp;quot;t.mansi@studenti.unisa.it&amp;quot;)</message>
  <nestedLevel>1</nestedLevel>
  <escapedJava>false</escapedJava>
</record>
<record>
  <date>2026-06-07T22:59:54.994125300Z</date>
  <millis>1780873194994</millis>
  <nanos>125300</nanos>
  <sequence>952</sequence>
  <level>START</level>
  <class>com.kms.katalon.core.logging.XmlKeywordLogger</class>
  <method>startKeyword</method>
  <thread>1</thread>
  <message>Start action : t = new com.kms.katalon.core.testobject.TestObject(sel)</message>
  <nestedLevel>1</nestedLevel>
  <escapedJava>false</escapedJava>
  <property name="startLine">8</property>
  <property name="stepIndex">1</property>
</record>
<record>
  <date>2026-06-07T22:59:54.995264900Z</date>
  <millis>1780873194995</millis>
  <nanos>264900</nanos>
  <sequence>953</sequence>
  <level>END</level>
  <class>com.kms.katalon.core.logging.XmlKeywordLogger</class>
  <method>endKeyword</method>
  <thread>1</thread>
  <message>End action : t = new com.kms.katalon.core.testobject.TestObject(sel)</message>
  <nestedLevel>1</nestedLevel>
  <escapedJava>false</escapedJava>
</record>
<record>
  <date>2026-06-07T22:59:54.995264900Z</date>
  <millis>1780873194995</millis>
  <nanos>264900</nanos>
  <sequence>954</sequence>
  <level>START</level>
  <class>com.kms.katalon.core.logging.XmlKeywordLogger</class>
  <method>startKeyword</method>
  <thread>1</thread>
  <message>Start action : t.addProperty(&amp;quot;css&amp;quot;, EQUALS, sel)</message>
  <nestedLevel>1</nestedLevel>
  <escapedJava>false</escapedJava>
  <property name="startLine">9</property>
  <property name="stepIndex">2</property>
</record>
<record>
  <date>2026-06-07T22:59:54.995264900Z</date>
  <millis>1780873194995</millis>
  <nanos>264900</nanos>
  <sequence>955</sequence>
  <level>END</level>
  <class>com.kms.katalon.core.logging.XmlKeywordLogger</class>
  <method>endKeyword</method>
  <thread>1</thread>
  <message>End action : t.addProperty(&amp;quot;css&amp;quot;, EQUALS, sel)</message>
  <nestedLevel>1</nestedLevel>
  <escapedJava>false</escapedJava>
</record>
<record>
  <date>2026-06-07T22:59:54.995264900Z</date>
  <millis>1780873194995</millis>
  <nanos>264900</nanos>
  <sequence>956</sequence>
  <level>START</level>
  <class>com.kms.katalon.core.logging.XmlKeywordLogger</class>
  <method>startKeyword</method>
  <thread>1</thread>
  <message>Start action : return t</message>
  <nestedLevel>1</nestedLevel>
  <escapedJava>false</escapedJava>
  <property name="startLine">10</property>
  <property name="stepIndex">3</property>
</record>
<record>
  <date>2026-06-07T22:59:55.539749700Z</date>
  <millis>1780873195539</millis>
  <nanos>749700</nanos>
  <sequence>969</sequence>
  <level>PASSED</level>
  <class>com.kms.katalon.core.logging.XmlKeywordLogger</class>
  <method>logMessage</method>
  <thread>1</thread>
  <message>Text &amp;apos;t.mansi@studenti.unisa.it&amp;apos; is set on object &amp;apos;#email&amp;apos;</message>
  <nestedLevel>1</nestedLevel>
  <escapedJava>false</escapedJava>
  <property name="testops-method-name">com.kms.katalon.core.webui.keyword.internal.WebUIKeywordMain.runKeywordUntilTimeout</property>
  <property name="testops-execution-stacktrace">com.kms.katalon.core.logging.KeywordLogger.logPassed(KeywordLogger.java:350)
com.kms.katalon.core.logging.KeywordLogger.logPassed(KeywordLogger.java:345)
com.kms.katalon.core.webui.keyword.builtin.SetTextKeyword$_setText_closure1.doCall(SetTextKeyword.groovy:99)
java.base/jdk.internal.reflect.DirectMethodHandleAccessor.invoke(DirectMethodHandleAccessor.java:103)
jdk.proxy2/jdk.proxy2.$Proxy57.execute(Unknown Source)
com.kms.katalon.core.webui.model.SeleniumActionRetryController.performAction(SeleniumActionRetryController.java:96)
com.kms.katalon.core.webui.model.SeleniumActionRetryController.performAction(SeleniumActionRetryController.java:83)
com.kms.katalon.core.webui.keyword.internal.WebUIKeywordMain$_runKeywordUntilTimeout_closure1.doCall(WebUIKeywordMain.groovy:135)
com.kms.katalon.core.webui.keyword.internal.WebUIKeywordMain$_runKeywordUntilTimeout_closure1.call(WebUIKeywordMain.groovy)
com.kms.katalon.core.webui.keyword.internal.WebUIKeywordMain.runKeyword(WebUIKeywordMain.groovy:41)
com.kms.katalon.core.webui.keyword.internal.WebUIKeywordMain.runKeywordUntilTimeout(WebUIKeywordMain.groovy:133)
com.kms.katalon.core.webui.keyword.builtin.SetTextKeyword.setText(SetTextKeyword.groovy:106)
com.kms.katalon.core.webui.keyword.builtin.SetTextKeyword.execute(SetTextKeyword.groovy:49)
com.kms.katalon.core.keyword.internal.KeywordExecutor.executeKeywordForPlatform(KeywordExecutor.groovy:103)
com.kms.katalon.core.webui.keyword.WebUiBuiltInKeywords.setText(WebUiBuiltInKeywords.groovy:1082)
Script178070060202.run(Script178070060202.groovy:16)
</property>
</record>
<record>
  <date>2026-06-07T22:59:55.539749700Z</date>
  <millis>1780873195539</millis>
  <nanos>749700</nanos>
  <sequence>970</sequence>
  <level>END</level>
  <class>com.kms.katalon.core.logging.XmlKeywordLogger</class>
  <method>endKeyword</method>
  <thread>1</thread>
  <message>End action : return t</message>
  <nestedLevel>1</nestedLevel>
  <escapedJava>false</escapedJava>
</record>
<record>
  <date>2026-06-07T22:59:55.539749700Z</date>
  <millis>1780873195539</millis>
  <nanos>749700</nanos>
  <sequence>971</sequence>
  <level>START</level>
  <class>com.kms.katalon.core.logging.XmlKeywordLogger</class>
  <method>startKeyword</method>
  <thread>1</thread>
  <message>Start action : setText(css(&amp;quot;#password&amp;quot;), &amp;quot;321CBA.&amp;quot;)</message>
  <nestedLevel>1</nestedLevel>
  <escapedJava>false</escapedJava>
  <property name="startLine">17</property>
  <property name="stepIndex">4</property>
</record>
<record>
  <date>2026-06-07T22:59:55.541296Z</date>
  <millis>1780873195541</millis>
  <nanos>296000</nanos>
  <sequence>972</sequence>
  <level>END</level>
  <class>com.kms.katalon.core.logging.XmlKeywordLogger</class>
  <method>endKeyword</method>
  <thread>1</thread>
  <message>End action : setText(css(&amp;quot;#password&amp;quot;), &amp;quot;321CBA.&amp;quot;)</message>
  <nestedLevel>1</nestedLevel>
  <escapedJava>false</escapedJava>
</record>
<record>
  <date>2026-06-07T22:59:55.541296Z</date>
  <millis>1780873195541</millis>
  <nanos>296000</nanos>
  <sequence>973</sequence>
  <level>START</level>
  <class>com.kms.katalon.core.logging.XmlKeywordLogger</class>
  <method>startKeyword</method>
  <thread>1</thread>
  <message>Start action : t = new com.kms.katalon.core.testobject.TestObject(sel)</message>
  <nestedLevel>1</nestedLevel>
  <escapedJava>false</escapedJava>
  <property name="startLine">8</property>
  <property name="stepIndex">1</property>
</record>
<record>
  <date>2026-06-07T22:59:55.541296Z</date>
  <millis>1780873195541</millis>
  <nanos>296000</nanos>
  <sequence>974</sequence>
  <level>END</level>
  <class>com.kms.katalon.core.logging.XmlKeywordLogger</class>
  <method>endKeyword</method>
  <thread>1</thread>
  <message>End action : t = new com.kms.katalon.core.testobject.TestObject(sel)</message>
  <nestedLevel>1</nestedLevel>
  <escapedJava>false</escapedJava>
</record>
<record>
  <date>2026-06-07T22:59:55.541296Z</date>
  <millis>1780873195541</millis>
  <nanos>296000</nanos>
  <sequence>975</sequence>
  <level>START</level>
  <class>com.kms.katalon.core.logging.XmlKeywordLogger</class>
  <method>startKeyword</method>
  <thread>1</thread>
  <message>Start action : t.addProperty(&amp;quot;css&amp;quot;, EQUALS, sel)</message>
  <nestedLevel>1</nestedLevel>
  <escapedJava>false</escapedJava>
  <property name="startLine">9</property>
  <property name="stepIndex">2</property>
</record>
<record>
  <date>2026-06-07T22:59:55.541296Z</date>
  <millis>1780873195541</millis>
  <nanos>296000</nanos>
  <sequence>976</sequence>
  <level>END</level>
  <class>com.kms.katalon.core.logging.XmlKeywordLogger</class>
  <method>endKeyword</method>
  <thread>1</thread>
  <message>End action : t.addProperty(&amp;quot;css&amp;quot;, EQUALS, sel)</message>
  <nestedLevel>1</nestedLevel>
  <escapedJava>false</escapedJava>
</record>
<record>
  <date>2026-06-07T22:59:55.541296Z</date>
  <millis>1780873195541</millis>
  <nanos>296000</nanos>
  <sequence>977</sequence>
  <level>START</level>
  <class>com.kms.katalon.core.logging.XmlKeywordLogger</class>
  <method>startKeyword</method>
  <thread>1</thread>
  <message>Start action : return t</message>
  <nestedLevel>1</nestedLevel>
  <escapedJava>false</escapedJava>
  <property name="startLine">10</property>
  <property name="stepIndex">3</property>
</record>
<record>
  <date>2026-06-07T22:59:56.066748Z</date>
  <millis>1780873196066</millis>
  <nanos>748000</nanos>
  <sequence>990</sequence>
  <level>PASSED</level>
  <class>com.kms.katalon.core.logging.XmlKeywordLogger</class>
  <method>logMessage</method>
  <thread>1</thread>
  <message>Text &amp;apos;321CBA.&amp;apos; is set on object &amp;apos;#password&amp;apos;</message>
  <nestedLevel>1</nestedLevel>
  <escapedJava>false</escapedJava>
  <property name="testops-method-name">com.kms.katalon.core.webui.keyword.internal.WebUIKeywordMain.runKeywordUntilTimeout</property>
  <property name="testops-execution-stacktrace">com.kms.katalon.core.logging.KeywordLogger.logPassed(KeywordLogger.java:350)
com.kms.katalon.core.logging.KeywordLogger.logPassed(KeywordLogger.java:345)
com.kms.katalon.core.webui.keyword.builtin.SetTextKeyword$_setText_closure1.doCall(SetTextKeyword.groovy:99)
java.base/jdk.internal.reflect.DirectMethodHandleAccessor.invoke(DirectMethodHandleAccessor.java:103)
jdk.proxy2/jdk.proxy2.$Proxy57.execute(Unknown Source)
com.kms.katalon.core.webui.model.SeleniumActionRetryController.performAction(SeleniumActionRetryController.java:96)
com.kms.katalon.core.webui.model.SeleniumActionRetryController.performAction(SeleniumActionRetryController.java:83)
com.kms.katalon.core.webui.keyword.internal.WebUIKeywordMain$_runKeywordUntilTimeout_closure1.doCall(WebUIKeywordMain.groovy:135)
com.kms.katalon.core.webui.keyword.internal.WebUIKeywordMain$_runKeywordUntilTimeout_closure1.call(WebUIKeywordMain.groovy)
com.kms.katalon.core.webui.keyword.internal.WebUIKeywordMain.runKeyword(WebUIKeywordMain.groovy:41)
com.kms.katalon.core.webui.keyword.internal.WebUIKeywordMain.runKeywordUntilTimeout(WebUIKeywordMain.groovy:133)
com.kms.katalon.core.webui.keyword.builtin.SetTextKeyword.setText(SetTextKeyword.groovy:106)
com.kms.katalon.core.webui.keyword.builtin.SetTextKeyword.execute(SetTextKeyword.groovy:49)
com.kms.katalon.core.keyword.internal.KeywordExecutor.executeKeywordForPlatform(KeywordExecutor.groovy:103)
com.kms.katalon.core.webui.keyword.WebUiBuiltInKeywords.setText(WebUiBuiltInKeywords.groovy:1082)
Script178070060202.run(Script178070060202.groovy:17)
</property>
</record>
<record>
  <date>2026-06-07T22:59:56.067749500Z</date>
  <millis>1780873196067</millis>
  <nanos>749500</nanos>
  <sequence>991</sequence>
  <level>END</level>
  <class>com.kms.katalon.core.logging.XmlKeywordLogger</class>
  <method>endKeyword</method>
  <thread>1</thread>
  <message>End action : return t</message>
  <nestedLevel>1</nestedLevel>
  <escapedJava>false</escapedJava>
</record>
<record>
  <date>2026-06-07T22:59:56.067749500Z</date>
  <millis>1780873196067</millis>
  <nanos>749500</nanos>
  <sequence>992</sequence>
  <level>START</level>
  <class>com.kms.katalon.core.logging.XmlKeywordLogger</class>
  <method>startKeyword</method>
  <thread>1</thread>
  <message>Start action : click(css(&amp;quot;#submit&amp;quot;))</message>
  <nestedLevel>1</nestedLevel>
  <escapedJava>false</escapedJava>
  <property name="startLine">18</property>
  <property name="stepIndex">5</property>
</record>
<record>
  <date>2026-06-07T22:59:56.068747500Z</date>
  <millis>1780873196068</millis>
  <nanos>747500</nanos>
  <sequence>993</sequence>
  <level>END</level>
  <class>com.kms.katalon.core.logging.XmlKeywordLogger</class>
  <method>endKeyword</method>
  <thread>1</thread>
  <message>End action : click(css(&amp;quot;#submit&amp;quot;))</message>
  <nestedLevel>1</nestedLevel>
  <escapedJava>false</escapedJava>
</record>
<record>
  <date>2026-06-07T22:59:56.068747500Z</date>
  <millis>1780873196068</millis>
  <nanos>747500</nanos>
  <sequence>994</sequence>
  <level>START</level>
  <class>com.kms.katalon.core.logging.XmlKeywordLogger</class>
  <method>startKeyword</method>
  <thread>1</thread>
  <message>Start action : t = new com.kms.katalon.core.testobject.TestObject(sel)</message>
  <nestedLevel>1</nestedLevel>
  <escapedJava>false</escapedJava>
  <property name="startLine">8</property>
  <property name="stepIndex">1</property>
</record>
<record>
  <date>2026-06-07T22:59:56.068747500Z</date>
  <millis>1780873196068</millis>
  <nanos>747500</nanos>
  <sequence>995</sequence>
  <level>END</level>
  <class>com.kms.katalon.core.logging.XmlKeywordLogger</class>
  <method>endKeyword</method>
  <thread>1</thread>
  <message>End action : t = new com.kms.katalon.core.testobject.TestObject(sel)</message>
  <nestedLevel>1</nestedLevel>
  <escapedJava>false</escapedJava>
</record>
<record>
  <date>2026-06-07T22:59:56.068747500Z</date>
  <millis>1780873196068</millis>
  <nanos>747500</nanos>
  <sequence>996</sequence>
  <level>START</level>
  <class>com.kms.katalon.core.logging.XmlKeywordLogger</class>
  <method>startKeyword</method>
  <thread>1</thread>
  <message>Start action : t.addProperty(&amp;quot;css&amp;quot;, EQUALS, sel)</message>
  <nestedLevel>1</nestedLevel>
  <escapedJava>false</escapedJava>
  <property name="startLine">9</property>
  <property name="stepIndex">2</property>
</record>
<record>
  <date>2026-06-07T22:59:56.068747500Z</date>
  <millis>1780873196068</millis>
  <nanos>747500</nanos>
  <sequence>997</sequence>
  <level>END</level>
  <class>com.kms.katalon.core.logging.XmlKeywordLogger</class>
  <method>endKeyword</method>
  <thread>1</thread>
  <message>End action : t.addProperty(&amp;quot;css&amp;quot;, EQUALS, sel)</message>
  <nestedLevel>1</nestedLevel>
  <escapedJava>false</escapedJava>
</record>
<record>
  <date>2026-06-07T22:59:56.068747500Z</date>
  <millis>1780873196068</millis>
  <nanos>747500</nanos>
  <sequence>998</sequence>
  <level>START</level>
  <class>com.kms.katalon.core.logging.XmlKeywordLogger</class>
  <method>startKeyword</method>
  <thread>1</thread>
  <message>Start action : return t</message>
  <nestedLevel>1</nestedLevel>
  <escapedJava>false</escapedJava>
  <property name="startLine">10</property>
  <property name="stepIndex">3</property>
</record>
<record>
  <date>2026-06-07T22:59:56.372491Z</date>
  <millis>1780873196372</millis>
  <nanos>491000</nanos>
  <sequence>1008</sequence>
  <level>PASSED</level>
  <class>com.kms.katalon.core.logging.XmlKeywordLogger</class>
  <method>logMessage</method>
  <thread>1</thread>
  <message>Object: &amp;apos;#submit&amp;apos; is clicked on</message>
  <nestedLevel>1</nestedLevel>
  <escapedJava>false</escapedJava>
  <property name="testops-method-name">com.kms.katalon.core.webui.keyword.internal.WebUIKeywordMain.runKeywordUntilTimeout</property>
  <property name="testops-execution-stacktrace">com.kms.katalon.core.logging.KeywordLogger.logPassed(KeywordLogger.java:350)
com.kms.katalon.core.logging.KeywordLogger.logPassed(KeywordLogger.java:345)
com.kms.katalon.core.webui.keyword.builtin.ClickKeyword$_click_closure1.doCall(ClickKeyword.groovy:66)
java.base/jdk.internal.reflect.DirectMethodHandleAccessor.invoke(DirectMethodHandleAccessor.java:103)
jdk.proxy2/jdk.proxy2.$Proxy57.execute(Unknown Source)
com.kms.katalon.core.webui.model.SeleniumActionRetryController.performAction(SeleniumActionRetryController.java:96)
com.kms.katalon.core.webui.model.SeleniumActionRetryController.performAction(SeleniumActionRetryController.java:83)
com.kms.katalon.core.webui.keyword.internal.WebUIKeywordMain$_runKeywordUntilTimeout_closure1.doCall(WebUIKeywordMain.groovy:135)
com.kms.katalon.core.webui.keyword.internal.WebUIKeywordMain$_runKeywordUntilTimeout_closure1.call(WebUIKeywordMain.groovy)
com.kms.katalon.core.webui.keyword.internal.WebUIKeywordMain.runKeyword(WebUIKeywordMain.groovy:41)
com.kms.katalon.core.webui.keyword.internal.WebUIKeywordMain.runKeywordUntilTimeout(WebUIKeywordMain.groovy:133)
com.kms.katalon.core.webui.keyword.builtin.ClickKeyword.click(ClickKeyword.groovy:72)
com.kms.katalon.core.webui.keyword.builtin.ClickKeyword.execute(ClickKeyword.groovy:38)
com.kms.katalon.core.keyword.internal.KeywordExecutor.executeKeywordForPlatform(KeywordExecutor.groovy:103)
com.kms.katalon.core.webui.keyword.WebUiBuiltInKeywords.click(WebUiBuiltInKeywords.groovy:722)
Script178070060202.run(Script178070060202.groovy:18)
</property>
</record>
<record>
  <date>2026-06-07T22:59:56.373616700Z</date>
  <millis>1780873196373</millis>
  <nanos>616700</nanos>
  <sequence>1009</sequence>
  <level>END</level>
  <class>com.kms.katalon.core.logging.XmlKeywordLogger</class>
  <method>endKeyword</method>
  <thread>1</thread>
  <message>End action : return t</message>
  <nestedLevel>1</nestedLevel>
  <escapedJava>false</escapedJava>
</record>
<record>
  <date>2026-06-07T22:59:56.373616700Z</date>
  <millis>1780873196373</millis>
  <nanos>616700</nanos>
  <sequence>1010</sequence>
  <level>START</level>
  <class>com.kms.katalon.core.logging.XmlKeywordLogger</class>
  <method>startKeyword</method>
  <thread>1</thread>
  <message>Start action : delay(2)</message>
  <nestedLevel>1</nestedLevel>
  <escapedJava>false</escapedJava>
  <property name="startLine">19</property>
  <property name="stepIndex">6</property>
</record>
<record>
  <date>2026-06-07T22:59:58.375985300Z</date>
  <millis>1780873198375</millis>
  <nanos>985300</nanos>
  <sequence>1013</sequence>
  <level>PASSED</level>
  <class>com.kms.katalon.core.logging.XmlKeywordLogger</class>
  <method>logMessage</method>
  <thread>1</thread>
  <message>Delayed 2 second(s)</message>
  <nestedLevel>1</nestedLevel>
  <escapedJava>false</escapedJava>
  <property name="testops-method-name">com.kms.katalon.core.keyword.builtin.DelayKeyword.delay</property>
  <property name="testops-execution-stacktrace"></property>
</record>
<record>
  <date>2026-06-07T22:59:58.375985300Z</date>
  <millis>1780873198375</millis>
  <nanos>985300</nanos>
  <sequence>1014</sequence>
  <level>END</level>
  <class>com.kms.katalon.core.logging.XmlKeywordLogger</class>
  <method>endKeyword</method>
  <thread>1</thread>
  <message>End action : delay(2)</message>
  <nestedLevel>1</nestedLevel>
  <escapedJava>false</escapedJava>
</record>
<record>
  <date>2026-06-07T22:59:58.375985300Z</date>
  <millis>1780873198375</millis>
  <nanos>985300</nanos>
  <sequence>1015</sequence>
  <level>START</level>
  <class>com.kms.katalon.core.logging.XmlKeywordLogger</class>
  <method>startKeyword</method>
  <thread>1</thread>
  <message>Start action : navigateToUrl(base + &amp;quot;cart?action=addC&amp;amp;id=2&amp;quot;)</message>
  <nestedLevel>1</nestedLevel>
  <escapedJava>false</escapedJava>
  <property name="startLine">20</property>
  <property name="stepIndex">7</property>
</record>
<record>
  <date>2026-06-07T22:59:58.509763600Z</date>
  <millis>1780873198509</millis>
  <nanos>763600</nanos>
  <sequence>1019</sequence>
  <level>PASSED</level>
  <class>com.kms.katalon.core.logging.XmlKeywordLogger</class>
  <method>logMessage</method>
  <thread>1</thread>
  <message>Navigate to &amp;apos;http://localhost:8080/Vaporant_IGES_war_exploded/cart?action=addC&amp;amp;id=2&amp;apos; successfully</message>
  <nestedLevel>1</nestedLevel>
  <escapedJava>false</escapedJava>
  <property name="testops-method-name">com.kms.katalon.core.webui.keyword.builtin.NavigateToUrlKeyword.navigateToUrl</property>
  <property name="testops-execution-stacktrace"></property>
</record>
<record>
  <date>2026-06-07T22:59:58.509763600Z</date>
  <millis>1780873198509</millis>
  <nanos>763600</nanos>
  <sequence>1020</sequence>
  <level>END</level>
  <class>com.kms.katalon.core.logging.XmlKeywordLogger</class>
  <method>endKeyword</method>
  <thread>1</thread>
  <message>End action : navigateToUrl(base + &amp;quot;cart?action=addC&amp;amp;id=2&amp;quot;)</message>
  <nestedLevel>1</nestedLevel>
  <escapedJava>false</escapedJava>
</record>
<record>
  <date>2026-06-07T22:59:58.509763600Z</date>
  <millis>1780873198509</millis>
  <nanos>763600</nanos>
  <sequence>1021</sequence>
  <level>START</level>
  <class>com.kms.katalon.core.logging.XmlKeywordLogger</class>
  <method>startKeyword</method>
  <thread>1</thread>
  <message>Start action : delay(1)</message>
  <nestedLevel>1</nestedLevel>
  <escapedJava>false</escapedJava>
  <property name="startLine">21</property>
  <property name="stepIndex">8</property>
</record>
<record>
  <date>2026-06-07T22:59:59.513587300Z</date>
  <millis>1780873199513</millis>
  <nanos>587300</nanos>
  <sequence>1024</sequence>
  <level>PASSED</level>
  <class>com.kms.katalon.core.logging.XmlKeywordLogger</class>
  <method>logMessage</method>
  <thread>1</thread>
  <message>Delayed 1 second(s)</message>
  <nestedLevel>1</nestedLevel>
  <escapedJava>false</escapedJava>
  <property name="testops-method-name">com.kms.katalon.core.keyword.builtin.DelayKeyword.delay</property>
  <property name="testops-execution-stacktrace"></property>
</record>
<record>
  <date>2026-06-07T22:59:59.514590200Z</date>
  <millis>1780873199514</millis>
  <nanos>590200</nanos>
  <sequence>1025</sequence>
  <level>END</level>
  <class>com.kms.katalon.core.logging.XmlKeywordLogger</class>
  <method>endKeyword</method>
  <thread>1</thread>
  <message>End action : delay(1)</message>
  <nestedLevel>1</nestedLevel>
  <escapedJava>false</escapedJava>
</record>
<record>
  <date>2026-06-07T22:59:59.515605Z</date>
  <millis>1780873199515</millis>
  <nanos>605000</nanos>
  <sequence>1026</sequence>
  <level>START</level>
  <class>com.kms.katalon.core.logging.XmlKeywordLogger</class>
  <method>startKeyword</method>
  <thread>1</thread>
  <message>Start action : navigateToUrl(base + &amp;quot;checkout.jsp&amp;quot;)</message>
  <nestedLevel>1</nestedLevel>
  <escapedJava>false</escapedJava>
  <property name="startLine">22</property>
  <property name="stepIndex">9</property>
</record>
<record>
  <date>2026-06-07T22:59:59.559840500Z</date>
  <millis>1780873199559</millis>
  <nanos>840500</nanos>
  <sequence>1030</sequence>
  <level>PASSED</level>
  <class>com.kms.katalon.core.logging.XmlKeywordLogger</class>
  <method>logMessage</method>
  <thread>1</thread>
  <message>Navigate to &amp;apos;http://localhost:8080/Vaporant_IGES_war_exploded/checkout.jsp&amp;apos; successfully</message>
  <nestedLevel>1</nestedLevel>
  <escapedJava>false</escapedJava>
  <property name="testops-method-name">com.kms.katalon.core.webui.keyword.builtin.NavigateToUrlKeyword.navigateToUrl</property>
  <property name="testops-execution-stacktrace"></property>
</record>
<record>
  <date>2026-06-07T22:59:59.561350900Z</date>
  <millis>1780873199561</millis>
  <nanos>350900</nanos>
  <sequence>1031</sequence>
  <level>END</level>
  <class>com.kms.katalon.core.logging.XmlKeywordLogger</class>
  <method>endKeyword</method>
  <thread>1</thread>
  <message>End action : navigateToUrl(base + &amp;quot;checkout.jsp&amp;quot;)</message>
  <nestedLevel>1</nestedLevel>
  <escapedJava>false</escapedJava>
</record>
<record>
  <date>2026-06-07T22:59:59.561350900Z</date>
  <millis>1780873199561</millis>
  <nanos>350900</nanos>
  <sequence>1032</sequence>
  <level>START</level>
  <class>com.kms.katalon.core.logging.XmlKeywordLogger</class>
  <method>startKeyword</method>
  <thread>1</thread>
  <message>Start action : delay(2)</message>
  <nestedLevel>1</nestedLevel>
  <escapedJava>false</escapedJava>
  <property name="startLine">23</property>
  <property name="stepIndex">10</property>
</record>
<record>
  <date>2026-06-07T23:00:01.563858700Z</date>
  <millis>1780873201563</millis>
  <nanos>858700</nanos>
  <sequence>1035</sequence>
  <level>PASSED</level>
  <class>com.kms.katalon.core.logging.XmlKeywordLogger</class>
  <method>logMessage</method>
  <thread>1</thread>
  <message>Delayed 2 second(s)</message>
  <nestedLevel>1</nestedLevel>
  <escapedJava>false</escapedJava>
  <property name="testops-method-name">com.kms.katalon.core.keyword.builtin.DelayKeyword.delay</property>
  <property name="testops-execution-stacktrace"></property>
</record>
<record>
  <date>2026-06-07T23:00:01.564932300Z</date>
  <millis>1780873201564</millis>
  <nanos>932300</nanos>
  <sequence>1036</sequence>
  <level>END</level>
  <class>com.kms.katalon.core.logging.XmlKeywordLogger</class>
  <method>endKeyword</method>
  <thread>1</thread>
  <message>End action : delay(2)</message>
  <nestedLevel>1</nestedLevel>
  <escapedJava>false</escapedJava>
</record>
<record>
  <date>2026-06-07T23:00:01.564932300Z</date>
  <millis>1780873201564</millis>
  <nanos>932300</nanos>
  <sequence>1037</sequence>
  <level>START</level>
  <class>com.kms.katalon.core.logging.XmlKeywordLogger</class>
  <method>startKeyword</method>
  <thread>1</thread>
  <message>Start action : selectOptionByValue(css(&amp;quot;#addressDropdown2&amp;quot;), &amp;quot;4&amp;quot;, false)</message>
  <nestedLevel>1</nestedLevel>
  <escapedJava>false</escapedJava>
  <property name="startLine">25</property>
  <property name="stepIndex">11</property>
</record>
<record>
  <date>2026-06-07T23:00:01.566315400Z</date>
  <millis>1780873201566</millis>
  <nanos>315400</nanos>
  <sequence>1038</sequence>
  <level>END</level>
  <class>com.kms.katalon.core.logging.XmlKeywordLogger</class>
  <method>endKeyword</method>
  <thread>1</thread>
  <message>End action : selectOptionByValue(css(&amp;quot;#addressDropdown2&amp;quot;), &amp;quot;4&amp;quot;, false)</message>
  <nestedLevel>1</nestedLevel>
  <escapedJava>false</escapedJava>
</record>
<record>
  <date>2026-06-07T23:00:01.566315400Z</date>
  <millis>1780873201566</millis>
  <nanos>315400</nanos>
  <sequence>1039</sequence>
  <level>START</level>
  <class>com.kms.katalon.core.logging.XmlKeywordLogger</class>
  <method>startKeyword</method>
  <thread>1</thread>
  <message>Start action : t = new com.kms.katalon.core.testobject.TestObject(sel)</message>
  <nestedLevel>1</nestedLevel>
  <escapedJava>false</escapedJava>
  <property name="startLine">8</property>
  <property name="stepIndex">1</property>
</record>
<record>
  <date>2026-06-07T23:00:01.567228400Z</date>
  <millis>1780873201567</millis>
  <nanos>228400</nanos>
  <sequence>1040</sequence>
  <level>END</level>
  <class>com.kms.katalon.core.logging.XmlKeywordLogger</class>
  <method>endKeyword</method>
  <thread>1</thread>
  <message>End action : t = new com.kms.katalon.core.testobject.TestObject(sel)</message>
  <nestedLevel>1</nestedLevel>
  <escapedJava>false</escapedJava>
</record>
<record>
  <date>2026-06-07T23:00:01.567228400Z</date>
  <millis>1780873201567</millis>
  <nanos>228400</nanos>
  <sequence>1041</sequence>
  <level>START</level>
  <class>com.kms.katalon.core.logging.XmlKeywordLogger</class>
  <method>startKeyword</method>
  <thread>1</thread>
  <message>Start action : t.addProperty(&amp;quot;css&amp;quot;, EQUALS, sel)</message>
  <nestedLevel>1</nestedLevel>
  <escapedJava>false</escapedJava>
  <property name="startLine">9</property>
  <property name="stepIndex">2</property>
</record>
<record>
  <date>2026-06-07T23:00:01.567228400Z</date>
  <millis>1780873201567</millis>
  <nanos>228400</nanos>
  <sequence>1042</sequence>
  <level>END</level>
  <class>com.kms.katalon.core.logging.XmlKeywordLogger</class>
  <method>endKeyword</method>
  <thread>1</thread>
  <message>End action : t.addProperty(&amp;quot;css&amp;quot;, EQUALS, sel)</message>
  <nestedLevel>1</nestedLevel>
  <escapedJava>false</escapedJava>
</record>
<record>
  <date>2026-06-07T23:00:01.567228400Z</date>
  <millis>1780873201567</millis>
  <nanos>228400</nanos>
  <sequence>1043</sequence>
  <level>START</level>
  <class>com.kms.katalon.core.logging.XmlKeywordLogger</class>
  <method>startKeyword</method>
  <thread>1</thread>
  <message>Start action : return t</message>
  <nestedLevel>1</nestedLevel>
  <escapedJava>false</escapedJava>
  <property name="startLine">10</property>
  <property name="stepIndex">3</property>
</record>
<record>
  <date>2026-06-07T23:00:02.146058Z</date>
  <millis>1780873202146</millis>
  <nanos>58000</nanos>
  <sequence>1054</sequence>
  <level>PASSED</level>
  <class>com.kms.katalon.core.logging.XmlKeywordLogger</class>
  <method>logMessage</method>
  <thread>1</thread>
  <message>All options with value &amp;apos;4&amp;apos; are selected in object &amp;apos;#addressDropdown2&amp;apos; </message>
  <nestedLevel>1</nestedLevel>
  <escapedJava>false</escapedJava>
  <property name="testops-method-name">com.kms.katalon.core.webui.keyword.internal.WebUIKeywordMain.runKeywordUntilTimeout</property>
  <property name="testops-execution-stacktrace">com.kms.katalon.core.logging.KeywordLogger.logPassed(KeywordLogger.java:350)
com.kms.katalon.core.logging.KeywordLogger.logPassed(KeywordLogger.java:345)
com.kms.katalon.core.webui.keyword.builtin.SelectOptionByValueKeyword$_selectOptionByValue_closure1.doCall(SelectOptionByValueKeyword.groovy:70)
java.base/jdk.internal.reflect.DirectMethodHandleAccessor.invoke(DirectMethodHandleAccessor.java:103)
jdk.proxy2/jdk.proxy2.$Proxy57.execute(Unknown Source)
com.kms.katalon.core.webui.model.SeleniumActionRetryController.performAction(SeleniumActionRetryController.java:96)
com.kms.katalon.core.webui.model.SeleniumActionRetryController.performAction(SeleniumActionRetryController.java:83)
com.kms.katalon.core.webui.keyword.internal.WebUIKeywordMain$_runKeywordUntilTimeout_closure1.doCall(WebUIKeywordMain.groovy:135)
com.kms.katalon.core.webui.keyword.internal.WebUIKeywordMain$_runKeywordUntilTimeout_closure1.call(WebUIKeywordMain.groovy)
com.kms.katalon.core.webui.keyword.internal.WebUIKeywordMain.runKeyword(WebUIKeywordMain.groovy:41)
com.kms.katalon.core.webui.keyword.internal.WebUIKeywordMain.runKeywordUntilTimeout(WebUIKeywordMain.groovy:133)
com.kms.katalon.core.webui.keyword.builtin.SelectOptionByValueKeyword.selectOptionByValue(SelectOptionByValueKeyword.groovy:79)
com.kms.katalon.core.webui.keyword.builtin.SelectOptionByValueKeyword.execute(SelectOptionByValueKeyword.groovy:44)
com.kms.katalon.core.keyword.internal.KeywordExecutor.executeKeywordForPlatform(KeywordExecutor.groovy:103)
com.kms.katalon.core.webui.keyword.WebUiBuiltInKeywords.selectOptionByValue(WebUiBuiltInKeywords.groovy:1270)
Script178070060202.run(Script178070060202.groovy:25)
</property>
</record>
<record>
  <date>2026-06-07T23:00:02.147058800Z</date>
  <millis>1780873202147</millis>
  <nanos>58800</nanos>
  <sequence>1055</sequence>
  <level>END</level>
  <class>com.kms.katalon.core.logging.XmlKeywordLogger</class>
  <method>endKeyword</method>
  <thread>1</thread>
  <message>End action : return t</message>
  <nestedLevel>1</nestedLevel>
  <escapedJava>false</escapedJava>
</record>
<record>
  <date>2026-06-07T23:00:02.147058800Z</date>
  <millis>1780873202147</millis>
  <nanos>58800</nanos>
  <sequence>1056</sequence>
  <level>START</level>
  <class>com.kms.katalon.core.logging.XmlKeywordLogger</class>
  <method>startKeyword</method>
  <thread>1</thread>
  <message>Start action : click(css(&amp;quot;#paypal&amp;quot;))</message>
  <nestedLevel>1</nestedLevel>
  <escapedJava>false</escapedJava>
  <property name="startLine">26</property>
  <property name="stepIndex">12</property>
</record>
<record>
  <date>2026-06-07T23:00:02.147058800Z</date>
  <millis>1780873202147</millis>
  <nanos>58800</nanos>
  <sequence>1057</sequence>
  <level>END</level>
  <class>com.kms.katalon.core.logging.XmlKeywordLogger</class>
  <method>endKeyword</method>
  <thread>1</thread>
  <message>End action : click(css(&amp;quot;#paypal&amp;quot;))</message>
  <nestedLevel>1</nestedLevel>
  <escapedJava>false</escapedJava>
</record>
<record>
  <date>2026-06-07T23:00:02.147058800Z</date>
  <millis>1780873202147</millis>
  <nanos>58800</nanos>
  <sequence>1058</sequence>
  <level>START</level>
  <class>com.kms.katalon.core.logging.XmlKeywordLogger</class>
  <method>startKeyword</method>
  <thread>1</thread>
  <message>Start action : t = new com.kms.katalon.core.testobject.TestObject(sel)</message>
  <nestedLevel>1</nestedLevel>
  <escapedJava>false</escapedJava>
  <property name="startLine">8</property>
  <property name="stepIndex">1</property>
</record>
<record>
  <date>2026-06-07T23:00:02.147058800Z</date>
  <millis>1780873202147</millis>
  <nanos>58800</nanos>
  <sequence>1059</sequence>
  <level>END</level>
  <class>com.kms.katalon.core.logging.XmlKeywordLogger</class>
  <method>endKeyword</method>
  <thread>1</thread>
  <message>End action : t = new com.kms.katalon.core.testobject.TestObject(sel)</message>
  <nestedLevel>1</nestedLevel>
  <escapedJava>false</escapedJava>
</record>
<record>
  <date>2026-06-07T23:00:02.147058800Z</date>
  <millis>1780873202147</millis>
  <nanos>58800</nanos>
  <sequence>1060</sequence>
  <level>START</level>
  <class>com.kms.katalon.core.logging.XmlKeywordLogger</class>
  <method>startKeyword</method>
  <thread>1</thread>
  <message>Start action : t.addProperty(&amp;quot;css&amp;quot;, EQUALS, sel)</message>
  <nestedLevel>1</nestedLevel>
  <escapedJava>false</escapedJava>
  <property name="startLine">9</property>
  <property name="stepIndex">2</property>
</record>
<record>
  <date>2026-06-07T23:00:02.147058800Z</date>
  <millis>1780873202147</millis>
  <nanos>58800</nanos>
  <sequence>1061</sequence>
  <level>END</level>
  <class>com.kms.katalon.core.logging.XmlKeywordLogger</class>
  <method>endKeyword</method>
  <thread>1</thread>
  <message>End action : t.addProperty(&amp;quot;css&amp;quot;, EQUALS, sel)</message>
  <nestedLevel>1</nestedLevel>
  <escapedJava>false</escapedJava>
</record>
<record>
  <date>2026-06-07T23:00:02.147058800Z</date>
  <millis>1780873202147</millis>
  <nanos>58800</nanos>
  <sequence>1062</sequence>
  <level>START</level>
  <class>com.kms.katalon.core.logging.XmlKeywordLogger</class>
  <method>startKeyword</method>
  <thread>1</thread>
  <message>Start action : return t</message>
  <nestedLevel>1</nestedLevel>
  <escapedJava>false</escapedJava>
  <property name="startLine">10</property>
  <property name="stepIndex">3</property>
</record>
<record>
  <date>2026-06-07T23:00:02.442691Z</date>
  <millis>1780873202442</millis>
  <nanos>691000</nanos>
  <sequence>1072</sequence>
  <level>PASSED</level>
  <class>com.kms.katalon.core.logging.XmlKeywordLogger</class>
  <method>logMessage</method>
  <thread>1</thread>
  <message>Object: &amp;apos;#paypal&amp;apos; is clicked on</message>
  <nestedLevel>1</nestedLevel>
  <escapedJava>false</escapedJava>
  <property name="testops-method-name">com.kms.katalon.core.webui.keyword.internal.WebUIKeywordMain.runKeywordUntilTimeout</property>
  <property name="testops-execution-stacktrace">com.kms.katalon.core.logging.KeywordLogger.logPassed(KeywordLogger.java:350)
com.kms.katalon.core.logging.KeywordLogger.logPassed(KeywordLogger.java:345)
com.kms.katalon.core.webui.keyword.builtin.ClickKeyword$_click_closure1.doCall(ClickKeyword.groovy:66)
java.base/jdk.internal.reflect.DirectMethodHandleAccessor.invoke(DirectMethodHandleAccessor.java:103)
jdk.proxy2/jdk.proxy2.$Proxy57.execute(Unknown Source)
com.kms.katalon.core.webui.model.SeleniumActionRetryController.performAction(SeleniumActionRetryController.java:96)
com.kms.katalon.core.webui.model.SeleniumActionRetryController.performAction(SeleniumActionRetryController.java:83)
com.kms.katalon.core.webui.keyword.internal.WebUIKeywordMain$_runKeywordUntilTimeout_closure1.doCall(WebUIKeywordMain.groovy:135)
com.kms.katalon.core.webui.keyword.internal.WebUIKeywordMain$_runKeywordUntilTimeout_closure1.call(WebUIKeywordMain.groovy)
com.kms.katalon.core.webui.keyword.internal.WebUIKeywordMain.runKeyword(WebUIKeywordMain.groovy:41)
com.kms.katalon.core.webui.keyword.internal.WebUIKeywordMain.runKeywordUntilTimeout(WebUIKeywordMain.groovy:133)
com.kms.katalon.core.webui.keyword.builtin.ClickKeyword.click(ClickKeyword.groovy:72)
com.kms.katalon.core.webui.keyword.builtin.ClickKeyword.execute(ClickKeyword.groovy:38)
com.kms.katalon.core.keyword.internal.KeywordExecutor.executeKeywordForPlatform(KeywordExecutor.groovy:103)
com.kms.katalon.core.webui.keyword.WebUiBuiltInKeywords.click(WebUiBuiltInKeywords.groovy:722)
Script178070060202.run(Script178070060202.groovy:26)
</property>
</record>
<record>
  <date>2026-06-07T23:00:02.442691Z</date>
  <millis>1780873202442</millis>
  <nanos>691000</nanos>
  <sequence>1073</sequence>
  <level>END</level>
  <class>com.kms.katalon.core.logging.XmlKeywordLogger</class>
  <method>endKeyword</method>
  <thread>1</thread>
  <message>End action : return t</message>
  <nestedLevel>1</nestedLevel>
  <escapedJava>false</escapedJava>
</record>
<record>
  <date>2026-06-07T23:00:02.442691Z</date>
  <millis>1780873202442</millis>
  <nanos>691000</nanos>
  <sequence>1074</sequence>
  <level>START</level>
  <class>com.kms.katalon.core.logging.XmlKeywordLogger</class>
  <method>startKeyword</method>
  <thread>1</thread>
  <message>Start action : valid = executeJavaScript(&amp;quot;return document.getElementById(&amp;apos;addressDropdown&amp;apos;).checkValidity()&amp;quot;, null)</message>
  <nestedLevel>1</nestedLevel>
  <escapedJava>false</escapedJava>
  <property name="startLine">28</property>
  <property name="stepIndex">13</property>
</record>
<record>
  <date>2026-06-07T23:00:02.449585100Z</date>
  <millis>1780873202449</millis>
  <nanos>585100</nanos>
  <sequence>1076</sequence>
  <level>PASSED</level>
  <class>com.kms.katalon.core.logging.XmlKeywordLogger</class>
  <method>logMessage</method>
  <thread>1</thread>
  <message>Execute JavaScript &amp;apos;return document.getElementById(&amp;apos;addressDropdown&amp;apos;).checkValidity()&amp;apos; successfully</message>
  <nestedLevel>1</nestedLevel>
  <escapedJava>false</escapedJava>
  <property name="testops-method-name">com.kms.katalon.core.webui.keyword.builtin.ExecuteJavaScriptKeyword.executeJavascript</property>
  <property name="testops-execution-stacktrace"></property>
</record>
<record>
  <date>2026-06-07T23:00:02.450097100Z</date>
  <millis>1780873202450</millis>
  <nanos>97100</nanos>
  <sequence>1077</sequence>
  <level>END</level>
  <class>com.kms.katalon.core.logging.XmlKeywordLogger</class>
  <method>endKeyword</method>
  <thread>1</thread>
  <message>End action : valid = executeJavaScript(&amp;quot;return document.getElementById(&amp;apos;addressDropdown&amp;apos;).checkValidity()&amp;quot;, null)</message>
  <nestedLevel>1</nestedLevel>
  <escapedJava>false</escapedJava>
</record>
<record>
  <date>2026-06-07T23:00:02.450097100Z</date>
  <millis>1780873202450</millis>
  <nanos>97100</nanos>
  <sequence>1078</sequence>
  <level>START</level>
  <class>com.kms.katalon.core.logging.XmlKeywordLogger</class>
  <method>startKeyword</method>
  <thread>1</thread>
  <message>Start action : verifyEqual(valid, false)</message>
  <nestedLevel>1</nestedLevel>
  <escapedJava>false</escapedJava>
  <property name="startLine">29</property>
  <property name="stepIndex">14</property>
</record>
<record>
  <date>2026-06-07T23:00:02.460134500Z</date>
  <millis>1780873202460</millis>
  <nanos>134500</nanos>
  <sequence>1081</sequence>
  <level>PASSED</level>
  <class>com.kms.katalon.core.logging.XmlKeywordLogger</class>
  <method>logMessage</method>
  <thread>1</thread>
  <message>Actual object &amp;apos;false&amp;apos; and expected object &amp;apos;false&amp;apos; are equal</message>
  <nestedLevel>1</nestedLevel>
  <escapedJava>false</escapedJava>
  <property name="testops-is-assertion">true</property>
  <property name="testops-method-name">com.kms.katalon.core.keyword.builtin.VerifyEqualKeyword.verifyEqual</property>
  <property name="testops-execution-stacktrace"></property>
</record>
<record>
  <date>2026-06-07T23:00:02.461133700Z</date>
  <millis>1780873202461</millis>
  <nanos>133700</nanos>
  <sequence>1082</sequence>
  <level>END</level>
  <class>com.kms.katalon.core.logging.XmlKeywordLogger</class>
  <method>endKeyword</method>
  <thread>1</thread>
  <message>End action : verifyEqual(valid, false)</message>
  <nestedLevel>1</nestedLevel>
  <escapedJava>false</escapedJava>
</record>
<record>
  <date>2026-06-07T23:00:02.461638300Z</date>
  <millis>1780873202461</millis>
  <nanos>638300</nanos>
  <sequence>1083</sequence>
  <level>START</level>
  <class>com.kms.katalon.core.logging.XmlKeywordLogger</class>
  <method>startKeyword</method>
  <thread>1</thread>
  <message>Start action : click(css(&amp;quot;form[action=&amp;apos;Ordine&amp;apos;] .checkout-btn&amp;quot;))</message>
  <nestedLevel>1</nestedLevel>
  <escapedJava>false</escapedJava>
  <property name="startLine">30</property>
  <property name="stepIndex">15</property>
</record>
<record>
  <date>2026-06-07T23:00:02.461638300Z</date>
  <millis>1780873202461</millis>
  <nanos>638300</nanos>
  <sequence>1084</sequence>
  <level>END</level>
  <class>com.kms.katalon.core.logging.XmlKeywordLogger</class>
  <method>endKeyword</method>
  <thread>1</thread>
  <message>End action : click(css(&amp;quot;form[action=&amp;apos;Ordine&amp;apos;] .checkout-btn&amp;quot;))</message>
  <nestedLevel>1</nestedLevel>
  <escapedJava>false</escapedJava>
</record>
<record>
  <date>2026-06-07T23:00:02.461638300Z</date>
  <millis>1780873202461</millis>
  <nanos>638300</nanos>
  <sequence>1085</sequence>
  <level>START</level>
  <class>com.kms.katalon.core.logging.XmlKeywordLogger</class>
  <method>startKeyword</method>
  <thread>1</thread>
  <message>Start action : t = new com.kms.katalon.core.testobject.TestObject(sel)</message>
  <nestedLevel>1</nestedLevel>
  <escapedJava>false</escapedJava>
  <property name="startLine">8</property>
  <property name="stepIndex">1</property>
</record>
<record>
  <date>2026-06-07T23:00:02.461638300Z</date>
  <millis>1780873202461</millis>
  <nanos>638300</nanos>
  <sequence>1086</sequence>
  <level>END</level>
  <class>com.kms.katalon.core.logging.XmlKeywordLogger</class>
  <method>endKeyword</method>
  <thread>1</thread>
  <message>End action : t = new com.kms.katalon.core.testobject.TestObject(sel)</message>
  <nestedLevel>1</nestedLevel>
  <escapedJava>false</escapedJava>
</record>
<record>
  <date>2026-06-07T23:00:02.462642900Z</date>
  <millis>1780873202462</millis>
  <nanos>642900</nanos>
  <sequence>1087</sequence>
  <level>START</level>
  <class>com.kms.katalon.core.logging.XmlKeywordLogger</class>
  <method>startKeyword</method>
  <thread>1</thread>
  <message>Start action : t.addProperty(&amp;quot;css&amp;quot;, EQUALS, sel)</message>
  <nestedLevel>1</nestedLevel>
  <escapedJava>false</escapedJava>
  <property name="startLine">9</property>
  <property name="stepIndex">2</property>
</record>
<record>
  <date>2026-06-07T23:00:02.462642900Z</date>
  <millis>1780873202462</millis>
  <nanos>642900</nanos>
  <sequence>1088</sequence>
  <level>END</level>
  <class>com.kms.katalon.core.logging.XmlKeywordLogger</class>
  <method>endKeyword</method>
  <thread>1</thread>
  <message>End action : t.addProperty(&amp;quot;css&amp;quot;, EQUALS, sel)</message>
  <nestedLevel>1</nestedLevel>
  <escapedJava>false</escapedJava>
</record>
<record>
  <date>2026-06-07T23:00:02.462642900Z</date>
  <millis>1780873202462</millis>
  <nanos>642900</nanos>
  <sequence>1089</sequence>
  <level>START</level>
  <class>com.kms.katalon.core.logging.XmlKeywordLogger</class>
  <method>startKeyword</method>
  <thread>1</thread>
  <message>Start action : return t</message>
  <nestedLevel>1</nestedLevel>
  <escapedJava>false</escapedJava>
  <property name="startLine">10</property>
  <property name="stepIndex">3</property>
</record>
<record>
  <date>2026-06-07T23:00:02.737344100Z</date>
  <millis>1780873202737</millis>
  <nanos>344100</nanos>
  <sequence>1099</sequence>
  <level>PASSED</level>
  <class>com.kms.katalon.core.logging.XmlKeywordLogger</class>
  <method>logMessage</method>
  <thread>1</thread>
  <message>Object: &amp;apos;form[action=&amp;apos;Ordine&amp;apos;] .checkout-btn&amp;apos; is clicked on</message>
  <nestedLevel>1</nestedLevel>
  <escapedJava>false</escapedJava>
  <property name="testops-method-name">com.kms.katalon.core.webui.keyword.internal.WebUIKeywordMain.runKeywordUntilTimeout</property>
  <property name="testops-execution-stacktrace">com.kms.katalon.core.logging.KeywordLogger.logPassed(KeywordLogger.java:350)
com.kms.katalon.core.logging.KeywordLogger.logPassed(KeywordLogger.java:345)
com.kms.katalon.core.webui.keyword.builtin.ClickKeyword$_click_closure1.doCall(ClickKeyword.groovy:66)
java.base/jdk.internal.reflect.DirectMethodHandleAccessor.invoke(DirectMethodHandleAccessor.java:103)
jdk.proxy2/jdk.proxy2.$Proxy57.execute(Unknown Source)
com.kms.katalon.core.webui.model.SeleniumActionRetryController.performAction(SeleniumActionRetryController.java:96)
com.kms.katalon.core.webui.model.SeleniumActionRetryController.performAction(SeleniumActionRetryController.java:83)
com.kms.katalon.core.webui.keyword.internal.WebUIKeywordMain$_runKeywordUntilTimeout_closure1.doCall(WebUIKeywordMain.groovy:135)
com.kms.katalon.core.webui.keyword.internal.WebUIKeywordMain$_runKeywordUntilTimeout_closure1.call(WebUIKeywordMain.groovy)
com.kms.katalon.core.webui.keyword.internal.WebUIKeywordMain.runKeyword(WebUIKeywordMain.groovy:41)
com.kms.katalon.core.webui.keyword.internal.WebUIKeywordMain.runKeywordUntilTimeout(WebUIKeywordMain.groovy:133)
com.kms.katalon.core.webui.keyword.builtin.ClickKeyword.click(ClickKeyword.groovy:72)
com.kms.katalon.core.webui.keyword.builtin.ClickKeyword.execute(ClickKeyword.groovy:38)
com.kms.katalon.core.keyword.internal.KeywordExecutor.executeKeywordForPlatform(KeywordExecutor.groovy:103)
com.kms.katalon.core.webui.keyword.WebUiBuiltInKeywords.click(WebUiBuiltInKeywords.groovy:722)
Script178070060202.run(Script178070060202.groovy:30)
</property>
</record>
<record>
  <date>2026-06-07T23:00:02.737344100Z</date>
  <millis>1780873202737</millis>
  <nanos>344100</nanos>
  <sequence>1100</sequence>
  <level>END</level>
  <class>com.kms.katalon.core.logging.XmlKeywordLogger</class>
  <method>endKeyword</method>
  <thread>1</thread>
  <message>End action : return t</message>
  <nestedLevel>1</nestedLevel>
  <escapedJava>false</escapedJava>
</record>
<record>
  <date>2026-06-07T23:00:02.738845900Z</date>
  <millis>1780873202738</millis>
  <nanos>845900</nanos>
  <sequence>1101</sequence>
  <level>START</level>
  <class>com.kms.katalon.core.logging.XmlKeywordLogger</class>
  <method>startKeyword</method>
  <thread>1</thread>
  <message>Start action : delay(1)</message>
  <nestedLevel>1</nestedLevel>
  <escapedJava>false</escapedJava>
  <property name="startLine">31</property>
  <property name="stepIndex">16</property>
</record>
<record>
  <date>2026-06-07T23:00:03.752146100Z</date>
  <millis>1780873203752</millis>
  <nanos>146100</nanos>
  <sequence>1104</sequence>
  <level>PASSED</level>
  <class>com.kms.katalon.core.logging.XmlKeywordLogger</class>
  <method>logMessage</method>
  <thread>1</thread>
  <message>Delayed 1 second(s)</message>
  <nestedLevel>1</nestedLevel>
  <escapedJava>false</escapedJava>
  <property name="testops-method-name">com.kms.katalon.core.keyword.builtin.DelayKeyword.delay</property>
  <property name="testops-execution-stacktrace"></property>
</record>
<record>
  <date>2026-06-07T23:00:03.752652500Z</date>
  <millis>1780873203752</millis>
  <nanos>652500</nanos>
  <sequence>1105</sequence>
  <level>END</level>
  <class>com.kms.katalon.core.logging.XmlKeywordLogger</class>
  <method>endKeyword</method>
  <thread>1</thread>
  <message>End action : delay(1)</message>
  <nestedLevel>1</nestedLevel>
  <escapedJava>false</escapedJava>
</record>
<record>
  <date>2026-06-07T23:00:03.752652500Z</date>
  <millis>1780873203752</millis>
  <nanos>652500</nanos>
  <sequence>1106</sequence>
  <level>START</level>
  <class>com.kms.katalon.core.logging.XmlKeywordLogger</class>
  <method>startKeyword</method>
  <thread>1</thread>
  <message>Start action : takeScreenshot()</message>
  <nestedLevel>1</nestedLevel>
  <escapedJava>false</escapedJava>
  <property name="startLine">32</property>
  <property name="stepIndex">17</property>
</record>
<record>
  <date>2026-06-07T23:00:04.041511800Z</date>
  <millis>1780873204041</millis>
  <nanos>511800</nanos>
  <sequence>1109</sequence>
  <level>PASSED</level>
  <class>com.kms.katalon.core.logging.XmlKeywordLogger</class>
  <method>logMessage</method>
  <thread>1</thread>
  <message>Taking screenshot successfully</message>
  <nestedLevel>1</nestedLevel>
  <escapedJava>false</escapedJava>
  <property name="attachment">1780873203753.png</property>
  <property name="testops-method-name">com.kms.katalon.core.webui.keyword.builtin.TakeScreenshotKeyword.takeScreenshot</property>
  <property name="testops-execution-stacktrace"></property>
</record>
<record>
  <date>2026-06-07T23:00:04.042542100Z</date>
  <millis>1780873204042</millis>
  <nanos>542100</nanos>
  <sequence>1110</sequence>
  <level>END</level>
  <class>com.kms.katalon.core.logging.XmlKeywordLogger</class>
  <method>endKeyword</method>
  <thread>1</thread>
  <message>End action : takeScreenshot()</message>
  <nestedLevel>1</nestedLevel>
  <escapedJava>false</escapedJava>
</record>
<record>
  <date>2026-06-07T23:00:04.042542100Z</date>
  <millis>1780873204042</millis>
  <nanos>542100</nanos>
  <sequence>1111</sequence>
  <level>START</level>
  <class>com.kms.katalon.core.logging.XmlKeywordLogger</class>
  <method>startKeyword</method>
  <thread>1</thread>
  <message>Start action : verifyElementPresent(css(&amp;quot;#addressDropdown&amp;quot;), 5)</message>
  <nestedLevel>1</nestedLevel>
  <escapedJava>false</escapedJava>
  <property name="startLine">34</property>
  <property name="stepIndex">18</property>
</record>
<record>
  <date>2026-06-07T23:00:04.042542100Z</date>
  <millis>1780873204042</millis>
  <nanos>542100</nanos>
  <sequence>1112</sequence>
  <level>END</level>
  <class>com.kms.katalon.core.logging.XmlKeywordLogger</class>
  <method>endKeyword</method>
  <thread>1</thread>
  <message>End action : verifyElementPresent(css(&amp;quot;#addressDropdown&amp;quot;), 5)</message>
  <nestedLevel>1</nestedLevel>
  <escapedJava>false</escapedJava>
</record>
<record>
  <date>2026-06-07T23:00:04.042542100Z</date>
  <millis>1780873204042</millis>
  <nanos>542100</nanos>
  <sequence>1113</sequence>
  <level>START</level>
  <class>com.kms.katalon.core.logging.XmlKeywordLogger</class>
  <method>startKeyword</method>
  <thread>1</thread>
  <message>Start action : t = new com.kms.katalon.core.testobject.TestObject(sel)</message>
  <nestedLevel>1</nestedLevel>
  <escapedJava>false</escapedJava>
  <property name="startLine">8</property>
  <property name="stepIndex">1</property>
</record>
<record>
  <date>2026-06-07T23:00:04.043127900Z</date>
  <millis>1780873204043</millis>
  <nanos>127900</nanos>
  <sequence>1114</sequence>
  <level>END</level>
  <class>com.kms.katalon.core.logging.XmlKeywordLogger</class>
  <method>endKeyword</method>
  <thread>1</thread>
  <message>End action : t = new com.kms.katalon.core.testobject.TestObject(sel)</message>
  <nestedLevel>1</nestedLevel>
  <escapedJava>false</escapedJava>
</record>
<record>
  <date>2026-06-07T23:00:04.043127900Z</date>
  <millis>1780873204043</millis>
  <nanos>127900</nanos>
  <sequence>1115</sequence>
  <level>START</level>
  <class>com.kms.katalon.core.logging.XmlKeywordLogger</class>
  <method>startKeyword</method>
  <thread>1</thread>
  <message>Start action : t.addProperty(&amp;quot;css&amp;quot;, EQUALS, sel)</message>
  <nestedLevel>1</nestedLevel>
  <escapedJava>false</escapedJava>
  <property name="startLine">9</property>
  <property name="stepIndex">2</property>
</record>
<record>
  <date>2026-06-07T23:00:04.043127900Z</date>
  <millis>1780873204043</millis>
  <nanos>127900</nanos>
  <sequence>1116</sequence>
  <level>END</level>
  <class>com.kms.katalon.core.logging.XmlKeywordLogger</class>
  <method>endKeyword</method>
  <thread>1</thread>
  <message>End action : t.addProperty(&amp;quot;css&amp;quot;, EQUALS, sel)</message>
  <nestedLevel>1</nestedLevel>
  <escapedJava>false</escapedJava>
</record>
<record>
  <date>2026-06-07T23:00:04.043127900Z</date>
  <millis>1780873204043</millis>
  <nanos>127900</nanos>
  <sequence>1117</sequence>
  <level>START</level>
  <class>com.kms.katalon.core.logging.XmlKeywordLogger</class>
  <method>startKeyword</method>
  <thread>1</thread>
  <message>Start action : return t</message>
  <nestedLevel>1</nestedLevel>
  <escapedJava>false</escapedJava>
  <property name="startLine">10</property>
  <property name="stepIndex">3</property>
</record>
<record>
  <date>2026-06-07T23:00:04.268793Z</date>
  <millis>1780873204268</millis>
  <nanos>793000</nanos>
  <sequence>1122</sequence>
  <level>PASSED</level>
  <class>com.kms.katalon.core.logging.XmlKeywordLogger</class>
  <method>logMessage</method>
  <thread>1</thread>
  <message>Object &amp;apos;#addressDropdown&amp;apos; is present</message>
  <nestedLevel>1</nestedLevel>
  <escapedJava>false</escapedJava>
  <property name="testops-is-assertion">true</property>
  <property name="testops-method-name">com.kms.katalon.core.webui.keyword.builtin.VerifyElementPresentKeyword.verifyElementPresent</property>
  <property name="testops-execution-stacktrace"></property>
</record>
<record>
  <date>2026-06-07T23:00:04.269790200Z</date>
  <millis>1780873204269</millis>
  <nanos>790200</nanos>
  <sequence>1123</sequence>
  <level>END</level>
  <class>com.kms.katalon.core.logging.XmlKeywordLogger</class>
  <method>endKeyword</method>
  <thread>1</thread>
  <message>End action : return t</message>
  <nestedLevel>1</nestedLevel>
  <escapedJava>false</escapedJava>
</record>
<record>
  <date>2026-06-07T23:00:04.269790200Z</date>
  <millis>1780873204269</millis>
  <nanos>790200</nanos>
  <sequence>1124</sequence>
  <level>START</level>
  <class>com.kms.katalon.core.logging.XmlKeywordLogger</class>
  <method>startKeyword</method>
  <thread>1</thread>
  <message>Start action : closeBrowser()</message>
  <nestedLevel>1</nestedLevel>
  <escapedJava>false</escapedJava>
  <property name="startLine">35</property>
  <property name="stepIndex">19</property>
</record>
<record>
  <date>2026-06-07T23:00:04.433599900Z</date>
  <millis>1780873204433</millis>
  <nanos>599900</nanos>
  <sequence>1127</sequence>
  <level>PASSED</level>
  <class>com.kms.katalon.core.logging.XmlKeywordLogger</class>
  <method>logMessage</method>
  <thread>1</thread>
  <message>Browser is closed</message>
  <nestedLevel>1</nestedLevel>
  <escapedJava>false</escapedJava>
  <property name="testops-method-name">com.kms.katalon.core.webui.keyword.builtin.CloseBrowserKeyword.closeBrowser</property>
  <property name="testops-execution-stacktrace"></property>
</record>
<record>
  <date>2026-06-07T23:00:04.433599900Z</date>
  <millis>1780873204433</millis>
  <nanos>599900</nanos>
  <sequence>1128</sequence>
  <level>END</level>
  <class>com.kms.katalon.core.logging.XmlKeywordLogger</class>
  <method>endKeyword</method>
  <thread>1</thread>
  <message>End action : closeBrowser()</message>
  <nestedLevel>1</nestedLevel>
  <escapedJava>false</escapedJava>
</record>
<record>
  <date>2026-06-07T23:00:04.434613Z</date>
  <millis>1780873204434</millis>
  <nanos>613000</nanos>
  <sequence>1129</sequence>
  <level>PASSED</level>
  <class>com.kms.katalon.core.logging.XmlKeywordLogger</class>
  <method>logMessage</method>
  <thread>1</thread>
  <message>Test Cases/Ordine/TC_6.2_2</message>
  <nestedLevel>1</nestedLevel>
  <escapedJava>false</escapedJava>
</record>
<record>
  <date>2026-06-07T23:00:04.434613Z</date>
  <millis>1780873204434</millis>
  <nanos>613000</nanos>
  <sequence>1130</sequence>
  <level>END</level>
  <class>com.kms.katalon.core.logging.XmlKeywordLogger</class>
  <method>endTest</method>
  <thread>1</thread>
  <message>End Test Case : Test Cases/Ordine/TC_6.2_2</message>
  <nestedLevel>0</nestedLevel>
  <escapedJava>false</escapedJava>
  <property name="executionBindingVariables">[]</property>
  <property name="applitools">false</property>
  <property name="executedKeywords">{
  &quot;WebUI.verifyElementPresent&quot;: 1,
  &quot;WebUI.closeBrowser&quot;: 1,
  &quot;BuiltIn.verifyEqual&quot;: 1,
  &quot;WebUI.click&quot;: 3,
  &quot;WebUI.executeJavaScript&quot;: 1,
  &quot;WebUI.takeScreenshot&quot;: 1,
  &quot;WebUI.navigateToUrl&quot;: 3,
  &quot;WebUI.selectOptionByValue&quot;: 1,
  &quot;WebUI.openBrowser&quot;: 1,
  &quot;BuiltIn.delay&quot;: 4,
  &quot;WebUI.setText&quot;: 2
}</property>
  <property name="keywordsUsage">{
  &quot;web_ui&quot;: true,
  &quot;web_service&quot;: false,
  &quot;cucumber&quot;: false,
  &quot;builtin&quot;: true,
  &quot;mobile&quot;: false,
  &quot;windows&quot;: false,
  &quot;testng&quot;: false
}</property>
</record>
<record>
  <date>2026-06-07T23:00:04.436604600Z</date>
  <millis>1780873204436</millis>
  <nanos>604600</nanos>
  <sequence>1131</sequence>
  <level>START</level>
  <class>com.kms.katalon.core.logging.XmlKeywordLogger</class>
  <method>startTest</method>
  <thread>1</thread>
  <message>Start Test Case : Test Cases/Ordine/TC_6.2_3</message>
  <nestedLevel>1</nestedLevel>
  <escapedJava>false</escapedJava>
  <property name="origin"></property>
  <property name="name">Test Cases/Ordine/TC_6.2_3</property>
  <property name="description">Rifiuto acquisto senza indirizzo di fatturazione (validazione client)</property>
  <property name="iteration"></property>
  <property name="id">Test Cases/Ordine/TC_6.2_3</property>
  <property name="source">C:\Users\gianf\Documents\Vaporant-IGES\StorageSession\testing\katalon\Vaporant-Baseline\Test Cases\Ordine\TC_6.2_3.tc</property>
  <property name="tag"></property>
  <property name="isOptional">false</property>
  <property name="uuid">a3ef928e-183d-49c2-aebd-b4eca8661701</property>
</record>
<record>
  <date>2026-06-07T23:00:04.443381900Z</date>
  <millis>1780873204443</millis>
  <nanos>381900</nanos>
  <sequence>1133</sequence>
  <level>RUN_DATA</level>
  <class>com.kms.katalon.core.logging.XmlKeywordLogger</class>
  <method>logMessage</method>
  <thread>1</thread>
  <message>executionBindingVariables = []</message>
  <nestedLevel>1</nestedLevel>
  <escapedJava>false</escapedJava>
  <property name="executionBindingVariables">[]</property>
</record>
<record>
  <date>2026-06-07T23:00:04.444380500Z</date>
  <millis>1780873204444</millis>
  <nanos>380500</nanos>
  <sequence>1134</sequence>
  <level>START</level>
  <class>com.kms.katalon.core.logging.XmlKeywordLogger</class>
  <method>startKeyword</method>
  <thread>1</thread>
  <message>Start listener action : resetSeedBeforeTestCase</message>
  <nestedLevel>1</nestedLevel>
  <escapedJava>false</escapedJava>
</record>
<record>
  <date>2026-06-07T23:00:04.444380500Z</date>
  <millis>1780873204444</millis>
  <nanos>380500</nanos>
  <sequence>1136</sequence>
  <level>START</level>
  <class>com.kms.katalon.core.logging.XmlKeywordLogger</class>
  <method>startKeyword</method>
  <thread>1</thread>
  <message>Start action : if (resetSeed == false)</message>
  <nestedLevel>1</nestedLevel>
  <escapedJava>false</escapedJava>
  <property name="startLine">26</property>
  <property name="stepIndex">1</property>
</record>
<record>
  <date>2026-06-07T23:00:04.444380500Z</date>
  <millis>1780873204444</millis>
  <nanos>380500</nanos>
  <sequence>1137</sequence>
  <level>END</level>
  <class>com.kms.katalon.core.logging.XmlKeywordLogger</class>
  <method>endKeyword</method>
  <thread>1</thread>
  <message>End action : if (resetSeed == false)</message>
  <nestedLevel>1</nestedLevel>
  <escapedJava>false</escapedJava>
</record>
<record>
  <date>2026-06-07T23:00:04.444380500Z</date>
  <millis>1780873204444</millis>
  <nanos>380500</nanos>
  <sequence>1138</sequence>
  <level>START</level>
  <class>com.kms.katalon.core.logging.XmlKeywordLogger</class>
  <method>startKeyword</method>
  <thread>1</thread>
  <message>Start action : projectDir = getProjectDir()</message>
  <nestedLevel>1</nestedLevel>
  <escapedJava>false</escapedJava>
  <property name="startLine">30</property>
  <property name="stepIndex">2</property>
</record>
<record>
  <date>2026-06-07T23:00:04.444380500Z</date>
  <millis>1780873204444</millis>
  <nanos>380500</nanos>
  <sequence>1139</sequence>
  <level>END</level>
  <class>com.kms.katalon.core.logging.XmlKeywordLogger</class>
  <method>endKeyword</method>
  <thread>1</thread>
  <message>End action : projectDir = getProjectDir()</message>
  <nestedLevel>1</nestedLevel>
  <escapedJava>false</escapedJava>
</record>
<record>
  <date>2026-06-07T23:00:04.444380500Z</date>
  <millis>1780873204444</millis>
  <nanos>380500</nanos>
  <sequence>1140</sequence>
  <level>START</level>
  <class>com.kms.katalon.core.logging.XmlKeywordLogger</class>
  <method>startKeyword</method>
  <thread>1</thread>
  <message>Start action : script = new java.io.File(projectDir, Data Files/reset-seed.sql)</message>
  <nestedLevel>1</nestedLevel>
  <escapedJava>false</escapedJava>
  <property name="startLine">31</property>
  <property name="stepIndex">3</property>
</record>
<record>
  <date>2026-06-07T23:00:04.444380500Z</date>
  <millis>1780873204444</millis>
  <nanos>380500</nanos>
  <sequence>1141</sequence>
  <level>END</level>
  <class>com.kms.katalon.core.logging.XmlKeywordLogger</class>
  <method>endKeyword</method>
  <thread>1</thread>
  <message>End action : script = new java.io.File(projectDir, Data Files/reset-seed.sql)</message>
  <nestedLevel>1</nestedLevel>
  <escapedJava>false</escapedJava>
</record>
<record>
  <date>2026-06-07T23:00:04.444380500Z</date>
  <millis>1780873204444</millis>
  <nanos>380500</nanos>
  <sequence>1142</sequence>
  <level>START</level>
  <class>com.kms.katalon.core.logging.XmlKeywordLogger</class>
  <method>startKeyword</method>
  <thread>1</thread>
  <message>Start action : if (!(script.exists()))</message>
  <nestedLevel>1</nestedLevel>
  <escapedJava>false</escapedJava>
  <property name="startLine">33</property>
  <property name="stepIndex">4</property>
</record>
<record>
  <date>2026-06-07T23:00:04.444380500Z</date>
  <millis>1780873204444</millis>
  <nanos>380500</nanos>
  <sequence>1143</sequence>
  <level>END</level>
  <class>com.kms.katalon.core.logging.XmlKeywordLogger</class>
  <method>endKeyword</method>
  <thread>1</thread>
  <message>End action : if (!(script.exists()))</message>
  <nestedLevel>1</nestedLevel>
  <escapedJava>false</escapedJava>
</record>
<record>
  <date>2026-06-07T23:00:04.444380500Z</date>
  <millis>1780873204444</millis>
  <nanos>380500</nanos>
  <sequence>1144</sequence>
  <level>START</level>
  <class>com.kms.katalon.core.logging.XmlKeywordLogger</class>
  <method>startKeyword</method>
  <thread>1</thread>
  <message>Start action : cmd = [mysqlExe, &amp;quot;--user=&amp;quot; + dbUser, &amp;quot;--password=&amp;quot; + dbPass, dbName]</message>
  <nestedLevel>1</nestedLevel>
  <escapedJava>false</escapedJava>
  <property name="startLine">39</property>
  <property name="stepIndex">5</property>
</record>
<record>
  <date>2026-06-07T23:00:04.444380500Z</date>
  <millis>1780873204444</millis>
  <nanos>380500</nanos>
  <sequence>1145</sequence>
  <level>END</level>
  <class>com.kms.katalon.core.logging.XmlKeywordLogger</class>
  <method>endKeyword</method>
  <thread>1</thread>
  <message>End action : cmd = [mysqlExe, &amp;quot;--user=&amp;quot; + dbUser, &amp;quot;--password=&amp;quot; + dbPass, dbName]</message>
  <nestedLevel>1</nestedLevel>
  <escapedJava>false</escapedJava>
</record>
<record>
  <date>2026-06-07T23:00:04.445372300Z</date>
  <millis>1780873204445</millis>
  <nanos>372300</nanos>
  <sequence>1146</sequence>
  <level>START</level>
  <class>com.kms.katalon.core.logging.XmlKeywordLogger</class>
  <method>startKeyword</method>
  <thread>1</thread>
  <message>Start action : log = new java.io.File(java.lang.System.getProperty(java.io.tmpdir), seedreset.log)</message>
  <nestedLevel>1</nestedLevel>
  <escapedJava>false</escapedJava>
  <property name="startLine">46</property>
  <property name="stepIndex">6</property>
</record>
<record>
  <date>2026-06-07T23:00:04.445372300Z</date>
  <millis>1780873204445</millis>
  <nanos>372300</nanos>
  <sequence>1147</sequence>
  <level>END</level>
  <class>com.kms.katalon.core.logging.XmlKeywordLogger</class>
  <method>endKeyword</method>
  <thread>1</thread>
  <message>End action : log = new java.io.File(java.lang.System.getProperty(java.io.tmpdir), seedreset.log)</message>
  <nestedLevel>1</nestedLevel>
  <escapedJava>false</escapedJava>
</record>
<record>
  <date>2026-06-07T23:00:04.445372300Z</date>
  <millis>1780873204445</millis>
  <nanos>372300</nanos>
  <sequence>1148</sequence>
  <level>START</level>
  <class>com.kms.katalon.core.logging.XmlKeywordLogger</class>
  <method>startKeyword</method>
  <thread>1</thread>
  <message>Start action : pb = new java.lang.ProcessBuilder(cmd)</message>
  <nestedLevel>1</nestedLevel>
  <escapedJava>false</escapedJava>
  <property name="startLine">48</property>
  <property name="stepIndex">7</property>
</record>
<record>
  <date>2026-06-07T23:00:04.445372300Z</date>
  <millis>1780873204445</millis>
  <nanos>372300</nanos>
  <sequence>1149</sequence>
  <level>END</level>
  <class>com.kms.katalon.core.logging.XmlKeywordLogger</class>
  <method>endKeyword</method>
  <thread>1</thread>
  <message>End action : pb = new java.lang.ProcessBuilder(cmd)</message>
  <nestedLevel>1</nestedLevel>
  <escapedJava>false</escapedJava>
</record>
<record>
  <date>2026-06-07T23:00:04.445372300Z</date>
  <millis>1780873204445</millis>
  <nanos>372300</nanos>
  <sequence>1150</sequence>
  <level>START</level>
  <class>com.kms.katalon.core.logging.XmlKeywordLogger</class>
  <method>startKeyword</method>
  <thread>1</thread>
  <message>Start action : pb.redirectInput(script)</message>
  <nestedLevel>1</nestedLevel>
  <escapedJava>false</escapedJava>
  <property name="startLine">49</property>
  <property name="stepIndex">8</property>
</record>
<record>
  <date>2026-06-07T23:00:04.445372300Z</date>
  <millis>1780873204445</millis>
  <nanos>372300</nanos>
  <sequence>1151</sequence>
  <level>END</level>
  <class>com.kms.katalon.core.logging.XmlKeywordLogger</class>
  <method>endKeyword</method>
  <thread>1</thread>
  <message>End action : pb.redirectInput(script)</message>
  <nestedLevel>1</nestedLevel>
  <escapedJava>false</escapedJava>
</record>
<record>
  <date>2026-06-07T23:00:04.445372300Z</date>
  <millis>1780873204445</millis>
  <nanos>372300</nanos>
  <sequence>1152</sequence>
  <level>START</level>
  <class>com.kms.katalon.core.logging.XmlKeywordLogger</class>
  <method>startKeyword</method>
  <thread>1</thread>
  <message>Start action : pb.redirectErrorStream(true)</message>
  <nestedLevel>1</nestedLevel>
  <escapedJava>false</escapedJava>
  <property name="startLine">50</property>
  <property name="stepIndex">9</property>
</record>
<record>
  <date>2026-06-07T23:00:04.445372300Z</date>
  <millis>1780873204445</millis>
  <nanos>372300</nanos>
  <sequence>1153</sequence>
  <level>END</level>
  <class>com.kms.katalon.core.logging.XmlKeywordLogger</class>
  <method>endKeyword</method>
  <thread>1</thread>
  <message>End action : pb.redirectErrorStream(true)</message>
  <nestedLevel>1</nestedLevel>
  <escapedJava>false</escapedJava>
</record>
<record>
  <date>2026-06-07T23:00:04.445372300Z</date>
  <millis>1780873204445</millis>
  <nanos>372300</nanos>
  <sequence>1154</sequence>
  <level>START</level>
  <class>com.kms.katalon.core.logging.XmlKeywordLogger</class>
  <method>startKeyword</method>
  <thread>1</thread>
  <message>Start action : pb.redirectOutput(log)</message>
  <nestedLevel>1</nestedLevel>
  <escapedJava>false</escapedJava>
  <property name="startLine">51</property>
  <property name="stepIndex">10</property>
</record>
<record>
  <date>2026-06-07T23:00:04.445372300Z</date>
  <millis>1780873204445</millis>
  <nanos>372300</nanos>
  <sequence>1155</sequence>
  <level>END</level>
  <class>com.kms.katalon.core.logging.XmlKeywordLogger</class>
  <method>endKeyword</method>
  <thread>1</thread>
  <message>End action : pb.redirectOutput(log)</message>
  <nestedLevel>1</nestedLevel>
  <escapedJava>false</escapedJava>
</record>
<record>
  <date>2026-06-07T23:00:04.445372300Z</date>
  <millis>1780873204445</millis>
  <nanos>372300</nanos>
  <sequence>1156</sequence>
  <level>START</level>
  <class>com.kms.katalon.core.logging.XmlKeywordLogger</class>
  <method>startKeyword</method>
  <thread>1</thread>
  <message>Start action : p = pb.start()</message>
  <nestedLevel>1</nestedLevel>
  <escapedJava>false</escapedJava>
  <property name="startLine">53</property>
  <property name="stepIndex">11</property>
</record>
<record>
  <date>2026-06-07T23:00:04.448371100Z</date>
  <millis>1780873204448</millis>
  <nanos>371100</nanos>
  <sequence>1157</sequence>
  <level>END</level>
  <class>com.kms.katalon.core.logging.XmlKeywordLogger</class>
  <method>endKeyword</method>
  <thread>1</thread>
  <message>End action : p = pb.start()</message>
  <nestedLevel>1</nestedLevel>
  <escapedJava>false</escapedJava>
</record>
<record>
  <date>2026-06-07T23:00:04.448371100Z</date>
  <millis>1780873204448</millis>
  <nanos>371100</nanos>
  <sequence>1158</sequence>
  <level>START</level>
  <class>com.kms.katalon.core.logging.XmlKeywordLogger</class>
  <method>startKeyword</method>
  <thread>1</thread>
  <message>Start action : finished = p.waitFor(20, SECONDS)</message>
  <nestedLevel>1</nestedLevel>
  <escapedJava>false</escapedJava>
  <property name="startLine">55</property>
  <property name="stepIndex">12</property>
</record>
<record>
  <date>2026-06-07T23:00:04.513982500Z</date>
  <millis>1780873204513</millis>
  <nanos>982500</nanos>
  <sequence>1159</sequence>
  <level>END</level>
  <class>com.kms.katalon.core.logging.XmlKeywordLogger</class>
  <method>endKeyword</method>
  <thread>1</thread>
  <message>End action : finished = p.waitFor(20, SECONDS)</message>
  <nestedLevel>1</nestedLevel>
  <escapedJava>false</escapedJava>
</record>
<record>
  <date>2026-06-07T23:00:04.513982500Z</date>
  <millis>1780873204513</millis>
  <nanos>982500</nanos>
  <sequence>1160</sequence>
  <level>START</level>
  <class>com.kms.katalon.core.logging.XmlKeywordLogger</class>
  <method>startKeyword</method>
  <thread>1</thread>
  <message>Start action : if (!(finished))</message>
  <nestedLevel>1</nestedLevel>
  <escapedJava>false</escapedJava>
  <property name="startLine">56</property>
  <property name="stepIndex">13</property>
</record>
<record>
  <date>2026-06-07T23:00:04.513982500Z</date>
  <millis>1780873204513</millis>
  <nanos>982500</nanos>
  <sequence>1161</sequence>
  <level>END</level>
  <class>com.kms.katalon.core.logging.XmlKeywordLogger</class>
  <method>endKeyword</method>
  <thread>1</thread>
  <message>End action : if (!(finished))</message>
  <nestedLevel>1</nestedLevel>
  <escapedJava>false</escapedJava>
</record>
<record>
  <date>2026-06-07T23:00:04.513982500Z</date>
  <millis>1780873204513</millis>
  <nanos>982500</nanos>
  <sequence>1162</sequence>
  <level>START</level>
  <class>com.kms.katalon.core.logging.XmlKeywordLogger</class>
  <method>startKeyword</method>
  <thread>1</thread>
  <message>Start action : code = p.exitValue()</message>
  <nestedLevel>1</nestedLevel>
  <escapedJava>false</escapedJava>
  <property name="startLine">62</property>
  <property name="stepIndex">14</property>
</record>
<record>
  <date>2026-06-07T23:00:04.513982500Z</date>
  <millis>1780873204513</millis>
  <nanos>982500</nanos>
  <sequence>1163</sequence>
  <level>END</level>
  <class>com.kms.katalon.core.logging.XmlKeywordLogger</class>
  <method>endKeyword</method>
  <thread>1</thread>
  <message>End action : code = p.exitValue()</message>
  <nestedLevel>1</nestedLevel>
  <escapedJava>false</escapedJava>
</record>
<record>
  <date>2026-06-07T23:00:04.513982500Z</date>
  <millis>1780873204513</millis>
  <nanos>982500</nanos>
  <sequence>1164</sequence>
  <level>START</level>
  <class>com.kms.katalon.core.logging.XmlKeywordLogger</class>
  <method>startKeyword</method>
  <thread>1</thread>
  <message>Start action : if (code != 0)</message>
  <nestedLevel>1</nestedLevel>
  <escapedJava>false</escapedJava>
  <property name="startLine">63</property>
  <property name="stepIndex">15</property>
</record>
<record>
  <date>2026-06-07T23:00:04.513982500Z</date>
  <millis>1780873204513</millis>
  <nanos>982500</nanos>
  <sequence>1165</sequence>
  <level>END</level>
  <class>com.kms.katalon.core.logging.XmlKeywordLogger</class>
  <method>endKeyword</method>
  <thread>1</thread>
  <message>End action : if (code != 0)</message>
  <nestedLevel>1</nestedLevel>
  <escapedJava>false</escapedJava>
</record>
<record>
  <date>2026-06-07T23:00:04.513982500Z</date>
  <millis>1780873204513</millis>
  <nanos>982500</nanos>
  <sequence>1166</sequence>
  <level>START</level>
  <class>com.kms.katalon.core.logging.XmlKeywordLogger</class>
  <method>startKeyword</method>
  <thread>1</thread>
  <message>Start action : else</message>
  <nestedLevel>1</nestedLevel>
  <escapedJava>false</escapedJava>
  <property name="startLine">67</property>
  <property name="stepIndex">16</property>
</record>
<record>
  <date>2026-06-07T23:00:04.513982500Z</date>
  <millis>1780873204513</millis>
  <nanos>982500</nanos>
  <sequence>1167</sequence>
  <level>START</level>
  <class>com.kms.katalon.core.logging.XmlKeywordLogger</class>
  <method>startKeyword</method>
  <thread>1</thread>
  <message>Start action : logInfo(&amp;quot;Seed ripristinato prima di: &amp;quot; + context.getTestCaseId())</message>
  <nestedLevel>2</nestedLevel>
  <escapedJava>false</escapedJava>
  <property name="startLine">68</property>
  <property name="stepIndex">1</property>
</record>
<record>
  <date>2026-06-07T23:00:04.513982500Z</date>
  <millis>1780873204513</millis>
  <nanos>982500</nanos>
  <sequence>1168</sequence>
  <level>INFO</level>
  <class>com.kms.katalon.core.logging.XmlKeywordLogger</class>
  <method>logMessage</method>
  <thread>1</thread>
  <message>Seed ripristinato prima di: Test Cases/Ordine/TC_6.2_3</message>
  <nestedLevel>1</nestedLevel>
  <escapedJava>false</escapedJava>
</record>
<record>
  <date>2026-06-07T23:00:04.513982500Z</date>
  <millis>1780873204513</millis>
  <nanos>982500</nanos>
  <sequence>1170</sequence>
  <level>END</level>
  <class>com.kms.katalon.core.logging.XmlKeywordLogger</class>
  <method>endKeyword</method>
  <thread>1</thread>
  <message>End action : logInfo(&amp;quot;Seed ripristinato prima di: &amp;quot; + context.getTestCaseId())</message>
  <nestedLevel>2</nestedLevel>
  <escapedJava>false</escapedJava>
</record>
<record>
  <date>2026-06-07T23:00:04.513982500Z</date>
  <millis>1780873204513</millis>
  <nanos>982500</nanos>
  <sequence>1171</sequence>
  <level>END</level>
  <class>com.kms.katalon.core.logging.XmlKeywordLogger</class>
  <method>endKeyword</method>
  <thread>1</thread>
  <message>End action : else</message>
  <nestedLevel>1</nestedLevel>
  <escapedJava>false</escapedJava>
</record>
<record>
  <date>2026-06-07T23:00:04.513982500Z</date>
  <millis>1780873204513</millis>
  <nanos>982500</nanos>
  <sequence>1172</sequence>
  <level>END</level>
  <class>com.kms.katalon.core.logging.XmlKeywordLogger</class>
  <method>endKeyword</method>
  <thread>1</thread>
  <message>End listener action : resetSeedBeforeTestCase</message>
  <nestedLevel>1</nestedLevel>
  <escapedJava>false</escapedJava>
</record>
<record>
  <date>2026-06-07T23:00:04.573599900Z</date>
  <millis>1780873204573</millis>
  <nanos>599900</nanos>
  <sequence>1173</sequence>
  <level>START</level>
  <class>com.kms.katalon.core.logging.XmlKeywordLogger</class>
  <method>startKeyword</method>
  <thread>1</thread>
  <message>Start action : openBrowser(&amp;quot;&amp;quot;)</message>
  <nestedLevel>1</nestedLevel>
  <escapedJava>false</escapedJava>
  <property name="startLine">14</property>
  <property name="stepIndex">1</property>
</record>
<record>
  <date>2026-06-07T23:00:04.574598400Z</date>
  <millis>1780873204574</millis>
  <nanos>598400</nanos>
  <sequence>1176</sequence>
  <level>INFO</level>
  <class>com.kms.katalon.core.logging.XmlKeywordLogger</class>
  <method>logMessage</method>
  <thread>1</thread>
  <message>Starting &amp;apos;Chrome&amp;apos; driver</message>
  <nestedLevel>1</nestedLevel>
  <escapedJava>false</escapedJava>
</record>
<record>
  <date>2026-06-07T23:00:04.576599200Z</date>
  <millis>1780873204576</millis>
  <nanos>599200</nanos>
  <sequence>1177</sequence>
  <level>INFO</level>
  <class>com.kms.katalon.core.logging.XmlKeywordLogger</class>
  <method>logMessage</method>
  <thread>1</thread>
  <message>Action delay is set to 0 milliseconds</message>
  <nestedLevel>1</nestedLevel>
  <escapedJava>false</escapedJava>
</record>
<record>
  <date>2026-06-07T23:00:05.315761Z</date>
  <millis>1780873205315</millis>
  <nanos>761000</nanos>
  <sequence>1179</sequence>
  <level>RUN_DATA</level>
  <class>com.kms.katalon.core.logging.XmlKeywordLogger</class>
  <method>logMessage</method>
  <thread>1</thread>
  <message>sessionId = 7bf7ad1a77a7e34b8f60fd5dd012e36a</message>
  <nestedLevel>1</nestedLevel>
  <escapedJava>false</escapedJava>
  <property name="sessionId">7bf7ad1a77a7e34b8f60fd5dd012e36a</property>
</record>
<record>
  <date>2026-06-07T23:00:05.315761Z</date>
  <millis>1780873205315</millis>
  <nanos>761000</nanos>
  <sequence>1180</sequence>
  <level>RUN_DATA</level>
  <class>com.kms.katalon.core.logging.XmlKeywordLogger</class>
  <method>logMessage</method>
  <thread>1</thread>
  <message>browser = Chrome 148.0.7778.179</message>
  <nestedLevel>1</nestedLevel>
  <escapedJava>false</escapedJava>
  <property name="browser">Chrome 148.0.7778.179</property>
</record>
<record>
  <date>2026-06-07T23:00:05.315761Z</date>
  <millis>1780873205315</millis>
  <nanos>761000</nanos>
  <sequence>1181</sequence>
  <level>RUN_DATA</level>
  <class>com.kms.katalon.core.logging.XmlKeywordLogger</class>
  <method>logMessage</method>
  <thread>1</thread>
  <message>platform = Windows 11</message>
  <nestedLevel>1</nestedLevel>
  <escapedJava>false</escapedJava>
  <property name="platform">Windows 11</property>
</record>
<record>
  <date>2026-06-07T23:00:05.315761Z</date>
  <millis>1780873205315</millis>
  <nanos>761000</nanos>
  <sequence>1182</sequence>
  <level>RUN_DATA</level>
  <class>com.kms.katalon.core.logging.XmlKeywordLogger</class>
  <method>logMessage</method>
  <thread>1</thread>
  <message>seleniumVersion = 4.39.0</message>
  <nestedLevel>1</nestedLevel>
  <escapedJava>false</escapedJava>
  <property name="seleniumVersion">4.39.0</property>
</record>
<record>
  <date>2026-06-07T23:00:05.316743300Z</date>
  <millis>1780873205316</millis>
  <nanos>743300</nanos>
  <sequence>1183</sequence>
  <level>RUN_DATA</level>
  <class>com.kms.katalon.core.logging.XmlKeywordLogger</class>
  <method>logMessage</method>
  <thread>1</thread>
  <message>proxyInformation = ProxyInformation { proxyOption=NO_PROXY, proxyServerType=HTTP, username=, password=********, proxyServerAddress=, proxyServerPort=0, executionList=&amp;quot;&amp;quot;, isApplyToDesiredCapabilities=true }</message>
  <nestedLevel>1</nestedLevel>
  <escapedJava>false</escapedJava>
  <property name="proxyInformation">ProxyInformation { proxyOption=NO_PROXY, proxyServerType=HTTP, username=, password=********, proxyServerAddress=, proxyServerPort=0, executionList=&quot;&quot;, isApplyToDesiredCapabilities=true }</property>
</record>
<record>
  <date>2026-06-07T23:00:05.325743200Z</date>
  <millis>1780873205325</millis>
  <nanos>743200</nanos>
  <sequence>1184</sequence>
  <level>PASSED</level>
  <class>com.kms.katalon.core.logging.XmlKeywordLogger</class>
  <method>logMessage</method>
  <thread>1</thread>
  <message>Browser is opened with url: &amp;apos;&amp;apos;</message>
  <nestedLevel>1</nestedLevel>
  <escapedJava>false</escapedJava>
  <property name="testops-method-name">com.kms.katalon.core.webui.keyword.builtin.OpenBrowserKeyword.openBrowser</property>
  <property name="testops-execution-stacktrace"></property>
</record>
<record>
  <date>2026-06-07T23:00:05.325743200Z</date>
  <millis>1780873205325</millis>
  <nanos>743200</nanos>
  <sequence>1185</sequence>
  <level>END</level>
  <class>com.kms.katalon.core.logging.XmlKeywordLogger</class>
  <method>endKeyword</method>
  <thread>1</thread>
  <message>End action : openBrowser(&amp;quot;&amp;quot;)</message>
  <nestedLevel>1</nestedLevel>
  <escapedJava>false</escapedJava>
</record>
<record>
  <date>2026-06-07T23:00:05.326834200Z</date>
  <millis>1780873205326</millis>
  <nanos>834200</nanos>
  <sequence>1186</sequence>
  <level>START</level>
  <class>com.kms.katalon.core.logging.XmlKeywordLogger</class>
  <method>startKeyword</method>
  <thread>1</thread>
  <message>Start action : navigateToUrl(base + &amp;quot;loginForm.jsp&amp;quot;)</message>
  <nestedLevel>1</nestedLevel>
  <escapedJava>false</escapedJava>
  <property name="startLine">15</property>
  <property name="stepIndex">2</property>
</record>
<record>
  <date>2026-06-07T23:00:05.756417300Z</date>
  <millis>1780873205756</millis>
  <nanos>417300</nanos>
  <sequence>1190</sequence>
  <level>PASSED</level>
  <class>com.kms.katalon.core.logging.XmlKeywordLogger</class>
  <method>logMessage</method>
  <thread>1</thread>
  <message>Navigate to &amp;apos;http://localhost:8080/Vaporant_IGES_war_exploded/loginForm.jsp&amp;apos; successfully</message>
  <nestedLevel>1</nestedLevel>
  <escapedJava>false</escapedJava>
  <property name="testops-method-name">com.kms.katalon.core.webui.keyword.builtin.NavigateToUrlKeyword.navigateToUrl</property>
  <property name="testops-execution-stacktrace"></property>
</record>
<record>
  <date>2026-06-07T23:00:05.757482100Z</date>
  <millis>1780873205757</millis>
  <nanos>482100</nanos>
  <sequence>1191</sequence>
  <level>END</level>
  <class>com.kms.katalon.core.logging.XmlKeywordLogger</class>
  <method>endKeyword</method>
  <thread>1</thread>
  <message>End action : navigateToUrl(base + &amp;quot;loginForm.jsp&amp;quot;)</message>
  <nestedLevel>1</nestedLevel>
  <escapedJava>false</escapedJava>
</record>
<record>
  <date>2026-06-07T23:00:05.757482100Z</date>
  <millis>1780873205757</millis>
  <nanos>482100</nanos>
  <sequence>1192</sequence>
  <level>START</level>
  <class>com.kms.katalon.core.logging.XmlKeywordLogger</class>
  <method>startKeyword</method>
  <thread>1</thread>
  <message>Start action : setText(css(&amp;quot;#email&amp;quot;), &amp;quot;t.mansi@studenti.unisa.it&amp;quot;)</message>
  <nestedLevel>1</nestedLevel>
  <escapedJava>false</escapedJava>
  <property name="startLine">16</property>
  <property name="stepIndex">3</property>
</record>
<record>
  <date>2026-06-07T23:00:05.758298800Z</date>
  <millis>1780873205758</millis>
  <nanos>298800</nanos>
  <sequence>1193</sequence>
  <level>END</level>
  <class>com.kms.katalon.core.logging.XmlKeywordLogger</class>
  <method>endKeyword</method>
  <thread>1</thread>
  <message>End action : setText(css(&amp;quot;#email&amp;quot;), &amp;quot;t.mansi@studenti.unisa.it&amp;quot;)</message>
  <nestedLevel>1</nestedLevel>
  <escapedJava>false</escapedJava>
</record>
<record>
  <date>2026-06-07T23:00:05.759299100Z</date>
  <millis>1780873205759</millis>
  <nanos>299100</nanos>
  <sequence>1194</sequence>
  <level>START</level>
  <class>com.kms.katalon.core.logging.XmlKeywordLogger</class>
  <method>startKeyword</method>
  <thread>1</thread>
  <message>Start action : t = new com.kms.katalon.core.testobject.TestObject(sel)</message>
  <nestedLevel>1</nestedLevel>
  <escapedJava>false</escapedJava>
  <property name="startLine">8</property>
  <property name="stepIndex">1</property>
</record>
<record>
  <date>2026-06-07T23:00:05.759299100Z</date>
  <millis>1780873205759</millis>
  <nanos>299100</nanos>
  <sequence>1195</sequence>
  <level>END</level>
  <class>com.kms.katalon.core.logging.XmlKeywordLogger</class>
  <method>endKeyword</method>
  <thread>1</thread>
  <message>End action : t = new com.kms.katalon.core.testobject.TestObject(sel)</message>
  <nestedLevel>1</nestedLevel>
  <escapedJava>false</escapedJava>
</record>
<record>
  <date>2026-06-07T23:00:05.759299100Z</date>
  <millis>1780873205759</millis>
  <nanos>299100</nanos>
  <sequence>1196</sequence>
  <level>START</level>
  <class>com.kms.katalon.core.logging.XmlKeywordLogger</class>
  <method>startKeyword</method>
  <thread>1</thread>
  <message>Start action : t.addProperty(&amp;quot;css&amp;quot;, EQUALS, sel)</message>
  <nestedLevel>1</nestedLevel>
  <escapedJava>false</escapedJava>
  <property name="startLine">9</property>
  <property name="stepIndex">2</property>
</record>
<record>
  <date>2026-06-07T23:00:05.759299100Z</date>
  <millis>1780873205759</millis>
  <nanos>299100</nanos>
  <sequence>1197</sequence>
  <level>END</level>
  <class>com.kms.katalon.core.logging.XmlKeywordLogger</class>
  <method>endKeyword</method>
  <thread>1</thread>
  <message>End action : t.addProperty(&amp;quot;css&amp;quot;, EQUALS, sel)</message>
  <nestedLevel>1</nestedLevel>
  <escapedJava>false</escapedJava>
</record>
<record>
  <date>2026-06-07T23:00:05.759299100Z</date>
  <millis>1780873205759</millis>
  <nanos>299100</nanos>
  <sequence>1198</sequence>
  <level>START</level>
  <class>com.kms.katalon.core.logging.XmlKeywordLogger</class>
  <method>startKeyword</method>
  <thread>1</thread>
  <message>Start action : return t</message>
  <nestedLevel>1</nestedLevel>
  <escapedJava>false</escapedJava>
  <property name="startLine">10</property>
  <property name="stepIndex">3</property>
</record>
<record>
  <date>2026-06-07T23:00:06.314187700Z</date>
  <millis>1780873206314</millis>
  <nanos>187700</nanos>
  <sequence>1211</sequence>
  <level>PASSED</level>
  <class>com.kms.katalon.core.logging.XmlKeywordLogger</class>
  <method>logMessage</method>
  <thread>1</thread>
  <message>Text &amp;apos;t.mansi@studenti.unisa.it&amp;apos; is set on object &amp;apos;#email&amp;apos;</message>
  <nestedLevel>1</nestedLevel>
  <escapedJava>false</escapedJava>
  <property name="testops-method-name">com.kms.katalon.core.webui.keyword.internal.WebUIKeywordMain.runKeywordUntilTimeout</property>
  <property name="testops-execution-stacktrace">com.kms.katalon.core.logging.KeywordLogger.logPassed(KeywordLogger.java:350)
com.kms.katalon.core.logging.KeywordLogger.logPassed(KeywordLogger.java:345)
com.kms.katalon.core.webui.keyword.builtin.SetTextKeyword$_setText_closure1.doCall(SetTextKeyword.groovy:99)
java.base/jdk.internal.reflect.DirectMethodHandleAccessor.invoke(DirectMethodHandleAccessor.java:103)
jdk.proxy2/jdk.proxy2.$Proxy57.execute(Unknown Source)
com.kms.katalon.core.webui.model.SeleniumActionRetryController.performAction(SeleniumActionRetryController.java:96)
com.kms.katalon.core.webui.model.SeleniumActionRetryController.performAction(SeleniumActionRetryController.java:83)
com.kms.katalon.core.webui.keyword.internal.WebUIKeywordMain$_runKeywordUntilTimeout_closure1.doCall(WebUIKeywordMain.groovy:135)
com.kms.katalon.core.webui.keyword.internal.WebUIKeywordMain$_runKeywordUntilTimeout_closure1.call(WebUIKeywordMain.groovy)
com.kms.katalon.core.webui.keyword.internal.WebUIKeywordMain.runKeyword(WebUIKeywordMain.groovy:41)
com.kms.katalon.core.webui.keyword.internal.WebUIKeywordMain.runKeywordUntilTimeout(WebUIKeywordMain.groovy:133)
com.kms.katalon.core.webui.keyword.builtin.SetTextKeyword.setText(SetTextKeyword.groovy:106)
com.kms.katalon.core.webui.keyword.builtin.SetTextKeyword.execute(SetTextKeyword.groovy:49)
com.kms.katalon.core.keyword.internal.KeywordExecutor.executeKeywordForPlatform(KeywordExecutor.groovy:103)
com.kms.katalon.core.webui.keyword.WebUiBuiltInKeywords.setText(WebUiBuiltInKeywords.groovy:1082)
Script178070060203.run(Script178070060203.groovy:16)
</property>
</record>
<record>
  <date>2026-06-07T23:00:06.315154Z</date>
  <millis>1780873206315</millis>
  <nanos>154000</nanos>
  <sequence>1212</sequence>
  <level>END</level>
  <class>com.kms.katalon.core.logging.XmlKeywordLogger</class>
  <method>endKeyword</method>
  <thread>1</thread>
  <message>End action : return t</message>
  <nestedLevel>1</nestedLevel>
  <escapedJava>false</escapedJava>
</record>
<record>
  <date>2026-06-07T23:00:06.315154Z</date>
  <millis>1780873206315</millis>
  <nanos>154000</nanos>
  <sequence>1213</sequence>
  <level>START</level>
  <class>com.kms.katalon.core.logging.XmlKeywordLogger</class>
  <method>startKeyword</method>
  <thread>1</thread>
  <message>Start action : setText(css(&amp;quot;#password&amp;quot;), &amp;quot;321CBA.&amp;quot;)</message>
  <nestedLevel>1</nestedLevel>
  <escapedJava>false</escapedJava>
  <property name="startLine">17</property>
  <property name="stepIndex">4</property>
</record>
<record>
  <date>2026-06-07T23:00:06.316223200Z</date>
  <millis>1780873206316</millis>
  <nanos>223200</nanos>
  <sequence>1214</sequence>
  <level>END</level>
  <class>com.kms.katalon.core.logging.XmlKeywordLogger</class>
  <method>endKeyword</method>
  <thread>1</thread>
  <message>End action : setText(css(&amp;quot;#password&amp;quot;), &amp;quot;321CBA.&amp;quot;)</message>
  <nestedLevel>1</nestedLevel>
  <escapedJava>false</escapedJava>
</record>
<record>
  <date>2026-06-07T23:00:06.316223200Z</date>
  <millis>1780873206316</millis>
  <nanos>223200</nanos>
  <sequence>1215</sequence>
  <level>START</level>
  <class>com.kms.katalon.core.logging.XmlKeywordLogger</class>
  <method>startKeyword</method>
  <thread>1</thread>
  <message>Start action : t = new com.kms.katalon.core.testobject.TestObject(sel)</message>
  <nestedLevel>1</nestedLevel>
  <escapedJava>false</escapedJava>
  <property name="startLine">8</property>
  <property name="stepIndex">1</property>
</record>
<record>
  <date>2026-06-07T23:00:06.316223200Z</date>
  <millis>1780873206316</millis>
  <nanos>223200</nanos>
  <sequence>1216</sequence>
  <level>END</level>
  <class>com.kms.katalon.core.logging.XmlKeywordLogger</class>
  <method>endKeyword</method>
  <thread>1</thread>
  <message>End action : t = new com.kms.katalon.core.testobject.TestObject(sel)</message>
  <nestedLevel>1</nestedLevel>
  <escapedJava>false</escapedJava>
</record>
<record>
  <date>2026-06-07T23:00:06.316223200Z</date>
  <millis>1780873206316</millis>
  <nanos>223200</nanos>
  <sequence>1217</sequence>
  <level>START</level>
  <class>com.kms.katalon.core.logging.XmlKeywordLogger</class>
  <method>startKeyword</method>
  <thread>1</thread>
  <message>Start action : t.addProperty(&amp;quot;css&amp;quot;, EQUALS, sel)</message>
  <nestedLevel>1</nestedLevel>
  <escapedJava>false</escapedJava>
  <property name="startLine">9</property>
  <property name="stepIndex">2</property>
</record>
<record>
  <date>2026-06-07T23:00:06.316223200Z</date>
  <millis>1780873206316</millis>
  <nanos>223200</nanos>
  <sequence>1218</sequence>
  <level>END</level>
  <class>com.kms.katalon.core.logging.XmlKeywordLogger</class>
  <method>endKeyword</method>
  <thread>1</thread>
  <message>End action : t.addProperty(&amp;quot;css&amp;quot;, EQUALS, sel)</message>
  <nestedLevel>1</nestedLevel>
  <escapedJava>false</escapedJava>
</record>
<record>
  <date>2026-06-07T23:00:06.316223200Z</date>
  <millis>1780873206316</millis>
  <nanos>223200</nanos>
  <sequence>1219</sequence>
  <level>START</level>
  <class>com.kms.katalon.core.logging.XmlKeywordLogger</class>
  <method>startKeyword</method>
  <thread>1</thread>
  <message>Start action : return t</message>
  <nestedLevel>1</nestedLevel>
  <escapedJava>false</escapedJava>
  <property name="startLine">10</property>
  <property name="stepIndex">3</property>
</record>
<record>
  <date>2026-06-07T23:00:06.855543900Z</date>
  <millis>1780873206855</millis>
  <nanos>543900</nanos>
  <sequence>1232</sequence>
  <level>PASSED</level>
  <class>com.kms.katalon.core.logging.XmlKeywordLogger</class>
  <method>logMessage</method>
  <thread>1</thread>
  <message>Text &amp;apos;321CBA.&amp;apos; is set on object &amp;apos;#password&amp;apos;</message>
  <nestedLevel>1</nestedLevel>
  <escapedJava>false</escapedJava>
  <property name="testops-method-name">com.kms.katalon.core.webui.keyword.internal.WebUIKeywordMain.runKeywordUntilTimeout</property>
  <property name="testops-execution-stacktrace">com.kms.katalon.core.logging.KeywordLogger.logPassed(KeywordLogger.java:350)
com.kms.katalon.core.logging.KeywordLogger.logPassed(KeywordLogger.java:345)
com.kms.katalon.core.webui.keyword.builtin.SetTextKeyword$_setText_closure1.doCall(SetTextKeyword.groovy:99)
java.base/jdk.internal.reflect.DirectMethodHandleAccessor.invoke(DirectMethodHandleAccessor.java:103)
jdk.proxy2/jdk.proxy2.$Proxy57.execute(Unknown Source)
com.kms.katalon.core.webui.model.SeleniumActionRetryController.performAction(SeleniumActionRetryController.java:96)
com.kms.katalon.core.webui.model.SeleniumActionRetryController.performAction(SeleniumActionRetryController.java:83)
com.kms.katalon.core.webui.keyword.internal.WebUIKeywordMain$_runKeywordUntilTimeout_closure1.doCall(WebUIKeywordMain.groovy:135)
com.kms.katalon.core.webui.keyword.internal.WebUIKeywordMain$_runKeywordUntilTimeout_closure1.call(WebUIKeywordMain.groovy)
com.kms.katalon.core.webui.keyword.internal.WebUIKeywordMain.runKeyword(WebUIKeywordMain.groovy:41)
com.kms.katalon.core.webui.keyword.internal.WebUIKeywordMain.runKeywordUntilTimeout(WebUIKeywordMain.groovy:133)
com.kms.katalon.core.webui.keyword.builtin.SetTextKeyword.setText(SetTextKeyword.groovy:106)
com.kms.katalon.core.webui.keyword.builtin.SetTextKeyword.execute(SetTextKeyword.groovy:49)
com.kms.katalon.core.keyword.internal.KeywordExecutor.executeKeywordForPlatform(KeywordExecutor.groovy:103)
com.kms.katalon.core.webui.keyword.WebUiBuiltInKeywords.setText(WebUiBuiltInKeywords.groovy:1082)
Script178070060203.run(Script178070060203.groovy:17)
</property>
</record>
<record>
  <date>2026-06-07T23:00:06.856545Z</date>
  <millis>1780873206856</millis>
  <nanos>545000</nanos>
  <sequence>1233</sequence>
  <level>END</level>
  <class>com.kms.katalon.core.logging.XmlKeywordLogger</class>
  <method>endKeyword</method>
  <thread>1</thread>
  <message>End action : return t</message>
  <nestedLevel>1</nestedLevel>
  <escapedJava>false</escapedJava>
</record>
<record>
  <date>2026-06-07T23:00:06.856545Z</date>
  <millis>1780873206856</millis>
  <nanos>545000</nanos>
  <sequence>1234</sequence>
  <level>START</level>
  <class>com.kms.katalon.core.logging.XmlKeywordLogger</class>
  <method>startKeyword</method>
  <thread>1</thread>
  <message>Start action : click(css(&amp;quot;#submit&amp;quot;))</message>
  <nestedLevel>1</nestedLevel>
  <escapedJava>false</escapedJava>
  <property name="startLine">18</property>
  <property name="stepIndex">5</property>
</record>
<record>
  <date>2026-06-07T23:00:06.856545Z</date>
  <millis>1780873206856</millis>
  <nanos>545000</nanos>
  <sequence>1235</sequence>
  <level>END</level>
  <class>com.kms.katalon.core.logging.XmlKeywordLogger</class>
  <method>endKeyword</method>
  <thread>1</thread>
  <message>End action : click(css(&amp;quot;#submit&amp;quot;))</message>
  <nestedLevel>1</nestedLevel>
  <escapedJava>false</escapedJava>
</record>
<record>
  <date>2026-06-07T23:00:06.857544300Z</date>
  <millis>1780873206857</millis>
  <nanos>544300</nanos>
  <sequence>1236</sequence>
  <level>START</level>
  <class>com.kms.katalon.core.logging.XmlKeywordLogger</class>
  <method>startKeyword</method>
  <thread>1</thread>
  <message>Start action : t = new com.kms.katalon.core.testobject.TestObject(sel)</message>
  <nestedLevel>1</nestedLevel>
  <escapedJava>false</escapedJava>
  <property name="startLine">8</property>
  <property name="stepIndex">1</property>
</record>
<record>
  <date>2026-06-07T23:00:06.857544300Z</date>
  <millis>1780873206857</millis>
  <nanos>544300</nanos>
  <sequence>1237</sequence>
  <level>END</level>
  <class>com.kms.katalon.core.logging.XmlKeywordLogger</class>
  <method>endKeyword</method>
  <thread>1</thread>
  <message>End action : t = new com.kms.katalon.core.testobject.TestObject(sel)</message>
  <nestedLevel>1</nestedLevel>
  <escapedJava>false</escapedJava>
</record>
<record>
  <date>2026-06-07T23:00:06.857544300Z</date>
  <millis>1780873206857</millis>
  <nanos>544300</nanos>
  <sequence>1238</sequence>
  <level>START</level>
  <class>com.kms.katalon.core.logging.XmlKeywordLogger</class>
  <method>startKeyword</method>
  <thread>1</thread>
  <message>Start action : t.addProperty(&amp;quot;css&amp;quot;, EQUALS, sel)</message>
  <nestedLevel>1</nestedLevel>
  <escapedJava>false</escapedJava>
  <property name="startLine">9</property>
  <property name="stepIndex">2</property>
</record>
<record>
  <date>2026-06-07T23:00:06.857544300Z</date>
  <millis>1780873206857</millis>
  <nanos>544300</nanos>
  <sequence>1239</sequence>
  <level>END</level>
  <class>com.kms.katalon.core.logging.XmlKeywordLogger</class>
  <method>endKeyword</method>
  <thread>1</thread>
  <message>End action : t.addProperty(&amp;quot;css&amp;quot;, EQUALS, sel)</message>
  <nestedLevel>1</nestedLevel>
  <escapedJava>false</escapedJava>
</record>
<record>
  <date>2026-06-07T23:00:06.857544300Z</date>
  <millis>1780873206857</millis>
  <nanos>544300</nanos>
  <sequence>1240</sequence>
  <level>START</level>
  <class>com.kms.katalon.core.logging.XmlKeywordLogger</class>
  <method>startKeyword</method>
  <thread>1</thread>
  <message>Start action : return t</message>
  <nestedLevel>1</nestedLevel>
  <escapedJava>false</escapedJava>
  <property name="startLine">10</property>
  <property name="stepIndex">3</property>
</record>
<record>
  <date>2026-06-07T23:00:07.167302600Z</date>
  <millis>1780873207167</millis>
  <nanos>302600</nanos>
  <sequence>1250</sequence>
  <level>PASSED</level>
  <class>com.kms.katalon.core.logging.XmlKeywordLogger</class>
  <method>logMessage</method>
  <thread>1</thread>
  <message>Object: &amp;apos;#submit&amp;apos; is clicked on</message>
  <nestedLevel>1</nestedLevel>
  <escapedJava>false</escapedJava>
  <property name="testops-method-name">com.kms.katalon.core.webui.keyword.internal.WebUIKeywordMain.runKeywordUntilTimeout</property>
  <property name="testops-execution-stacktrace">com.kms.katalon.core.logging.KeywordLogger.logPassed(KeywordLogger.java:350)
com.kms.katalon.core.logging.KeywordLogger.logPassed(KeywordLogger.java:345)
com.kms.katalon.core.webui.keyword.builtin.ClickKeyword$_click_closure1.doCall(ClickKeyword.groovy:66)
java.base/jdk.internal.reflect.DirectMethodHandleAccessor.invoke(DirectMethodHandleAccessor.java:103)
jdk.proxy2/jdk.proxy2.$Proxy57.execute(Unknown Source)
com.kms.katalon.core.webui.model.SeleniumActionRetryController.performAction(SeleniumActionRetryController.java:96)
com.kms.katalon.core.webui.model.SeleniumActionRetryController.performAction(SeleniumActionRetryController.java:83)
com.kms.katalon.core.webui.keyword.internal.WebUIKeywordMain$_runKeywordUntilTimeout_closure1.doCall(WebUIKeywordMain.groovy:135)
com.kms.katalon.core.webui.keyword.internal.WebUIKeywordMain$_runKeywordUntilTimeout_closure1.call(WebUIKeywordMain.groovy)
com.kms.katalon.core.webui.keyword.internal.WebUIKeywordMain.runKeyword(WebUIKeywordMain.groovy:41)
com.kms.katalon.core.webui.keyword.internal.WebUIKeywordMain.runKeywordUntilTimeout(WebUIKeywordMain.groovy:133)
com.kms.katalon.core.webui.keyword.builtin.ClickKeyword.click(ClickKeyword.groovy:72)
com.kms.katalon.core.webui.keyword.builtin.ClickKeyword.execute(ClickKeyword.groovy:38)
com.kms.katalon.core.keyword.internal.KeywordExecutor.executeKeywordForPlatform(KeywordExecutor.groovy:103)
com.kms.katalon.core.webui.keyword.WebUiBuiltInKeywords.click(WebUiBuiltInKeywords.groovy:722)
Script178070060203.run(Script178070060203.groovy:18)
</property>
</record>
<record>
  <date>2026-06-07T23:00:07.168302800Z</date>
  <millis>1780873207168</millis>
  <nanos>302800</nanos>
  <sequence>1251</sequence>
  <level>END</level>
  <class>com.kms.katalon.core.logging.XmlKeywordLogger</class>
  <method>endKeyword</method>
  <thread>1</thread>
  <message>End action : return t</message>
  <nestedLevel>1</nestedLevel>
  <escapedJava>false</escapedJava>
</record>
<record>
  <date>2026-06-07T23:00:07.168302800Z</date>
  <millis>1780873207168</millis>
  <nanos>302800</nanos>
  <sequence>1252</sequence>
  <level>START</level>
  <class>com.kms.katalon.core.logging.XmlKeywordLogger</class>
  <method>startKeyword</method>
  <thread>1</thread>
  <message>Start action : delay(2)</message>
  <nestedLevel>1</nestedLevel>
  <escapedJava>false</escapedJava>
  <property name="startLine">19</property>
  <property name="stepIndex">6</property>
</record>
<record>
  <date>2026-06-07T23:00:09.184276300Z</date>
  <millis>1780873209184</millis>
  <nanos>276300</nanos>
  <sequence>1255</sequence>
  <level>PASSED</level>
  <class>com.kms.katalon.core.logging.XmlKeywordLogger</class>
  <method>logMessage</method>
  <thread>1</thread>
  <message>Delayed 2 second(s)</message>
  <nestedLevel>1</nestedLevel>
  <escapedJava>false</escapedJava>
  <property name="testops-method-name">com.kms.katalon.core.keyword.builtin.DelayKeyword.delay</property>
  <property name="testops-execution-stacktrace"></property>
</record>
<record>
  <date>2026-06-07T23:00:09.185802700Z</date>
  <millis>1780873209185</millis>
  <nanos>802700</nanos>
  <sequence>1256</sequence>
  <level>END</level>
  <class>com.kms.katalon.core.logging.XmlKeywordLogger</class>
  <method>endKeyword</method>
  <thread>1</thread>
  <message>End action : delay(2)</message>
  <nestedLevel>1</nestedLevel>
  <escapedJava>false</escapedJava>
</record>
<record>
  <date>2026-06-07T23:00:09.185802700Z</date>
  <millis>1780873209185</millis>
  <nanos>802700</nanos>
  <sequence>1257</sequence>
  <level>START</level>
  <class>com.kms.katalon.core.logging.XmlKeywordLogger</class>
  <method>startKeyword</method>
  <thread>1</thread>
  <message>Start action : navigateToUrl(base + &amp;quot;cart?action=addC&amp;amp;id=2&amp;quot;)</message>
  <nestedLevel>1</nestedLevel>
  <escapedJava>false</escapedJava>
  <property name="startLine">20</property>
  <property name="stepIndex">7</property>
</record>
<record>
  <date>2026-06-07T23:00:09.312410900Z</date>
  <millis>1780873209312</millis>
  <nanos>410900</nanos>
  <sequence>1261</sequence>
  <level>PASSED</level>
  <class>com.kms.katalon.core.logging.XmlKeywordLogger</class>
  <method>logMessage</method>
  <thread>1</thread>
  <message>Navigate to &amp;apos;http://localhost:8080/Vaporant_IGES_war_exploded/cart?action=addC&amp;amp;id=2&amp;apos; successfully</message>
  <nestedLevel>1</nestedLevel>
  <escapedJava>false</escapedJava>
  <property name="testops-method-name">com.kms.katalon.core.webui.keyword.builtin.NavigateToUrlKeyword.navigateToUrl</property>
  <property name="testops-execution-stacktrace"></property>
</record>
<record>
  <date>2026-06-07T23:00:09.312410900Z</date>
  <millis>1780873209312</millis>
  <nanos>410900</nanos>
  <sequence>1262</sequence>
  <level>END</level>
  <class>com.kms.katalon.core.logging.XmlKeywordLogger</class>
  <method>endKeyword</method>
  <thread>1</thread>
  <message>End action : navigateToUrl(base + &amp;quot;cart?action=addC&amp;amp;id=2&amp;quot;)</message>
  <nestedLevel>1</nestedLevel>
  <escapedJava>false</escapedJava>
</record>
<record>
  <date>2026-06-07T23:00:09.312410900Z</date>
  <millis>1780873209312</millis>
  <nanos>410900</nanos>
  <sequence>1263</sequence>
  <level>START</level>
  <class>com.kms.katalon.core.logging.XmlKeywordLogger</class>
  <method>startKeyword</method>
  <thread>1</thread>
  <message>Start action : delay(1)</message>
  <nestedLevel>1</nestedLevel>
  <escapedJava>false</escapedJava>
  <property name="startLine">21</property>
  <property name="stepIndex">8</property>
</record>
<record>
  <date>2026-06-07T23:00:10.319688600Z</date>
  <millis>1780873210319</millis>
  <nanos>688600</nanos>
  <sequence>1266</sequence>
  <level>PASSED</level>
  <class>com.kms.katalon.core.logging.XmlKeywordLogger</class>
  <method>logMessage</method>
  <thread>1</thread>
  <message>Delayed 1 second(s)</message>
  <nestedLevel>1</nestedLevel>
  <escapedJava>false</escapedJava>
  <property name="testops-method-name">com.kms.katalon.core.keyword.builtin.DelayKeyword.delay</property>
  <property name="testops-execution-stacktrace"></property>
</record>
<record>
  <date>2026-06-07T23:00:10.319688600Z</date>
  <millis>1780873210319</millis>
  <nanos>688600</nanos>
  <sequence>1267</sequence>
  <level>END</level>
  <class>com.kms.katalon.core.logging.XmlKeywordLogger</class>
  <method>endKeyword</method>
  <thread>1</thread>
  <message>End action : delay(1)</message>
  <nestedLevel>1</nestedLevel>
  <escapedJava>false</escapedJava>
</record>
<record>
  <date>2026-06-07T23:00:10.319688600Z</date>
  <millis>1780873210319</millis>
  <nanos>688600</nanos>
  <sequence>1268</sequence>
  <level>START</level>
  <class>com.kms.katalon.core.logging.XmlKeywordLogger</class>
  <method>startKeyword</method>
  <thread>1</thread>
  <message>Start action : navigateToUrl(base + &amp;quot;checkout.jsp&amp;quot;)</message>
  <nestedLevel>1</nestedLevel>
  <escapedJava>false</escapedJava>
  <property name="startLine">22</property>
  <property name="stepIndex">9</property>
</record>
<record>
  <date>2026-06-07T23:00:10.357412500Z</date>
  <millis>1780873210357</millis>
  <nanos>412500</nanos>
  <sequence>1272</sequence>
  <level>PASSED</level>
  <class>com.kms.katalon.core.logging.XmlKeywordLogger</class>
  <method>logMessage</method>
  <thread>1</thread>
  <message>Navigate to &amp;apos;http://localhost:8080/Vaporant_IGES_war_exploded/checkout.jsp&amp;apos; successfully</message>
  <nestedLevel>1</nestedLevel>
  <escapedJava>false</escapedJava>
  <property name="testops-method-name">com.kms.katalon.core.webui.keyword.builtin.NavigateToUrlKeyword.navigateToUrl</property>
  <property name="testops-execution-stacktrace"></property>
</record>
<record>
  <date>2026-06-07T23:00:10.358411200Z</date>
  <millis>1780873210358</millis>
  <nanos>411200</nanos>
  <sequence>1273</sequence>
  <level>END</level>
  <class>com.kms.katalon.core.logging.XmlKeywordLogger</class>
  <method>endKeyword</method>
  <thread>1</thread>
  <message>End action : navigateToUrl(base + &amp;quot;checkout.jsp&amp;quot;)</message>
  <nestedLevel>1</nestedLevel>
  <escapedJava>false</escapedJava>
</record>
<record>
  <date>2026-06-07T23:00:10.358411200Z</date>
  <millis>1780873210358</millis>
  <nanos>411200</nanos>
  <sequence>1274</sequence>
  <level>START</level>
  <class>com.kms.katalon.core.logging.XmlKeywordLogger</class>
  <method>startKeyword</method>
  <thread>1</thread>
  <message>Start action : delay(2)</message>
  <nestedLevel>1</nestedLevel>
  <escapedJava>false</escapedJava>
  <property name="startLine">23</property>
  <property name="stepIndex">10</property>
</record>
<record>
  <date>2026-06-07T23:00:12.361451Z</date>
  <millis>1780873212361</millis>
  <nanos>451000</nanos>
  <sequence>1277</sequence>
  <level>PASSED</level>
  <class>com.kms.katalon.core.logging.XmlKeywordLogger</class>
  <method>logMessage</method>
  <thread>1</thread>
  <message>Delayed 2 second(s)</message>
  <nestedLevel>1</nestedLevel>
  <escapedJava>false</escapedJava>
  <property name="testops-method-name">com.kms.katalon.core.keyword.builtin.DelayKeyword.delay</property>
  <property name="testops-execution-stacktrace"></property>
</record>
<record>
  <date>2026-06-07T23:00:12.362460300Z</date>
  <millis>1780873212362</millis>
  <nanos>460300</nanos>
  <sequence>1278</sequence>
  <level>END</level>
  <class>com.kms.katalon.core.logging.XmlKeywordLogger</class>
  <method>endKeyword</method>
  <thread>1</thread>
  <message>End action : delay(2)</message>
  <nestedLevel>1</nestedLevel>
  <escapedJava>false</escapedJava>
</record>
<record>
  <date>2026-06-07T23:00:12.362460300Z</date>
  <millis>1780873212362</millis>
  <nanos>460300</nanos>
  <sequence>1279</sequence>
  <level>START</level>
  <class>com.kms.katalon.core.logging.XmlKeywordLogger</class>
  <method>startKeyword</method>
  <thread>1</thread>
  <message>Start action : selectOptionByValue(css(&amp;quot;#addressDropdown&amp;quot;), &amp;quot;4&amp;quot;, false)</message>
  <nestedLevel>1</nestedLevel>
  <escapedJava>false</escapedJava>
  <property name="startLine">25</property>
  <property name="stepIndex">11</property>
</record>
<record>
  <date>2026-06-07T23:00:12.362460300Z</date>
  <millis>1780873212362</millis>
  <nanos>460300</nanos>
  <sequence>1280</sequence>
  <level>END</level>
  <class>com.kms.katalon.core.logging.XmlKeywordLogger</class>
  <method>endKeyword</method>
  <thread>1</thread>
  <message>End action : selectOptionByValue(css(&amp;quot;#addressDropdown&amp;quot;), &amp;quot;4&amp;quot;, false)</message>
  <nestedLevel>1</nestedLevel>
  <escapedJava>false</escapedJava>
</record>
<record>
  <date>2026-06-07T23:00:12.362460300Z</date>
  <millis>1780873212362</millis>
  <nanos>460300</nanos>
  <sequence>1281</sequence>
  <level>START</level>
  <class>com.kms.katalon.core.logging.XmlKeywordLogger</class>
  <method>startKeyword</method>
  <thread>1</thread>
  <message>Start action : t = new com.kms.katalon.core.testobject.TestObject(sel)</message>
  <nestedLevel>1</nestedLevel>
  <escapedJava>false</escapedJava>
  <property name="startLine">8</property>
  <property name="stepIndex">1</property>
</record>
<record>
  <date>2026-06-07T23:00:12.363591Z</date>
  <millis>1780873212363</millis>
  <nanos>591000</nanos>
  <sequence>1282</sequence>
  <level>END</level>
  <class>com.kms.katalon.core.logging.XmlKeywordLogger</class>
  <method>endKeyword</method>
  <thread>1</thread>
  <message>End action : t = new com.kms.katalon.core.testobject.TestObject(sel)</message>
  <nestedLevel>1</nestedLevel>
  <escapedJava>false</escapedJava>
</record>
<record>
  <date>2026-06-07T23:00:12.363591Z</date>
  <millis>1780873212363</millis>
  <nanos>591000</nanos>
  <sequence>1283</sequence>
  <level>START</level>
  <class>com.kms.katalon.core.logging.XmlKeywordLogger</class>
  <method>startKeyword</method>
  <thread>1</thread>
  <message>Start action : t.addProperty(&amp;quot;css&amp;quot;, EQUALS, sel)</message>
  <nestedLevel>1</nestedLevel>
  <escapedJava>false</escapedJava>
  <property name="startLine">9</property>
  <property name="stepIndex">2</property>
</record>
<record>
  <date>2026-06-07T23:00:12.363591Z</date>
  <millis>1780873212363</millis>
  <nanos>591000</nanos>
  <sequence>1284</sequence>
  <level>END</level>
  <class>com.kms.katalon.core.logging.XmlKeywordLogger</class>
  <method>endKeyword</method>
  <thread>1</thread>
  <message>End action : t.addProperty(&amp;quot;css&amp;quot;, EQUALS, sel)</message>
  <nestedLevel>1</nestedLevel>
  <escapedJava>false</escapedJava>
</record>
<record>
  <date>2026-06-07T23:00:12.363591Z</date>
  <millis>1780873212363</millis>
  <nanos>591000</nanos>
  <sequence>1285</sequence>
  <level>START</level>
  <class>com.kms.katalon.core.logging.XmlKeywordLogger</class>
  <method>startKeyword</method>
  <thread>1</thread>
  <message>Start action : return t</message>
  <nestedLevel>1</nestedLevel>
  <escapedJava>false</escapedJava>
  <property name="startLine">10</property>
  <property name="stepIndex">3</property>
</record>
<record>
  <date>2026-06-07T23:00:12.890481400Z</date>
  <millis>1780873212890</millis>
  <nanos>481400</nanos>
  <sequence>1296</sequence>
  <level>PASSED</level>
  <class>com.kms.katalon.core.logging.XmlKeywordLogger</class>
  <method>logMessage</method>
  <thread>1</thread>
  <message>All options with value &amp;apos;4&amp;apos; are selected in object &amp;apos;#addressDropdown&amp;apos; </message>
  <nestedLevel>1</nestedLevel>
  <escapedJava>false</escapedJava>
  <property name="testops-method-name">com.kms.katalon.core.webui.keyword.internal.WebUIKeywordMain.runKeywordUntilTimeout</property>
  <property name="testops-execution-stacktrace">com.kms.katalon.core.logging.KeywordLogger.logPassed(KeywordLogger.java:350)
com.kms.katalon.core.logging.KeywordLogger.logPassed(KeywordLogger.java:345)
com.kms.katalon.core.webui.keyword.builtin.SelectOptionByValueKeyword$_selectOptionByValue_closure1.doCall(SelectOptionByValueKeyword.groovy:70)
java.base/jdk.internal.reflect.DirectMethodHandleAccessor.invoke(DirectMethodHandleAccessor.java:103)
jdk.proxy2/jdk.proxy2.$Proxy57.execute(Unknown Source)
com.kms.katalon.core.webui.model.SeleniumActionRetryController.performAction(SeleniumActionRetryController.java:96)
com.kms.katalon.core.webui.model.SeleniumActionRetryController.performAction(SeleniumActionRetryController.java:83)
com.kms.katalon.core.webui.keyword.internal.WebUIKeywordMain$_runKeywordUntilTimeout_closure1.doCall(WebUIKeywordMain.groovy:135)
com.kms.katalon.core.webui.keyword.internal.WebUIKeywordMain$_runKeywordUntilTimeout_closure1.call(WebUIKeywordMain.groovy)
com.kms.katalon.core.webui.keyword.internal.WebUIKeywordMain.runKeyword(WebUIKeywordMain.groovy:41)
com.kms.katalon.core.webui.keyword.internal.WebUIKeywordMain.runKeywordUntilTimeout(WebUIKeywordMain.groovy:133)
com.kms.katalon.core.webui.keyword.builtin.SelectOptionByValueKeyword.selectOptionByValue(SelectOptionByValueKeyword.groovy:79)
com.kms.katalon.core.webui.keyword.builtin.SelectOptionByValueKeyword.execute(SelectOptionByValueKeyword.groovy:44)
com.kms.katalon.core.keyword.internal.KeywordExecutor.executeKeywordForPlatform(KeywordExecutor.groovy:103)
com.kms.katalon.core.webui.keyword.WebUiBuiltInKeywords.selectOptionByValue(WebUiBuiltInKeywords.groovy:1270)
Script178070060203.run(Script178070060203.groovy:25)
</property>
</record>
<record>
  <date>2026-06-07T23:00:12.891480900Z</date>
  <millis>1780873212891</millis>
  <nanos>480900</nanos>
  <sequence>1297</sequence>
  <level>END</level>
  <class>com.kms.katalon.core.logging.XmlKeywordLogger</class>
  <method>endKeyword</method>
  <thread>1</thread>
  <message>End action : return t</message>
  <nestedLevel>1</nestedLevel>
  <escapedJava>false</escapedJava>
</record>
<record>
  <date>2026-06-07T23:00:12.891480900Z</date>
  <millis>1780873212891</millis>
  <nanos>480900</nanos>
  <sequence>1298</sequence>
  <level>START</level>
  <class>com.kms.katalon.core.logging.XmlKeywordLogger</class>
  <method>startKeyword</method>
  <thread>1</thread>
  <message>Start action : click(css(&amp;quot;#paypal&amp;quot;))</message>
  <nestedLevel>1</nestedLevel>
  <escapedJava>false</escapedJava>
  <property name="startLine">26</property>
  <property name="stepIndex">12</property>
</record>
<record>
  <date>2026-06-07T23:00:12.891480900Z</date>
  <millis>1780873212891</millis>
  <nanos>480900</nanos>
  <sequence>1299</sequence>
  <level>END</level>
  <class>com.kms.katalon.core.logging.XmlKeywordLogger</class>
  <method>endKeyword</method>
  <thread>1</thread>
  <message>End action : click(css(&amp;quot;#paypal&amp;quot;))</message>
  <nestedLevel>1</nestedLevel>
  <escapedJava>false</escapedJava>
</record>
<record>
  <date>2026-06-07T23:00:12.891480900Z</date>
  <millis>1780873212891</millis>
  <nanos>480900</nanos>
  <sequence>1300</sequence>
  <level>START</level>
  <class>com.kms.katalon.core.logging.XmlKeywordLogger</class>
  <method>startKeyword</method>
  <thread>1</thread>
  <message>Start action : t = new com.kms.katalon.core.testobject.TestObject(sel)</message>
  <nestedLevel>1</nestedLevel>
  <escapedJava>false</escapedJava>
  <property name="startLine">8</property>
  <property name="stepIndex">1</property>
</record>
<record>
  <date>2026-06-07T23:00:12.891480900Z</date>
  <millis>1780873212891</millis>
  <nanos>480900</nanos>
  <sequence>1301</sequence>
  <level>END</level>
  <class>com.kms.katalon.core.logging.XmlKeywordLogger</class>
  <method>endKeyword</method>
  <thread>1</thread>
  <message>End action : t = new com.kms.katalon.core.testobject.TestObject(sel)</message>
  <nestedLevel>1</nestedLevel>
  <escapedJava>false</escapedJava>
</record>
<record>
  <date>2026-06-07T23:00:12.891480900Z</date>
  <millis>1780873212891</millis>
  <nanos>480900</nanos>
  <sequence>1302</sequence>
  <level>START</level>
  <class>com.kms.katalon.core.logging.XmlKeywordLogger</class>
  <method>startKeyword</method>
  <thread>1</thread>
  <message>Start action : t.addProperty(&amp;quot;css&amp;quot;, EQUALS, sel)</message>
  <nestedLevel>1</nestedLevel>
  <escapedJava>false</escapedJava>
  <property name="startLine">9</property>
  <property name="stepIndex">2</property>
</record>
<record>
  <date>2026-06-07T23:00:12.891480900Z</date>
  <millis>1780873212891</millis>
  <nanos>480900</nanos>
  <sequence>1303</sequence>
  <level>END</level>
  <class>com.kms.katalon.core.logging.XmlKeywordLogger</class>
  <method>endKeyword</method>
  <thread>1</thread>
  <message>End action : t.addProperty(&amp;quot;css&amp;quot;, EQUALS, sel)</message>
  <nestedLevel>1</nestedLevel>
  <escapedJava>false</escapedJava>
</record>
<record>
  <date>2026-06-07T23:00:12.891480900Z</date>
  <millis>1780873212891</millis>
  <nanos>480900</nanos>
  <sequence>1304</sequence>
  <level>START</level>
  <class>com.kms.katalon.core.logging.XmlKeywordLogger</class>
  <method>startKeyword</method>
  <thread>1</thread>
  <message>Start action : return t</message>
  <nestedLevel>1</nestedLevel>
  <escapedJava>false</escapedJava>
  <property name="startLine">10</property>
  <property name="stepIndex">3</property>
</record>
<record>
  <date>2026-06-07T23:00:13.164674600Z</date>
  <millis>1780873213164</millis>
  <nanos>674600</nanos>
  <sequence>1314</sequence>
  <level>PASSED</level>
  <class>com.kms.katalon.core.logging.XmlKeywordLogger</class>
  <method>logMessage</method>
  <thread>1</thread>
  <message>Object: &amp;apos;#paypal&amp;apos; is clicked on</message>
  <nestedLevel>1</nestedLevel>
  <escapedJava>false</escapedJava>
  <property name="testops-method-name">com.kms.katalon.core.webui.keyword.internal.WebUIKeywordMain.runKeywordUntilTimeout</property>
  <property name="testops-execution-stacktrace">com.kms.katalon.core.logging.KeywordLogger.logPassed(KeywordLogger.java:350)
com.kms.katalon.core.logging.KeywordLogger.logPassed(KeywordLogger.java:345)
com.kms.katalon.core.webui.keyword.builtin.ClickKeyword$_click_closure1.doCall(ClickKeyword.groovy:66)
java.base/jdk.internal.reflect.DirectMethodHandleAccessor.invoke(DirectMethodHandleAccessor.java:103)
jdk.proxy2/jdk.proxy2.$Proxy57.execute(Unknown Source)
com.kms.katalon.core.webui.model.SeleniumActionRetryController.performAction(SeleniumActionRetryController.java:96)
com.kms.katalon.core.webui.model.SeleniumActionRetryController.performAction(SeleniumActionRetryController.java:83)
com.kms.katalon.core.webui.keyword.internal.WebUIKeywordMain$_runKeywordUntilTimeout_closure1.doCall(WebUIKeywordMain.groovy:135)
com.kms.katalon.core.webui.keyword.internal.WebUIKeywordMain$_runKeywordUntilTimeout_closure1.call(WebUIKeywordMain.groovy)
com.kms.katalon.core.webui.keyword.internal.WebUIKeywordMain.runKeyword(WebUIKeywordMain.groovy:41)
com.kms.katalon.core.webui.keyword.internal.WebUIKeywordMain.runKeywordUntilTimeout(WebUIKeywordMain.groovy:133)
com.kms.katalon.core.webui.keyword.builtin.ClickKeyword.click(ClickKeyword.groovy:72)
com.kms.katalon.core.webui.keyword.builtin.ClickKeyword.execute(ClickKeyword.groovy:38)
com.kms.katalon.core.keyword.internal.KeywordExecutor.executeKeywordForPlatform(KeywordExecutor.groovy:103)
com.kms.katalon.core.webui.keyword.WebUiBuiltInKeywords.click(WebUiBuiltInKeywords.groovy:722)
Script178070060203.run(Script178070060203.groovy:26)
</property>
</record>
<record>
  <date>2026-06-07T23:00:13.164674600Z</date>
  <millis>1780873213164</millis>
  <nanos>674600</nanos>
  <sequence>1315</sequence>
  <level>END</level>
  <class>com.kms.katalon.core.logging.XmlKeywordLogger</class>
  <method>endKeyword</method>
  <thread>1</thread>
  <message>End action : return t</message>
  <nestedLevel>1</nestedLevel>
  <escapedJava>false</escapedJava>
</record>
<record>
  <date>2026-06-07T23:00:13.164674600Z</date>
  <millis>1780873213164</millis>
  <nanos>674600</nanos>
  <sequence>1316</sequence>
  <level>START</level>
  <class>com.kms.katalon.core.logging.XmlKeywordLogger</class>
  <method>startKeyword</method>
  <thread>1</thread>
  <message>Start action : valid = executeJavaScript(&amp;quot;return document.getElementById(&amp;apos;addressDropdown2&amp;apos;).checkValidity()&amp;quot;, null)</message>
  <nestedLevel>1</nestedLevel>
  <escapedJava>false</escapedJava>
  <property name="startLine">28</property>
  <property name="stepIndex">13</property>
</record>
<record>
  <date>2026-06-07T23:00:13.168726200Z</date>
  <millis>1780873213168</millis>
  <nanos>726200</nanos>
  <sequence>1318</sequence>
  <level>PASSED</level>
  <class>com.kms.katalon.core.logging.XmlKeywordLogger</class>
  <method>logMessage</method>
  <thread>1</thread>
  <message>Execute JavaScript &amp;apos;return document.getElementById(&amp;apos;addressDropdown2&amp;apos;).checkValidity()&amp;apos; successfully</message>
  <nestedLevel>1</nestedLevel>
  <escapedJava>false</escapedJava>
  <property name="testops-method-name">com.kms.katalon.core.webui.keyword.builtin.ExecuteJavaScriptKeyword.executeJavascript</property>
  <property name="testops-execution-stacktrace"></property>
</record>
<record>
  <date>2026-06-07T23:00:13.168726200Z</date>
  <millis>1780873213168</millis>
  <nanos>726200</nanos>
  <sequence>1319</sequence>
  <level>END</level>
  <class>com.kms.katalon.core.logging.XmlKeywordLogger</class>
  <method>endKeyword</method>
  <thread>1</thread>
  <message>End action : valid = executeJavaScript(&amp;quot;return document.getElementById(&amp;apos;addressDropdown2&amp;apos;).checkValidity()&amp;quot;, null)</message>
  <nestedLevel>1</nestedLevel>
  <escapedJava>false</escapedJava>
</record>
<record>
  <date>2026-06-07T23:00:13.168726200Z</date>
  <millis>1780873213168</millis>
  <nanos>726200</nanos>
  <sequence>1320</sequence>
  <level>START</level>
  <class>com.kms.katalon.core.logging.XmlKeywordLogger</class>
  <method>startKeyword</method>
  <thread>1</thread>
  <message>Start action : verifyEqual(valid, false)</message>
  <nestedLevel>1</nestedLevel>
  <escapedJava>false</escapedJava>
  <property name="startLine">29</property>
  <property name="stepIndex">14</property>
</record>
<record>
  <date>2026-06-07T23:00:13.168726200Z</date>
  <millis>1780873213168</millis>
  <nanos>726200</nanos>
  <sequence>1323</sequence>
  <level>PASSED</level>
  <class>com.kms.katalon.core.logging.XmlKeywordLogger</class>
  <method>logMessage</method>
  <thread>1</thread>
  <message>Actual object &amp;apos;false&amp;apos; and expected object &amp;apos;false&amp;apos; are equal</message>
  <nestedLevel>1</nestedLevel>
  <escapedJava>false</escapedJava>
  <property name="testops-is-assertion">true</property>
  <property name="testops-method-name">com.kms.katalon.core.keyword.builtin.VerifyEqualKeyword.verifyEqual</property>
  <property name="testops-execution-stacktrace"></property>
</record>
<record>
  <date>2026-06-07T23:00:13.170273800Z</date>
  <millis>1780873213170</millis>
  <nanos>273800</nanos>
  <sequence>1324</sequence>
  <level>END</level>
  <class>com.kms.katalon.core.logging.XmlKeywordLogger</class>
  <method>endKeyword</method>
  <thread>1</thread>
  <message>End action : verifyEqual(valid, false)</message>
  <nestedLevel>1</nestedLevel>
  <escapedJava>false</escapedJava>
</record>
<record>
  <date>2026-06-07T23:00:13.170273800Z</date>
  <millis>1780873213170</millis>
  <nanos>273800</nanos>
  <sequence>1325</sequence>
  <level>START</level>
  <class>com.kms.katalon.core.logging.XmlKeywordLogger</class>
  <method>startKeyword</method>
  <thread>1</thread>
  <message>Start action : click(css(&amp;quot;form[action=&amp;apos;Ordine&amp;apos;] .checkout-btn&amp;quot;))</message>
  <nestedLevel>1</nestedLevel>
  <escapedJava>false</escapedJava>
  <property name="startLine">30</property>
  <property name="stepIndex">15</property>
</record>
<record>
  <date>2026-06-07T23:00:13.170273800Z</date>
  <millis>1780873213170</millis>
  <nanos>273800</nanos>
  <sequence>1326</sequence>
  <level>END</level>
  <class>com.kms.katalon.core.logging.XmlKeywordLogger</class>
  <method>endKeyword</method>
  <thread>1</thread>
  <message>End action : click(css(&amp;quot;form[action=&amp;apos;Ordine&amp;apos;] .checkout-btn&amp;quot;))</message>
  <nestedLevel>1</nestedLevel>
  <escapedJava>false</escapedJava>
</record>
<record>
  <date>2026-06-07T23:00:13.170273800Z</date>
  <millis>1780873213170</millis>
  <nanos>273800</nanos>
  <sequence>1327</sequence>
  <level>START</level>
  <class>com.kms.katalon.core.logging.XmlKeywordLogger</class>
  <method>startKeyword</method>
  <thread>1</thread>
  <message>Start action : t = new com.kms.katalon.core.testobject.TestObject(sel)</message>
  <nestedLevel>1</nestedLevel>
  <escapedJava>false</escapedJava>
  <property name="startLine">8</property>
  <property name="stepIndex">1</property>
</record>
<record>
  <date>2026-06-07T23:00:13.170273800Z</date>
  <millis>1780873213170</millis>
  <nanos>273800</nanos>
  <sequence>1328</sequence>
  <level>END</level>
  <class>com.kms.katalon.core.logging.XmlKeywordLogger</class>
  <method>endKeyword</method>
  <thread>1</thread>
  <message>End action : t = new com.kms.katalon.core.testobject.TestObject(sel)</message>
  <nestedLevel>1</nestedLevel>
  <escapedJava>false</escapedJava>
</record>
<record>
  <date>2026-06-07T23:00:13.170273800Z</date>
  <millis>1780873213170</millis>
  <nanos>273800</nanos>
  <sequence>1329</sequence>
  <level>START</level>
  <class>com.kms.katalon.core.logging.XmlKeywordLogger</class>
  <method>startKeyword</method>
  <thread>1</thread>
  <message>Start action : t.addProperty(&amp;quot;css&amp;quot;, EQUALS, sel)</message>
  <nestedLevel>1</nestedLevel>
  <escapedJava>false</escapedJava>
  <property name="startLine">9</property>
  <property name="stepIndex">2</property>
</record>
<record>
  <date>2026-06-07T23:00:13.170273800Z</date>
  <millis>1780873213170</millis>
  <nanos>273800</nanos>
  <sequence>1330</sequence>
  <level>END</level>
  <class>com.kms.katalon.core.logging.XmlKeywordLogger</class>
  <method>endKeyword</method>
  <thread>1</thread>
  <message>End action : t.addProperty(&amp;quot;css&amp;quot;, EQUALS, sel)</message>
  <nestedLevel>1</nestedLevel>
  <escapedJava>false</escapedJava>
</record>
<record>
  <date>2026-06-07T23:00:13.170273800Z</date>
  <millis>1780873213170</millis>
  <nanos>273800</nanos>
  <sequence>1331</sequence>
  <level>START</level>
  <class>com.kms.katalon.core.logging.XmlKeywordLogger</class>
  <method>startKeyword</method>
  <thread>1</thread>
  <message>Start action : return t</message>
  <nestedLevel>1</nestedLevel>
  <escapedJava>false</escapedJava>
  <property name="startLine">10</property>
  <property name="stepIndex">3</property>
</record>
<record>
  <date>2026-06-07T23:00:13.445904100Z</date>
  <millis>1780873213445</millis>
  <nanos>904100</nanos>
  <sequence>1341</sequence>
  <level>PASSED</level>
  <class>com.kms.katalon.core.logging.XmlKeywordLogger</class>
  <method>logMessage</method>
  <thread>1</thread>
  <message>Object: &amp;apos;form[action=&amp;apos;Ordine&amp;apos;] .checkout-btn&amp;apos; is clicked on</message>
  <nestedLevel>1</nestedLevel>
  <escapedJava>false</escapedJava>
  <property name="testops-method-name">com.kms.katalon.core.webui.keyword.internal.WebUIKeywordMain.runKeywordUntilTimeout</property>
  <property name="testops-execution-stacktrace">com.kms.katalon.core.logging.KeywordLogger.logPassed(KeywordLogger.java:350)
com.kms.katalon.core.logging.KeywordLogger.logPassed(KeywordLogger.java:345)
com.kms.katalon.core.webui.keyword.builtin.ClickKeyword$_click_closure1.doCall(ClickKeyword.groovy:66)
java.base/jdk.internal.reflect.DirectMethodHandleAccessor.invoke(DirectMethodHandleAccessor.java:103)
jdk.proxy2/jdk.proxy2.$Proxy57.execute(Unknown Source)
com.kms.katalon.core.webui.model.SeleniumActionRetryController.performAction(SeleniumActionRetryController.java:96)
com.kms.katalon.core.webui.model.SeleniumActionRetryController.performAction(SeleniumActionRetryController.java:83)
com.kms.katalon.core.webui.keyword.internal.WebUIKeywordMain$_runKeywordUntilTimeout_closure1.doCall(WebUIKeywordMain.groovy:135)
com.kms.katalon.core.webui.keyword.internal.WebUIKeywordMain$_runKeywordUntilTimeout_closure1.call(WebUIKeywordMain.groovy)
com.kms.katalon.core.webui.keyword.internal.WebUIKeywordMain.runKeyword(WebUIKeywordMain.groovy:41)
com.kms.katalon.core.webui.keyword.internal.WebUIKeywordMain.runKeywordUntilTimeout(WebUIKeywordMain.groovy:133)
com.kms.katalon.core.webui.keyword.builtin.ClickKeyword.click(ClickKeyword.groovy:72)
com.kms.katalon.core.webui.keyword.builtin.ClickKeyword.execute(ClickKeyword.groovy:38)
com.kms.katalon.core.keyword.internal.KeywordExecutor.executeKeywordForPlatform(KeywordExecutor.groovy:103)
com.kms.katalon.core.webui.keyword.WebUiBuiltInKeywords.click(WebUiBuiltInKeywords.groovy:722)
Script178070060203.run(Script178070060203.groovy:30)
</property>
</record>
<record>
  <date>2026-06-07T23:00:13.446904700Z</date>
  <millis>1780873213446</millis>
  <nanos>904700</nanos>
  <sequence>1342</sequence>
  <level>END</level>
  <class>com.kms.katalon.core.logging.XmlKeywordLogger</class>
  <method>endKeyword</method>
  <thread>1</thread>
  <message>End action : return t</message>
  <nestedLevel>1</nestedLevel>
  <escapedJava>false</escapedJava>
</record>
<record>
  <date>2026-06-07T23:00:13.446904700Z</date>
  <millis>1780873213446</millis>
  <nanos>904700</nanos>
  <sequence>1343</sequence>
  <level>START</level>
  <class>com.kms.katalon.core.logging.XmlKeywordLogger</class>
  <method>startKeyword</method>
  <thread>1</thread>
  <message>Start action : delay(1)</message>
  <nestedLevel>1</nestedLevel>
  <escapedJava>false</escapedJava>
  <property name="startLine">31</property>
  <property name="stepIndex">16</property>
</record>
<record>
  <date>2026-06-07T23:00:14.460040600Z</date>
  <millis>1780873214460</millis>
  <nanos>40600</nanos>
  <sequence>1346</sequence>
  <level>PASSED</level>
  <class>com.kms.katalon.core.logging.XmlKeywordLogger</class>
  <method>logMessage</method>
  <thread>1</thread>
  <message>Delayed 1 second(s)</message>
  <nestedLevel>1</nestedLevel>
  <escapedJava>false</escapedJava>
  <property name="testops-method-name">com.kms.katalon.core.keyword.builtin.DelayKeyword.delay</property>
  <property name="testops-execution-stacktrace"></property>
</record>
<record>
  <date>2026-06-07T23:00:14.460040600Z</date>
  <millis>1780873214460</millis>
  <nanos>40600</nanos>
  <sequence>1347</sequence>
  <level>END</level>
  <class>com.kms.katalon.core.logging.XmlKeywordLogger</class>
  <method>endKeyword</method>
  <thread>1</thread>
  <message>End action : delay(1)</message>
  <nestedLevel>1</nestedLevel>
  <escapedJava>false</escapedJava>
</record>
<record>
  <date>2026-06-07T23:00:14.461042900Z</date>
  <millis>1780873214461</millis>
  <nanos>42900</nanos>
  <sequence>1348</sequence>
  <level>START</level>
  <class>com.kms.katalon.core.logging.XmlKeywordLogger</class>
  <method>startKeyword</method>
  <thread>1</thread>
  <message>Start action : takeScreenshot()</message>
  <nestedLevel>1</nestedLevel>
  <escapedJava>false</escapedJava>
  <property name="startLine">32</property>
  <property name="stepIndex">17</property>
</record>
<record>
  <date>2026-06-07T23:00:14.742207100Z</date>
  <millis>1780873214742</millis>
  <nanos>207100</nanos>
  <sequence>1351</sequence>
  <level>PASSED</level>
  <class>com.kms.katalon.core.logging.XmlKeywordLogger</class>
  <method>logMessage</method>
  <thread>1</thread>
  <message>Taking screenshot successfully</message>
  <nestedLevel>1</nestedLevel>
  <escapedJava>false</escapedJava>
  <property name="attachment">1780873214461.png</property>
  <property name="testops-method-name">com.kms.katalon.core.webui.keyword.builtin.TakeScreenshotKeyword.takeScreenshot</property>
  <property name="testops-execution-stacktrace"></property>
</record>
<record>
  <date>2026-06-07T23:00:14.742807900Z</date>
  <millis>1780873214742</millis>
  <nanos>807900</nanos>
  <sequence>1352</sequence>
  <level>END</level>
  <class>com.kms.katalon.core.logging.XmlKeywordLogger</class>
  <method>endKeyword</method>
  <thread>1</thread>
  <message>End action : takeScreenshot()</message>
  <nestedLevel>1</nestedLevel>
  <escapedJava>false</escapedJava>
</record>
<record>
  <date>2026-06-07T23:00:14.742807900Z</date>
  <millis>1780873214742</millis>
  <nanos>807900</nanos>
  <sequence>1353</sequence>
  <level>START</level>
  <class>com.kms.katalon.core.logging.XmlKeywordLogger</class>
  <method>startKeyword</method>
  <thread>1</thread>
  <message>Start action : verifyElementPresent(css(&amp;quot;#addressDropdown2&amp;quot;), 5)</message>
  <nestedLevel>1</nestedLevel>
  <escapedJava>false</escapedJava>
  <property name="startLine">33</property>
  <property name="stepIndex">18</property>
</record>
<record>
  <date>2026-06-07T23:00:14.743397600Z</date>
  <millis>1780873214743</millis>
  <nanos>397600</nanos>
  <sequence>1354</sequence>
  <level>END</level>
  <class>com.kms.katalon.core.logging.XmlKeywordLogger</class>
  <method>endKeyword</method>
  <thread>1</thread>
  <message>End action : verifyElementPresent(css(&amp;quot;#addressDropdown2&amp;quot;), 5)</message>
  <nestedLevel>1</nestedLevel>
  <escapedJava>false</escapedJava>
</record>
<record>
  <date>2026-06-07T23:00:14.743397600Z</date>
  <millis>1780873214743</millis>
  <nanos>397600</nanos>
  <sequence>1355</sequence>
  <level>START</level>
  <class>com.kms.katalon.core.logging.XmlKeywordLogger</class>
  <method>startKeyword</method>
  <thread>1</thread>
  <message>Start action : t = new com.kms.katalon.core.testobject.TestObject(sel)</message>
  <nestedLevel>1</nestedLevel>
  <escapedJava>false</escapedJava>
  <property name="startLine">8</property>
  <property name="stepIndex">1</property>
</record>
<record>
  <date>2026-06-07T23:00:14.743397600Z</date>
  <millis>1780873214743</millis>
  <nanos>397600</nanos>
  <sequence>1356</sequence>
  <level>END</level>
  <class>com.kms.katalon.core.logging.XmlKeywordLogger</class>
  <method>endKeyword</method>
  <thread>1</thread>
  <message>End action : t = new com.kms.katalon.core.testobject.TestObject(sel)</message>
  <nestedLevel>1</nestedLevel>
  <escapedJava>false</escapedJava>
</record>
<record>
  <date>2026-06-07T23:00:14.743397600Z</date>
  <millis>1780873214743</millis>
  <nanos>397600</nanos>
  <sequence>1357</sequence>
  <level>START</level>
  <class>com.kms.katalon.core.logging.XmlKeywordLogger</class>
  <method>startKeyword</method>
  <thread>1</thread>
  <message>Start action : t.addProperty(&amp;quot;css&amp;quot;, EQUALS, sel)</message>
  <nestedLevel>1</nestedLevel>
  <escapedJava>false</escapedJava>
  <property name="startLine">9</property>
  <property name="stepIndex">2</property>
</record>
<record>
  <date>2026-06-07T23:00:14.744013700Z</date>
  <millis>1780873214744</millis>
  <nanos>13700</nanos>
  <sequence>1358</sequence>
  <level>END</level>
  <class>com.kms.katalon.core.logging.XmlKeywordLogger</class>
  <method>endKeyword</method>
  <thread>1</thread>
  <message>End action : t.addProperty(&amp;quot;css&amp;quot;, EQUALS, sel)</message>
  <nestedLevel>1</nestedLevel>
  <escapedJava>false</escapedJava>
</record>
<record>
  <date>2026-06-07T23:00:14.744013700Z</date>
  <millis>1780873214744</millis>
  <nanos>13700</nanos>
  <sequence>1359</sequence>
  <level>START</level>
  <class>com.kms.katalon.core.logging.XmlKeywordLogger</class>
  <method>startKeyword</method>
  <thread>1</thread>
  <message>Start action : return t</message>
  <nestedLevel>1</nestedLevel>
  <escapedJava>false</escapedJava>
  <property name="startLine">10</property>
  <property name="stepIndex">3</property>
</record>
<record>
  <date>2026-06-07T23:00:14.971072500Z</date>
  <millis>1780873214971</millis>
  <nanos>72500</nanos>
  <sequence>1364</sequence>
  <level>PASSED</level>
  <class>com.kms.katalon.core.logging.XmlKeywordLogger</class>
  <method>logMessage</method>
  <thread>1</thread>
  <message>Object &amp;apos;#addressDropdown2&amp;apos; is present</message>
  <nestedLevel>1</nestedLevel>
  <escapedJava>false</escapedJava>
  <property name="testops-is-assertion">true</property>
  <property name="testops-method-name">com.kms.katalon.core.webui.keyword.builtin.VerifyElementPresentKeyword.verifyElementPresent</property>
  <property name="testops-execution-stacktrace"></property>
</record>
<record>
  <date>2026-06-07T23:00:14.972519100Z</date>
  <millis>1780873214972</millis>
  <nanos>519100</nanos>
  <sequence>1365</sequence>
  <level>END</level>
  <class>com.kms.katalon.core.logging.XmlKeywordLogger</class>
  <method>endKeyword</method>
  <thread>1</thread>
  <message>End action : return t</message>
  <nestedLevel>1</nestedLevel>
  <escapedJava>false</escapedJava>
</record>
<record>
  <date>2026-06-07T23:00:14.973525Z</date>
  <millis>1780873214973</millis>
  <nanos>525000</nanos>
  <sequence>1366</sequence>
  <level>START</level>
  <class>com.kms.katalon.core.logging.XmlKeywordLogger</class>
  <method>startKeyword</method>
  <thread>1</thread>
  <message>Start action : closeBrowser()</message>
  <nestedLevel>1</nestedLevel>
  <escapedJava>false</escapedJava>
  <property name="startLine">34</property>
  <property name="stepIndex">19</property>
</record>
<record>
  <date>2026-06-07T23:00:15.124714500Z</date>
  <millis>1780873215124</millis>
  <nanos>714500</nanos>
  <sequence>1369</sequence>
  <level>PASSED</level>
  <class>com.kms.katalon.core.logging.XmlKeywordLogger</class>
  <method>logMessage</method>
  <thread>1</thread>
  <message>Browser is closed</message>
  <nestedLevel>1</nestedLevel>
  <escapedJava>false</escapedJava>
  <property name="testops-method-name">com.kms.katalon.core.webui.keyword.builtin.CloseBrowserKeyword.closeBrowser</property>
  <property name="testops-execution-stacktrace"></property>
</record>
<record>
  <date>2026-06-07T23:00:15.124714500Z</date>
  <millis>1780873215124</millis>
  <nanos>714500</nanos>
  <sequence>1370</sequence>
  <level>END</level>
  <class>com.kms.katalon.core.logging.XmlKeywordLogger</class>
  <method>endKeyword</method>
  <thread>1</thread>
  <message>End action : closeBrowser()</message>
  <nestedLevel>1</nestedLevel>
  <escapedJava>false</escapedJava>
</record>
<record>
  <date>2026-06-07T23:00:15.124714500Z</date>
  <millis>1780873215124</millis>
  <nanos>714500</nanos>
  <sequence>1371</sequence>
  <level>PASSED</level>
  <class>com.kms.katalon.core.logging.XmlKeywordLogger</class>
  <method>logMessage</method>
  <thread>1</thread>
  <message>Test Cases/Ordine/TC_6.2_3</message>
  <nestedLevel>1</nestedLevel>
  <escapedJava>false</escapedJava>
</record>
<record>
  <date>2026-06-07T23:00:15.125713Z</date>
  <millis>1780873215125</millis>
  <nanos>713000</nanos>
  <sequence>1372</sequence>
  <level>END</level>
  <class>com.kms.katalon.core.logging.XmlKeywordLogger</class>
  <method>endTest</method>
  <thread>1</thread>
  <message>End Test Case : Test Cases/Ordine/TC_6.2_3</message>
  <nestedLevel>0</nestedLevel>
  <escapedJava>false</escapedJava>
  <property name="executionBindingVariables">[]</property>
  <property name="applitools">false</property>
  <property name="executedKeywords">{
  &quot;WebUI.verifyElementPresent&quot;: 1,
  &quot;WebUI.closeBrowser&quot;: 1,
  &quot;BuiltIn.verifyEqual&quot;: 1,
  &quot;WebUI.click&quot;: 3,
  &quot;WebUI.executeJavaScript&quot;: 1,
  &quot;WebUI.takeScreenshot&quot;: 1,
  &quot;WebUI.navigateToUrl&quot;: 3,
  &quot;WebUI.selectOptionByValue&quot;: 1,
  &quot;WebUI.openBrowser&quot;: 1,
  &quot;BuiltIn.delay&quot;: 4,
  &quot;WebUI.setText&quot;: 2
}</property>
  <property name="keywordsUsage">{
  &quot;web_ui&quot;: true,
  &quot;web_service&quot;: false,
  &quot;cucumber&quot;: false,
  &quot;builtin&quot;: true,
  &quot;mobile&quot;: false,
  &quot;windows&quot;: false,
  &quot;testng&quot;: false
}</property>
</record>
<record>
  <date>2026-06-07T23:00:15.128715300Z</date>
  <millis>1780873215128</millis>
  <nanos>715300</nanos>
  <sequence>1373</sequence>
  <level>START</level>
  <class>com.kms.katalon.core.logging.XmlKeywordLogger</class>
  <method>startTest</method>
  <thread>1</thread>
  <message>Start Test Case : Test Cases/Ordine/TC_6.2_4</message>
  <nestedLevel>1</nestedLevel>
  <escapedJava>false</escapedJava>
  <property name="origin"></property>
  <property name="name">Test Cases/Ordine/TC_6.2_4</property>
  <property name="description">Rifiuto acquisto senza metodo di pagamento (validazione client)</property>
  <property name="iteration"></property>
  <property name="id">Test Cases/Ordine/TC_6.2_4</property>
  <property name="source">C:\Users\gianf\Documents\Vaporant-IGES\StorageSession\testing\katalon\Vaporant-Baseline\Test Cases\Ordine\TC_6.2_4.tc</property>
  <property name="tag"></property>
  <property name="isOptional">false</property>
  <property name="uuid">f3148bc9-61ae-4aae-b8ee-00c78ef56ad6</property>
</record>
<record>
  <date>2026-06-07T23:00:15.138784600Z</date>
  <millis>1780873215138</millis>
  <nanos>784600</nanos>
  <sequence>1375</sequence>
  <level>RUN_DATA</level>
  <class>com.kms.katalon.core.logging.XmlKeywordLogger</class>
  <method>logMessage</method>
  <thread>1</thread>
  <message>executionBindingVariables = []</message>
  <nestedLevel>1</nestedLevel>
  <escapedJava>false</escapedJava>
  <property name="executionBindingVariables">[]</property>
</record>
<record>
  <date>2026-06-07T23:00:15.138784600Z</date>
  <millis>1780873215138</millis>
  <nanos>784600</nanos>
  <sequence>1376</sequence>
  <level>START</level>
  <class>com.kms.katalon.core.logging.XmlKeywordLogger</class>
  <method>startKeyword</method>
  <thread>1</thread>
  <message>Start listener action : resetSeedBeforeTestCase</message>
  <nestedLevel>1</nestedLevel>
  <escapedJava>false</escapedJava>
</record>
<record>
  <date>2026-06-07T23:00:15.138784600Z</date>
  <millis>1780873215138</millis>
  <nanos>784600</nanos>
  <sequence>1378</sequence>
  <level>START</level>
  <class>com.kms.katalon.core.logging.XmlKeywordLogger</class>
  <method>startKeyword</method>
  <thread>1</thread>
  <message>Start action : if (resetSeed == false)</message>
  <nestedLevel>1</nestedLevel>
  <escapedJava>false</escapedJava>
  <property name="startLine">26</property>
  <property name="stepIndex">1</property>
</record>
<record>
  <date>2026-06-07T23:00:15.139792400Z</date>
  <millis>1780873215139</millis>
  <nanos>792400</nanos>
  <sequence>1379</sequence>
  <level>END</level>
  <class>com.kms.katalon.core.logging.XmlKeywordLogger</class>
  <method>endKeyword</method>
  <thread>1</thread>
  <message>End action : if (resetSeed == false)</message>
  <nestedLevel>1</nestedLevel>
  <escapedJava>false</escapedJava>
</record>
<record>
  <date>2026-06-07T23:00:15.139792400Z</date>
  <millis>1780873215139</millis>
  <nanos>792400</nanos>
  <sequence>1380</sequence>
  <level>START</level>
  <class>com.kms.katalon.core.logging.XmlKeywordLogger</class>
  <method>startKeyword</method>
  <thread>1</thread>
  <message>Start action : projectDir = getProjectDir()</message>
  <nestedLevel>1</nestedLevel>
  <escapedJava>false</escapedJava>
  <property name="startLine">30</property>
  <property name="stepIndex">2</property>
</record>
<record>
  <date>2026-06-07T23:00:15.139792400Z</date>
  <millis>1780873215139</millis>
  <nanos>792400</nanos>
  <sequence>1381</sequence>
  <level>END</level>
  <class>com.kms.katalon.core.logging.XmlKeywordLogger</class>
  <method>endKeyword</method>
  <thread>1</thread>
  <message>End action : projectDir = getProjectDir()</message>
  <nestedLevel>1</nestedLevel>
  <escapedJava>false</escapedJava>
</record>
<record>
  <date>2026-06-07T23:00:15.139792400Z</date>
  <millis>1780873215139</millis>
  <nanos>792400</nanos>
  <sequence>1382</sequence>
  <level>START</level>
  <class>com.kms.katalon.core.logging.XmlKeywordLogger</class>
  <method>startKeyword</method>
  <thread>1</thread>
  <message>Start action : script = new java.io.File(projectDir, Data Files/reset-seed.sql)</message>
  <nestedLevel>1</nestedLevel>
  <escapedJava>false</escapedJava>
  <property name="startLine">31</property>
  <property name="stepIndex">3</property>
</record>
<record>
  <date>2026-06-07T23:00:15.140382900Z</date>
  <millis>1780873215140</millis>
  <nanos>382900</nanos>
  <sequence>1383</sequence>
  <level>END</level>
  <class>com.kms.katalon.core.logging.XmlKeywordLogger</class>
  <method>endKeyword</method>
  <thread>1</thread>
  <message>End action : script = new java.io.File(projectDir, Data Files/reset-seed.sql)</message>
  <nestedLevel>1</nestedLevel>
  <escapedJava>false</escapedJava>
</record>
<record>
  <date>2026-06-07T23:00:15.140382900Z</date>
  <millis>1780873215140</millis>
  <nanos>382900</nanos>
  <sequence>1384</sequence>
  <level>START</level>
  <class>com.kms.katalon.core.logging.XmlKeywordLogger</class>
  <method>startKeyword</method>
  <thread>1</thread>
  <message>Start action : if (!(script.exists()))</message>
  <nestedLevel>1</nestedLevel>
  <escapedJava>false</escapedJava>
  <property name="startLine">33</property>
  <property name="stepIndex">4</property>
</record>
<record>
  <date>2026-06-07T23:00:15.140382900Z</date>
  <millis>1780873215140</millis>
  <nanos>382900</nanos>
  <sequence>1385</sequence>
  <level>END</level>
  <class>com.kms.katalon.core.logging.XmlKeywordLogger</class>
  <method>endKeyword</method>
  <thread>1</thread>
  <message>End action : if (!(script.exists()))</message>
  <nestedLevel>1</nestedLevel>
  <escapedJava>false</escapedJava>
</record>
<record>
  <date>2026-06-07T23:00:15.140382900Z</date>
  <millis>1780873215140</millis>
  <nanos>382900</nanos>
  <sequence>1386</sequence>
  <level>START</level>
  <class>com.kms.katalon.core.logging.XmlKeywordLogger</class>
  <method>startKeyword</method>
  <thread>1</thread>
  <message>Start action : cmd = [mysqlExe, &amp;quot;--user=&amp;quot; + dbUser, &amp;quot;--password=&amp;quot; + dbPass, dbName]</message>
  <nestedLevel>1</nestedLevel>
  <escapedJava>false</escapedJava>
  <property name="startLine">39</property>
  <property name="stepIndex">5</property>
</record>
<record>
  <date>2026-06-07T23:00:15.140382900Z</date>
  <millis>1780873215140</millis>
  <nanos>382900</nanos>
  <sequence>1387</sequence>
  <level>END</level>
  <class>com.kms.katalon.core.logging.XmlKeywordLogger</class>
  <method>endKeyword</method>
  <thread>1</thread>
  <message>End action : cmd = [mysqlExe, &amp;quot;--user=&amp;quot; + dbUser, &amp;quot;--password=&amp;quot; + dbPass, dbName]</message>
  <nestedLevel>1</nestedLevel>
  <escapedJava>false</escapedJava>
</record>
<record>
  <date>2026-06-07T23:00:15.141389Z</date>
  <millis>1780873215141</millis>
  <nanos>389000</nanos>
  <sequence>1388</sequence>
  <level>START</level>
  <class>com.kms.katalon.core.logging.XmlKeywordLogger</class>
  <method>startKeyword</method>
  <thread>1</thread>
  <message>Start action : log = new java.io.File(java.lang.System.getProperty(java.io.tmpdir), seedreset.log)</message>
  <nestedLevel>1</nestedLevel>
  <escapedJava>false</escapedJava>
  <property name="startLine">46</property>
  <property name="stepIndex">6</property>
</record>
<record>
  <date>2026-06-07T23:00:15.141389Z</date>
  <millis>1780873215141</millis>
  <nanos>389000</nanos>
  <sequence>1389</sequence>
  <level>END</level>
  <class>com.kms.katalon.core.logging.XmlKeywordLogger</class>
  <method>endKeyword</method>
  <thread>1</thread>
  <message>End action : log = new java.io.File(java.lang.System.getProperty(java.io.tmpdir), seedreset.log)</message>
  <nestedLevel>1</nestedLevel>
  <escapedJava>false</escapedJava>
</record>
<record>
  <date>2026-06-07T23:00:15.141389Z</date>
  <millis>1780873215141</millis>
  <nanos>389000</nanos>
  <sequence>1390</sequence>
  <level>START</level>
  <class>com.kms.katalon.core.logging.XmlKeywordLogger</class>
  <method>startKeyword</method>
  <thread>1</thread>
  <message>Start action : pb = new java.lang.ProcessBuilder(cmd)</message>
  <nestedLevel>1</nestedLevel>
  <escapedJava>false</escapedJava>
  <property name="startLine">48</property>
  <property name="stepIndex">7</property>
</record>
<record>
  <date>2026-06-07T23:00:15.141389Z</date>
  <millis>1780873215141</millis>
  <nanos>389000</nanos>
  <sequence>1391</sequence>
  <level>END</level>
  <class>com.kms.katalon.core.logging.XmlKeywordLogger</class>
  <method>endKeyword</method>
  <thread>1</thread>
  <message>End action : pb = new java.lang.ProcessBuilder(cmd)</message>
  <nestedLevel>1</nestedLevel>
  <escapedJava>false</escapedJava>
</record>
<record>
  <date>2026-06-07T23:00:15.141908600Z</date>
  <millis>1780873215141</millis>
  <nanos>908600</nanos>
  <sequence>1392</sequence>
  <level>START</level>
  <class>com.kms.katalon.core.logging.XmlKeywordLogger</class>
  <method>startKeyword</method>
  <thread>1</thread>
  <message>Start action : pb.redirectInput(script)</message>
  <nestedLevel>1</nestedLevel>
  <escapedJava>false</escapedJava>
  <property name="startLine">49</property>
  <property name="stepIndex">8</property>
</record>
<record>
  <date>2026-06-07T23:00:15.141908600Z</date>
  <millis>1780873215141</millis>
  <nanos>908600</nanos>
  <sequence>1393</sequence>
  <level>END</level>
  <class>com.kms.katalon.core.logging.XmlKeywordLogger</class>
  <method>endKeyword</method>
  <thread>1</thread>
  <message>End action : pb.redirectInput(script)</message>
  <nestedLevel>1</nestedLevel>
  <escapedJava>false</escapedJava>
</record>
<record>
  <date>2026-06-07T23:00:15.141908600Z</date>
  <millis>1780873215141</millis>
  <nanos>908600</nanos>
  <sequence>1394</sequence>
  <level>START</level>
  <class>com.kms.katalon.core.logging.XmlKeywordLogger</class>
  <method>startKeyword</method>
  <thread>1</thread>
  <message>Start action : pb.redirectErrorStream(true)</message>
  <nestedLevel>1</nestedLevel>
  <escapedJava>false</escapedJava>
  <property name="startLine">50</property>
  <property name="stepIndex">9</property>
</record>
<record>
  <date>2026-06-07T23:00:15.141908600Z</date>
  <millis>1780873215141</millis>
  <nanos>908600</nanos>
  <sequence>1395</sequence>
  <level>END</level>
  <class>com.kms.katalon.core.logging.XmlKeywordLogger</class>
  <method>endKeyword</method>
  <thread>1</thread>
  <message>End action : pb.redirectErrorStream(true)</message>
  <nestedLevel>1</nestedLevel>
  <escapedJava>false</escapedJava>
</record>
<record>
  <date>2026-06-07T23:00:15.141908600Z</date>
  <millis>1780873215141</millis>
  <nanos>908600</nanos>
  <sequence>1396</sequence>
  <level>START</level>
  <class>com.kms.katalon.core.logging.XmlKeywordLogger</class>
  <method>startKeyword</method>
  <thread>1</thread>
  <message>Start action : pb.redirectOutput(log)</message>
  <nestedLevel>1</nestedLevel>
  <escapedJava>false</escapedJava>
  <property name="startLine">51</property>
  <property name="stepIndex">10</property>
</record>
<record>
  <date>2026-06-07T23:00:15.142412900Z</date>
  <millis>1780873215142</millis>
  <nanos>412900</nanos>
  <sequence>1397</sequence>
  <level>END</level>
  <class>com.kms.katalon.core.logging.XmlKeywordLogger</class>
  <method>endKeyword</method>
  <thread>1</thread>
  <message>End action : pb.redirectOutput(log)</message>
  <nestedLevel>1</nestedLevel>
  <escapedJava>false</escapedJava>
</record>
<record>
  <date>2026-06-07T23:00:15.142412900Z</date>
  <millis>1780873215142</millis>
  <nanos>412900</nanos>
  <sequence>1398</sequence>
  <level>START</level>
  <class>com.kms.katalon.core.logging.XmlKeywordLogger</class>
  <method>startKeyword</method>
  <thread>1</thread>
  <message>Start action : p = pb.start()</message>
  <nestedLevel>1</nestedLevel>
  <escapedJava>false</escapedJava>
  <property name="startLine">53</property>
  <property name="stepIndex">11</property>
</record>
<record>
  <date>2026-06-07T23:00:15.145417400Z</date>
  <millis>1780873215145</millis>
  <nanos>417400</nanos>
  <sequence>1399</sequence>
  <level>END</level>
  <class>com.kms.katalon.core.logging.XmlKeywordLogger</class>
  <method>endKeyword</method>
  <thread>1</thread>
  <message>End action : p = pb.start()</message>
  <nestedLevel>1</nestedLevel>
  <escapedJava>false</escapedJava>
</record>
<record>
  <date>2026-06-07T23:00:15.145417400Z</date>
  <millis>1780873215145</millis>
  <nanos>417400</nanos>
  <sequence>1400</sequence>
  <level>START</level>
  <class>com.kms.katalon.core.logging.XmlKeywordLogger</class>
  <method>startKeyword</method>
  <thread>1</thread>
  <message>Start action : finished = p.waitFor(20, SECONDS)</message>
  <nestedLevel>1</nestedLevel>
  <escapedJava>false</escapedJava>
  <property name="startLine">55</property>
  <property name="stepIndex">12</property>
</record>
<record>
  <date>2026-06-07T23:00:15.213357Z</date>
  <millis>1780873215213</millis>
  <nanos>357000</nanos>
  <sequence>1401</sequence>
  <level>END</level>
  <class>com.kms.katalon.core.logging.XmlKeywordLogger</class>
  <method>endKeyword</method>
  <thread>1</thread>
  <message>End action : finished = p.waitFor(20, SECONDS)</message>
  <nestedLevel>1</nestedLevel>
  <escapedJava>false</escapedJava>
</record>
<record>
  <date>2026-06-07T23:00:15.213357Z</date>
  <millis>1780873215213</millis>
  <nanos>357000</nanos>
  <sequence>1402</sequence>
  <level>START</level>
  <class>com.kms.katalon.core.logging.XmlKeywordLogger</class>
  <method>startKeyword</method>
  <thread>1</thread>
  <message>Start action : if (!(finished))</message>
  <nestedLevel>1</nestedLevel>
  <escapedJava>false</escapedJava>
  <property name="startLine">56</property>
  <property name="stepIndex">13</property>
</record>
<record>
  <date>2026-06-07T23:00:15.214357300Z</date>
  <millis>1780873215214</millis>
  <nanos>357300</nanos>
  <sequence>1403</sequence>
  <level>END</level>
  <class>com.kms.katalon.core.logging.XmlKeywordLogger</class>
  <method>endKeyword</method>
  <thread>1</thread>
  <message>End action : if (!(finished))</message>
  <nestedLevel>1</nestedLevel>
  <escapedJava>false</escapedJava>
</record>
<record>
  <date>2026-06-07T23:00:15.214357300Z</date>
  <millis>1780873215214</millis>
  <nanos>357300</nanos>
  <sequence>1404</sequence>
  <level>START</level>
  <class>com.kms.katalon.core.logging.XmlKeywordLogger</class>
  <method>startKeyword</method>
  <thread>1</thread>
  <message>Start action : code = p.exitValue()</message>
  <nestedLevel>1</nestedLevel>
  <escapedJava>false</escapedJava>
  <property name="startLine">62</property>
  <property name="stepIndex">14</property>
</record>
<record>
  <date>2026-06-07T23:00:15.214357300Z</date>
  <millis>1780873215214</millis>
  <nanos>357300</nanos>
  <sequence>1405</sequence>
  <level>END</level>
  <class>com.kms.katalon.core.logging.XmlKeywordLogger</class>
  <method>endKeyword</method>
  <thread>1</thread>
  <message>End action : code = p.exitValue()</message>
  <nestedLevel>1</nestedLevel>
  <escapedJava>false</escapedJava>
</record>
<record>
  <date>2026-06-07T23:00:15.214357300Z</date>
  <millis>1780873215214</millis>
  <nanos>357300</nanos>
  <sequence>1406</sequence>
  <level>START</level>
  <class>com.kms.katalon.core.logging.XmlKeywordLogger</class>
  <method>startKeyword</method>
  <thread>1</thread>
  <message>Start action : if (code != 0)</message>
  <nestedLevel>1</nestedLevel>
  <escapedJava>false</escapedJava>
  <property name="startLine">63</property>
  <property name="stepIndex">15</property>
</record>
<record>
  <date>2026-06-07T23:00:15.214357300Z</date>
  <millis>1780873215214</millis>
  <nanos>357300</nanos>
  <sequence>1407</sequence>
  <level>END</level>
  <class>com.kms.katalon.core.logging.XmlKeywordLogger</class>
  <method>endKeyword</method>
  <thread>1</thread>
  <message>End action : if (code != 0)</message>
  <nestedLevel>1</nestedLevel>
  <escapedJava>false</escapedJava>
</record>
<record>
  <date>2026-06-07T23:00:15.214357300Z</date>
  <millis>1780873215214</millis>
  <nanos>357300</nanos>
  <sequence>1408</sequence>
  <level>START</level>
  <class>com.kms.katalon.core.logging.XmlKeywordLogger</class>
  <method>startKeyword</method>
  <thread>1</thread>
  <message>Start action : else</message>
  <nestedLevel>1</nestedLevel>
  <escapedJava>false</escapedJava>
  <property name="startLine">67</property>
  <property name="stepIndex">16</property>
</record>
<record>
  <date>2026-06-07T23:00:15.214357300Z</date>
  <millis>1780873215214</millis>
  <nanos>357300</nanos>
  <sequence>1409</sequence>
  <level>START</level>
  <class>com.kms.katalon.core.logging.XmlKeywordLogger</class>
  <method>startKeyword</method>
  <thread>1</thread>
  <message>Start action : logInfo(&amp;quot;Seed ripristinato prima di: &amp;quot; + context.getTestCaseId())</message>
  <nestedLevel>2</nestedLevel>
  <escapedJava>false</escapedJava>
  <property name="startLine">68</property>
  <property name="stepIndex">1</property>
</record>
<record>
  <date>2026-06-07T23:00:15.214357300Z</date>
  <millis>1780873215214</millis>
  <nanos>357300</nanos>
  <sequence>1410</sequence>
  <level>INFO</level>
  <class>com.kms.katalon.core.logging.XmlKeywordLogger</class>
  <method>logMessage</method>
  <thread>1</thread>
  <message>Seed ripristinato prima di: Test Cases/Ordine/TC_6.2_4</message>
  <nestedLevel>1</nestedLevel>
  <escapedJava>false</escapedJava>
</record>
<record>
  <date>2026-06-07T23:00:15.214357300Z</date>
  <millis>1780873215214</millis>
  <nanos>357300</nanos>
  <sequence>1412</sequence>
  <level>END</level>
  <class>com.kms.katalon.core.logging.XmlKeywordLogger</class>
  <method>endKeyword</method>
  <thread>1</thread>
  <message>End action : logInfo(&amp;quot;Seed ripristinato prima di: &amp;quot; + context.getTestCaseId())</message>
  <nestedLevel>2</nestedLevel>
  <escapedJava>false</escapedJava>
</record>
<record>
  <date>2026-06-07T23:00:15.214357300Z</date>
  <millis>1780873215214</millis>
  <nanos>357300</nanos>
  <sequence>1413</sequence>
  <level>END</level>
  <class>com.kms.katalon.core.logging.XmlKeywordLogger</class>
  <method>endKeyword</method>
  <thread>1</thread>
  <message>End action : else</message>
  <nestedLevel>1</nestedLevel>
  <escapedJava>false</escapedJava>
</record>
<record>
  <date>2026-06-07T23:00:15.214357300Z</date>
  <millis>1780873215214</millis>
  <nanos>357300</nanos>
  <sequence>1414</sequence>
  <level>END</level>
  <class>com.kms.katalon.core.logging.XmlKeywordLogger</class>
  <method>endKeyword</method>
  <thread>1</thread>
  <message>End listener action : resetSeedBeforeTestCase</message>
  <nestedLevel>1</nestedLevel>
  <escapedJava>false</escapedJava>
</record>
<record>
  <date>2026-06-07T23:00:15.277176100Z</date>
  <millis>1780873215277</millis>
  <nanos>176100</nanos>
  <sequence>1415</sequence>
  <level>START</level>
  <class>com.kms.katalon.core.logging.XmlKeywordLogger</class>
  <method>startKeyword</method>
  <thread>1</thread>
  <message>Start action : openBrowser(&amp;quot;&amp;quot;)</message>
  <nestedLevel>1</nestedLevel>
  <escapedJava>false</escapedJava>
  <property name="startLine">14</property>
  <property name="stepIndex">1</property>
</record>
<record>
  <date>2026-06-07T23:00:15.278178300Z</date>
  <millis>1780873215278</millis>
  <nanos>178300</nanos>
  <sequence>1418</sequence>
  <level>INFO</level>
  <class>com.kms.katalon.core.logging.XmlKeywordLogger</class>
  <method>logMessage</method>
  <thread>1</thread>
  <message>Starting &amp;apos;Chrome&amp;apos; driver</message>
  <nestedLevel>1</nestedLevel>
  <escapedJava>false</escapedJava>
</record>
<record>
  <date>2026-06-07T23:00:15.279177100Z</date>
  <millis>1780873215279</millis>
  <nanos>177100</nanos>
  <sequence>1419</sequence>
  <level>INFO</level>
  <class>com.kms.katalon.core.logging.XmlKeywordLogger</class>
  <method>logMessage</method>
  <thread>1</thread>
  <message>Action delay is set to 0 milliseconds</message>
  <nestedLevel>1</nestedLevel>
  <escapedJava>false</escapedJava>
</record>
<record>
  <date>2026-06-07T23:00:16.015137300Z</date>
  <millis>1780873216015</millis>
  <nanos>137300</nanos>
  <sequence>1421</sequence>
  <level>RUN_DATA</level>
  <class>com.kms.katalon.core.logging.XmlKeywordLogger</class>
  <method>logMessage</method>
  <thread>1</thread>
  <message>sessionId = 00b643eae920ca5222341dcb156f083f</message>
  <nestedLevel>1</nestedLevel>
  <escapedJava>false</escapedJava>
  <property name="sessionId">00b643eae920ca5222341dcb156f083f</property>
</record>
<record>
  <date>2026-06-07T23:00:16.015137300Z</date>
  <millis>1780873216015</millis>
  <nanos>137300</nanos>
  <sequence>1422</sequence>
  <level>RUN_DATA</level>
  <class>com.kms.katalon.core.logging.XmlKeywordLogger</class>
  <method>logMessage</method>
  <thread>1</thread>
  <message>browser = Chrome 148.0.7778.179</message>
  <nestedLevel>1</nestedLevel>
  <escapedJava>false</escapedJava>
  <property name="browser">Chrome 148.0.7778.179</property>
</record>
<record>
  <date>2026-06-07T23:00:16.016137800Z</date>
  <millis>1780873216016</millis>
  <nanos>137800</nanos>
  <sequence>1423</sequence>
  <level>RUN_DATA</level>
  <class>com.kms.katalon.core.logging.XmlKeywordLogger</class>
  <method>logMessage</method>
  <thread>1</thread>
  <message>platform = Windows 11</message>
  <nestedLevel>1</nestedLevel>
  <escapedJava>false</escapedJava>
  <property name="platform">Windows 11</property>
</record>
<record>
  <date>2026-06-07T23:00:16.016137800Z</date>
  <millis>1780873216016</millis>
  <nanos>137800</nanos>
  <sequence>1424</sequence>
  <level>RUN_DATA</level>
  <class>com.kms.katalon.core.logging.XmlKeywordLogger</class>
  <method>logMessage</method>
  <thread>1</thread>
  <message>seleniumVersion = 4.39.0</message>
  <nestedLevel>1</nestedLevel>
  <escapedJava>false</escapedJava>
  <property name="seleniumVersion">4.39.0</property>
</record>
<record>
  <date>2026-06-07T23:00:16.016137800Z</date>
  <millis>1780873216016</millis>
  <nanos>137800</nanos>
  <sequence>1425</sequence>
  <level>RUN_DATA</level>
  <class>com.kms.katalon.core.logging.XmlKeywordLogger</class>
  <method>logMessage</method>
  <thread>1</thread>
  <message>proxyInformation = ProxyInformation { proxyOption=NO_PROXY, proxyServerType=HTTP, username=, password=********, proxyServerAddress=, proxyServerPort=0, executionList=&amp;quot;&amp;quot;, isApplyToDesiredCapabilities=true }</message>
  <nestedLevel>1</nestedLevel>
  <escapedJava>false</escapedJava>
  <property name="proxyInformation">ProxyInformation { proxyOption=NO_PROXY, proxyServerType=HTTP, username=, password=********, proxyServerAddress=, proxyServerPort=0, executionList=&quot;&quot;, isApplyToDesiredCapabilities=true }</property>
</record>
<record>
  <date>2026-06-07T23:00:16.025244600Z</date>
  <millis>1780873216025</millis>
  <nanos>244600</nanos>
  <sequence>1426</sequence>
  <level>PASSED</level>
  <class>com.kms.katalon.core.logging.XmlKeywordLogger</class>
  <method>logMessage</method>
  <thread>1</thread>
  <message>Browser is opened with url: &amp;apos;&amp;apos;</message>
  <nestedLevel>1</nestedLevel>
  <escapedJava>false</escapedJava>
  <property name="testops-method-name">com.kms.katalon.core.webui.keyword.builtin.OpenBrowserKeyword.openBrowser</property>
  <property name="testops-execution-stacktrace"></property>
</record>
<record>
  <date>2026-06-07T23:00:16.026251500Z</date>
  <millis>1780873216026</millis>
  <nanos>251500</nanos>
  <sequence>1427</sequence>
  <level>END</level>
  <class>com.kms.katalon.core.logging.XmlKeywordLogger</class>
  <method>endKeyword</method>
  <thread>1</thread>
  <message>End action : openBrowser(&amp;quot;&amp;quot;)</message>
  <nestedLevel>1</nestedLevel>
  <escapedJava>false</escapedJava>
</record>
<record>
  <date>2026-06-07T23:00:16.026251500Z</date>
  <millis>1780873216026</millis>
  <nanos>251500</nanos>
  <sequence>1428</sequence>
  <level>START</level>
  <class>com.kms.katalon.core.logging.XmlKeywordLogger</class>
  <method>startKeyword</method>
  <thread>1</thread>
  <message>Start action : navigateToUrl(base + &amp;quot;loginForm.jsp&amp;quot;)</message>
  <nestedLevel>1</nestedLevel>
  <escapedJava>false</escapedJava>
  <property name="startLine">15</property>
  <property name="stepIndex">2</property>
</record>
<record>
  <date>2026-06-07T23:00:16.337373Z</date>
  <millis>1780873216337</millis>
  <nanos>373000</nanos>
  <sequence>1432</sequence>
  <level>PASSED</level>
  <class>com.kms.katalon.core.logging.XmlKeywordLogger</class>
  <method>logMessage</method>
  <thread>1</thread>
  <message>Navigate to &amp;apos;http://localhost:8080/Vaporant_IGES_war_exploded/loginForm.jsp&amp;apos; successfully</message>
  <nestedLevel>1</nestedLevel>
  <escapedJava>false</escapedJava>
  <property name="testops-method-name">com.kms.katalon.core.webui.keyword.builtin.NavigateToUrlKeyword.navigateToUrl</property>
  <property name="testops-execution-stacktrace"></property>
</record>
<record>
  <date>2026-06-07T23:00:16.338372400Z</date>
  <millis>1780873216338</millis>
  <nanos>372400</nanos>
  <sequence>1433</sequence>
  <level>END</level>
  <class>com.kms.katalon.core.logging.XmlKeywordLogger</class>
  <method>endKeyword</method>
  <thread>1</thread>
  <message>End action : navigateToUrl(base + &amp;quot;loginForm.jsp&amp;quot;)</message>
  <nestedLevel>1</nestedLevel>
  <escapedJava>false</escapedJava>
</record>
<record>
  <date>2026-06-07T23:00:16.338372400Z</date>
  <millis>1780873216338</millis>
  <nanos>372400</nanos>
  <sequence>1434</sequence>
  <level>START</level>
  <class>com.kms.katalon.core.logging.XmlKeywordLogger</class>
  <method>startKeyword</method>
  <thread>1</thread>
  <message>Start action : setText(css(&amp;quot;#email&amp;quot;), &amp;quot;t.mansi@studenti.unisa.it&amp;quot;)</message>
  <nestedLevel>1</nestedLevel>
  <escapedJava>false</escapedJava>
  <property name="startLine">16</property>
  <property name="stepIndex">3</property>
</record>
<record>
  <date>2026-06-07T23:00:16.338372400Z</date>
  <millis>1780873216338</millis>
  <nanos>372400</nanos>
  <sequence>1435</sequence>
  <level>END</level>
  <class>com.kms.katalon.core.logging.XmlKeywordLogger</class>
  <method>endKeyword</method>
  <thread>1</thread>
  <message>End action : setText(css(&amp;quot;#email&amp;quot;), &amp;quot;t.mansi@studenti.unisa.it&amp;quot;)</message>
  <nestedLevel>1</nestedLevel>
  <escapedJava>false</escapedJava>
</record>
<record>
  <date>2026-06-07T23:00:16.339371700Z</date>
  <millis>1780873216339</millis>
  <nanos>371700</nanos>
  <sequence>1436</sequence>
  <level>START</level>
  <class>com.kms.katalon.core.logging.XmlKeywordLogger</class>
  <method>startKeyword</method>
  <thread>1</thread>
  <message>Start action : t = new com.kms.katalon.core.testobject.TestObject(sel)</message>
  <nestedLevel>1</nestedLevel>
  <escapedJava>false</escapedJava>
  <property name="startLine">8</property>
  <property name="stepIndex">1</property>
</record>
<record>
  <date>2026-06-07T23:00:16.339875300Z</date>
  <millis>1780873216339</millis>
  <nanos>875300</nanos>
  <sequence>1437</sequence>
  <level>END</level>
  <class>com.kms.katalon.core.logging.XmlKeywordLogger</class>
  <method>endKeyword</method>
  <thread>1</thread>
  <message>End action : t = new com.kms.katalon.core.testobject.TestObject(sel)</message>
  <nestedLevel>1</nestedLevel>
  <escapedJava>false</escapedJava>
</record>
<record>
  <date>2026-06-07T23:00:16.339875300Z</date>
  <millis>1780873216339</millis>
  <nanos>875300</nanos>
  <sequence>1438</sequence>
  <level>START</level>
  <class>com.kms.katalon.core.logging.XmlKeywordLogger</class>
  <method>startKeyword</method>
  <thread>1</thread>
  <message>Start action : t.addProperty(&amp;quot;css&amp;quot;, EQUALS, sel)</message>
  <nestedLevel>1</nestedLevel>
  <escapedJava>false</escapedJava>
  <property name="startLine">9</property>
  <property name="stepIndex">2</property>
</record>
<record>
  <date>2026-06-07T23:00:16.341380300Z</date>
  <millis>1780873216341</millis>
  <nanos>380300</nanos>
  <sequence>1439</sequence>
  <level>END</level>
  <class>com.kms.katalon.core.logging.XmlKeywordLogger</class>
  <method>endKeyword</method>
  <thread>1</thread>
  <message>End action : t.addProperty(&amp;quot;css&amp;quot;, EQUALS, sel)</message>
  <nestedLevel>1</nestedLevel>
  <escapedJava>false</escapedJava>
</record>
<record>
  <date>2026-06-07T23:00:16.341380300Z</date>
  <millis>1780873216341</millis>
  <nanos>380300</nanos>
  <sequence>1440</sequence>
  <level>START</level>
  <class>com.kms.katalon.core.logging.XmlKeywordLogger</class>
  <method>startKeyword</method>
  <thread>1</thread>
  <message>Start action : return t</message>
  <nestedLevel>1</nestedLevel>
  <escapedJava>false</escapedJava>
  <property name="startLine">10</property>
  <property name="stepIndex">3</property>
</record>
<record>
  <date>2026-06-07T23:00:17.001332100Z</date>
  <millis>1780873217001</millis>
  <nanos>332100</nanos>
  <sequence>1453</sequence>
  <level>PASSED</level>
  <class>com.kms.katalon.core.logging.XmlKeywordLogger</class>
  <method>logMessage</method>
  <thread>1</thread>
  <message>Text &amp;apos;t.mansi@studenti.unisa.it&amp;apos; is set on object &amp;apos;#email&amp;apos;</message>
  <nestedLevel>1</nestedLevel>
  <escapedJava>false</escapedJava>
  <property name="testops-method-name">com.kms.katalon.core.webui.keyword.internal.WebUIKeywordMain.runKeywordUntilTimeout</property>
  <property name="testops-execution-stacktrace">com.kms.katalon.core.logging.KeywordLogger.logPassed(KeywordLogger.java:350)
com.kms.katalon.core.logging.KeywordLogger.logPassed(KeywordLogger.java:345)
com.kms.katalon.core.webui.keyword.builtin.SetTextKeyword$_setText_closure1.doCall(SetTextKeyword.groovy:99)
java.base/jdk.internal.reflect.DirectMethodHandleAccessor.invoke(DirectMethodHandleAccessor.java:103)
jdk.proxy2/jdk.proxy2.$Proxy57.execute(Unknown Source)
com.kms.katalon.core.webui.model.SeleniumActionRetryController.performAction(SeleniumActionRetryController.java:96)
com.kms.katalon.core.webui.model.SeleniumActionRetryController.performAction(SeleniumActionRetryController.java:83)
com.kms.katalon.core.webui.keyword.internal.WebUIKeywordMain$_runKeywordUntilTimeout_closure1.doCall(WebUIKeywordMain.groovy:135)
com.kms.katalon.core.webui.keyword.internal.WebUIKeywordMain$_runKeywordUntilTimeout_closure1.call(WebUIKeywordMain.groovy)
com.kms.katalon.core.webui.keyword.internal.WebUIKeywordMain.runKeyword(WebUIKeywordMain.groovy:41)
com.kms.katalon.core.webui.keyword.internal.WebUIKeywordMain.runKeywordUntilTimeout(WebUIKeywordMain.groovy:133)
com.kms.katalon.core.webui.keyword.builtin.SetTextKeyword.setText(SetTextKeyword.groovy:106)
com.kms.katalon.core.webui.keyword.builtin.SetTextKeyword.execute(SetTextKeyword.groovy:49)
com.kms.katalon.core.keyword.internal.KeywordExecutor.executeKeywordForPlatform(KeywordExecutor.groovy:103)
com.kms.katalon.core.webui.keyword.WebUiBuiltInKeywords.setText(WebUiBuiltInKeywords.groovy:1082)
Script178070060204.run(Script178070060204.groovy:16)
</property>
</record>
<record>
  <date>2026-06-07T23:00:17.002337100Z</date>
  <millis>1780873217002</millis>
  <nanos>337100</nanos>
  <sequence>1454</sequence>
  <level>END</level>
  <class>com.kms.katalon.core.logging.XmlKeywordLogger</class>
  <method>endKeyword</method>
  <thread>1</thread>
  <message>End action : return t</message>
  <nestedLevel>1</nestedLevel>
  <escapedJava>false</escapedJava>
</record>
<record>
  <date>2026-06-07T23:00:17.002337100Z</date>
  <millis>1780873217002</millis>
  <nanos>337100</nanos>
  <sequence>1455</sequence>
  <level>START</level>
  <class>com.kms.katalon.core.logging.XmlKeywordLogger</class>
  <method>startKeyword</method>
  <thread>1</thread>
  <message>Start action : setText(css(&amp;quot;#password&amp;quot;), &amp;quot;321CBA.&amp;quot;)</message>
  <nestedLevel>1</nestedLevel>
  <escapedJava>false</escapedJava>
  <property name="startLine">17</property>
  <property name="stepIndex">4</property>
</record>
<record>
  <date>2026-06-07T23:00:17.002841500Z</date>
  <millis>1780873217002</millis>
  <nanos>841500</nanos>
  <sequence>1456</sequence>
  <level>END</level>
  <class>com.kms.katalon.core.logging.XmlKeywordLogger</class>
  <method>endKeyword</method>
  <thread>1</thread>
  <message>End action : setText(css(&amp;quot;#password&amp;quot;), &amp;quot;321CBA.&amp;quot;)</message>
  <nestedLevel>1</nestedLevel>
  <escapedJava>false</escapedJava>
</record>
<record>
  <date>2026-06-07T23:00:17.002841500Z</date>
  <millis>1780873217002</millis>
  <nanos>841500</nanos>
  <sequence>1457</sequence>
  <level>START</level>
  <class>com.kms.katalon.core.logging.XmlKeywordLogger</class>
  <method>startKeyword</method>
  <thread>1</thread>
  <message>Start action : t = new com.kms.katalon.core.testobject.TestObject(sel)</message>
  <nestedLevel>1</nestedLevel>
  <escapedJava>false</escapedJava>
  <property name="startLine">8</property>
  <property name="stepIndex">1</property>
</record>
<record>
  <date>2026-06-07T23:00:17.002841500Z</date>
  <millis>1780873217002</millis>
  <nanos>841500</nanos>
  <sequence>1458</sequence>
  <level>END</level>
  <class>com.kms.katalon.core.logging.XmlKeywordLogger</class>
  <method>endKeyword</method>
  <thread>1</thread>
  <message>End action : t = new com.kms.katalon.core.testobject.TestObject(sel)</message>
  <nestedLevel>1</nestedLevel>
  <escapedJava>false</escapedJava>
</record>
<record>
  <date>2026-06-07T23:00:17.002841500Z</date>
  <millis>1780873217002</millis>
  <nanos>841500</nanos>
  <sequence>1459</sequence>
  <level>START</level>
  <class>com.kms.katalon.core.logging.XmlKeywordLogger</class>
  <method>startKeyword</method>
  <thread>1</thread>
  <message>Start action : t.addProperty(&amp;quot;css&amp;quot;, EQUALS, sel)</message>
  <nestedLevel>1</nestedLevel>
  <escapedJava>false</escapedJava>
  <property name="startLine">9</property>
  <property name="stepIndex">2</property>
</record>
<record>
  <date>2026-06-07T23:00:17.002841500Z</date>
  <millis>1780873217002</millis>
  <nanos>841500</nanos>
  <sequence>1460</sequence>
  <level>END</level>
  <class>com.kms.katalon.core.logging.XmlKeywordLogger</class>
  <method>endKeyword</method>
  <thread>1</thread>
  <message>End action : t.addProperty(&amp;quot;css&amp;quot;, EQUALS, sel)</message>
  <nestedLevel>1</nestedLevel>
  <escapedJava>false</escapedJava>
</record>
<record>
  <date>2026-06-07T23:00:17.002841500Z</date>
  <millis>1780873217002</millis>
  <nanos>841500</nanos>
  <sequence>1461</sequence>
  <level>START</level>
  <class>com.kms.katalon.core.logging.XmlKeywordLogger</class>
  <method>startKeyword</method>
  <thread>1</thread>
  <message>Start action : return t</message>
  <nestedLevel>1</nestedLevel>
  <escapedJava>false</escapedJava>
  <property name="startLine">10</property>
  <property name="stepIndex">3</property>
</record>
<record>
  <date>2026-06-07T23:00:17.524624300Z</date>
  <millis>1780873217524</millis>
  <nanos>624300</nanos>
  <sequence>1474</sequence>
  <level>PASSED</level>
  <class>com.kms.katalon.core.logging.XmlKeywordLogger</class>
  <method>logMessage</method>
  <thread>1</thread>
  <message>Text &amp;apos;321CBA.&amp;apos; is set on object &amp;apos;#password&amp;apos;</message>
  <nestedLevel>1</nestedLevel>
  <escapedJava>false</escapedJava>
  <property name="testops-method-name">com.kms.katalon.core.webui.keyword.internal.WebUIKeywordMain.runKeywordUntilTimeout</property>
  <property name="testops-execution-stacktrace">com.kms.katalon.core.logging.KeywordLogger.logPassed(KeywordLogger.java:350)
com.kms.katalon.core.logging.KeywordLogger.logPassed(KeywordLogger.java:345)
com.kms.katalon.core.webui.keyword.builtin.SetTextKeyword$_setText_closure1.doCall(SetTextKeyword.groovy:99)
java.base/jdk.internal.reflect.DirectMethodHandleAccessor.invoke(DirectMethodHandleAccessor.java:103)
jdk.proxy2/jdk.proxy2.$Proxy57.execute(Unknown Source)
com.kms.katalon.core.webui.model.SeleniumActionRetryController.performAction(SeleniumActionRetryController.java:96)
com.kms.katalon.core.webui.model.SeleniumActionRetryController.performAction(SeleniumActionRetryController.java:83)
com.kms.katalon.core.webui.keyword.internal.WebUIKeywordMain$_runKeywordUntilTimeout_closure1.doCall(WebUIKeywordMain.groovy:135)
com.kms.katalon.core.webui.keyword.internal.WebUIKeywordMain$_runKeywordUntilTimeout_closure1.call(WebUIKeywordMain.groovy)
com.kms.katalon.core.webui.keyword.internal.WebUIKeywordMain.runKeyword(WebUIKeywordMain.groovy:41)
com.kms.katalon.core.webui.keyword.internal.WebUIKeywordMain.runKeywordUntilTimeout(WebUIKeywordMain.groovy:133)
com.kms.katalon.core.webui.keyword.builtin.SetTextKeyword.setText(SetTextKeyword.groovy:106)
com.kms.katalon.core.webui.keyword.builtin.SetTextKeyword.execute(SetTextKeyword.groovy:49)
com.kms.katalon.core.keyword.internal.KeywordExecutor.executeKeywordForPlatform(KeywordExecutor.groovy:103)
com.kms.katalon.core.webui.keyword.WebUiBuiltInKeywords.setText(WebUiBuiltInKeywords.groovy:1082)
Script178070060204.run(Script178070060204.groovy:17)
</property>
</record>
<record>
  <date>2026-06-07T23:00:17.524624300Z</date>
  <millis>1780873217524</millis>
  <nanos>624300</nanos>
  <sequence>1475</sequence>
  <level>END</level>
  <class>com.kms.katalon.core.logging.XmlKeywordLogger</class>
  <method>endKeyword</method>
  <thread>1</thread>
  <message>End action : return t</message>
  <nestedLevel>1</nestedLevel>
  <escapedJava>false</escapedJava>
</record>
<record>
  <date>2026-06-07T23:00:17.524624300Z</date>
  <millis>1780873217524</millis>
  <nanos>624300</nanos>
  <sequence>1476</sequence>
  <level>START</level>
  <class>com.kms.katalon.core.logging.XmlKeywordLogger</class>
  <method>startKeyword</method>
  <thread>1</thread>
  <message>Start action : click(css(&amp;quot;#submit&amp;quot;))</message>
  <nestedLevel>1</nestedLevel>
  <escapedJava>false</escapedJava>
  <property name="startLine">18</property>
  <property name="stepIndex">5</property>
</record>
<record>
  <date>2026-06-07T23:00:17.525623100Z</date>
  <millis>1780873217525</millis>
  <nanos>623100</nanos>
  <sequence>1477</sequence>
  <level>END</level>
  <class>com.kms.katalon.core.logging.XmlKeywordLogger</class>
  <method>endKeyword</method>
  <thread>1</thread>
  <message>End action : click(css(&amp;quot;#submit&amp;quot;))</message>
  <nestedLevel>1</nestedLevel>
  <escapedJava>false</escapedJava>
</record>
<record>
  <date>2026-06-07T23:00:17.525623100Z</date>
  <millis>1780873217525</millis>
  <nanos>623100</nanos>
  <sequence>1478</sequence>
  <level>START</level>
  <class>com.kms.katalon.core.logging.XmlKeywordLogger</class>
  <method>startKeyword</method>
  <thread>1</thread>
  <message>Start action : t = new com.kms.katalon.core.testobject.TestObject(sel)</message>
  <nestedLevel>1</nestedLevel>
  <escapedJava>false</escapedJava>
  <property name="startLine">8</property>
  <property name="stepIndex">1</property>
</record>
<record>
  <date>2026-06-07T23:00:17.525623100Z</date>
  <millis>1780873217525</millis>
  <nanos>623100</nanos>
  <sequence>1479</sequence>
  <level>END</level>
  <class>com.kms.katalon.core.logging.XmlKeywordLogger</class>
  <method>endKeyword</method>
  <thread>1</thread>
  <message>End action : t = new com.kms.katalon.core.testobject.TestObject(sel)</message>
  <nestedLevel>1</nestedLevel>
  <escapedJava>false</escapedJava>
</record>
<record>
  <date>2026-06-07T23:00:17.525623100Z</date>
  <millis>1780873217525</millis>
  <nanos>623100</nanos>
  <sequence>1480</sequence>
  <level>START</level>
  <class>com.kms.katalon.core.logging.XmlKeywordLogger</class>
  <method>startKeyword</method>
  <thread>1</thread>
  <message>Start action : t.addProperty(&amp;quot;css&amp;quot;, EQUALS, sel)</message>
  <nestedLevel>1</nestedLevel>
  <escapedJava>false</escapedJava>
  <property name="startLine">9</property>
  <property name="stepIndex">2</property>
</record>
<record>
  <date>2026-06-07T23:00:17.525623100Z</date>
  <millis>1780873217525</millis>
  <nanos>623100</nanos>
  <sequence>1481</sequence>
  <level>END</level>
  <class>com.kms.katalon.core.logging.XmlKeywordLogger</class>
  <method>endKeyword</method>
  <thread>1</thread>
  <message>End action : t.addProperty(&amp;quot;css&amp;quot;, EQUALS, sel)</message>
  <nestedLevel>1</nestedLevel>
  <escapedJava>false</escapedJava>
</record>
<record>
  <date>2026-06-07T23:00:17.525623100Z</date>
  <millis>1780873217525</millis>
  <nanos>623100</nanos>
  <sequence>1482</sequence>
  <level>START</level>
  <class>com.kms.katalon.core.logging.XmlKeywordLogger</class>
  <method>startKeyword</method>
  <thread>1</thread>
  <message>Start action : return t</message>
  <nestedLevel>1</nestedLevel>
  <escapedJava>false</escapedJava>
  <property name="startLine">10</property>
  <property name="stepIndex">3</property>
</record>
<record>
  <date>2026-06-07T23:00:17.849955500Z</date>
  <millis>1780873217849</millis>
  <nanos>955500</nanos>
  <sequence>1492</sequence>
  <level>PASSED</level>
  <class>com.kms.katalon.core.logging.XmlKeywordLogger</class>
  <method>logMessage</method>
  <thread>1</thread>
  <message>Object: &amp;apos;#submit&amp;apos; is clicked on</message>
  <nestedLevel>1</nestedLevel>
  <escapedJava>false</escapedJava>
  <property name="testops-method-name">com.kms.katalon.core.webui.keyword.internal.WebUIKeywordMain.runKeywordUntilTimeout</property>
  <property name="testops-execution-stacktrace">com.kms.katalon.core.logging.KeywordLogger.logPassed(KeywordLogger.java:350)
com.kms.katalon.core.logging.KeywordLogger.logPassed(KeywordLogger.java:345)
com.kms.katalon.core.webui.keyword.builtin.ClickKeyword$_click_closure1.doCall(ClickKeyword.groovy:66)
java.base/jdk.internal.reflect.DirectMethodHandleAccessor.invoke(DirectMethodHandleAccessor.java:103)
jdk.proxy2/jdk.proxy2.$Proxy57.execute(Unknown Source)
com.kms.katalon.core.webui.model.SeleniumActionRetryController.performAction(SeleniumActionRetryController.java:96)
com.kms.katalon.core.webui.model.SeleniumActionRetryController.performAction(SeleniumActionRetryController.java:83)
com.kms.katalon.core.webui.keyword.internal.WebUIKeywordMain$_runKeywordUntilTimeout_closure1.doCall(WebUIKeywordMain.groovy:135)
com.kms.katalon.core.webui.keyword.internal.WebUIKeywordMain$_runKeywordUntilTimeout_closure1.call(WebUIKeywordMain.groovy)
com.kms.katalon.core.webui.keyword.internal.WebUIKeywordMain.runKeyword(WebUIKeywordMain.groovy:41)
com.kms.katalon.core.webui.keyword.internal.WebUIKeywordMain.runKeywordUntilTimeout(WebUIKeywordMain.groovy:133)
com.kms.katalon.core.webui.keyword.builtin.ClickKeyword.click(ClickKeyword.groovy:72)
com.kms.katalon.core.webui.keyword.builtin.ClickKeyword.execute(ClickKeyword.groovy:38)
com.kms.katalon.core.keyword.internal.KeywordExecutor.executeKeywordForPlatform(KeywordExecutor.groovy:103)
com.kms.katalon.core.webui.keyword.WebUiBuiltInKeywords.click(WebUiBuiltInKeywords.groovy:722)
Script178070060204.run(Script178070060204.groovy:18)
</property>
</record>
<record>
  <date>2026-06-07T23:00:17.851459400Z</date>
  <millis>1780873217851</millis>
  <nanos>459400</nanos>
  <sequence>1493</sequence>
  <level>END</level>
  <class>com.kms.katalon.core.logging.XmlKeywordLogger</class>
  <method>endKeyword</method>
  <thread>1</thread>
  <message>End action : return t</message>
  <nestedLevel>1</nestedLevel>
  <escapedJava>false</escapedJava>
</record>
<record>
  <date>2026-06-07T23:00:17.851459400Z</date>
  <millis>1780873217851</millis>
  <nanos>459400</nanos>
  <sequence>1494</sequence>
  <level>START</level>
  <class>com.kms.katalon.core.logging.XmlKeywordLogger</class>
  <method>startKeyword</method>
  <thread>1</thread>
  <message>Start action : delay(2)</message>
  <nestedLevel>1</nestedLevel>
  <escapedJava>false</escapedJava>
  <property name="startLine">19</property>
  <property name="stepIndex">6</property>
</record>
<record>
  <date>2026-06-07T23:00:19.864620300Z</date>
  <millis>1780873219864</millis>
  <nanos>620300</nanos>
  <sequence>1497</sequence>
  <level>PASSED</level>
  <class>com.kms.katalon.core.logging.XmlKeywordLogger</class>
  <method>logMessage</method>
  <thread>1</thread>
  <message>Delayed 2 second(s)</message>
  <nestedLevel>1</nestedLevel>
  <escapedJava>false</escapedJava>
  <property name="testops-method-name">com.kms.katalon.core.keyword.builtin.DelayKeyword.delay</property>
  <property name="testops-execution-stacktrace"></property>
</record>
<record>
  <date>2026-06-07T23:00:19.865620500Z</date>
  <millis>1780873219865</millis>
  <nanos>620500</nanos>
  <sequence>1498</sequence>
  <level>END</level>
  <class>com.kms.katalon.core.logging.XmlKeywordLogger</class>
  <method>endKeyword</method>
  <thread>1</thread>
  <message>End action : delay(2)</message>
  <nestedLevel>1</nestedLevel>
  <escapedJava>false</escapedJava>
</record>
<record>
  <date>2026-06-07T23:00:19.865620500Z</date>
  <millis>1780873219865</millis>
  <nanos>620500</nanos>
  <sequence>1499</sequence>
  <level>START</level>
  <class>com.kms.katalon.core.logging.XmlKeywordLogger</class>
  <method>startKeyword</method>
  <thread>1</thread>
  <message>Start action : navigateToUrl(base + &amp;quot;cart?action=addC&amp;amp;id=2&amp;quot;)</message>
  <nestedLevel>1</nestedLevel>
  <escapedJava>false</escapedJava>
  <property name="startLine">20</property>
  <property name="stepIndex">7</property>
</record>
<record>
  <date>2026-06-07T23:00:19.995828700Z</date>
  <millis>1780873219995</millis>
  <nanos>828700</nanos>
  <sequence>1503</sequence>
  <level>PASSED</level>
  <class>com.kms.katalon.core.logging.XmlKeywordLogger</class>
  <method>logMessage</method>
  <thread>1</thread>
  <message>Navigate to &amp;apos;http://localhost:8080/Vaporant_IGES_war_exploded/cart?action=addC&amp;amp;id=2&amp;apos; successfully</message>
  <nestedLevel>1</nestedLevel>
  <escapedJava>false</escapedJava>
  <property name="testops-method-name">com.kms.katalon.core.webui.keyword.builtin.NavigateToUrlKeyword.navigateToUrl</property>
  <property name="testops-execution-stacktrace"></property>
</record>
<record>
  <date>2026-06-07T23:00:19.995828700Z</date>
  <millis>1780873219995</millis>
  <nanos>828700</nanos>
  <sequence>1504</sequence>
  <level>END</level>
  <class>com.kms.katalon.core.logging.XmlKeywordLogger</class>
  <method>endKeyword</method>
  <thread>1</thread>
  <message>End action : navigateToUrl(base + &amp;quot;cart?action=addC&amp;amp;id=2&amp;quot;)</message>
  <nestedLevel>1</nestedLevel>
  <escapedJava>false</escapedJava>
</record>
<record>
  <date>2026-06-07T23:00:19.995828700Z</date>
  <millis>1780873219995</millis>
  <nanos>828700</nanos>
  <sequence>1505</sequence>
  <level>START</level>
  <class>com.kms.katalon.core.logging.XmlKeywordLogger</class>
  <method>startKeyword</method>
  <thread>1</thread>
  <message>Start action : delay(1)</message>
  <nestedLevel>1</nestedLevel>
  <escapedJava>false</escapedJava>
  <property name="startLine">21</property>
  <property name="stepIndex">8</property>
</record>
<record>
  <date>2026-06-07T23:00:21.000114400Z</date>
  <millis>1780873221000</millis>
  <nanos>114400</nanos>
  <sequence>1508</sequence>
  <level>PASSED</level>
  <class>com.kms.katalon.core.logging.XmlKeywordLogger</class>
  <method>logMessage</method>
  <thread>1</thread>
  <message>Delayed 1 second(s)</message>
  <nestedLevel>1</nestedLevel>
  <escapedJava>false</escapedJava>
  <property name="testops-method-name">com.kms.katalon.core.keyword.builtin.DelayKeyword.delay</property>
  <property name="testops-execution-stacktrace"></property>
</record>
<record>
  <date>2026-06-07T23:00:21.001141Z</date>
  <millis>1780873221001</millis>
  <nanos>141000</nanos>
  <sequence>1509</sequence>
  <level>END</level>
  <class>com.kms.katalon.core.logging.XmlKeywordLogger</class>
  <method>endKeyword</method>
  <thread>1</thread>
  <message>End action : delay(1)</message>
  <nestedLevel>1</nestedLevel>
  <escapedJava>false</escapedJava>
</record>
<record>
  <date>2026-06-07T23:00:21.001141Z</date>
  <millis>1780873221001</millis>
  <nanos>141000</nanos>
  <sequence>1510</sequence>
  <level>START</level>
  <class>com.kms.katalon.core.logging.XmlKeywordLogger</class>
  <method>startKeyword</method>
  <thread>1</thread>
  <message>Start action : navigateToUrl(base + &amp;quot;checkout.jsp&amp;quot;)</message>
  <nestedLevel>1</nestedLevel>
  <escapedJava>false</escapedJava>
  <property name="startLine">22</property>
  <property name="stepIndex">9</property>
</record>
<record>
  <date>2026-06-07T23:00:21.047634400Z</date>
  <millis>1780873221047</millis>
  <nanos>634400</nanos>
  <sequence>1514</sequence>
  <level>PASSED</level>
  <class>com.kms.katalon.core.logging.XmlKeywordLogger</class>
  <method>logMessage</method>
  <thread>1</thread>
  <message>Navigate to &amp;apos;http://localhost:8080/Vaporant_IGES_war_exploded/checkout.jsp&amp;apos; successfully</message>
  <nestedLevel>1</nestedLevel>
  <escapedJava>false</escapedJava>
  <property name="testops-method-name">com.kms.katalon.core.webui.keyword.builtin.NavigateToUrlKeyword.navigateToUrl</property>
  <property name="testops-execution-stacktrace"></property>
</record>
<record>
  <date>2026-06-07T23:00:21.049159Z</date>
  <millis>1780873221049</millis>
  <nanos>159000</nanos>
  <sequence>1515</sequence>
  <level>END</level>
  <class>com.kms.katalon.core.logging.XmlKeywordLogger</class>
  <method>endKeyword</method>
  <thread>1</thread>
  <message>End action : navigateToUrl(base + &amp;quot;checkout.jsp&amp;quot;)</message>
  <nestedLevel>1</nestedLevel>
  <escapedJava>false</escapedJava>
</record>
<record>
  <date>2026-06-07T23:00:21.049159Z</date>
  <millis>1780873221049</millis>
  <nanos>159000</nanos>
  <sequence>1516</sequence>
  <level>START</level>
  <class>com.kms.katalon.core.logging.XmlKeywordLogger</class>
  <method>startKeyword</method>
  <thread>1</thread>
  <message>Start action : delay(2)</message>
  <nestedLevel>1</nestedLevel>
  <escapedJava>false</escapedJava>
  <property name="startLine">23</property>
  <property name="stepIndex">10</property>
</record>
<record>
  <date>2026-06-07T23:00:23.058922Z</date>
  <millis>1780873223058</millis>
  <nanos>922000</nanos>
  <sequence>1519</sequence>
  <level>PASSED</level>
  <class>com.kms.katalon.core.logging.XmlKeywordLogger</class>
  <method>logMessage</method>
  <thread>1</thread>
  <message>Delayed 2 second(s)</message>
  <nestedLevel>1</nestedLevel>
  <escapedJava>false</escapedJava>
  <property name="testops-method-name">com.kms.katalon.core.keyword.builtin.DelayKeyword.delay</property>
  <property name="testops-execution-stacktrace"></property>
</record>
<record>
  <date>2026-06-07T23:00:23.059918700Z</date>
  <millis>1780873223059</millis>
  <nanos>918700</nanos>
  <sequence>1520</sequence>
  <level>END</level>
  <class>com.kms.katalon.core.logging.XmlKeywordLogger</class>
  <method>endKeyword</method>
  <thread>1</thread>
  <message>End action : delay(2)</message>
  <nestedLevel>1</nestedLevel>
  <escapedJava>false</escapedJava>
</record>
<record>
  <date>2026-06-07T23:00:23.059918700Z</date>
  <millis>1780873223059</millis>
  <nanos>918700</nanos>
  <sequence>1521</sequence>
  <level>START</level>
  <class>com.kms.katalon.core.logging.XmlKeywordLogger</class>
  <method>startKeyword</method>
  <thread>1</thread>
  <message>Start action : selectOptionByValue(css(&amp;quot;#addressDropdown&amp;quot;), &amp;quot;4&amp;quot;, false)</message>
  <nestedLevel>1</nestedLevel>
  <escapedJava>false</escapedJava>
  <property name="startLine">25</property>
  <property name="stepIndex">11</property>
</record>
<record>
  <date>2026-06-07T23:00:23.059918700Z</date>
  <millis>1780873223059</millis>
  <nanos>918700</nanos>
  <sequence>1522</sequence>
  <level>END</level>
  <class>com.kms.katalon.core.logging.XmlKeywordLogger</class>
  <method>endKeyword</method>
  <thread>1</thread>
  <message>End action : selectOptionByValue(css(&amp;quot;#addressDropdown&amp;quot;), &amp;quot;4&amp;quot;, false)</message>
  <nestedLevel>1</nestedLevel>
  <escapedJava>false</escapedJava>
</record>
<record>
  <date>2026-06-07T23:00:23.059918700Z</date>
  <millis>1780873223059</millis>
  <nanos>918700</nanos>
  <sequence>1523</sequence>
  <level>START</level>
  <class>com.kms.katalon.core.logging.XmlKeywordLogger</class>
  <method>startKeyword</method>
  <thread>1</thread>
  <message>Start action : t = new com.kms.katalon.core.testobject.TestObject(sel)</message>
  <nestedLevel>1</nestedLevel>
  <escapedJava>false</escapedJava>
  <property name="startLine">8</property>
  <property name="stepIndex">1</property>
</record>
<record>
  <date>2026-06-07T23:00:23.061429800Z</date>
  <millis>1780873223061</millis>
  <nanos>429800</nanos>
  <sequence>1524</sequence>
  <level>END</level>
  <class>com.kms.katalon.core.logging.XmlKeywordLogger</class>
  <method>endKeyword</method>
  <thread>1</thread>
  <message>End action : t = new com.kms.katalon.core.testobject.TestObject(sel)</message>
  <nestedLevel>1</nestedLevel>
  <escapedJava>false</escapedJava>
</record>
<record>
  <date>2026-06-07T23:00:23.061429800Z</date>
  <millis>1780873223061</millis>
  <nanos>429800</nanos>
  <sequence>1525</sequence>
  <level>START</level>
  <class>com.kms.katalon.core.logging.XmlKeywordLogger</class>
  <method>startKeyword</method>
  <thread>1</thread>
  <message>Start action : t.addProperty(&amp;quot;css&amp;quot;, EQUALS, sel)</message>
  <nestedLevel>1</nestedLevel>
  <escapedJava>false</escapedJava>
  <property name="startLine">9</property>
  <property name="stepIndex">2</property>
</record>
<record>
  <date>2026-06-07T23:00:23.061429800Z</date>
  <millis>1780873223061</millis>
  <nanos>429800</nanos>
  <sequence>1526</sequence>
  <level>END</level>
  <class>com.kms.katalon.core.logging.XmlKeywordLogger</class>
  <method>endKeyword</method>
  <thread>1</thread>
  <message>End action : t.addProperty(&amp;quot;css&amp;quot;, EQUALS, sel)</message>
  <nestedLevel>1</nestedLevel>
  <escapedJava>false</escapedJava>
</record>
<record>
  <date>2026-06-07T23:00:23.062442200Z</date>
  <millis>1780873223062</millis>
  <nanos>442200</nanos>
  <sequence>1527</sequence>
  <level>START</level>
  <class>com.kms.katalon.core.logging.XmlKeywordLogger</class>
  <method>startKeyword</method>
  <thread>1</thread>
  <message>Start action : return t</message>
  <nestedLevel>1</nestedLevel>
  <escapedJava>false</escapedJava>
  <property name="startLine">10</property>
  <property name="stepIndex">3</property>
</record>
<record>
  <date>2026-06-07T23:00:23.590068200Z</date>
  <millis>1780873223590</millis>
  <nanos>68200</nanos>
  <sequence>1538</sequence>
  <level>PASSED</level>
  <class>com.kms.katalon.core.logging.XmlKeywordLogger</class>
  <method>logMessage</method>
  <thread>1</thread>
  <message>All options with value &amp;apos;4&amp;apos; are selected in object &amp;apos;#addressDropdown&amp;apos; </message>
  <nestedLevel>1</nestedLevel>
  <escapedJava>false</escapedJava>
  <property name="testops-method-name">com.kms.katalon.core.webui.keyword.internal.WebUIKeywordMain.runKeywordUntilTimeout</property>
  <property name="testops-execution-stacktrace">com.kms.katalon.core.logging.KeywordLogger.logPassed(KeywordLogger.java:350)
com.kms.katalon.core.logging.KeywordLogger.logPassed(KeywordLogger.java:345)
com.kms.katalon.core.webui.keyword.builtin.SelectOptionByValueKeyword$_selectOptionByValue_closure1.doCall(SelectOptionByValueKeyword.groovy:70)
java.base/jdk.internal.reflect.DirectMethodHandleAccessor.invoke(DirectMethodHandleAccessor.java:103)
jdk.proxy2/jdk.proxy2.$Proxy57.execute(Unknown Source)
com.kms.katalon.core.webui.model.SeleniumActionRetryController.performAction(SeleniumActionRetryController.java:96)
com.kms.katalon.core.webui.model.SeleniumActionRetryController.performAction(SeleniumActionRetryController.java:83)
com.kms.katalon.core.webui.keyword.internal.WebUIKeywordMain$_runKeywordUntilTimeout_closure1.doCall(WebUIKeywordMain.groovy:135)
com.kms.katalon.core.webui.keyword.internal.WebUIKeywordMain$_runKeywordUntilTimeout_closure1.call(WebUIKeywordMain.groovy)
com.kms.katalon.core.webui.keyword.internal.WebUIKeywordMain.runKeyword(WebUIKeywordMain.groovy:41)
com.kms.katalon.core.webui.keyword.internal.WebUIKeywordMain.runKeywordUntilTimeout(WebUIKeywordMain.groovy:133)
com.kms.katalon.core.webui.keyword.builtin.SelectOptionByValueKeyword.selectOptionByValue(SelectOptionByValueKeyword.groovy:79)
com.kms.katalon.core.webui.keyword.builtin.SelectOptionByValueKeyword.execute(SelectOptionByValueKeyword.groovy:44)
com.kms.katalon.core.keyword.internal.KeywordExecutor.executeKeywordForPlatform(KeywordExecutor.groovy:103)
com.kms.katalon.core.webui.keyword.WebUiBuiltInKeywords.selectOptionByValue(WebUiBuiltInKeywords.groovy:1270)
Script178070060204.run(Script178070060204.groovy:25)
</property>
</record>
<record>
  <date>2026-06-07T23:00:23.591064400Z</date>
  <millis>1780873223591</millis>
  <nanos>64400</nanos>
  <sequence>1539</sequence>
  <level>END</level>
  <class>com.kms.katalon.core.logging.XmlKeywordLogger</class>
  <method>endKeyword</method>
  <thread>1</thread>
  <message>End action : return t</message>
  <nestedLevel>1</nestedLevel>
  <escapedJava>false</escapedJava>
</record>
<record>
  <date>2026-06-07T23:00:23.591064400Z</date>
  <millis>1780873223591</millis>
  <nanos>64400</nanos>
  <sequence>1540</sequence>
  <level>START</level>
  <class>com.kms.katalon.core.logging.XmlKeywordLogger</class>
  <method>startKeyword</method>
  <thread>1</thread>
  <message>Start action : selectOptionByValue(css(&amp;quot;#addressDropdown2&amp;quot;), &amp;quot;4&amp;quot;, false)</message>
  <nestedLevel>1</nestedLevel>
  <escapedJava>false</escapedJava>
  <property name="startLine">26</property>
  <property name="stepIndex">12</property>
</record>
<record>
  <date>2026-06-07T23:00:23.591064400Z</date>
  <millis>1780873223591</millis>
  <nanos>64400</nanos>
  <sequence>1541</sequence>
  <level>END</level>
  <class>com.kms.katalon.core.logging.XmlKeywordLogger</class>
  <method>endKeyword</method>
  <thread>1</thread>
  <message>End action : selectOptionByValue(css(&amp;quot;#addressDropdown2&amp;quot;), &amp;quot;4&amp;quot;, false)</message>
  <nestedLevel>1</nestedLevel>
  <escapedJava>false</escapedJava>
</record>
<record>
  <date>2026-06-07T23:00:23.591064400Z</date>
  <millis>1780873223591</millis>
  <nanos>64400</nanos>
  <sequence>1542</sequence>
  <level>START</level>
  <class>com.kms.katalon.core.logging.XmlKeywordLogger</class>
  <method>startKeyword</method>
  <thread>1</thread>
  <message>Start action : t = new com.kms.katalon.core.testobject.TestObject(sel)</message>
  <nestedLevel>1</nestedLevel>
  <escapedJava>false</escapedJava>
  <property name="startLine">8</property>
  <property name="stepIndex">1</property>
</record>
<record>
  <date>2026-06-07T23:00:23.591064400Z</date>
  <millis>1780873223591</millis>
  <nanos>64400</nanos>
  <sequence>1543</sequence>
  <level>END</level>
  <class>com.kms.katalon.core.logging.XmlKeywordLogger</class>
  <method>endKeyword</method>
  <thread>1</thread>
  <message>End action : t = new com.kms.katalon.core.testobject.TestObject(sel)</message>
  <nestedLevel>1</nestedLevel>
  <escapedJava>false</escapedJava>
</record>
<record>
  <date>2026-06-07T23:00:23.591064400Z</date>
  <millis>1780873223591</millis>
  <nanos>64400</nanos>
  <sequence>1544</sequence>
  <level>START</level>
  <class>com.kms.katalon.core.logging.XmlKeywordLogger</class>
  <method>startKeyword</method>
  <thread>1</thread>
  <message>Start action : t.addProperty(&amp;quot;css&amp;quot;, EQUALS, sel)</message>
  <nestedLevel>1</nestedLevel>
  <escapedJava>false</escapedJava>
  <property name="startLine">9</property>
  <property name="stepIndex">2</property>
</record>
<record>
  <date>2026-06-07T23:00:23.591064400Z</date>
  <millis>1780873223591</millis>
  <nanos>64400</nanos>
  <sequence>1545</sequence>
  <level>END</level>
  <class>com.kms.katalon.core.logging.XmlKeywordLogger</class>
  <method>endKeyword</method>
  <thread>1</thread>
  <message>End action : t.addProperty(&amp;quot;css&amp;quot;, EQUALS, sel)</message>
  <nestedLevel>1</nestedLevel>
  <escapedJava>false</escapedJava>
</record>
<record>
  <date>2026-06-07T23:00:23.591064400Z</date>
  <millis>1780873223591</millis>
  <nanos>64400</nanos>
  <sequence>1546</sequence>
  <level>START</level>
  <class>com.kms.katalon.core.logging.XmlKeywordLogger</class>
  <method>startKeyword</method>
  <thread>1</thread>
  <message>Start action : return t</message>
  <nestedLevel>1</nestedLevel>
  <escapedJava>false</escapedJava>
  <property name="startLine">10</property>
  <property name="stepIndex">3</property>
</record>
<record>
  <date>2026-06-07T23:00:24.101545400Z</date>
  <millis>1780873224101</millis>
  <nanos>545400</nanos>
  <sequence>1557</sequence>
  <level>PASSED</level>
  <class>com.kms.katalon.core.logging.XmlKeywordLogger</class>
  <method>logMessage</method>
  <thread>1</thread>
  <message>All options with value &amp;apos;4&amp;apos; are selected in object &amp;apos;#addressDropdown2&amp;apos; </message>
  <nestedLevel>1</nestedLevel>
  <escapedJava>false</escapedJava>
  <property name="testops-method-name">com.kms.katalon.core.webui.keyword.internal.WebUIKeywordMain.runKeywordUntilTimeout</property>
  <property name="testops-execution-stacktrace">com.kms.katalon.core.logging.KeywordLogger.logPassed(KeywordLogger.java:350)
com.kms.katalon.core.logging.KeywordLogger.logPassed(KeywordLogger.java:345)
com.kms.katalon.core.webui.keyword.builtin.SelectOptionByValueKeyword$_selectOptionByValue_closure1.doCall(SelectOptionByValueKeyword.groovy:70)
java.base/jdk.internal.reflect.DirectMethodHandleAccessor.invoke(DirectMethodHandleAccessor.java:103)
jdk.proxy2/jdk.proxy2.$Proxy57.execute(Unknown Source)
com.kms.katalon.core.webui.model.SeleniumActionRetryController.performAction(SeleniumActionRetryController.java:96)
com.kms.katalon.core.webui.model.SeleniumActionRetryController.performAction(SeleniumActionRetryController.java:83)
com.kms.katalon.core.webui.keyword.internal.WebUIKeywordMain$_runKeywordUntilTimeout_closure1.doCall(WebUIKeywordMain.groovy:135)
com.kms.katalon.core.webui.keyword.internal.WebUIKeywordMain$_runKeywordUntilTimeout_closure1.call(WebUIKeywordMain.groovy)
com.kms.katalon.core.webui.keyword.internal.WebUIKeywordMain.runKeyword(WebUIKeywordMain.groovy:41)
com.kms.katalon.core.webui.keyword.internal.WebUIKeywordMain.runKeywordUntilTimeout(WebUIKeywordMain.groovy:133)
com.kms.katalon.core.webui.keyword.builtin.SelectOptionByValueKeyword.selectOptionByValue(SelectOptionByValueKeyword.groovy:79)
com.kms.katalon.core.webui.keyword.builtin.SelectOptionByValueKeyword.execute(SelectOptionByValueKeyword.groovy:44)
com.kms.katalon.core.keyword.internal.KeywordExecutor.executeKeywordForPlatform(KeywordExecutor.groovy:103)
com.kms.katalon.core.webui.keyword.WebUiBuiltInKeywords.selectOptionByValue(WebUiBuiltInKeywords.groovy:1270)
Script178070060204.run(Script178070060204.groovy:26)
</property>
</record>
<record>
  <date>2026-06-07T23:00:24.102051800Z</date>
  <millis>1780873224102</millis>
  <nanos>51800</nanos>
  <sequence>1558</sequence>
  <level>END</level>
  <class>com.kms.katalon.core.logging.XmlKeywordLogger</class>
  <method>endKeyword</method>
  <thread>1</thread>
  <message>End action : return t</message>
  <nestedLevel>1</nestedLevel>
  <escapedJava>false</escapedJava>
</record>
<record>
  <date>2026-06-07T23:00:24.102051800Z</date>
  <millis>1780873224102</millis>
  <nanos>51800</nanos>
  <sequence>1559</sequence>
  <level>START</level>
  <class>com.kms.katalon.core.logging.XmlKeywordLogger</class>
  <method>startKeyword</method>
  <thread>1</thread>
  <message>Start action : valid = executeJavaScript(&amp;quot;return document.querySelector(\&amp;quot;form[action=&amp;apos;Ordine&amp;apos;]\&amp;quot;).checkValidity()&amp;quot;, null)</message>
  <nestedLevel>1</nestedLevel>
  <escapedJava>false</escapedJava>
  <property name="startLine">28</property>
  <property name="stepIndex">13</property>
</record>
<record>
  <date>2026-06-07T23:00:24.106067700Z</date>
  <millis>1780873224106</millis>
  <nanos>67700</nanos>
  <sequence>1561</sequence>
  <level>PASSED</level>
  <class>com.kms.katalon.core.logging.XmlKeywordLogger</class>
  <method>logMessage</method>
  <thread>1</thread>
  <message>Execute JavaScript &amp;apos;return document.querySelector(&amp;quot;form[action=&amp;apos;Ordine&amp;apos;]&amp;quot;).checkValidity()&amp;apos; successfully</message>
  <nestedLevel>1</nestedLevel>
  <escapedJava>false</escapedJava>
  <property name="testops-method-name">com.kms.katalon.core.webui.keyword.builtin.ExecuteJavaScriptKeyword.executeJavascript</property>
  <property name="testops-execution-stacktrace"></property>
</record>
<record>
  <date>2026-06-07T23:00:24.107070Z</date>
  <millis>1780873224107</millis>
  <nanos>70000</nanos>
  <sequence>1562</sequence>
  <level>END</level>
  <class>com.kms.katalon.core.logging.XmlKeywordLogger</class>
  <method>endKeyword</method>
  <thread>1</thread>
  <message>End action : valid = executeJavaScript(&amp;quot;return document.querySelector(\&amp;quot;form[action=&amp;apos;Ordine&amp;apos;]\&amp;quot;).checkValidity()&amp;quot;, null)</message>
  <nestedLevel>1</nestedLevel>
  <escapedJava>false</escapedJava>
</record>
<record>
  <date>2026-06-07T23:00:24.107070Z</date>
  <millis>1780873224107</millis>
  <nanos>70000</nanos>
  <sequence>1563</sequence>
  <level>START</level>
  <class>com.kms.katalon.core.logging.XmlKeywordLogger</class>
  <method>startKeyword</method>
  <thread>1</thread>
  <message>Start action : verifyEqual(valid, false)</message>
  <nestedLevel>1</nestedLevel>
  <escapedJava>false</escapedJava>
  <property name="startLine">29</property>
  <property name="stepIndex">14</property>
</record>
<record>
  <date>2026-06-07T23:00:24.107070Z</date>
  <millis>1780873224107</millis>
  <nanos>70000</nanos>
  <sequence>1566</sequence>
  <level>PASSED</level>
  <class>com.kms.katalon.core.logging.XmlKeywordLogger</class>
  <method>logMessage</method>
  <thread>1</thread>
  <message>Actual object &amp;apos;false&amp;apos; and expected object &amp;apos;false&amp;apos; are equal</message>
  <nestedLevel>1</nestedLevel>
  <escapedJava>false</escapedJava>
  <property name="testops-is-assertion">true</property>
  <property name="testops-method-name">com.kms.katalon.core.keyword.builtin.VerifyEqualKeyword.verifyEqual</property>
  <property name="testops-execution-stacktrace"></property>
</record>
<record>
  <date>2026-06-07T23:00:24.108067900Z</date>
  <millis>1780873224108</millis>
  <nanos>67900</nanos>
  <sequence>1567</sequence>
  <level>END</level>
  <class>com.kms.katalon.core.logging.XmlKeywordLogger</class>
  <method>endKeyword</method>
  <thread>1</thread>
  <message>End action : verifyEqual(valid, false)</message>
  <nestedLevel>1</nestedLevel>
  <escapedJava>false</escapedJava>
</record>
<record>
  <date>2026-06-07T23:00:24.108067900Z</date>
  <millis>1780873224108</millis>
  <nanos>67900</nanos>
  <sequence>1568</sequence>
  <level>START</level>
  <class>com.kms.katalon.core.logging.XmlKeywordLogger</class>
  <method>startKeyword</method>
  <thread>1</thread>
  <message>Start action : click(css(&amp;quot;form[action=&amp;apos;Ordine&amp;apos;] .checkout-btn&amp;quot;))</message>
  <nestedLevel>1</nestedLevel>
  <escapedJava>false</escapedJava>
  <property name="startLine">30</property>
  <property name="stepIndex">15</property>
</record>
<record>
  <date>2026-06-07T23:00:24.108067900Z</date>
  <millis>1780873224108</millis>
  <nanos>67900</nanos>
  <sequence>1569</sequence>
  <level>END</level>
  <class>com.kms.katalon.core.logging.XmlKeywordLogger</class>
  <method>endKeyword</method>
  <thread>1</thread>
  <message>End action : click(css(&amp;quot;form[action=&amp;apos;Ordine&amp;apos;] .checkout-btn&amp;quot;))</message>
  <nestedLevel>1</nestedLevel>
  <escapedJava>false</escapedJava>
</record>
<record>
  <date>2026-06-07T23:00:24.108067900Z</date>
  <millis>1780873224108</millis>
  <nanos>67900</nanos>
  <sequence>1570</sequence>
  <level>START</level>
  <class>com.kms.katalon.core.logging.XmlKeywordLogger</class>
  <method>startKeyword</method>
  <thread>1</thread>
  <message>Start action : t = new com.kms.katalon.core.testobject.TestObject(sel)</message>
  <nestedLevel>1</nestedLevel>
  <escapedJava>false</escapedJava>
  <property name="startLine">8</property>
  <property name="stepIndex">1</property>
</record>
<record>
  <date>2026-06-07T23:00:24.108067900Z</date>
  <millis>1780873224108</millis>
  <nanos>67900</nanos>
  <sequence>1571</sequence>
  <level>END</level>
  <class>com.kms.katalon.core.logging.XmlKeywordLogger</class>
  <method>endKeyword</method>
  <thread>1</thread>
  <message>End action : t = new com.kms.katalon.core.testobject.TestObject(sel)</message>
  <nestedLevel>1</nestedLevel>
  <escapedJava>false</escapedJava>
</record>
<record>
  <date>2026-06-07T23:00:24.108067900Z</date>
  <millis>1780873224108</millis>
  <nanos>67900</nanos>
  <sequence>1572</sequence>
  <level>START</level>
  <class>com.kms.katalon.core.logging.XmlKeywordLogger</class>
  <method>startKeyword</method>
  <thread>1</thread>
  <message>Start action : t.addProperty(&amp;quot;css&amp;quot;, EQUALS, sel)</message>
  <nestedLevel>1</nestedLevel>
  <escapedJava>false</escapedJava>
  <property name="startLine">9</property>
  <property name="stepIndex">2</property>
</record>
<record>
  <date>2026-06-07T23:00:24.108067900Z</date>
  <millis>1780873224108</millis>
  <nanos>67900</nanos>
  <sequence>1573</sequence>
  <level>END</level>
  <class>com.kms.katalon.core.logging.XmlKeywordLogger</class>
  <method>endKeyword</method>
  <thread>1</thread>
  <message>End action : t.addProperty(&amp;quot;css&amp;quot;, EQUALS, sel)</message>
  <nestedLevel>1</nestedLevel>
  <escapedJava>false</escapedJava>
</record>
<record>
  <date>2026-06-07T23:00:24.108067900Z</date>
  <millis>1780873224108</millis>
  <nanos>67900</nanos>
  <sequence>1574</sequence>
  <level>START</level>
  <class>com.kms.katalon.core.logging.XmlKeywordLogger</class>
  <method>startKeyword</method>
  <thread>1</thread>
  <message>Start action : return t</message>
  <nestedLevel>1</nestedLevel>
  <escapedJava>false</escapedJava>
  <property name="startLine">10</property>
  <property name="stepIndex">3</property>
</record>
<record>
  <date>2026-06-07T23:00:24.403367300Z</date>
  <millis>1780873224403</millis>
  <nanos>367300</nanos>
  <sequence>1584</sequence>
  <level>PASSED</level>
  <class>com.kms.katalon.core.logging.XmlKeywordLogger</class>
  <method>logMessage</method>
  <thread>1</thread>
  <message>Object: &amp;apos;form[action=&amp;apos;Ordine&amp;apos;] .checkout-btn&amp;apos; is clicked on</message>
  <nestedLevel>1</nestedLevel>
  <escapedJava>false</escapedJava>
  <property name="testops-method-name">com.kms.katalon.core.webui.keyword.internal.WebUIKeywordMain.runKeywordUntilTimeout</property>
  <property name="testops-execution-stacktrace">com.kms.katalon.core.logging.KeywordLogger.logPassed(KeywordLogger.java:350)
com.kms.katalon.core.logging.KeywordLogger.logPassed(KeywordLogger.java:345)
com.kms.katalon.core.webui.keyword.builtin.ClickKeyword$_click_closure1.doCall(ClickKeyword.groovy:66)
java.base/jdk.internal.reflect.DirectMethodHandleAccessor.invoke(DirectMethodHandleAccessor.java:103)
jdk.proxy2/jdk.proxy2.$Proxy57.execute(Unknown Source)
com.kms.katalon.core.webui.model.SeleniumActionRetryController.performAction(SeleniumActionRetryController.java:96)
com.kms.katalon.core.webui.model.SeleniumActionRetryController.performAction(SeleniumActionRetryController.java:83)
com.kms.katalon.core.webui.keyword.internal.WebUIKeywordMain$_runKeywordUntilTimeout_closure1.doCall(WebUIKeywordMain.groovy:135)
com.kms.katalon.core.webui.keyword.internal.WebUIKeywordMain$_runKeywordUntilTimeout_closure1.call(WebUIKeywordMain.groovy)
com.kms.katalon.core.webui.keyword.internal.WebUIKeywordMain.runKeyword(WebUIKeywordMain.groovy:41)
com.kms.katalon.core.webui.keyword.internal.WebUIKeywordMain.runKeywordUntilTimeout(WebUIKeywordMain.groovy:133)
com.kms.katalon.core.webui.keyword.builtin.ClickKeyword.click(ClickKeyword.groovy:72)
com.kms.katalon.core.webui.keyword.builtin.ClickKeyword.execute(ClickKeyword.groovy:38)
com.kms.katalon.core.keyword.internal.KeywordExecutor.executeKeywordForPlatform(KeywordExecutor.groovy:103)
com.kms.katalon.core.webui.keyword.WebUiBuiltInKeywords.click(WebUiBuiltInKeywords.groovy:722)
Script178070060204.run(Script178070060204.groovy:30)
</property>
</record>
<record>
  <date>2026-06-07T23:00:24.403367300Z</date>
  <millis>1780873224403</millis>
  <nanos>367300</nanos>
  <sequence>1585</sequence>
  <level>END</level>
  <class>com.kms.katalon.core.logging.XmlKeywordLogger</class>
  <method>endKeyword</method>
  <thread>1</thread>
  <message>End action : return t</message>
  <nestedLevel>1</nestedLevel>
  <escapedJava>false</escapedJava>
</record>
<record>
  <date>2026-06-07T23:00:24.403367300Z</date>
  <millis>1780873224403</millis>
  <nanos>367300</nanos>
  <sequence>1586</sequence>
  <level>START</level>
  <class>com.kms.katalon.core.logging.XmlKeywordLogger</class>
  <method>startKeyword</method>
  <thread>1</thread>
  <message>Start action : delay(1)</message>
  <nestedLevel>1</nestedLevel>
  <escapedJava>false</escapedJava>
  <property name="startLine">31</property>
  <property name="stepIndex">16</property>
</record>
<record>
  <date>2026-06-07T23:00:25.409623900Z</date>
  <millis>1780873225409</millis>
  <nanos>623900</nanos>
  <sequence>1589</sequence>
  <level>PASSED</level>
  <class>com.kms.katalon.core.logging.XmlKeywordLogger</class>
  <method>logMessage</method>
  <thread>1</thread>
  <message>Delayed 1 second(s)</message>
  <nestedLevel>1</nestedLevel>
  <escapedJava>false</escapedJava>
  <property name="testops-method-name">com.kms.katalon.core.keyword.builtin.DelayKeyword.delay</property>
  <property name="testops-execution-stacktrace"></property>
</record>
<record>
  <date>2026-06-07T23:00:25.409623900Z</date>
  <millis>1780873225409</millis>
  <nanos>623900</nanos>
  <sequence>1590</sequence>
  <level>END</level>
  <class>com.kms.katalon.core.logging.XmlKeywordLogger</class>
  <method>endKeyword</method>
  <thread>1</thread>
  <message>End action : delay(1)</message>
  <nestedLevel>1</nestedLevel>
  <escapedJava>false</escapedJava>
</record>
<record>
  <date>2026-06-07T23:00:25.409623900Z</date>
  <millis>1780873225409</millis>
  <nanos>623900</nanos>
  <sequence>1591</sequence>
  <level>START</level>
  <class>com.kms.katalon.core.logging.XmlKeywordLogger</class>
  <method>startKeyword</method>
  <thread>1</thread>
  <message>Start action : takeScreenshot()</message>
  <nestedLevel>1</nestedLevel>
  <escapedJava>false</escapedJava>
  <property name="startLine">32</property>
  <property name="stepIndex">17</property>
</record>
<record>
  <date>2026-06-07T23:00:25.700079700Z</date>
  <millis>1780873225700</millis>
  <nanos>79700</nanos>
  <sequence>1594</sequence>
  <level>PASSED</level>
  <class>com.kms.katalon.core.logging.XmlKeywordLogger</class>
  <method>logMessage</method>
  <thread>1</thread>
  <message>Taking screenshot successfully</message>
  <nestedLevel>1</nestedLevel>
  <escapedJava>false</escapedJava>
  <property name="attachment">1780873225411.png</property>
  <property name="testops-method-name">com.kms.katalon.core.webui.keyword.builtin.TakeScreenshotKeyword.takeScreenshot</property>
  <property name="testops-execution-stacktrace"></property>
</record>
<record>
  <date>2026-06-07T23:00:25.700079700Z</date>
  <millis>1780873225700</millis>
  <nanos>79700</nanos>
  <sequence>1595</sequence>
  <level>END</level>
  <class>com.kms.katalon.core.logging.XmlKeywordLogger</class>
  <method>endKeyword</method>
  <thread>1</thread>
  <message>End action : takeScreenshot()</message>
  <nestedLevel>1</nestedLevel>
  <escapedJava>false</escapedJava>
</record>
<record>
  <date>2026-06-07T23:00:25.700853600Z</date>
  <millis>1780873225700</millis>
  <nanos>853600</nanos>
  <sequence>1596</sequence>
  <level>START</level>
  <class>com.kms.katalon.core.logging.XmlKeywordLogger</class>
  <method>startKeyword</method>
  <thread>1</thread>
  <message>Start action : verifyElementPresent(css(&amp;quot;#paypal&amp;quot;), 5)</message>
  <nestedLevel>1</nestedLevel>
  <escapedJava>false</escapedJava>
  <property name="startLine">34</property>
  <property name="stepIndex">18</property>
</record>
<record>
  <date>2026-06-07T23:00:25.700853600Z</date>
  <millis>1780873225700</millis>
  <nanos>853600</nanos>
  <sequence>1597</sequence>
  <level>END</level>
  <class>com.kms.katalon.core.logging.XmlKeywordLogger</class>
  <method>endKeyword</method>
  <thread>1</thread>
  <message>End action : verifyElementPresent(css(&amp;quot;#paypal&amp;quot;), 5)</message>
  <nestedLevel>1</nestedLevel>
  <escapedJava>false</escapedJava>
</record>
<record>
  <date>2026-06-07T23:00:25.700853600Z</date>
  <millis>1780873225700</millis>
  <nanos>853600</nanos>
  <sequence>1598</sequence>
  <level>START</level>
  <class>com.kms.katalon.core.logging.XmlKeywordLogger</class>
  <method>startKeyword</method>
  <thread>1</thread>
  <message>Start action : t = new com.kms.katalon.core.testobject.TestObject(sel)</message>
  <nestedLevel>1</nestedLevel>
  <escapedJava>false</escapedJava>
  <property name="startLine">8</property>
  <property name="stepIndex">1</property>
</record>
<record>
  <date>2026-06-07T23:00:25.701362300Z</date>
  <millis>1780873225701</millis>
  <nanos>362300</nanos>
  <sequence>1599</sequence>
  <level>END</level>
  <class>com.kms.katalon.core.logging.XmlKeywordLogger</class>
  <method>endKeyword</method>
  <thread>1</thread>
  <message>End action : t = new com.kms.katalon.core.testobject.TestObject(sel)</message>
  <nestedLevel>1</nestedLevel>
  <escapedJava>false</escapedJava>
</record>
<record>
  <date>2026-06-07T23:00:25.701362300Z</date>
  <millis>1780873225701</millis>
  <nanos>362300</nanos>
  <sequence>1600</sequence>
  <level>START</level>
  <class>com.kms.katalon.core.logging.XmlKeywordLogger</class>
  <method>startKeyword</method>
  <thread>1</thread>
  <message>Start action : t.addProperty(&amp;quot;css&amp;quot;, EQUALS, sel)</message>
  <nestedLevel>1</nestedLevel>
  <escapedJava>false</escapedJava>
  <property name="startLine">9</property>
  <property name="stepIndex">2</property>
</record>
<record>
  <date>2026-06-07T23:00:25.701362300Z</date>
  <millis>1780873225701</millis>
  <nanos>362300</nanos>
  <sequence>1601</sequence>
  <level>END</level>
  <class>com.kms.katalon.core.logging.XmlKeywordLogger</class>
  <method>endKeyword</method>
  <thread>1</thread>
  <message>End action : t.addProperty(&amp;quot;css&amp;quot;, EQUALS, sel)</message>
  <nestedLevel>1</nestedLevel>
  <escapedJava>false</escapedJava>
</record>
<record>
  <date>2026-06-07T23:00:25.701362300Z</date>
  <millis>1780873225701</millis>
  <nanos>362300</nanos>
  <sequence>1602</sequence>
  <level>START</level>
  <class>com.kms.katalon.core.logging.XmlKeywordLogger</class>
  <method>startKeyword</method>
  <thread>1</thread>
  <message>Start action : return t</message>
  <nestedLevel>1</nestedLevel>
  <escapedJava>false</escapedJava>
  <property name="startLine">10</property>
  <property name="stepIndex">3</property>
</record>
<record>
  <date>2026-06-07T23:00:25.934644400Z</date>
  <millis>1780873225934</millis>
  <nanos>644400</nanos>
  <sequence>1607</sequence>
  <level>PASSED</level>
  <class>com.kms.katalon.core.logging.XmlKeywordLogger</class>
  <method>logMessage</method>
  <thread>1</thread>
  <message>Object &amp;apos;#paypal&amp;apos; is present</message>
  <nestedLevel>1</nestedLevel>
  <escapedJava>false</escapedJava>
  <property name="testops-is-assertion">true</property>
  <property name="testops-method-name">com.kms.katalon.core.webui.keyword.builtin.VerifyElementPresentKeyword.verifyElementPresent</property>
  <property name="testops-execution-stacktrace"></property>
</record>
<record>
  <date>2026-06-07T23:00:25.935646Z</date>
  <millis>1780873225935</millis>
  <nanos>646000</nanos>
  <sequence>1608</sequence>
  <level>END</level>
  <class>com.kms.katalon.core.logging.XmlKeywordLogger</class>
  <method>endKeyword</method>
  <thread>1</thread>
  <message>End action : return t</message>
  <nestedLevel>1</nestedLevel>
  <escapedJava>false</escapedJava>
</record>
<record>
  <date>2026-06-07T23:00:25.935646Z</date>
  <millis>1780873225935</millis>
  <nanos>646000</nanos>
  <sequence>1609</sequence>
  <level>START</level>
  <class>com.kms.katalon.core.logging.XmlKeywordLogger</class>
  <method>startKeyword</method>
  <thread>1</thread>
  <message>Start action : closeBrowser()</message>
  <nestedLevel>1</nestedLevel>
  <escapedJava>false</escapedJava>
  <property name="startLine">35</property>
  <property name="stepIndex">19</property>
</record>
<record>
  <date>2026-06-07T23:00:26.107403200Z</date>
  <millis>1780873226107</millis>
  <nanos>403200</nanos>
  <sequence>1612</sequence>
  <level>PASSED</level>
  <class>com.kms.katalon.core.logging.XmlKeywordLogger</class>
  <method>logMessage</method>
  <thread>1</thread>
  <message>Browser is closed</message>
  <nestedLevel>1</nestedLevel>
  <escapedJava>false</escapedJava>
  <property name="testops-method-name">com.kms.katalon.core.webui.keyword.builtin.CloseBrowserKeyword.closeBrowser</property>
  <property name="testops-execution-stacktrace"></property>
</record>
<record>
  <date>2026-06-07T23:00:26.107403200Z</date>
  <millis>1780873226107</millis>
  <nanos>403200</nanos>
  <sequence>1613</sequence>
  <level>END</level>
  <class>com.kms.katalon.core.logging.XmlKeywordLogger</class>
  <method>endKeyword</method>
  <thread>1</thread>
  <message>End action : closeBrowser()</message>
  <nestedLevel>1</nestedLevel>
  <escapedJava>false</escapedJava>
</record>
<record>
  <date>2026-06-07T23:00:26.107403200Z</date>
  <millis>1780873226107</millis>
  <nanos>403200</nanos>
  <sequence>1614</sequence>
  <level>PASSED</level>
  <class>com.kms.katalon.core.logging.XmlKeywordLogger</class>
  <method>logMessage</method>
  <thread>1</thread>
  <message>Test Cases/Ordine/TC_6.2_4</message>
  <nestedLevel>1</nestedLevel>
  <escapedJava>false</escapedJava>
</record>
<record>
  <date>2026-06-07T23:00:26.107403200Z</date>
  <millis>1780873226107</millis>
  <nanos>403200</nanos>
  <sequence>1615</sequence>
  <level>END</level>
  <class>com.kms.katalon.core.logging.XmlKeywordLogger</class>
  <method>endTest</method>
  <thread>1</thread>
  <message>End Test Case : Test Cases/Ordine/TC_6.2_4</message>
  <nestedLevel>0</nestedLevel>
  <escapedJava>false</escapedJava>
  <property name="executionBindingVariables">[]</property>
  <property name="applitools">false</property>
  <property name="executedKeywords">{
  &quot;WebUI.verifyElementPresent&quot;: 1,
  &quot;WebUI.closeBrowser&quot;: 1,
  &quot;BuiltIn.verifyEqual&quot;: 1,
  &quot;WebUI.click&quot;: 2,
  &quot;WebUI.executeJavaScript&quot;: 1,
  &quot;WebUI.takeScreenshot&quot;: 1,
  &quot;WebUI.navigateToUrl&quot;: 3,
  &quot;WebUI.selectOptionByValue&quot;: 2,
  &quot;WebUI.openBrowser&quot;: 1,
  &quot;BuiltIn.delay&quot;: 4,
  &quot;WebUI.setText&quot;: 2
}</property>
  <property name="keywordsUsage">{
  &quot;web_ui&quot;: true,
  &quot;web_service&quot;: false,
  &quot;cucumber&quot;: false,
  &quot;builtin&quot;: true,
  &quot;mobile&quot;: false,
  &quot;windows&quot;: false,
  &quot;testng&quot;: false
}</property>
</record>
<record>
  <date>2026-06-07T23:00:26.109403200Z</date>
  <millis>1780873226109</millis>
  <nanos>403200</nanos>
  <sequence>1616</sequence>
  <level>START</level>
  <class>com.kms.katalon.core.logging.XmlKeywordLogger</class>
  <method>startTest</method>
  <thread>1</thread>
  <message>Start Test Case : Test Cases/Ordine/TC_6.2_5</message>
  <nestedLevel>1</nestedLevel>
  <escapedJava>false</escapedJava>
  <property name="origin"></property>
  <property name="name">Test Cases/Ordine/TC_6.2_5</property>
  <property name="description">Verifica decremento magazzino dopo acquisto (defect-exposing, PASS post-CR_01)</property>
  <property name="iteration"></property>
  <property name="id">Test Cases/Ordine/TC_6.2_5</property>
  <property name="source">C:\Users\gianf\Documents\Vaporant-IGES\StorageSession\testing\katalon\Vaporant-Baseline\Test Cases\Ordine\TC_6.2_5.tc</property>
  <property name="tag"></property>
  <property name="isOptional">false</property>
  <property name="uuid">f1181edb-cfaf-4e9f-9783-e7a3923d8869</property>
</record>
<record>
  <date>2026-06-07T23:00:26.117511200Z</date>
  <millis>1780873226117</millis>
  <nanos>511200</nanos>
  <sequence>1618</sequence>
  <level>RUN_DATA</level>
  <class>com.kms.katalon.core.logging.XmlKeywordLogger</class>
  <method>logMessage</method>
  <thread>1</thread>
  <message>executionBindingVariables = []</message>
  <nestedLevel>1</nestedLevel>
  <escapedJava>false</escapedJava>
  <property name="executionBindingVariables">[]</property>
</record>
<record>
  <date>2026-06-07T23:00:26.117511200Z</date>
  <millis>1780873226117</millis>
  <nanos>511200</nanos>
  <sequence>1619</sequence>
  <level>START</level>
  <class>com.kms.katalon.core.logging.XmlKeywordLogger</class>
  <method>startKeyword</method>
  <thread>1</thread>
  <message>Start listener action : resetSeedBeforeTestCase</message>
  <nestedLevel>1</nestedLevel>
  <escapedJava>false</escapedJava>
</record>
<record>
  <date>2026-06-07T23:00:26.117511200Z</date>
  <millis>1780873226117</millis>
  <nanos>511200</nanos>
  <sequence>1621</sequence>
  <level>START</level>
  <class>com.kms.katalon.core.logging.XmlKeywordLogger</class>
  <method>startKeyword</method>
  <thread>1</thread>
  <message>Start action : if (resetSeed == false)</message>
  <nestedLevel>1</nestedLevel>
  <escapedJava>false</escapedJava>
  <property name="startLine">26</property>
  <property name="stepIndex">1</property>
</record>
<record>
  <date>2026-06-07T23:00:26.118506Z</date>
  <millis>1780873226118</millis>
  <nanos>506000</nanos>
  <sequence>1622</sequence>
  <level>END</level>
  <class>com.kms.katalon.core.logging.XmlKeywordLogger</class>
  <method>endKeyword</method>
  <thread>1</thread>
  <message>End action : if (resetSeed == false)</message>
  <nestedLevel>1</nestedLevel>
  <escapedJava>false</escapedJava>
</record>
<record>
  <date>2026-06-07T23:00:26.118506Z</date>
  <millis>1780873226118</millis>
  <nanos>506000</nanos>
  <sequence>1623</sequence>
  <level>START</level>
  <class>com.kms.katalon.core.logging.XmlKeywordLogger</class>
  <method>startKeyword</method>
  <thread>1</thread>
  <message>Start action : projectDir = getProjectDir()</message>
  <nestedLevel>1</nestedLevel>
  <escapedJava>false</escapedJava>
  <property name="startLine">30</property>
  <property name="stepIndex">2</property>
</record>
<record>
  <date>2026-06-07T23:00:26.118506Z</date>
  <millis>1780873226118</millis>
  <nanos>506000</nanos>
  <sequence>1624</sequence>
  <level>END</level>
  <class>com.kms.katalon.core.logging.XmlKeywordLogger</class>
  <method>endKeyword</method>
  <thread>1</thread>
  <message>End action : projectDir = getProjectDir()</message>
  <nestedLevel>1</nestedLevel>
  <escapedJava>false</escapedJava>
</record>
<record>
  <date>2026-06-07T23:00:26.118506Z</date>
  <millis>1780873226118</millis>
  <nanos>506000</nanos>
  <sequence>1625</sequence>
  <level>START</level>
  <class>com.kms.katalon.core.logging.XmlKeywordLogger</class>
  <method>startKeyword</method>
  <thread>1</thread>
  <message>Start action : script = new java.io.File(projectDir, Data Files/reset-seed.sql)</message>
  <nestedLevel>1</nestedLevel>
  <escapedJava>false</escapedJava>
  <property name="startLine">31</property>
  <property name="stepIndex">3</property>
</record>
<record>
  <date>2026-06-07T23:00:26.118506Z</date>
  <millis>1780873226118</millis>
  <nanos>506000</nanos>
  <sequence>1626</sequence>
  <level>END</level>
  <class>com.kms.katalon.core.logging.XmlKeywordLogger</class>
  <method>endKeyword</method>
  <thread>1</thread>
  <message>End action : script = new java.io.File(projectDir, Data Files/reset-seed.sql)</message>
  <nestedLevel>1</nestedLevel>
  <escapedJava>false</escapedJava>
</record>
<record>
  <date>2026-06-07T23:00:26.118506Z</date>
  <millis>1780873226118</millis>
  <nanos>506000</nanos>
  <sequence>1627</sequence>
  <level>START</level>
  <class>com.kms.katalon.core.logging.XmlKeywordLogger</class>
  <method>startKeyword</method>
  <thread>1</thread>
  <message>Start action : if (!(script.exists()))</message>
  <nestedLevel>1</nestedLevel>
  <escapedJava>false</escapedJava>
  <property name="startLine">33</property>
  <property name="stepIndex">4</property>
</record>
<record>
  <date>2026-06-07T23:00:26.118506Z</date>
  <millis>1780873226118</millis>
  <nanos>506000</nanos>
  <sequence>1628</sequence>
  <level>END</level>
  <class>com.kms.katalon.core.logging.XmlKeywordLogger</class>
  <method>endKeyword</method>
  <thread>1</thread>
  <message>End action : if (!(script.exists()))</message>
  <nestedLevel>1</nestedLevel>
  <escapedJava>false</escapedJava>
</record>
<record>
  <date>2026-06-07T23:00:26.118506Z</date>
  <millis>1780873226118</millis>
  <nanos>506000</nanos>
  <sequence>1629</sequence>
  <level>START</level>
  <class>com.kms.katalon.core.logging.XmlKeywordLogger</class>
  <method>startKeyword</method>
  <thread>1</thread>
  <message>Start action : cmd = [mysqlExe, &amp;quot;--user=&amp;quot; + dbUser, &amp;quot;--password=&amp;quot; + dbPass, dbName]</message>
  <nestedLevel>1</nestedLevel>
  <escapedJava>false</escapedJava>
  <property name="startLine">39</property>
  <property name="stepIndex">5</property>
</record>
<record>
  <date>2026-06-07T23:00:26.118506Z</date>
  <millis>1780873226118</millis>
  <nanos>506000</nanos>
  <sequence>1630</sequence>
  <level>END</level>
  <class>com.kms.katalon.core.logging.XmlKeywordLogger</class>
  <method>endKeyword</method>
  <thread>1</thread>
  <message>End action : cmd = [mysqlExe, &amp;quot;--user=&amp;quot; + dbUser, &amp;quot;--password=&amp;quot; + dbPass, dbName]</message>
  <nestedLevel>1</nestedLevel>
  <escapedJava>false</escapedJava>
</record>
<record>
  <date>2026-06-07T23:00:26.118506Z</date>
  <millis>1780873226118</millis>
  <nanos>506000</nanos>
  <sequence>1631</sequence>
  <level>START</level>
  <class>com.kms.katalon.core.logging.XmlKeywordLogger</class>
  <method>startKeyword</method>
  <thread>1</thread>
  <message>Start action : log = new java.io.File(java.lang.System.getProperty(java.io.tmpdir), seedreset.log)</message>
  <nestedLevel>1</nestedLevel>
  <escapedJava>false</escapedJava>
  <property name="startLine">46</property>
  <property name="stepIndex">6</property>
</record>
<record>
  <date>2026-06-07T23:00:26.118506Z</date>
  <millis>1780873226118</millis>
  <nanos>506000</nanos>
  <sequence>1632</sequence>
  <level>END</level>
  <class>com.kms.katalon.core.logging.XmlKeywordLogger</class>
  <method>endKeyword</method>
  <thread>1</thread>
  <message>End action : log = new java.io.File(java.lang.System.getProperty(java.io.tmpdir), seedreset.log)</message>
  <nestedLevel>1</nestedLevel>
  <escapedJava>false</escapedJava>
</record>
<record>
  <date>2026-06-07T23:00:26.118506Z</date>
  <millis>1780873226118</millis>
  <nanos>506000</nanos>
  <sequence>1633</sequence>
  <level>START</level>
  <class>com.kms.katalon.core.logging.XmlKeywordLogger</class>
  <method>startKeyword</method>
  <thread>1</thread>
  <message>Start action : pb = new java.lang.ProcessBuilder(cmd)</message>
  <nestedLevel>1</nestedLevel>
  <escapedJava>false</escapedJava>
  <property name="startLine">48</property>
  <property name="stepIndex">7</property>
</record>
<record>
  <date>2026-06-07T23:00:26.118506Z</date>
  <millis>1780873226118</millis>
  <nanos>506000</nanos>
  <sequence>1634</sequence>
  <level>END</level>
  <class>com.kms.katalon.core.logging.XmlKeywordLogger</class>
  <method>endKeyword</method>
  <thread>1</thread>
  <message>End action : pb = new java.lang.ProcessBuilder(cmd)</message>
  <nestedLevel>1</nestedLevel>
  <escapedJava>false</escapedJava>
</record>
<record>
  <date>2026-06-07T23:00:26.118506Z</date>
  <millis>1780873226118</millis>
  <nanos>506000</nanos>
  <sequence>1635</sequence>
  <level>START</level>
  <class>com.kms.katalon.core.logging.XmlKeywordLogger</class>
  <method>startKeyword</method>
  <thread>1</thread>
  <message>Start action : pb.redirectInput(script)</message>
  <nestedLevel>1</nestedLevel>
  <escapedJava>false</escapedJava>
  <property name="startLine">49</property>
  <property name="stepIndex">8</property>
</record>
<record>
  <date>2026-06-07T23:00:26.118506Z</date>
  <millis>1780873226118</millis>
  <nanos>506000</nanos>
  <sequence>1636</sequence>
  <level>END</level>
  <class>com.kms.katalon.core.logging.XmlKeywordLogger</class>
  <method>endKeyword</method>
  <thread>1</thread>
  <message>End action : pb.redirectInput(script)</message>
  <nestedLevel>1</nestedLevel>
  <escapedJava>false</escapedJava>
</record>
<record>
  <date>2026-06-07T23:00:26.118506Z</date>
  <millis>1780873226118</millis>
  <nanos>506000</nanos>
  <sequence>1637</sequence>
  <level>START</level>
  <class>com.kms.katalon.core.logging.XmlKeywordLogger</class>
  <method>startKeyword</method>
  <thread>1</thread>
  <message>Start action : pb.redirectErrorStream(true)</message>
  <nestedLevel>1</nestedLevel>
  <escapedJava>false</escapedJava>
  <property name="startLine">50</property>
  <property name="stepIndex">9</property>
</record>
<record>
  <date>2026-06-07T23:00:26.118506Z</date>
  <millis>1780873226118</millis>
  <nanos>506000</nanos>
  <sequence>1638</sequence>
  <level>END</level>
  <class>com.kms.katalon.core.logging.XmlKeywordLogger</class>
  <method>endKeyword</method>
  <thread>1</thread>
  <message>End action : pb.redirectErrorStream(true)</message>
  <nestedLevel>1</nestedLevel>
  <escapedJava>false</escapedJava>
</record>
<record>
  <date>2026-06-07T23:00:26.118506Z</date>
  <millis>1780873226118</millis>
  <nanos>506000</nanos>
  <sequence>1639</sequence>
  <level>START</level>
  <class>com.kms.katalon.core.logging.XmlKeywordLogger</class>
  <method>startKeyword</method>
  <thread>1</thread>
  <message>Start action : pb.redirectOutput(log)</message>
  <nestedLevel>1</nestedLevel>
  <escapedJava>false</escapedJava>
  <property name="startLine">51</property>
  <property name="stepIndex">10</property>
</record>
<record>
  <date>2026-06-07T23:00:26.118506Z</date>
  <millis>1780873226118</millis>
  <nanos>506000</nanos>
  <sequence>1640</sequence>
  <level>END</level>
  <class>com.kms.katalon.core.logging.XmlKeywordLogger</class>
  <method>endKeyword</method>
  <thread>1</thread>
  <message>End action : pb.redirectOutput(log)</message>
  <nestedLevel>1</nestedLevel>
  <escapedJava>false</escapedJava>
</record>
<record>
  <date>2026-06-07T23:00:26.119503500Z</date>
  <millis>1780873226119</millis>
  <nanos>503500</nanos>
  <sequence>1641</sequence>
  <level>START</level>
  <class>com.kms.katalon.core.logging.XmlKeywordLogger</class>
  <method>startKeyword</method>
  <thread>1</thread>
  <message>Start action : p = pb.start()</message>
  <nestedLevel>1</nestedLevel>
  <escapedJava>false</escapedJava>
  <property name="startLine">53</property>
  <property name="stepIndex">11</property>
</record>
<record>
  <date>2026-06-07T23:00:26.122355500Z</date>
  <millis>1780873226122</millis>
  <nanos>355500</nanos>
  <sequence>1642</sequence>
  <level>END</level>
  <class>com.kms.katalon.core.logging.XmlKeywordLogger</class>
  <method>endKeyword</method>
  <thread>1</thread>
  <message>End action : p = pb.start()</message>
  <nestedLevel>1</nestedLevel>
  <escapedJava>false</escapedJava>
</record>
<record>
  <date>2026-06-07T23:00:26.122355500Z</date>
  <millis>1780873226122</millis>
  <nanos>355500</nanos>
  <sequence>1643</sequence>
  <level>START</level>
  <class>com.kms.katalon.core.logging.XmlKeywordLogger</class>
  <method>startKeyword</method>
  <thread>1</thread>
  <message>Start action : finished = p.waitFor(20, SECONDS)</message>
  <nestedLevel>1</nestedLevel>
  <escapedJava>false</escapedJava>
  <property name="startLine">55</property>
  <property name="stepIndex">12</property>
</record>
<record>
  <date>2026-06-07T23:00:26.186869600Z</date>
  <millis>1780873226186</millis>
  <nanos>869600</nanos>
  <sequence>1644</sequence>
  <level>END</level>
  <class>com.kms.katalon.core.logging.XmlKeywordLogger</class>
  <method>endKeyword</method>
  <thread>1</thread>
  <message>End action : finished = p.waitFor(20, SECONDS)</message>
  <nestedLevel>1</nestedLevel>
  <escapedJava>false</escapedJava>
</record>
<record>
  <date>2026-06-07T23:00:26.186869600Z</date>
  <millis>1780873226186</millis>
  <nanos>869600</nanos>
  <sequence>1645</sequence>
  <level>START</level>
  <class>com.kms.katalon.core.logging.XmlKeywordLogger</class>
  <method>startKeyword</method>
  <thread>1</thread>
  <message>Start action : if (!(finished))</message>
  <nestedLevel>1</nestedLevel>
  <escapedJava>false</escapedJava>
  <property name="startLine">56</property>
  <property name="stepIndex">13</property>
</record>
<record>
  <date>2026-06-07T23:00:26.187489300Z</date>
  <millis>1780873226187</millis>
  <nanos>489300</nanos>
  <sequence>1646</sequence>
  <level>END</level>
  <class>com.kms.katalon.core.logging.XmlKeywordLogger</class>
  <method>endKeyword</method>
  <thread>1</thread>
  <message>End action : if (!(finished))</message>
  <nestedLevel>1</nestedLevel>
  <escapedJava>false</escapedJava>
</record>
<record>
  <date>2026-06-07T23:00:26.187489300Z</date>
  <millis>1780873226187</millis>
  <nanos>489300</nanos>
  <sequence>1647</sequence>
  <level>START</level>
  <class>com.kms.katalon.core.logging.XmlKeywordLogger</class>
  <method>startKeyword</method>
  <thread>1</thread>
  <message>Start action : code = p.exitValue()</message>
  <nestedLevel>1</nestedLevel>
  <escapedJava>false</escapedJava>
  <property name="startLine">62</property>
  <property name="stepIndex">14</property>
</record>
<record>
  <date>2026-06-07T23:00:26.187489300Z</date>
  <millis>1780873226187</millis>
  <nanos>489300</nanos>
  <sequence>1648</sequence>
  <level>END</level>
  <class>com.kms.katalon.core.logging.XmlKeywordLogger</class>
  <method>endKeyword</method>
  <thread>1</thread>
  <message>End action : code = p.exitValue()</message>
  <nestedLevel>1</nestedLevel>
  <escapedJava>false</escapedJava>
</record>
<record>
  <date>2026-06-07T23:00:26.187489300Z</date>
  <millis>1780873226187</millis>
  <nanos>489300</nanos>
  <sequence>1649</sequence>
  <level>START</level>
  <class>com.kms.katalon.core.logging.XmlKeywordLogger</class>
  <method>startKeyword</method>
  <thread>1</thread>
  <message>Start action : if (code != 0)</message>
  <nestedLevel>1</nestedLevel>
  <escapedJava>false</escapedJava>
  <property name="startLine">63</property>
  <property name="stepIndex">15</property>
</record>
<record>
  <date>2026-06-07T23:00:26.187489300Z</date>
  <millis>1780873226187</millis>
  <nanos>489300</nanos>
  <sequence>1650</sequence>
  <level>END</level>
  <class>com.kms.katalon.core.logging.XmlKeywordLogger</class>
  <method>endKeyword</method>
  <thread>1</thread>
  <message>End action : if (code != 0)</message>
  <nestedLevel>1</nestedLevel>
  <escapedJava>false</escapedJava>
</record>
<record>
  <date>2026-06-07T23:00:26.187489300Z</date>
  <millis>1780873226187</millis>
  <nanos>489300</nanos>
  <sequence>1651</sequence>
  <level>START</level>
  <class>com.kms.katalon.core.logging.XmlKeywordLogger</class>
  <method>startKeyword</method>
  <thread>1</thread>
  <message>Start action : else</message>
  <nestedLevel>1</nestedLevel>
  <escapedJava>false</escapedJava>
  <property name="startLine">67</property>
  <property name="stepIndex">16</property>
</record>
<record>
  <date>2026-06-07T23:00:26.187489300Z</date>
  <millis>1780873226187</millis>
  <nanos>489300</nanos>
  <sequence>1652</sequence>
  <level>START</level>
  <class>com.kms.katalon.core.logging.XmlKeywordLogger</class>
  <method>startKeyword</method>
  <thread>1</thread>
  <message>Start action : logInfo(&amp;quot;Seed ripristinato prima di: &amp;quot; + context.getTestCaseId())</message>
  <nestedLevel>2</nestedLevel>
  <escapedJava>false</escapedJava>
  <property name="startLine">68</property>
  <property name="stepIndex">1</property>
</record>
<record>
  <date>2026-06-07T23:00:26.187489300Z</date>
  <millis>1780873226187</millis>
  <nanos>489300</nanos>
  <sequence>1653</sequence>
  <level>INFO</level>
  <class>com.kms.katalon.core.logging.XmlKeywordLogger</class>
  <method>logMessage</method>
  <thread>1</thread>
  <message>Seed ripristinato prima di: Test Cases/Ordine/TC_6.2_5</message>
  <nestedLevel>1</nestedLevel>
  <escapedJava>false</escapedJava>
</record>
<record>
  <date>2026-06-07T23:00:26.188016900Z</date>
  <millis>1780873226188</millis>
  <nanos>16900</nanos>
  <sequence>1655</sequence>
  <level>END</level>
  <class>com.kms.katalon.core.logging.XmlKeywordLogger</class>
  <method>endKeyword</method>
  <thread>1</thread>
  <message>End action : logInfo(&amp;quot;Seed ripristinato prima di: &amp;quot; + context.getTestCaseId())</message>
  <nestedLevel>2</nestedLevel>
  <escapedJava>false</escapedJava>
</record>
<record>
  <date>2026-06-07T23:00:26.188016900Z</date>
  <millis>1780873226188</millis>
  <nanos>16900</nanos>
  <sequence>1656</sequence>
  <level>END</level>
  <class>com.kms.katalon.core.logging.XmlKeywordLogger</class>
  <method>endKeyword</method>
  <thread>1</thread>
  <message>End action : else</message>
  <nestedLevel>1</nestedLevel>
  <escapedJava>false</escapedJava>
</record>
<record>
  <date>2026-06-07T23:00:26.188016900Z</date>
  <millis>1780873226188</millis>
  <nanos>16900</nanos>
  <sequence>1657</sequence>
  <level>END</level>
  <class>com.kms.katalon.core.logging.XmlKeywordLogger</class>
  <method>endKeyword</method>
  <thread>1</thread>
  <message>End listener action : resetSeedBeforeTestCase</message>
  <nestedLevel>1</nestedLevel>
  <escapedJava>false</escapedJava>
</record>
<record>
  <date>2026-06-07T23:00:26.240327700Z</date>
  <millis>1780873226240</millis>
  <nanos>327700</nanos>
  <sequence>1658</sequence>
  <level>START</level>
  <class>com.kms.katalon.core.logging.XmlKeywordLogger</class>
  <method>startKeyword</method>
  <thread>1</thread>
  <message>Start action : openBrowser(&amp;quot;&amp;quot;)</message>
  <nestedLevel>1</nestedLevel>
  <escapedJava>false</escapedJava>
  <property name="startLine">17</property>
  <property name="stepIndex">1</property>
</record>
<record>
  <date>2026-06-07T23:00:26.241317700Z</date>
  <millis>1780873226241</millis>
  <nanos>317700</nanos>
  <sequence>1661</sequence>
  <level>INFO</level>
  <class>com.kms.katalon.core.logging.XmlKeywordLogger</class>
  <method>logMessage</method>
  <thread>1</thread>
  <message>Starting &amp;apos;Chrome&amp;apos; driver</message>
  <nestedLevel>1</nestedLevel>
  <escapedJava>false</escapedJava>
</record>
<record>
  <date>2026-06-07T23:00:26.241840600Z</date>
  <millis>1780873226241</millis>
  <nanos>840600</nanos>
  <sequence>1662</sequence>
  <level>INFO</level>
  <class>com.kms.katalon.core.logging.XmlKeywordLogger</class>
  <method>logMessage</method>
  <thread>1</thread>
  <message>Action delay is set to 0 milliseconds</message>
  <nestedLevel>1</nestedLevel>
  <escapedJava>false</escapedJava>
</record>
<record>
  <date>2026-06-07T23:00:27.000247700Z</date>
  <millis>1780873227000</millis>
  <nanos>247700</nanos>
  <sequence>1664</sequence>
  <level>RUN_DATA</level>
  <class>com.kms.katalon.core.logging.XmlKeywordLogger</class>
  <method>logMessage</method>
  <thread>1</thread>
  <message>sessionId = 23f5f3c239ede12f7472645eef797a12</message>
  <nestedLevel>1</nestedLevel>
  <escapedJava>false</escapedJava>
  <property name="sessionId">23f5f3c239ede12f7472645eef797a12</property>
</record>
<record>
  <date>2026-06-07T23:00:27.000247700Z</date>
  <millis>1780873227000</millis>
  <nanos>247700</nanos>
  <sequence>1665</sequence>
  <level>RUN_DATA</level>
  <class>com.kms.katalon.core.logging.XmlKeywordLogger</class>
  <method>logMessage</method>
  <thread>1</thread>
  <message>browser = Chrome 148.0.7778.179</message>
  <nestedLevel>1</nestedLevel>
  <escapedJava>false</escapedJava>
  <property name="browser">Chrome 148.0.7778.179</property>
</record>
<record>
  <date>2026-06-07T23:00:27.000247700Z</date>
  <millis>1780873227000</millis>
  <nanos>247700</nanos>
  <sequence>1666</sequence>
  <level>RUN_DATA</level>
  <class>com.kms.katalon.core.logging.XmlKeywordLogger</class>
  <method>logMessage</method>
  <thread>1</thread>
  <message>platform = Windows 11</message>
  <nestedLevel>1</nestedLevel>
  <escapedJava>false</escapedJava>
  <property name="platform">Windows 11</property>
</record>
<record>
  <date>2026-06-07T23:00:27.001240500Z</date>
  <millis>1780873227001</millis>
  <nanos>240500</nanos>
  <sequence>1667</sequence>
  <level>RUN_DATA</level>
  <class>com.kms.katalon.core.logging.XmlKeywordLogger</class>
  <method>logMessage</method>
  <thread>1</thread>
  <message>seleniumVersion = 4.39.0</message>
  <nestedLevel>1</nestedLevel>
  <escapedJava>false</escapedJava>
  <property name="seleniumVersion">4.39.0</property>
</record>
<record>
  <date>2026-06-07T23:00:27.001240500Z</date>
  <millis>1780873227001</millis>
  <nanos>240500</nanos>
  <sequence>1668</sequence>
  <level>RUN_DATA</level>
  <class>com.kms.katalon.core.logging.XmlKeywordLogger</class>
  <method>logMessage</method>
  <thread>1</thread>
  <message>proxyInformation = ProxyInformation { proxyOption=NO_PROXY, proxyServerType=HTTP, username=, password=********, proxyServerAddress=, proxyServerPort=0, executionList=&amp;quot;&amp;quot;, isApplyToDesiredCapabilities=true }</message>
  <nestedLevel>1</nestedLevel>
  <escapedJava>false</escapedJava>
  <property name="proxyInformation">ProxyInformation { proxyOption=NO_PROXY, proxyServerType=HTTP, username=, password=********, proxyServerAddress=, proxyServerPort=0, executionList=&quot;&quot;, isApplyToDesiredCapabilities=true }</property>
</record>
<record>
  <date>2026-06-07T23:00:27.007601Z</date>
  <millis>1780873227007</millis>
  <nanos>601000</nanos>
  <sequence>1669</sequence>
  <level>PASSED</level>
  <class>com.kms.katalon.core.logging.XmlKeywordLogger</class>
  <method>logMessage</method>
  <thread>1</thread>
  <message>Browser is opened with url: &amp;apos;&amp;apos;</message>
  <nestedLevel>1</nestedLevel>
  <escapedJava>false</escapedJava>
  <property name="testops-method-name">com.kms.katalon.core.webui.keyword.builtin.OpenBrowserKeyword.openBrowser</property>
  <property name="testops-execution-stacktrace"></property>
</record>
<record>
  <date>2026-06-07T23:00:27.008598900Z</date>
  <millis>1780873227008</millis>
  <nanos>598900</nanos>
  <sequence>1670</sequence>
  <level>END</level>
  <class>com.kms.katalon.core.logging.XmlKeywordLogger</class>
  <method>endKeyword</method>
  <thread>1</thread>
  <message>End action : openBrowser(&amp;quot;&amp;quot;)</message>
  <nestedLevel>1</nestedLevel>
  <escapedJava>false</escapedJava>
</record>
<record>
  <date>2026-06-07T23:00:27.008598900Z</date>
  <millis>1780873227008</millis>
  <nanos>598900</nanos>
  <sequence>1671</sequence>
  <level>START</level>
  <class>com.kms.katalon.core.logging.XmlKeywordLogger</class>
  <method>startKeyword</method>
  <thread>1</thread>
  <message>Start action : navigateToUrl(base + &amp;quot;loginForm.jsp&amp;quot;)</message>
  <nestedLevel>1</nestedLevel>
  <escapedJava>false</escapedJava>
  <property name="startLine">18</property>
  <property name="stepIndex">2</property>
</record>
<record>
  <date>2026-06-07T23:00:27.404659800Z</date>
  <millis>1780873227404</millis>
  <nanos>659800</nanos>
  <sequence>1675</sequence>
  <level>PASSED</level>
  <class>com.kms.katalon.core.logging.XmlKeywordLogger</class>
  <method>logMessage</method>
  <thread>1</thread>
  <message>Navigate to &amp;apos;http://localhost:8080/Vaporant_IGES_war_exploded/loginForm.jsp&amp;apos; successfully</message>
  <nestedLevel>1</nestedLevel>
  <escapedJava>false</escapedJava>
  <property name="testops-method-name">com.kms.katalon.core.webui.keyword.builtin.NavigateToUrlKeyword.navigateToUrl</property>
  <property name="testops-execution-stacktrace"></property>
</record>
<record>
  <date>2026-06-07T23:00:27.405660Z</date>
  <millis>1780873227405</millis>
  <nanos>660000</nanos>
  <sequence>1676</sequence>
  <level>END</level>
  <class>com.kms.katalon.core.logging.XmlKeywordLogger</class>
  <method>endKeyword</method>
  <thread>1</thread>
  <message>End action : navigateToUrl(base + &amp;quot;loginForm.jsp&amp;quot;)</message>
  <nestedLevel>1</nestedLevel>
  <escapedJava>false</escapedJava>
</record>
<record>
  <date>2026-06-07T23:00:27.405660Z</date>
  <millis>1780873227405</millis>
  <nanos>660000</nanos>
  <sequence>1677</sequence>
  <level>START</level>
  <class>com.kms.katalon.core.logging.XmlKeywordLogger</class>
  <method>startKeyword</method>
  <thread>1</thread>
  <message>Start action : setText(css(&amp;quot;#email&amp;quot;), &amp;quot;t.mansi@studenti.unisa.it&amp;quot;)</message>
  <nestedLevel>1</nestedLevel>
  <escapedJava>false</escapedJava>
  <property name="startLine">19</property>
  <property name="stepIndex">3</property>
</record>
<record>
  <date>2026-06-07T23:00:27.406665200Z</date>
  <millis>1780873227406</millis>
  <nanos>665200</nanos>
  <sequence>1678</sequence>
  <level>END</level>
  <class>com.kms.katalon.core.logging.XmlKeywordLogger</class>
  <method>endKeyword</method>
  <thread>1</thread>
  <message>End action : setText(css(&amp;quot;#email&amp;quot;), &amp;quot;t.mansi@studenti.unisa.it&amp;quot;)</message>
  <nestedLevel>1</nestedLevel>
  <escapedJava>false</escapedJava>
</record>
<record>
  <date>2026-06-07T23:00:27.406665200Z</date>
  <millis>1780873227406</millis>
  <nanos>665200</nanos>
  <sequence>1679</sequence>
  <level>START</level>
  <class>com.kms.katalon.core.logging.XmlKeywordLogger</class>
  <method>startKeyword</method>
  <thread>1</thread>
  <message>Start action : t = new com.kms.katalon.core.testobject.TestObject(sel)</message>
  <nestedLevel>1</nestedLevel>
  <escapedJava>false</escapedJava>
  <property name="startLine">9</property>
  <property name="stepIndex">1</property>
</record>
<record>
  <date>2026-06-07T23:00:27.408664300Z</date>
  <millis>1780873227408</millis>
  <nanos>664300</nanos>
  <sequence>1680</sequence>
  <level>END</level>
  <class>com.kms.katalon.core.logging.XmlKeywordLogger</class>
  <method>endKeyword</method>
  <thread>1</thread>
  <message>End action : t = new com.kms.katalon.core.testobject.TestObject(sel)</message>
  <nestedLevel>1</nestedLevel>
  <escapedJava>false</escapedJava>
</record>
<record>
  <date>2026-06-07T23:00:27.408664300Z</date>
  <millis>1780873227408</millis>
  <nanos>664300</nanos>
  <sequence>1681</sequence>
  <level>START</level>
  <class>com.kms.katalon.core.logging.XmlKeywordLogger</class>
  <method>startKeyword</method>
  <thread>1</thread>
  <message>Start action : t.addProperty(&amp;quot;css&amp;quot;, EQUALS, sel)</message>
  <nestedLevel>1</nestedLevel>
  <escapedJava>false</escapedJava>
  <property name="startLine">10</property>
  <property name="stepIndex">2</property>
</record>
<record>
  <date>2026-06-07T23:00:27.409665200Z</date>
  <millis>1780873227409</millis>
  <nanos>665200</nanos>
  <sequence>1682</sequence>
  <level>END</level>
  <class>com.kms.katalon.core.logging.XmlKeywordLogger</class>
  <method>endKeyword</method>
  <thread>1</thread>
  <message>End action : t.addProperty(&amp;quot;css&amp;quot;, EQUALS, sel)</message>
  <nestedLevel>1</nestedLevel>
  <escapedJava>false</escapedJava>
</record>
<record>
  <date>2026-06-07T23:00:27.411176Z</date>
  <millis>1780873227411</millis>
  <nanos>176000</nanos>
  <sequence>1683</sequence>
  <level>START</level>
  <class>com.kms.katalon.core.logging.XmlKeywordLogger</class>
  <method>startKeyword</method>
  <thread>1</thread>
  <message>Start action : return t</message>
  <nestedLevel>1</nestedLevel>
  <escapedJava>false</escapedJava>
  <property name="startLine">11</property>
  <property name="stepIndex">3</property>
</record>
<record>
  <date>2026-06-07T23:00:27.998404Z</date>
  <millis>1780873227998</millis>
  <nanos>404000</nanos>
  <sequence>1696</sequence>
  <level>PASSED</level>
  <class>com.kms.katalon.core.logging.XmlKeywordLogger</class>
  <method>logMessage</method>
  <thread>1</thread>
  <message>Text &amp;apos;t.mansi@studenti.unisa.it&amp;apos; is set on object &amp;apos;#email&amp;apos;</message>
  <nestedLevel>1</nestedLevel>
  <escapedJava>false</escapedJava>
  <property name="testops-method-name">com.kms.katalon.core.webui.keyword.internal.WebUIKeywordMain.runKeywordUntilTimeout</property>
  <property name="testops-execution-stacktrace">com.kms.katalon.core.logging.KeywordLogger.logPassed(KeywordLogger.java:350)
com.kms.katalon.core.logging.KeywordLogger.logPassed(KeywordLogger.java:345)
com.kms.katalon.core.webui.keyword.builtin.SetTextKeyword$_setText_closure1.doCall(SetTextKeyword.groovy:99)
java.base/jdk.internal.reflect.DirectMethodHandleAccessor.invoke(DirectMethodHandleAccessor.java:103)
jdk.proxy2/jdk.proxy2.$Proxy57.execute(Unknown Source)
com.kms.katalon.core.webui.model.SeleniumActionRetryController.performAction(SeleniumActionRetryController.java:96)
com.kms.katalon.core.webui.model.SeleniumActionRetryController.performAction(SeleniumActionRetryController.java:83)
com.kms.katalon.core.webui.keyword.internal.WebUIKeywordMain$_runKeywordUntilTimeout_closure1.doCall(WebUIKeywordMain.groovy:135)
com.kms.katalon.core.webui.keyword.internal.WebUIKeywordMain$_runKeywordUntilTimeout_closure1.call(WebUIKeywordMain.groovy)
com.kms.katalon.core.webui.keyword.internal.WebUIKeywordMain.runKeyword(WebUIKeywordMain.groovy:41)
com.kms.katalon.core.webui.keyword.internal.WebUIKeywordMain.runKeywordUntilTimeout(WebUIKeywordMain.groovy:133)
com.kms.katalon.core.webui.keyword.builtin.SetTextKeyword.setText(SetTextKeyword.groovy:106)
com.kms.katalon.core.webui.keyword.builtin.SetTextKeyword.execute(SetTextKeyword.groovy:49)
com.kms.katalon.core.keyword.internal.KeywordExecutor.executeKeywordForPlatform(KeywordExecutor.groovy:103)
com.kms.katalon.core.webui.keyword.WebUiBuiltInKeywords.setText(WebUiBuiltInKeywords.groovy:1082)
Script178070060205.run(Script178070060205.groovy:19)
</property>
</record>
<record>
  <date>2026-06-07T23:00:27.998404Z</date>
  <millis>1780873227998</millis>
  <nanos>404000</nanos>
  <sequence>1697</sequence>
  <level>END</level>
  <class>com.kms.katalon.core.logging.XmlKeywordLogger</class>
  <method>endKeyword</method>
  <thread>1</thread>
  <message>End action : return t</message>
  <nestedLevel>1</nestedLevel>
  <escapedJava>false</escapedJava>
</record>
<record>
  <date>2026-06-07T23:00:27.998404Z</date>
  <millis>1780873227998</millis>
  <nanos>404000</nanos>
  <sequence>1698</sequence>
  <level>START</level>
  <class>com.kms.katalon.core.logging.XmlKeywordLogger</class>
  <method>startKeyword</method>
  <thread>1</thread>
  <message>Start action : setText(css(&amp;quot;#password&amp;quot;), &amp;quot;321CBA.&amp;quot;)</message>
  <nestedLevel>1</nestedLevel>
  <escapedJava>false</escapedJava>
  <property name="startLine">20</property>
  <property name="stepIndex">4</property>
</record>
<record>
  <date>2026-06-07T23:00:27.999404500Z</date>
  <millis>1780873227999</millis>
  <nanos>404500</nanos>
  <sequence>1699</sequence>
  <level>END</level>
  <class>com.kms.katalon.core.logging.XmlKeywordLogger</class>
  <method>endKeyword</method>
  <thread>1</thread>
  <message>End action : setText(css(&amp;quot;#password&amp;quot;), &amp;quot;321CBA.&amp;quot;)</message>
  <nestedLevel>1</nestedLevel>
  <escapedJava>false</escapedJava>
</record>
<record>
  <date>2026-06-07T23:00:27.999404500Z</date>
  <millis>1780873227999</millis>
  <nanos>404500</nanos>
  <sequence>1700</sequence>
  <level>START</level>
  <class>com.kms.katalon.core.logging.XmlKeywordLogger</class>
  <method>startKeyword</method>
  <thread>1</thread>
  <message>Start action : t = new com.kms.katalon.core.testobject.TestObject(sel)</message>
  <nestedLevel>1</nestedLevel>
  <escapedJava>false</escapedJava>
  <property name="startLine">9</property>
  <property name="stepIndex">1</property>
</record>
<record>
  <date>2026-06-07T23:00:27.999404500Z</date>
  <millis>1780873227999</millis>
  <nanos>404500</nanos>
  <sequence>1701</sequence>
  <level>END</level>
  <class>com.kms.katalon.core.logging.XmlKeywordLogger</class>
  <method>endKeyword</method>
  <thread>1</thread>
  <message>End action : t = new com.kms.katalon.core.testobject.TestObject(sel)</message>
  <nestedLevel>1</nestedLevel>
  <escapedJava>false</escapedJava>
</record>
<record>
  <date>2026-06-07T23:00:27.999404500Z</date>
  <millis>1780873227999</millis>
  <nanos>404500</nanos>
  <sequence>1702</sequence>
  <level>START</level>
  <class>com.kms.katalon.core.logging.XmlKeywordLogger</class>
  <method>startKeyword</method>
  <thread>1</thread>
  <message>Start action : t.addProperty(&amp;quot;css&amp;quot;, EQUALS, sel)</message>
  <nestedLevel>1</nestedLevel>
  <escapedJava>false</escapedJava>
  <property name="startLine">10</property>
  <property name="stepIndex">2</property>
</record>
<record>
  <date>2026-06-07T23:00:27.999404500Z</date>
  <millis>1780873227999</millis>
  <nanos>404500</nanos>
  <sequence>1703</sequence>
  <level>END</level>
  <class>com.kms.katalon.core.logging.XmlKeywordLogger</class>
  <method>endKeyword</method>
  <thread>1</thread>
  <message>End action : t.addProperty(&amp;quot;css&amp;quot;, EQUALS, sel)</message>
  <nestedLevel>1</nestedLevel>
  <escapedJava>false</escapedJava>
</record>
<record>
  <date>2026-06-07T23:00:27.999404500Z</date>
  <millis>1780873227999</millis>
  <nanos>404500</nanos>
  <sequence>1704</sequence>
  <level>START</level>
  <class>com.kms.katalon.core.logging.XmlKeywordLogger</class>
  <method>startKeyword</method>
  <thread>1</thread>
  <message>Start action : return t</message>
  <nestedLevel>1</nestedLevel>
  <escapedJava>false</escapedJava>
  <property name="startLine">11</property>
  <property name="stepIndex">3</property>
</record>
<record>
  <date>2026-06-07T23:00:28.523486200Z</date>
  <millis>1780873228523</millis>
  <nanos>486200</nanos>
  <sequence>1717</sequence>
  <level>PASSED</level>
  <class>com.kms.katalon.core.logging.XmlKeywordLogger</class>
  <method>logMessage</method>
  <thread>1</thread>
  <message>Text &amp;apos;321CBA.&amp;apos; is set on object &amp;apos;#password&amp;apos;</message>
  <nestedLevel>1</nestedLevel>
  <escapedJava>false</escapedJava>
  <property name="testops-method-name">com.kms.katalon.core.webui.keyword.internal.WebUIKeywordMain.runKeywordUntilTimeout</property>
  <property name="testops-execution-stacktrace">com.kms.katalon.core.logging.KeywordLogger.logPassed(KeywordLogger.java:350)
com.kms.katalon.core.logging.KeywordLogger.logPassed(KeywordLogger.java:345)
com.kms.katalon.core.webui.keyword.builtin.SetTextKeyword$_setText_closure1.doCall(SetTextKeyword.groovy:99)
java.base/jdk.internal.reflect.DirectMethodHandleAccessor.invoke(DirectMethodHandleAccessor.java:103)
jdk.proxy2/jdk.proxy2.$Proxy57.execute(Unknown Source)
com.kms.katalon.core.webui.model.SeleniumActionRetryController.performAction(SeleniumActionRetryController.java:96)
com.kms.katalon.core.webui.model.SeleniumActionRetryController.performAction(SeleniumActionRetryController.java:83)
com.kms.katalon.core.webui.keyword.internal.WebUIKeywordMain$_runKeywordUntilTimeout_closure1.doCall(WebUIKeywordMain.groovy:135)
com.kms.katalon.core.webui.keyword.internal.WebUIKeywordMain$_runKeywordUntilTimeout_closure1.call(WebUIKeywordMain.groovy)
com.kms.katalon.core.webui.keyword.internal.WebUIKeywordMain.runKeyword(WebUIKeywordMain.groovy:41)
com.kms.katalon.core.webui.keyword.internal.WebUIKeywordMain.runKeywordUntilTimeout(WebUIKeywordMain.groovy:133)
com.kms.katalon.core.webui.keyword.builtin.SetTextKeyword.setText(SetTextKeyword.groovy:106)
com.kms.katalon.core.webui.keyword.builtin.SetTextKeyword.execute(SetTextKeyword.groovy:49)
com.kms.katalon.core.keyword.internal.KeywordExecutor.executeKeywordForPlatform(KeywordExecutor.groovy:103)
com.kms.katalon.core.webui.keyword.WebUiBuiltInKeywords.setText(WebUiBuiltInKeywords.groovy:1082)
Script178070060205.run(Script178070060205.groovy:20)
</property>
</record>
<record>
  <date>2026-06-07T23:00:28.523486200Z</date>
  <millis>1780873228523</millis>
  <nanos>486200</nanos>
  <sequence>1718</sequence>
  <level>END</level>
  <class>com.kms.katalon.core.logging.XmlKeywordLogger</class>
  <method>endKeyword</method>
  <thread>1</thread>
  <message>End action : return t</message>
  <nestedLevel>1</nestedLevel>
  <escapedJava>false</escapedJava>
</record>
<record>
  <date>2026-06-07T23:00:28.523486200Z</date>
  <millis>1780873228523</millis>
  <nanos>486200</nanos>
  <sequence>1719</sequence>
  <level>START</level>
  <class>com.kms.katalon.core.logging.XmlKeywordLogger</class>
  <method>startKeyword</method>
  <thread>1</thread>
  <message>Start action : click(css(&amp;quot;#submit&amp;quot;))</message>
  <nestedLevel>1</nestedLevel>
  <escapedJava>false</escapedJava>
  <property name="startLine">21</property>
  <property name="stepIndex">5</property>
</record>
<record>
  <date>2026-06-07T23:00:28.524484500Z</date>
  <millis>1780873228524</millis>
  <nanos>484500</nanos>
  <sequence>1720</sequence>
  <level>END</level>
  <class>com.kms.katalon.core.logging.XmlKeywordLogger</class>
  <method>endKeyword</method>
  <thread>1</thread>
  <message>End action : click(css(&amp;quot;#submit&amp;quot;))</message>
  <nestedLevel>1</nestedLevel>
  <escapedJava>false</escapedJava>
</record>
<record>
  <date>2026-06-07T23:00:28.524484500Z</date>
  <millis>1780873228524</millis>
  <nanos>484500</nanos>
  <sequence>1721</sequence>
  <level>START</level>
  <class>com.kms.katalon.core.logging.XmlKeywordLogger</class>
  <method>startKeyword</method>
  <thread>1</thread>
  <message>Start action : t = new com.kms.katalon.core.testobject.TestObject(sel)</message>
  <nestedLevel>1</nestedLevel>
  <escapedJava>false</escapedJava>
  <property name="startLine">9</property>
  <property name="stepIndex">1</property>
</record>
<record>
  <date>2026-06-07T23:00:28.524484500Z</date>
  <millis>1780873228524</millis>
  <nanos>484500</nanos>
  <sequence>1722</sequence>
  <level>END</level>
  <class>com.kms.katalon.core.logging.XmlKeywordLogger</class>
  <method>endKeyword</method>
  <thread>1</thread>
  <message>End action : t = new com.kms.katalon.core.testobject.TestObject(sel)</message>
  <nestedLevel>1</nestedLevel>
  <escapedJava>false</escapedJava>
</record>
<record>
  <date>2026-06-07T23:00:28.524484500Z</date>
  <millis>1780873228524</millis>
  <nanos>484500</nanos>
  <sequence>1723</sequence>
  <level>START</level>
  <class>com.kms.katalon.core.logging.XmlKeywordLogger</class>
  <method>startKeyword</method>
  <thread>1</thread>
  <message>Start action : t.addProperty(&amp;quot;css&amp;quot;, EQUALS, sel)</message>
  <nestedLevel>1</nestedLevel>
  <escapedJava>false</escapedJava>
  <property name="startLine">10</property>
  <property name="stepIndex">2</property>
</record>
<record>
  <date>2026-06-07T23:00:28.524484500Z</date>
  <millis>1780873228524</millis>
  <nanos>484500</nanos>
  <sequence>1724</sequence>
  <level>END</level>
  <class>com.kms.katalon.core.logging.XmlKeywordLogger</class>
  <method>endKeyword</method>
  <thread>1</thread>
  <message>End action : t.addProperty(&amp;quot;css&amp;quot;, EQUALS, sel)</message>
  <nestedLevel>1</nestedLevel>
  <escapedJava>false</escapedJava>
</record>
<record>
  <date>2026-06-07T23:00:28.524484500Z</date>
  <millis>1780873228524</millis>
  <nanos>484500</nanos>
  <sequence>1725</sequence>
  <level>START</level>
  <class>com.kms.katalon.core.logging.XmlKeywordLogger</class>
  <method>startKeyword</method>
  <thread>1</thread>
  <message>Start action : return t</message>
  <nestedLevel>1</nestedLevel>
  <escapedJava>false</escapedJava>
  <property name="startLine">11</property>
  <property name="stepIndex">3</property>
</record>
<record>
  <date>2026-06-07T23:00:28.833911200Z</date>
  <millis>1780873228833</millis>
  <nanos>911200</nanos>
  <sequence>1735</sequence>
  <level>PASSED</level>
  <class>com.kms.katalon.core.logging.XmlKeywordLogger</class>
  <method>logMessage</method>
  <thread>1</thread>
  <message>Object: &amp;apos;#submit&amp;apos; is clicked on</message>
  <nestedLevel>1</nestedLevel>
  <escapedJava>false</escapedJava>
  <property name="testops-method-name">com.kms.katalon.core.webui.keyword.internal.WebUIKeywordMain.runKeywordUntilTimeout</property>
  <property name="testops-execution-stacktrace">com.kms.katalon.core.logging.KeywordLogger.logPassed(KeywordLogger.java:350)
com.kms.katalon.core.logging.KeywordLogger.logPassed(KeywordLogger.java:345)
com.kms.katalon.core.webui.keyword.builtin.ClickKeyword$_click_closure1.doCall(ClickKeyword.groovy:66)
java.base/jdk.internal.reflect.DirectMethodHandleAccessor.invoke(DirectMethodHandleAccessor.java:103)
jdk.proxy2/jdk.proxy2.$Proxy57.execute(Unknown Source)
com.kms.katalon.core.webui.model.SeleniumActionRetryController.performAction(SeleniumActionRetryController.java:96)
com.kms.katalon.core.webui.model.SeleniumActionRetryController.performAction(SeleniumActionRetryController.java:83)
com.kms.katalon.core.webui.keyword.internal.WebUIKeywordMain$_runKeywordUntilTimeout_closure1.doCall(WebUIKeywordMain.groovy:135)
com.kms.katalon.core.webui.keyword.internal.WebUIKeywordMain$_runKeywordUntilTimeout_closure1.call(WebUIKeywordMain.groovy)
com.kms.katalon.core.webui.keyword.internal.WebUIKeywordMain.runKeyword(WebUIKeywordMain.groovy:41)
com.kms.katalon.core.webui.keyword.internal.WebUIKeywordMain.runKeywordUntilTimeout(WebUIKeywordMain.groovy:133)
com.kms.katalon.core.webui.keyword.builtin.ClickKeyword.click(ClickKeyword.groovy:72)
com.kms.katalon.core.webui.keyword.builtin.ClickKeyword.execute(ClickKeyword.groovy:38)
com.kms.katalon.core.keyword.internal.KeywordExecutor.executeKeywordForPlatform(KeywordExecutor.groovy:103)
com.kms.katalon.core.webui.keyword.WebUiBuiltInKeywords.click(WebUiBuiltInKeywords.groovy:722)
Script178070060205.run(Script178070060205.groovy:21)
</property>
</record>
<record>
  <date>2026-06-07T23:00:28.834917400Z</date>
  <millis>1780873228834</millis>
  <nanos>917400</nanos>
  <sequence>1736</sequence>
  <level>END</level>
  <class>com.kms.katalon.core.logging.XmlKeywordLogger</class>
  <method>endKeyword</method>
  <thread>1</thread>
  <message>End action : return t</message>
  <nestedLevel>1</nestedLevel>
  <escapedJava>false</escapedJava>
</record>
<record>
  <date>2026-06-07T23:00:28.834917400Z</date>
  <millis>1780873228834</millis>
  <nanos>917400</nanos>
  <sequence>1737</sequence>
  <level>START</level>
  <class>com.kms.katalon.core.logging.XmlKeywordLogger</class>
  <method>startKeyword</method>
  <thread>1</thread>
  <message>Start action : delay(2)</message>
  <nestedLevel>1</nestedLevel>
  <escapedJava>false</escapedJava>
  <property name="startLine">22</property>
  <property name="stepIndex">6</property>
</record>
<record>
  <date>2026-06-07T23:00:30.837200200Z</date>
  <millis>1780873230837</millis>
  <nanos>200200</nanos>
  <sequence>1740</sequence>
  <level>PASSED</level>
  <class>com.kms.katalon.core.logging.XmlKeywordLogger</class>
  <method>logMessage</method>
  <thread>1</thread>
  <message>Delayed 2 second(s)</message>
  <nestedLevel>1</nestedLevel>
  <escapedJava>false</escapedJava>
  <property name="testops-method-name">com.kms.katalon.core.keyword.builtin.DelayKeyword.delay</property>
  <property name="testops-execution-stacktrace"></property>
</record>
<record>
  <date>2026-06-07T23:00:30.837200200Z</date>
  <millis>1780873230837</millis>
  <nanos>200200</nanos>
  <sequence>1741</sequence>
  <level>END</level>
  <class>com.kms.katalon.core.logging.XmlKeywordLogger</class>
  <method>endKeyword</method>
  <thread>1</thread>
  <message>End action : delay(2)</message>
  <nestedLevel>1</nestedLevel>
  <escapedJava>false</escapedJava>
</record>
<record>
  <date>2026-06-07T23:00:30.837200200Z</date>
  <millis>1780873230837</millis>
  <nanos>200200</nanos>
  <sequence>1742</sequence>
  <level>START</level>
  <class>com.kms.katalon.core.logging.XmlKeywordLogger</class>
  <method>startKeyword</method>
  <thread>1</thread>
  <message>Start action : navigateToUrl(base + &amp;quot;cart?action=addC&amp;amp;id=2&amp;quot;)</message>
  <nestedLevel>1</nestedLevel>
  <escapedJava>false</escapedJava>
  <property name="startLine">23</property>
  <property name="stepIndex">7</property>
</record>
<record>
  <date>2026-06-07T23:00:30.950202100Z</date>
  <millis>1780873230950</millis>
  <nanos>202100</nanos>
  <sequence>1746</sequence>
  <level>PASSED</level>
  <class>com.kms.katalon.core.logging.XmlKeywordLogger</class>
  <method>logMessage</method>
  <thread>1</thread>
  <message>Navigate to &amp;apos;http://localhost:8080/Vaporant_IGES_war_exploded/cart?action=addC&amp;amp;id=2&amp;apos; successfully</message>
  <nestedLevel>1</nestedLevel>
  <escapedJava>false</escapedJava>
  <property name="testops-method-name">com.kms.katalon.core.webui.keyword.builtin.NavigateToUrlKeyword.navigateToUrl</property>
  <property name="testops-execution-stacktrace"></property>
</record>
<record>
  <date>2026-06-07T23:00:30.951202200Z</date>
  <millis>1780873230951</millis>
  <nanos>202200</nanos>
  <sequence>1747</sequence>
  <level>END</level>
  <class>com.kms.katalon.core.logging.XmlKeywordLogger</class>
  <method>endKeyword</method>
  <thread>1</thread>
  <message>End action : navigateToUrl(base + &amp;quot;cart?action=addC&amp;amp;id=2&amp;quot;)</message>
  <nestedLevel>1</nestedLevel>
  <escapedJava>false</escapedJava>
</record>
<record>
  <date>2026-06-07T23:00:30.951202200Z</date>
  <millis>1780873230951</millis>
  <nanos>202200</nanos>
  <sequence>1748</sequence>
  <level>START</level>
  <class>com.kms.katalon.core.logging.XmlKeywordLogger</class>
  <method>startKeyword</method>
  <thread>1</thread>
  <message>Start action : delay(1)</message>
  <nestedLevel>1</nestedLevel>
  <escapedJava>false</escapedJava>
  <property name="startLine">24</property>
  <property name="stepIndex">8</property>
</record>
<record>
  <date>2026-06-07T23:00:31.957827900Z</date>
  <millis>1780873231957</millis>
  <nanos>827900</nanos>
  <sequence>1751</sequence>
  <level>PASSED</level>
  <class>com.kms.katalon.core.logging.XmlKeywordLogger</class>
  <method>logMessage</method>
  <thread>1</thread>
  <message>Delayed 1 second(s)</message>
  <nestedLevel>1</nestedLevel>
  <escapedJava>false</escapedJava>
  <property name="testops-method-name">com.kms.katalon.core.keyword.builtin.DelayKeyword.delay</property>
  <property name="testops-execution-stacktrace"></property>
</record>
<record>
  <date>2026-06-07T23:00:31.957827900Z</date>
  <millis>1780873231957</millis>
  <nanos>827900</nanos>
  <sequence>1752</sequence>
  <level>END</level>
  <class>com.kms.katalon.core.logging.XmlKeywordLogger</class>
  <method>endKeyword</method>
  <thread>1</thread>
  <message>End action : delay(1)</message>
  <nestedLevel>1</nestedLevel>
  <escapedJava>false</escapedJava>
</record>
<record>
  <date>2026-06-07T23:00:31.958820800Z</date>
  <millis>1780873231958</millis>
  <nanos>820800</nanos>
  <sequence>1753</sequence>
  <level>START</level>
  <class>com.kms.katalon.core.logging.XmlKeywordLogger</class>
  <method>startKeyword</method>
  <thread>1</thread>
  <message>Start action : navigateToUrl(base + &amp;quot;checkout.jsp&amp;quot;)</message>
  <nestedLevel>1</nestedLevel>
  <escapedJava>false</escapedJava>
  <property name="startLine">25</property>
  <property name="stepIndex">9</property>
</record>
<record>
  <date>2026-06-07T23:00:31.995191600Z</date>
  <millis>1780873231995</millis>
  <nanos>191600</nanos>
  <sequence>1757</sequence>
  <level>PASSED</level>
  <class>com.kms.katalon.core.logging.XmlKeywordLogger</class>
  <method>logMessage</method>
  <thread>1</thread>
  <message>Navigate to &amp;apos;http://localhost:8080/Vaporant_IGES_war_exploded/checkout.jsp&amp;apos; successfully</message>
  <nestedLevel>1</nestedLevel>
  <escapedJava>false</escapedJava>
  <property name="testops-method-name">com.kms.katalon.core.webui.keyword.builtin.NavigateToUrlKeyword.navigateToUrl</property>
  <property name="testops-execution-stacktrace"></property>
</record>
<record>
  <date>2026-06-07T23:00:31.995191600Z</date>
  <millis>1780873231995</millis>
  <nanos>191600</nanos>
  <sequence>1758</sequence>
  <level>END</level>
  <class>com.kms.katalon.core.logging.XmlKeywordLogger</class>
  <method>endKeyword</method>
  <thread>1</thread>
  <message>End action : navigateToUrl(base + &amp;quot;checkout.jsp&amp;quot;)</message>
  <nestedLevel>1</nestedLevel>
  <escapedJava>false</escapedJava>
</record>
<record>
  <date>2026-06-07T23:00:31.995191600Z</date>
  <millis>1780873231995</millis>
  <nanos>191600</nanos>
  <sequence>1759</sequence>
  <level>START</level>
  <class>com.kms.katalon.core.logging.XmlKeywordLogger</class>
  <method>startKeyword</method>
  <thread>1</thread>
  <message>Start action : delay(2)</message>
  <nestedLevel>1</nestedLevel>
  <escapedJava>false</escapedJava>
  <property name="startLine">26</property>
  <property name="stepIndex">10</property>
</record>
<record>
  <date>2026-06-07T23:00:33.998675200Z</date>
  <millis>1780873233998</millis>
  <nanos>675200</nanos>
  <sequence>1762</sequence>
  <level>PASSED</level>
  <class>com.kms.katalon.core.logging.XmlKeywordLogger</class>
  <method>logMessage</method>
  <thread>1</thread>
  <message>Delayed 2 second(s)</message>
  <nestedLevel>1</nestedLevel>
  <escapedJava>false</escapedJava>
  <property name="testops-method-name">com.kms.katalon.core.keyword.builtin.DelayKeyword.delay</property>
  <property name="testops-execution-stacktrace"></property>
</record>
<record>
  <date>2026-06-07T23:00:33.999697800Z</date>
  <millis>1780873233999</millis>
  <nanos>697800</nanos>
  <sequence>1763</sequence>
  <level>END</level>
  <class>com.kms.katalon.core.logging.XmlKeywordLogger</class>
  <method>endKeyword</method>
  <thread>1</thread>
  <message>End action : delay(2)</message>
  <nestedLevel>1</nestedLevel>
  <escapedJava>false</escapedJava>
</record>
<record>
  <date>2026-06-07T23:00:33.999697800Z</date>
  <millis>1780873233999</millis>
  <nanos>697800</nanos>
  <sequence>1764</sequence>
  <level>START</level>
  <class>com.kms.katalon.core.logging.XmlKeywordLogger</class>
  <method>startKeyword</method>
  <thread>1</thread>
  <message>Start action : selectOptionByValue(css(&amp;quot;#addressDropdown&amp;quot;), &amp;quot;4&amp;quot;, false)</message>
  <nestedLevel>1</nestedLevel>
  <escapedJava>false</escapedJava>
  <property name="startLine">28</property>
  <property name="stepIndex">11</property>
</record>
<record>
  <date>2026-06-07T23:00:33.999697800Z</date>
  <millis>1780873233999</millis>
  <nanos>697800</nanos>
  <sequence>1765</sequence>
  <level>END</level>
  <class>com.kms.katalon.core.logging.XmlKeywordLogger</class>
  <method>endKeyword</method>
  <thread>1</thread>
  <message>End action : selectOptionByValue(css(&amp;quot;#addressDropdown&amp;quot;), &amp;quot;4&amp;quot;, false)</message>
  <nestedLevel>1</nestedLevel>
  <escapedJava>false</escapedJava>
</record>
<record>
  <date>2026-06-07T23:00:33.999697800Z</date>
  <millis>1780873233999</millis>
  <nanos>697800</nanos>
  <sequence>1766</sequence>
  <level>START</level>
  <class>com.kms.katalon.core.logging.XmlKeywordLogger</class>
  <method>startKeyword</method>
  <thread>1</thread>
  <message>Start action : t = new com.kms.katalon.core.testobject.TestObject(sel)</message>
  <nestedLevel>1</nestedLevel>
  <escapedJava>false</escapedJava>
  <property name="startLine">9</property>
  <property name="stepIndex">1</property>
</record>
<record>
  <date>2026-06-07T23:00:34.001257300Z</date>
  <millis>1780873234001</millis>
  <nanos>257300</nanos>
  <sequence>1767</sequence>
  <level>END</level>
  <class>com.kms.katalon.core.logging.XmlKeywordLogger</class>
  <method>endKeyword</method>
  <thread>1</thread>
  <message>End action : t = new com.kms.katalon.core.testobject.TestObject(sel)</message>
  <nestedLevel>1</nestedLevel>
  <escapedJava>false</escapedJava>
</record>
<record>
  <date>2026-06-07T23:00:34.001257300Z</date>
  <millis>1780873234001</millis>
  <nanos>257300</nanos>
  <sequence>1768</sequence>
  <level>START</level>
  <class>com.kms.katalon.core.logging.XmlKeywordLogger</class>
  <method>startKeyword</method>
  <thread>1</thread>
  <message>Start action : t.addProperty(&amp;quot;css&amp;quot;, EQUALS, sel)</message>
  <nestedLevel>1</nestedLevel>
  <escapedJava>false</escapedJava>
  <property name="startLine">10</property>
  <property name="stepIndex">2</property>
</record>
<record>
  <date>2026-06-07T23:00:34.002272700Z</date>
  <millis>1780873234002</millis>
  <nanos>272700</nanos>
  <sequence>1769</sequence>
  <level>END</level>
  <class>com.kms.katalon.core.logging.XmlKeywordLogger</class>
  <method>endKeyword</method>
  <thread>1</thread>
  <message>End action : t.addProperty(&amp;quot;css&amp;quot;, EQUALS, sel)</message>
  <nestedLevel>1</nestedLevel>
  <escapedJava>false</escapedJava>
</record>
<record>
  <date>2026-06-07T23:00:34.002272700Z</date>
  <millis>1780873234002</millis>
  <nanos>272700</nanos>
  <sequence>1770</sequence>
  <level>START</level>
  <class>com.kms.katalon.core.logging.XmlKeywordLogger</class>
  <method>startKeyword</method>
  <thread>1</thread>
  <message>Start action : return t</message>
  <nestedLevel>1</nestedLevel>
  <escapedJava>false</escapedJava>
  <property name="startLine">11</property>
  <property name="stepIndex">3</property>
</record>
<record>
  <date>2026-06-07T23:00:34.506954200Z</date>
  <millis>1780873234506</millis>
  <nanos>954200</nanos>
  <sequence>1781</sequence>
  <level>PASSED</level>
  <class>com.kms.katalon.core.logging.XmlKeywordLogger</class>
  <method>logMessage</method>
  <thread>1</thread>
  <message>All options with value &amp;apos;4&amp;apos; are selected in object &amp;apos;#addressDropdown&amp;apos; </message>
  <nestedLevel>1</nestedLevel>
  <escapedJava>false</escapedJava>
  <property name="testops-method-name">com.kms.katalon.core.webui.keyword.internal.WebUIKeywordMain.runKeywordUntilTimeout</property>
  <property name="testops-execution-stacktrace">com.kms.katalon.core.logging.KeywordLogger.logPassed(KeywordLogger.java:350)
com.kms.katalon.core.logging.KeywordLogger.logPassed(KeywordLogger.java:345)
com.kms.katalon.core.webui.keyword.builtin.SelectOptionByValueKeyword$_selectOptionByValue_closure1.doCall(SelectOptionByValueKeyword.groovy:70)
java.base/jdk.internal.reflect.DirectMethodHandleAccessor.invoke(DirectMethodHandleAccessor.java:103)
jdk.proxy2/jdk.proxy2.$Proxy57.execute(Unknown Source)
com.kms.katalon.core.webui.model.SeleniumActionRetryController.performAction(SeleniumActionRetryController.java:96)
com.kms.katalon.core.webui.model.SeleniumActionRetryController.performAction(SeleniumActionRetryController.java:83)
com.kms.katalon.core.webui.keyword.internal.WebUIKeywordMain$_runKeywordUntilTimeout_closure1.doCall(WebUIKeywordMain.groovy:135)
com.kms.katalon.core.webui.keyword.internal.WebUIKeywordMain$_runKeywordUntilTimeout_closure1.call(WebUIKeywordMain.groovy)
com.kms.katalon.core.webui.keyword.internal.WebUIKeywordMain.runKeyword(WebUIKeywordMain.groovy:41)
com.kms.katalon.core.webui.keyword.internal.WebUIKeywordMain.runKeywordUntilTimeout(WebUIKeywordMain.groovy:133)
com.kms.katalon.core.webui.keyword.builtin.SelectOptionByValueKeyword.selectOptionByValue(SelectOptionByValueKeyword.groovy:79)
com.kms.katalon.core.webui.keyword.builtin.SelectOptionByValueKeyword.execute(SelectOptionByValueKeyword.groovy:44)
com.kms.katalon.core.keyword.internal.KeywordExecutor.executeKeywordForPlatform(KeywordExecutor.groovy:103)
com.kms.katalon.core.webui.keyword.WebUiBuiltInKeywords.selectOptionByValue(WebUiBuiltInKeywords.groovy:1270)
Script178070060205.run(Script178070060205.groovy:28)
</property>
</record>
<record>
  <date>2026-06-07T23:00:34.507955200Z</date>
  <millis>1780873234507</millis>
  <nanos>955200</nanos>
  <sequence>1782</sequence>
  <level>END</level>
  <class>com.kms.katalon.core.logging.XmlKeywordLogger</class>
  <method>endKeyword</method>
  <thread>1</thread>
  <message>End action : return t</message>
  <nestedLevel>1</nestedLevel>
  <escapedJava>false</escapedJava>
</record>
<record>
  <date>2026-06-07T23:00:34.507955200Z</date>
  <millis>1780873234507</millis>
  <nanos>955200</nanos>
  <sequence>1783</sequence>
  <level>START</level>
  <class>com.kms.katalon.core.logging.XmlKeywordLogger</class>
  <method>startKeyword</method>
  <thread>1</thread>
  <message>Start action : selectOptionByValue(css(&amp;quot;#addressDropdown2&amp;quot;), &amp;quot;4&amp;quot;, false)</message>
  <nestedLevel>1</nestedLevel>
  <escapedJava>false</escapedJava>
  <property name="startLine">29</property>
  <property name="stepIndex">12</property>
</record>
<record>
  <date>2026-06-07T23:00:34.507955200Z</date>
  <millis>1780873234507</millis>
  <nanos>955200</nanos>
  <sequence>1784</sequence>
  <level>END</level>
  <class>com.kms.katalon.core.logging.XmlKeywordLogger</class>
  <method>endKeyword</method>
  <thread>1</thread>
  <message>End action : selectOptionByValue(css(&amp;quot;#addressDropdown2&amp;quot;), &amp;quot;4&amp;quot;, false)</message>
  <nestedLevel>1</nestedLevel>
  <escapedJava>false</escapedJava>
</record>
<record>
  <date>2026-06-07T23:00:34.507955200Z</date>
  <millis>1780873234507</millis>
  <nanos>955200</nanos>
  <sequence>1785</sequence>
  <level>START</level>
  <class>com.kms.katalon.core.logging.XmlKeywordLogger</class>
  <method>startKeyword</method>
  <thread>1</thread>
  <message>Start action : t = new com.kms.katalon.core.testobject.TestObject(sel)</message>
  <nestedLevel>1</nestedLevel>
  <escapedJava>false</escapedJava>
  <property name="startLine">9</property>
  <property name="stepIndex">1</property>
</record>
<record>
  <date>2026-06-07T23:00:34.508957800Z</date>
  <millis>1780873234508</millis>
  <nanos>957800</nanos>
  <sequence>1786</sequence>
  <level>END</level>
  <class>com.kms.katalon.core.logging.XmlKeywordLogger</class>
  <method>endKeyword</method>
  <thread>1</thread>
  <message>End action : t = new com.kms.katalon.core.testobject.TestObject(sel)</message>
  <nestedLevel>1</nestedLevel>
  <escapedJava>false</escapedJava>
</record>
<record>
  <date>2026-06-07T23:00:34.508957800Z</date>
  <millis>1780873234508</millis>
  <nanos>957800</nanos>
  <sequence>1787</sequence>
  <level>START</level>
  <class>com.kms.katalon.core.logging.XmlKeywordLogger</class>
  <method>startKeyword</method>
  <thread>1</thread>
  <message>Start action : t.addProperty(&amp;quot;css&amp;quot;, EQUALS, sel)</message>
  <nestedLevel>1</nestedLevel>
  <escapedJava>false</escapedJava>
  <property name="startLine">10</property>
  <property name="stepIndex">2</property>
</record>
<record>
  <date>2026-06-07T23:00:34.508957800Z</date>
  <millis>1780873234508</millis>
  <nanos>957800</nanos>
  <sequence>1788</sequence>
  <level>END</level>
  <class>com.kms.katalon.core.logging.XmlKeywordLogger</class>
  <method>endKeyword</method>
  <thread>1</thread>
  <message>End action : t.addProperty(&amp;quot;css&amp;quot;, EQUALS, sel)</message>
  <nestedLevel>1</nestedLevel>
  <escapedJava>false</escapedJava>
</record>
<record>
  <date>2026-06-07T23:00:34.508957800Z</date>
  <millis>1780873234508</millis>
  <nanos>957800</nanos>
  <sequence>1789</sequence>
  <level>START</level>
  <class>com.kms.katalon.core.logging.XmlKeywordLogger</class>
  <method>startKeyword</method>
  <thread>1</thread>
  <message>Start action : return t</message>
  <nestedLevel>1</nestedLevel>
  <escapedJava>false</escapedJava>
  <property name="startLine">11</property>
  <property name="stepIndex">3</property>
</record>
<record>
  <date>2026-06-07T23:00:35.009309400Z</date>
  <millis>1780873235009</millis>
  <nanos>309400</nanos>
  <sequence>1800</sequence>
  <level>PASSED</level>
  <class>com.kms.katalon.core.logging.XmlKeywordLogger</class>
  <method>logMessage</method>
  <thread>1</thread>
  <message>All options with value &amp;apos;4&amp;apos; are selected in object &amp;apos;#addressDropdown2&amp;apos; </message>
  <nestedLevel>1</nestedLevel>
  <escapedJava>false</escapedJava>
  <property name="testops-method-name">com.kms.katalon.core.webui.keyword.internal.WebUIKeywordMain.runKeywordUntilTimeout</property>
  <property name="testops-execution-stacktrace">com.kms.katalon.core.logging.KeywordLogger.logPassed(KeywordLogger.java:350)
com.kms.katalon.core.logging.KeywordLogger.logPassed(KeywordLogger.java:345)
com.kms.katalon.core.webui.keyword.builtin.SelectOptionByValueKeyword$_selectOptionByValue_closure1.doCall(SelectOptionByValueKeyword.groovy:70)
java.base/jdk.internal.reflect.DirectMethodHandleAccessor.invoke(DirectMethodHandleAccessor.java:103)
jdk.proxy2/jdk.proxy2.$Proxy57.execute(Unknown Source)
com.kms.katalon.core.webui.model.SeleniumActionRetryController.performAction(SeleniumActionRetryController.java:96)
com.kms.katalon.core.webui.model.SeleniumActionRetryController.performAction(SeleniumActionRetryController.java:83)
com.kms.katalon.core.webui.keyword.internal.WebUIKeywordMain$_runKeywordUntilTimeout_closure1.doCall(WebUIKeywordMain.groovy:135)
com.kms.katalon.core.webui.keyword.internal.WebUIKeywordMain$_runKeywordUntilTimeout_closure1.call(WebUIKeywordMain.groovy)
com.kms.katalon.core.webui.keyword.internal.WebUIKeywordMain.runKeyword(WebUIKeywordMain.groovy:41)
com.kms.katalon.core.webui.keyword.internal.WebUIKeywordMain.runKeywordUntilTimeout(WebUIKeywordMain.groovy:133)
com.kms.katalon.core.webui.keyword.builtin.SelectOptionByValueKeyword.selectOptionByValue(SelectOptionByValueKeyword.groovy:79)
com.kms.katalon.core.webui.keyword.builtin.SelectOptionByValueKeyword.execute(SelectOptionByValueKeyword.groovy:44)
com.kms.katalon.core.keyword.internal.KeywordExecutor.executeKeywordForPlatform(KeywordExecutor.groovy:103)
com.kms.katalon.core.webui.keyword.WebUiBuiltInKeywords.selectOptionByValue(WebUiBuiltInKeywords.groovy:1270)
Script178070060205.run(Script178070060205.groovy:29)
</property>
</record>
<record>
  <date>2026-06-07T23:00:35.010308900Z</date>
  <millis>1780873235010</millis>
  <nanos>308900</nanos>
  <sequence>1801</sequence>
  <level>END</level>
  <class>com.kms.katalon.core.logging.XmlKeywordLogger</class>
  <method>endKeyword</method>
  <thread>1</thread>
  <message>End action : return t</message>
  <nestedLevel>1</nestedLevel>
  <escapedJava>false</escapedJava>
</record>
<record>
  <date>2026-06-07T23:00:35.010308900Z</date>
  <millis>1780873235010</millis>
  <nanos>308900</nanos>
  <sequence>1802</sequence>
  <level>START</level>
  <class>com.kms.katalon.core.logging.XmlKeywordLogger</class>
  <method>startKeyword</method>
  <thread>1</thread>
  <message>Start action : click(css(&amp;quot;#paypal&amp;quot;))</message>
  <nestedLevel>1</nestedLevel>
  <escapedJava>false</escapedJava>
  <property name="startLine">30</property>
  <property name="stepIndex">13</property>
</record>
<record>
  <date>2026-06-07T23:00:35.010308900Z</date>
  <millis>1780873235010</millis>
  <nanos>308900</nanos>
  <sequence>1803</sequence>
  <level>END</level>
  <class>com.kms.katalon.core.logging.XmlKeywordLogger</class>
  <method>endKeyword</method>
  <thread>1</thread>
  <message>End action : click(css(&amp;quot;#paypal&amp;quot;))</message>
  <nestedLevel>1</nestedLevel>
  <escapedJava>false</escapedJava>
</record>
<record>
  <date>2026-06-07T23:00:35.010308900Z</date>
  <millis>1780873235010</millis>
  <nanos>308900</nanos>
  <sequence>1804</sequence>
  <level>START</level>
  <class>com.kms.katalon.core.logging.XmlKeywordLogger</class>
  <method>startKeyword</method>
  <thread>1</thread>
  <message>Start action : t = new com.kms.katalon.core.testobject.TestObject(sel)</message>
  <nestedLevel>1</nestedLevel>
  <escapedJava>false</escapedJava>
  <property name="startLine">9</property>
  <property name="stepIndex">1</property>
</record>
<record>
  <date>2026-06-07T23:00:35.010308900Z</date>
  <millis>1780873235010</millis>
  <nanos>308900</nanos>
  <sequence>1805</sequence>
  <level>END</level>
  <class>com.kms.katalon.core.logging.XmlKeywordLogger</class>
  <method>endKeyword</method>
  <thread>1</thread>
  <message>End action : t = new com.kms.katalon.core.testobject.TestObject(sel)</message>
  <nestedLevel>1</nestedLevel>
  <escapedJava>false</escapedJava>
</record>
<record>
  <date>2026-06-07T23:00:35.010308900Z</date>
  <millis>1780873235010</millis>
  <nanos>308900</nanos>
  <sequence>1806</sequence>
  <level>START</level>
  <class>com.kms.katalon.core.logging.XmlKeywordLogger</class>
  <method>startKeyword</method>
  <thread>1</thread>
  <message>Start action : t.addProperty(&amp;quot;css&amp;quot;, EQUALS, sel)</message>
  <nestedLevel>1</nestedLevel>
  <escapedJava>false</escapedJava>
  <property name="startLine">10</property>
  <property name="stepIndex">2</property>
</record>
<record>
  <date>2026-06-07T23:00:35.010308900Z</date>
  <millis>1780873235010</millis>
  <nanos>308900</nanos>
  <sequence>1807</sequence>
  <level>END</level>
  <class>com.kms.katalon.core.logging.XmlKeywordLogger</class>
  <method>endKeyword</method>
  <thread>1</thread>
  <message>End action : t.addProperty(&amp;quot;css&amp;quot;, EQUALS, sel)</message>
  <nestedLevel>1</nestedLevel>
  <escapedJava>false</escapedJava>
</record>
<record>
  <date>2026-06-07T23:00:35.010308900Z</date>
  <millis>1780873235010</millis>
  <nanos>308900</nanos>
  <sequence>1808</sequence>
  <level>START</level>
  <class>com.kms.katalon.core.logging.XmlKeywordLogger</class>
  <method>startKeyword</method>
  <thread>1</thread>
  <message>Start action : return t</message>
  <nestedLevel>1</nestedLevel>
  <escapedJava>false</escapedJava>
  <property name="startLine">11</property>
  <property name="stepIndex">3</property>
</record>
<record>
  <date>2026-06-07T23:00:35.279742600Z</date>
  <millis>1780873235279</millis>
  <nanos>742600</nanos>
  <sequence>1818</sequence>
  <level>PASSED</level>
  <class>com.kms.katalon.core.logging.XmlKeywordLogger</class>
  <method>logMessage</method>
  <thread>1</thread>
  <message>Object: &amp;apos;#paypal&amp;apos; is clicked on</message>
  <nestedLevel>1</nestedLevel>
  <escapedJava>false</escapedJava>
  <property name="testops-method-name">com.kms.katalon.core.webui.keyword.internal.WebUIKeywordMain.runKeywordUntilTimeout</property>
  <property name="testops-execution-stacktrace">com.kms.katalon.core.logging.KeywordLogger.logPassed(KeywordLogger.java:350)
com.kms.katalon.core.logging.KeywordLogger.logPassed(KeywordLogger.java:345)
com.kms.katalon.core.webui.keyword.builtin.ClickKeyword$_click_closure1.doCall(ClickKeyword.groovy:66)
java.base/jdk.internal.reflect.DirectMethodHandleAccessor.invoke(DirectMethodHandleAccessor.java:103)
jdk.proxy2/jdk.proxy2.$Proxy57.execute(Unknown Source)
com.kms.katalon.core.webui.model.SeleniumActionRetryController.performAction(SeleniumActionRetryController.java:96)
com.kms.katalon.core.webui.model.SeleniumActionRetryController.performAction(SeleniumActionRetryController.java:83)
com.kms.katalon.core.webui.keyword.internal.WebUIKeywordMain$_runKeywordUntilTimeout_closure1.doCall(WebUIKeywordMain.groovy:135)
com.kms.katalon.core.webui.keyword.internal.WebUIKeywordMain$_runKeywordUntilTimeout_closure1.call(WebUIKeywordMain.groovy)
com.kms.katalon.core.webui.keyword.internal.WebUIKeywordMain.runKeyword(WebUIKeywordMain.groovy:41)
com.kms.katalon.core.webui.keyword.internal.WebUIKeywordMain.runKeywordUntilTimeout(WebUIKeywordMain.groovy:133)
com.kms.katalon.core.webui.keyword.builtin.ClickKeyword.click(ClickKeyword.groovy:72)
com.kms.katalon.core.webui.keyword.builtin.ClickKeyword.execute(ClickKeyword.groovy:38)
com.kms.katalon.core.keyword.internal.KeywordExecutor.executeKeywordForPlatform(KeywordExecutor.groovy:103)
com.kms.katalon.core.webui.keyword.WebUiBuiltInKeywords.click(WebUiBuiltInKeywords.groovy:722)
Script178070060205.run(Script178070060205.groovy:30)
</property>
</record>
<record>
  <date>2026-06-07T23:00:35.281248200Z</date>
  <millis>1780873235281</millis>
  <nanos>248200</nanos>
  <sequence>1819</sequence>
  <level>END</level>
  <class>com.kms.katalon.core.logging.XmlKeywordLogger</class>
  <method>endKeyword</method>
  <thread>1</thread>
  <message>End action : return t</message>
  <nestedLevel>1</nestedLevel>
  <escapedJava>false</escapedJava>
</record>
<record>
  <date>2026-06-07T23:00:35.281248200Z</date>
  <millis>1780873235281</millis>
  <nanos>248200</nanos>
  <sequence>1820</sequence>
  <level>START</level>
  <class>com.kms.katalon.core.logging.XmlKeywordLogger</class>
  <method>startKeyword</method>
  <thread>1</thread>
  <message>Start action : click(css(&amp;quot;form[action=&amp;apos;Ordine&amp;apos;] .checkout-btn&amp;quot;))</message>
  <nestedLevel>1</nestedLevel>
  <escapedJava>false</escapedJava>
  <property name="startLine">32</property>
  <property name="stepIndex">14</property>
</record>
<record>
  <date>2026-06-07T23:00:35.281248200Z</date>
  <millis>1780873235281</millis>
  <nanos>248200</nanos>
  <sequence>1821</sequence>
  <level>END</level>
  <class>com.kms.katalon.core.logging.XmlKeywordLogger</class>
  <method>endKeyword</method>
  <thread>1</thread>
  <message>End action : click(css(&amp;quot;form[action=&amp;apos;Ordine&amp;apos;] .checkout-btn&amp;quot;))</message>
  <nestedLevel>1</nestedLevel>
  <escapedJava>false</escapedJava>
</record>
<record>
  <date>2026-06-07T23:00:35.281248200Z</date>
  <millis>1780873235281</millis>
  <nanos>248200</nanos>
  <sequence>1822</sequence>
  <level>START</level>
  <class>com.kms.katalon.core.logging.XmlKeywordLogger</class>
  <method>startKeyword</method>
  <thread>1</thread>
  <message>Start action : t = new com.kms.katalon.core.testobject.TestObject(sel)</message>
  <nestedLevel>1</nestedLevel>
  <escapedJava>false</escapedJava>
  <property name="startLine">9</property>
  <property name="stepIndex">1</property>
</record>
<record>
  <date>2026-06-07T23:00:35.281248200Z</date>
  <millis>1780873235281</millis>
  <nanos>248200</nanos>
  <sequence>1823</sequence>
  <level>END</level>
  <class>com.kms.katalon.core.logging.XmlKeywordLogger</class>
  <method>endKeyword</method>
  <thread>1</thread>
  <message>End action : t = new com.kms.katalon.core.testobject.TestObject(sel)</message>
  <nestedLevel>1</nestedLevel>
  <escapedJava>false</escapedJava>
</record>
<record>
  <date>2026-06-07T23:00:35.281248200Z</date>
  <millis>1780873235281</millis>
  <nanos>248200</nanos>
  <sequence>1824</sequence>
  <level>START</level>
  <class>com.kms.katalon.core.logging.XmlKeywordLogger</class>
  <method>startKeyword</method>
  <thread>1</thread>
  <message>Start action : t.addProperty(&amp;quot;css&amp;quot;, EQUALS, sel)</message>
  <nestedLevel>1</nestedLevel>
  <escapedJava>false</escapedJava>
  <property name="startLine">10</property>
  <property name="stepIndex">2</property>
</record>
<record>
  <date>2026-06-07T23:00:35.281248200Z</date>
  <millis>1780873235281</millis>
  <nanos>248200</nanos>
  <sequence>1825</sequence>
  <level>END</level>
  <class>com.kms.katalon.core.logging.XmlKeywordLogger</class>
  <method>endKeyword</method>
  <thread>1</thread>
  <message>End action : t.addProperty(&amp;quot;css&amp;quot;, EQUALS, sel)</message>
  <nestedLevel>1</nestedLevel>
  <escapedJava>false</escapedJava>
</record>
<record>
  <date>2026-06-07T23:00:35.282253200Z</date>
  <millis>1780873235282</millis>
  <nanos>253200</nanos>
  <sequence>1826</sequence>
  <level>START</level>
  <class>com.kms.katalon.core.logging.XmlKeywordLogger</class>
  <method>startKeyword</method>
  <thread>1</thread>
  <message>Start action : return t</message>
  <nestedLevel>1</nestedLevel>
  <escapedJava>false</escapedJava>
  <property name="startLine">11</property>
  <property name="stepIndex">3</property>
</record>
<record>
  <date>2026-06-07T23:00:35.605537400Z</date>
  <millis>1780873235605</millis>
  <nanos>537400</nanos>
  <sequence>1836</sequence>
  <level>PASSED</level>
  <class>com.kms.katalon.core.logging.XmlKeywordLogger</class>
  <method>logMessage</method>
  <thread>1</thread>
  <message>Object: &amp;apos;form[action=&amp;apos;Ordine&amp;apos;] .checkout-btn&amp;apos; is clicked on</message>
  <nestedLevel>1</nestedLevel>
  <escapedJava>false</escapedJava>
  <property name="testops-method-name">com.kms.katalon.core.webui.keyword.internal.WebUIKeywordMain.runKeywordUntilTimeout</property>
  <property name="testops-execution-stacktrace">com.kms.katalon.core.logging.KeywordLogger.logPassed(KeywordLogger.java:350)
com.kms.katalon.core.logging.KeywordLogger.logPassed(KeywordLogger.java:345)
com.kms.katalon.core.webui.keyword.builtin.ClickKeyword$_click_closure1.doCall(ClickKeyword.groovy:66)
java.base/jdk.internal.reflect.DirectMethodHandleAccessor.invoke(DirectMethodHandleAccessor.java:103)
jdk.proxy2/jdk.proxy2.$Proxy57.execute(Unknown Source)
com.kms.katalon.core.webui.model.SeleniumActionRetryController.performAction(SeleniumActionRetryController.java:96)
com.kms.katalon.core.webui.model.SeleniumActionRetryController.performAction(SeleniumActionRetryController.java:83)
com.kms.katalon.core.webui.keyword.internal.WebUIKeywordMain$_runKeywordUntilTimeout_closure1.doCall(WebUIKeywordMain.groovy:135)
com.kms.katalon.core.webui.keyword.internal.WebUIKeywordMain$_runKeywordUntilTimeout_closure1.call(WebUIKeywordMain.groovy)
com.kms.katalon.core.webui.keyword.internal.WebUIKeywordMain.runKeyword(WebUIKeywordMain.groovy:41)
com.kms.katalon.core.webui.keyword.internal.WebUIKeywordMain.runKeywordUntilTimeout(WebUIKeywordMain.groovy:133)
com.kms.katalon.core.webui.keyword.builtin.ClickKeyword.click(ClickKeyword.groovy:72)
com.kms.katalon.core.webui.keyword.builtin.ClickKeyword.execute(ClickKeyword.groovy:38)
com.kms.katalon.core.keyword.internal.KeywordExecutor.executeKeywordForPlatform(KeywordExecutor.groovy:103)
com.kms.katalon.core.webui.keyword.WebUiBuiltInKeywords.click(WebUiBuiltInKeywords.groovy:722)
Script178070060205.run(Script178070060205.groovy:32)
</property>
</record>
<record>
  <date>2026-06-07T23:00:35.606539200Z</date>
  <millis>1780873235606</millis>
  <nanos>539200</nanos>
  <sequence>1837</sequence>
  <level>END</level>
  <class>com.kms.katalon.core.logging.XmlKeywordLogger</class>
  <method>endKeyword</method>
  <thread>1</thread>
  <message>End action : return t</message>
  <nestedLevel>1</nestedLevel>
  <escapedJava>false</escapedJava>
</record>
<record>
  <date>2026-06-07T23:00:35.606539200Z</date>
  <millis>1780873235606</millis>
  <nanos>539200</nanos>
  <sequence>1838</sequence>
  <level>START</level>
  <class>com.kms.katalon.core.logging.XmlKeywordLogger</class>
  <method>startKeyword</method>
  <thread>1</thread>
  <message>Start action : delay(3)</message>
  <nestedLevel>1</nestedLevel>
  <escapedJava>false</escapedJava>
  <property name="startLine">33</property>
  <property name="stepIndex">15</property>
</record>
<record>
  <date>2026-06-07T23:00:38.615337900Z</date>
  <millis>1780873238615</millis>
  <nanos>337900</nanos>
  <sequence>1841</sequence>
  <level>PASSED</level>
  <class>com.kms.katalon.core.logging.XmlKeywordLogger</class>
  <method>logMessage</method>
  <thread>1</thread>
  <message>Delayed 3 second(s)</message>
  <nestedLevel>1</nestedLevel>
  <escapedJava>false</escapedJava>
  <property name="testops-method-name">com.kms.katalon.core.keyword.builtin.DelayKeyword.delay</property>
  <property name="testops-execution-stacktrace"></property>
</record>
<record>
  <date>2026-06-07T23:00:38.615337900Z</date>
  <millis>1780873238615</millis>
  <nanos>337900</nanos>
  <sequence>1842</sequence>
  <level>END</level>
  <class>com.kms.katalon.core.logging.XmlKeywordLogger</class>
  <method>endKeyword</method>
  <thread>1</thread>
  <message>End action : delay(3)</message>
  <nestedLevel>1</nestedLevel>
  <escapedJava>false</escapedJava>
</record>
<record>
  <date>2026-06-07T23:00:38.616333Z</date>
  <millis>1780873238616</millis>
  <nanos>333000</nanos>
  <sequence>1843</sequence>
  <level>START</level>
  <class>com.kms.katalon.core.logging.XmlKeywordLogger</class>
  <method>startKeyword</method>
  <thread>1</thread>
  <message>Start action : navigateToUrl(base + &amp;quot;cart?action=addC&amp;amp;id=2&amp;quot;)</message>
  <nestedLevel>1</nestedLevel>
  <escapedJava>false</escapedJava>
  <property name="startLine">35</property>
  <property name="stepIndex">16</property>
</record>
<record>
  <date>2026-06-07T23:00:38.652179Z</date>
  <millis>1780873238652</millis>
  <nanos>179000</nanos>
  <sequence>1847</sequence>
  <level>PASSED</level>
  <class>com.kms.katalon.core.logging.XmlKeywordLogger</class>
  <method>logMessage</method>
  <thread>1</thread>
  <message>Navigate to &amp;apos;http://localhost:8080/Vaporant_IGES_war_exploded/cart?action=addC&amp;amp;id=2&amp;apos; successfully</message>
  <nestedLevel>1</nestedLevel>
  <escapedJava>false</escapedJava>
  <property name="testops-method-name">com.kms.katalon.core.webui.keyword.builtin.NavigateToUrlKeyword.navigateToUrl</property>
  <property name="testops-execution-stacktrace"></property>
</record>
<record>
  <date>2026-06-07T23:00:38.653185100Z</date>
  <millis>1780873238653</millis>
  <nanos>185100</nanos>
  <sequence>1848</sequence>
  <level>END</level>
  <class>com.kms.katalon.core.logging.XmlKeywordLogger</class>
  <method>endKeyword</method>
  <thread>1</thread>
  <message>End action : navigateToUrl(base + &amp;quot;cart?action=addC&amp;amp;id=2&amp;quot;)</message>
  <nestedLevel>1</nestedLevel>
  <escapedJava>false</escapedJava>
</record>
<record>
  <date>2026-06-07T23:00:38.653185100Z</date>
  <millis>1780873238653</millis>
  <nanos>185100</nanos>
  <sequence>1849</sequence>
  <level>START</level>
  <class>com.kms.katalon.core.logging.XmlKeywordLogger</class>
  <method>startKeyword</method>
  <thread>1</thread>
  <message>Start action : delay(1)</message>
  <nestedLevel>1</nestedLevel>
  <escapedJava>false</escapedJava>
  <property name="startLine">36</property>
  <property name="stepIndex">17</property>
</record>
<record>
  <date>2026-06-07T23:00:39.661319400Z</date>
  <millis>1780873239661</millis>
  <nanos>319400</nanos>
  <sequence>1852</sequence>
  <level>PASSED</level>
  <class>com.kms.katalon.core.logging.XmlKeywordLogger</class>
  <method>logMessage</method>
  <thread>1</thread>
  <message>Delayed 1 second(s)</message>
  <nestedLevel>1</nestedLevel>
  <escapedJava>false</escapedJava>
  <property name="testops-method-name">com.kms.katalon.core.keyword.builtin.DelayKeyword.delay</property>
  <property name="testops-execution-stacktrace"></property>
</record>
<record>
  <date>2026-06-07T23:00:39.662569800Z</date>
  <millis>1780873239662</millis>
  <nanos>569800</nanos>
  <sequence>1853</sequence>
  <level>END</level>
  <class>com.kms.katalon.core.logging.XmlKeywordLogger</class>
  <method>endKeyword</method>
  <thread>1</thread>
  <message>End action : delay(1)</message>
  <nestedLevel>1</nestedLevel>
  <escapedJava>false</escapedJava>
</record>
<record>
  <date>2026-06-07T23:00:39.662569800Z</date>
  <millis>1780873239662</millis>
  <nanos>569800</nanos>
  <sequence>1854</sequence>
  <level>START</level>
  <class>com.kms.katalon.core.logging.XmlKeywordLogger</class>
  <method>startKeyword</method>
  <thread>1</thread>
  <message>Start action : navigateToUrl(base + &amp;quot;checkout.jsp&amp;quot;)</message>
  <nestedLevel>1</nestedLevel>
  <escapedJava>false</escapedJava>
  <property name="startLine">37</property>
  <property name="stepIndex">18</property>
</record>
<record>
  <date>2026-06-07T23:00:39.707245Z</date>
  <millis>1780873239707</millis>
  <nanos>245000</nanos>
  <sequence>1858</sequence>
  <level>PASSED</level>
  <class>com.kms.katalon.core.logging.XmlKeywordLogger</class>
  <method>logMessage</method>
  <thread>1</thread>
  <message>Navigate to &amp;apos;http://localhost:8080/Vaporant_IGES_war_exploded/checkout.jsp&amp;apos; successfully</message>
  <nestedLevel>1</nestedLevel>
  <escapedJava>false</escapedJava>
  <property name="testops-method-name">com.kms.katalon.core.webui.keyword.builtin.NavigateToUrlKeyword.navigateToUrl</property>
  <property name="testops-execution-stacktrace"></property>
</record>
<record>
  <date>2026-06-07T23:00:39.707245Z</date>
  <millis>1780873239707</millis>
  <nanos>245000</nanos>
  <sequence>1859</sequence>
  <level>END</level>
  <class>com.kms.katalon.core.logging.XmlKeywordLogger</class>
  <method>endKeyword</method>
  <thread>1</thread>
  <message>End action : navigateToUrl(base + &amp;quot;checkout.jsp&amp;quot;)</message>
  <nestedLevel>1</nestedLevel>
  <escapedJava>false</escapedJava>
</record>
<record>
  <date>2026-06-07T23:00:39.707245Z</date>
  <millis>1780873239707</millis>
  <nanos>245000</nanos>
  <sequence>1860</sequence>
  <level>START</level>
  <class>com.kms.katalon.core.logging.XmlKeywordLogger</class>
  <method>startKeyword</method>
  <thread>1</thread>
  <message>Start action : delay(2)</message>
  <nestedLevel>1</nestedLevel>
  <escapedJava>false</escapedJava>
  <property name="startLine">38</property>
  <property name="stepIndex">19</property>
</record>
<record>
  <date>2026-06-07T23:00:41.723939300Z</date>
  <millis>1780873241723</millis>
  <nanos>939300</nanos>
  <sequence>1863</sequence>
  <level>PASSED</level>
  <class>com.kms.katalon.core.logging.XmlKeywordLogger</class>
  <method>logMessage</method>
  <thread>1</thread>
  <message>Delayed 2 second(s)</message>
  <nestedLevel>1</nestedLevel>
  <escapedJava>false</escapedJava>
  <property name="testops-method-name">com.kms.katalon.core.keyword.builtin.DelayKeyword.delay</property>
  <property name="testops-execution-stacktrace"></property>
</record>
<record>
  <date>2026-06-07T23:00:41.724947200Z</date>
  <millis>1780873241724</millis>
  <nanos>947200</nanos>
  <sequence>1864</sequence>
  <level>END</level>
  <class>com.kms.katalon.core.logging.XmlKeywordLogger</class>
  <method>endKeyword</method>
  <thread>1</thread>
  <message>End action : delay(2)</message>
  <nestedLevel>1</nestedLevel>
  <escapedJava>false</escapedJava>
</record>
<record>
  <date>2026-06-07T23:00:41.724947200Z</date>
  <millis>1780873241724</millis>
  <nanos>947200</nanos>
  <sequence>1865</sequence>
  <level>START</level>
  <class>com.kms.katalon.core.logging.XmlKeywordLogger</class>
  <method>startKeyword</method>
  <thread>1</thread>
  <message>Start action : stockAfter = executeJavaScript(&amp;quot;var el = document.getElementById(&amp;apos;quantita&amp;apos;); return el ? el.getAttribute(&amp;apos;max&amp;apos;) : &amp;apos;-1&amp;apos;&amp;quot;, null)</message>
  <nestedLevel>1</nestedLevel>
  <escapedJava>false</escapedJava>
  <property name="startLine">40</property>
  <property name="stepIndex">20</property>
</record>
<record>
  <date>2026-06-07T23:00:41.732456500Z</date>
  <millis>1780873241732</millis>
  <nanos>456500</nanos>
  <sequence>1867</sequence>
  <level>PASSED</level>
  <class>com.kms.katalon.core.logging.XmlKeywordLogger</class>
  <method>logMessage</method>
  <thread>1</thread>
  <message>Execute JavaScript &amp;apos;var el = document.getElementById(&amp;apos;quantita&amp;apos;); return el ? el.getAttribute(&amp;apos;max&amp;apos;) : &amp;apos;-1&amp;apos;&amp;apos; successfully</message>
  <nestedLevel>1</nestedLevel>
  <escapedJava>false</escapedJava>
  <property name="testops-method-name">com.kms.katalon.core.webui.keyword.builtin.ExecuteJavaScriptKeyword.executeJavascript</property>
  <property name="testops-execution-stacktrace"></property>
</record>
<record>
  <date>2026-06-07T23:00:41.732456500Z</date>
  <millis>1780873241732</millis>
  <nanos>456500</nanos>
  <sequence>1868</sequence>
  <level>END</level>
  <class>com.kms.katalon.core.logging.XmlKeywordLogger</class>
  <method>endKeyword</method>
  <thread>1</thread>
  <message>End action : stockAfter = executeJavaScript(&amp;quot;var el = document.getElementById(&amp;apos;quantita&amp;apos;); return el ? el.getAttribute(&amp;apos;max&amp;apos;) : &amp;apos;-1&amp;apos;&amp;quot;, null)</message>
  <nestedLevel>1</nestedLevel>
  <escapedJava>false</escapedJava>
</record>
<record>
  <date>2026-06-07T23:00:41.733725800Z</date>
  <millis>1780873241733</millis>
  <nanos>725800</nanos>
  <sequence>1869</sequence>
  <level>START</level>
  <class>com.kms.katalon.core.logging.XmlKeywordLogger</class>
  <method>startKeyword</method>
  <thread>1</thread>
  <message>Start action : takeScreenshot()</message>
  <nestedLevel>1</nestedLevel>
  <escapedJava>false</escapedJava>
  <property name="startLine">41</property>
  <property name="stepIndex">21</property>
</record>
<record>
  <date>2026-06-07T23:00:42.014525200Z</date>
  <millis>1780873242014</millis>
  <nanos>525200</nanos>
  <sequence>1872</sequence>
  <level>PASSED</level>
  <class>com.kms.katalon.core.logging.XmlKeywordLogger</class>
  <method>logMessage</method>
  <thread>1</thread>
  <message>Taking screenshot successfully</message>
  <nestedLevel>1</nestedLevel>
  <escapedJava>false</escapedJava>
  <property name="attachment">1780873241733.png</property>
  <property name="testops-method-name">com.kms.katalon.core.webui.keyword.builtin.TakeScreenshotKeyword.takeScreenshot</property>
  <property name="testops-execution-stacktrace"></property>
</record>
<record>
  <date>2026-06-07T23:00:42.015301900Z</date>
  <millis>1780873242015</millis>
  <nanos>301900</nanos>
  <sequence>1873</sequence>
  <level>END</level>
  <class>com.kms.katalon.core.logging.XmlKeywordLogger</class>
  <method>endKeyword</method>
  <thread>1</thread>
  <message>End action : takeScreenshot()</message>
  <nestedLevel>1</nestedLevel>
  <escapedJava>false</escapedJava>
</record>
<record>
  <date>2026-06-07T23:00:42.015301900Z</date>
  <millis>1780873242015</millis>
  <nanos>301900</nanos>
  <sequence>1874</sequence>
  <level>START</level>
  <class>com.kms.katalon.core.logging.XmlKeywordLogger</class>
  <method>startKeyword</method>
  <thread>1</thread>
  <message>Start action : verifyMatch(stockAfter, &amp;quot;24&amp;quot;, false, CONTINUE_ON_FAILURE)</message>
  <nestedLevel>1</nestedLevel>
  <escapedJava>false</escapedJava>
  <property name="startLine">44</property>
  <property name="stepIndex">22</property>
</record>
<record>
  <date>2026-06-07T23:00:42.025895400Z</date>
  <millis>1780873242025</millis>
  <nanos>895400</nanos>
  <sequence>1880</sequence>
  <level>FAILED</level>
  <class>com.kms.katalon.core.logging.XmlKeywordLogger</class>
  <method>logMessage</method>
  <thread>1</thread>
  <message>Unable to verify match between actual text &amp;apos;25&amp;apos; and expected text &amp;apos;24&amp;apos; (Root cause: com.kms.katalon.core.exception.StepFailedException: Actual text &amp;apos;25&amp;apos; and expected text &amp;apos;24&amp;apos; are not matched
	at com.kms.katalon.core.keyword.builtin.VerifyMatchKeyword$_verifyMatch_closure1.doCall(VerifyMatchKeyword.groovy:57)
	at com.kms.katalon.core.keyword.builtin.VerifyMatchKeyword$_verifyMatch_closure1.call(VerifyMatchKeyword.groovy)
	at com.kms.katalon.core.keyword.internal.KeywordMain.runKeyword(KeywordMain.groovy:75)
	at com.kms.katalon.core.keyword.builtin.VerifyMatchKeyword.verifyMatch(VerifyMatchKeyword.groovy:60)
	at com.kms.katalon.core.keyword.builtin.VerifyMatchKeyword.execute(VerifyMatchKeyword.groovy:45)
	at com.kms.katalon.core.keyword.internal.KeywordExecutor.executeKeywordForPlatform(KeywordExecutor.groovy:103)
	at com.kms.katalon.core.keyword.BuiltinKeywords.verifyMatch(BuiltinKeywords.groovy:44)
	at java.base/jdk.internal.reflect.DirectMethodHandleAccessor.invoke(DirectMethodHandleAccessor.java:103)
	at Script178070060205.run(Script178070060205.groovy:44)
	at com.kms.katalon.core.main.ScriptEngine.run(ScriptEngine.java:203)
	at com.kms.katalon.core.main.ScriptEngine.runScriptAsRawText(ScriptEngine.java:115)
	at com.kms.katalon.core.main.TestCaseExecutor.runScript(TestCaseExecutor.java:506)
	at com.kms.katalon.core.main.TestCaseExecutor.doExecute(TestCaseExecutor.java:497)
	at com.kms.katalon.core.main.TestCaseExecutor.processExecutionPhase(TestCaseExecutor.java:476)
	at com.kms.katalon.core.main.TestCaseExecutor.accessMainPhase(TestCaseExecutor.java:468)
	at com.kms.katalon.core.main.TestCaseExecutor.execute(TestCaseExecutor.java:334)
	at com.kms.katalon.core.common.CommonExecutor.accessTestCaseMainPhase(CommonExecutor.java:71)
	at com.kms.katalon.core.main.TestSuiteExecutor.accessTestSuiteMainPhase(TestSuiteExecutor.java:153)
	at com.kms.katalon.core.main.TestSuiteExecutor.execute(TestSuiteExecutor.java:110)
	at com.kms.katalon.core.main.TestCaseMain.startTestSuite(TestCaseMain.java:206)
	at S0608_0.run(S0608_0.groovy:40)
	at java.base/jdk.internal.reflect.DirectMethodHandleAccessor.invoke(DirectMethodHandleAccessor.java:103)
)</message>
  <nestedLevel>1</nestedLevel>
  <escapedJava>false</escapedJava>
  <property name="failed.exception.stacktrace">com.kms.katalon.core.exception.StepFailedException: Actual text &apos;25&apos; and expected text &apos;24&apos; are not matched
	at com.kms.katalon.core.keyword.builtin.VerifyMatchKeyword$_verifyMatch_closure1.doCall(VerifyMatchKeyword.groovy:57)
	at com.kms.katalon.core.keyword.builtin.VerifyMatchKeyword$_verifyMatch_closure1.call(VerifyMatchKeyword.groovy)
	at com.kms.katalon.core.keyword.internal.KeywordMain.runKeyword(KeywordMain.groovy:75)
	at com.kms.katalon.core.keyword.builtin.VerifyMatchKeyword.verifyMatch(VerifyMatchKeyword.groovy:60)
	at com.kms.katalon.core.keyword.builtin.VerifyMatchKeyword.execute(VerifyMatchKeyword.groovy:45)
	at com.kms.katalon.core.keyword.internal.KeywordExecutor.executeKeywordForPlatform(KeywordExecutor.groovy:103)
	at com.kms.katalon.core.keyword.BuiltinKeywords.verifyMatch(BuiltinKeywords.groovy:44)
	at java.base/jdk.internal.reflect.DirectMethodHandleAccessor.invoke(DirectMethodHandleAccessor.java:103)
	at Script178070060205.run(Script178070060205.groovy:44)
	at com.kms.katalon.core.main.ScriptEngine.run(ScriptEngine.java:203)
	at com.kms.katalon.core.main.ScriptEngine.runScriptAsRawText(ScriptEngine.java:115)
	at com.kms.katalon.core.main.TestCaseExecutor.runScript(TestCaseExecutor.java:506)
	at com.kms.katalon.core.main.TestCaseExecutor.doExecute(TestCaseExecutor.java:497)
	at com.kms.katalon.core.main.TestCaseExecutor.processExecutionPhase(TestCaseExecutor.java:476)
	at com.kms.katalon.core.main.TestCaseExecutor.accessMainPhase(TestCaseExecutor.java:468)
	at com.kms.katalon.core.main.TestCaseExecutor.execute(TestCaseExecutor.java:334)
	at com.kms.katalon.core.common.CommonExecutor.accessTestCaseMainPhase(CommonExecutor.java:71)
	at com.kms.katalon.core.main.TestSuiteExecutor.accessTestSuiteMainPhase(TestSuiteExecutor.java:153)
	at com.kms.katalon.core.main.TestSuiteExecutor.execute(TestSuiteExecutor.java:110)
	at com.kms.katalon.core.main.TestCaseMain.startTestSuite(TestCaseMain.java:206)
	at S0608_0.run(S0608_0.groovy:40)
	at java.base/jdk.internal.reflect.DirectMethodHandleAccessor.invoke(DirectMethodHandleAccessor.java:103)
</property>
  <property name="failed.exception.class">com.kms.katalon.core.exception.StepFailedException</property>
  <property name="testops-is-assertion">true</property>
  <property name="testops-method-name">com.kms.katalon.core.keyword.builtin.VerifyMatchKeyword.verifyMatch</property>
  <property name="testops-execution-stacktrace">com.kms.katalon.core.logging.testops.TestOpsLogHelper.handleFailedLogEntry(TestOpsLogHelper.java:112)
com.kms.katalon.core.logging.KeywordLogger.logFailed(KeywordLogger.java:300)
com.kms.katalon.core.keyword.internal.KeywordMain.stepFailed(KeywordMain.groovy:34)
com.kms.katalon.core.keyword.internal.KeywordMain.stepFailed(KeywordMain.groovy)
com.kms.katalon.core.keyword.internal.KeywordMain.runKeyword(KeywordMain.groovy:77)
com.kms.katalon.core.keyword.builtin.VerifyMatchKeyword.verifyMatch(VerifyMatchKeyword.groovy:60)
com.kms.katalon.core.keyword.builtin.VerifyMatchKeyword.execute(VerifyMatchKeyword.groovy:45)
com.kms.katalon.core.keyword.internal.KeywordExecutor.executeKeywordForPlatform(KeywordExecutor.groovy:103)
com.kms.katalon.core.keyword.BuiltinKeywords.verifyMatch(BuiltinKeywords.groovy:44)
java.base/jdk.internal.reflect.DirectMethodHandleAccessor.invoke(DirectMethodHandleAccessor.java:103)
Script178070060205.run(Script178070060205.groovy:44)
</property>
  <property name="failed.exception.message">Actual text &apos;25&apos; and expected text &apos;24&apos; are not matched</property>
</record>
<record>
  <date>2026-06-07T23:00:42.025895400Z</date>
  <millis>1780873242025</millis>
  <nanos>895400</nanos>
  <sequence>1881</sequence>
  <level>END</level>
  <class>com.kms.katalon.core.logging.XmlKeywordLogger</class>
  <method>endKeyword</method>
  <thread>1</thread>
  <message>End action : verifyMatch(stockAfter, &amp;quot;24&amp;quot;, false, CONTINUE_ON_FAILURE)</message>
  <nestedLevel>1</nestedLevel>
  <escapedJava>false</escapedJava>
</record>
<record>
  <date>2026-06-07T23:00:42.026885600Z</date>
  <millis>1780873242026</millis>
  <nanos>885600</nanos>
  <sequence>1882</sequence>
  <level>START</level>
  <class>com.kms.katalon.core.logging.XmlKeywordLogger</class>
  <method>startKeyword</method>
  <thread>1</thread>
  <message>Start action : closeBrowser()</message>
  <nestedLevel>1</nestedLevel>
  <escapedJava>false</escapedJava>
  <property name="startLine">45</property>
  <property name="stepIndex">23</property>
</record>
<record>
  <date>2026-06-07T23:00:42.192521900Z</date>
  <millis>1780873242192</millis>
  <nanos>521900</nanos>
  <sequence>1885</sequence>
  <level>PASSED</level>
  <class>com.kms.katalon.core.logging.XmlKeywordLogger</class>
  <method>logMessage</method>
  <thread>1</thread>
  <message>Browser is closed</message>
  <nestedLevel>1</nestedLevel>
  <escapedJava>false</escapedJava>
  <property name="testops-method-name">com.kms.katalon.core.webui.keyword.builtin.CloseBrowserKeyword.closeBrowser</property>
  <property name="testops-execution-stacktrace"></property>
</record>
<record>
  <date>2026-06-07T23:00:42.193524600Z</date>
  <millis>1780873242193</millis>
  <nanos>524600</nanos>
  <sequence>1888</sequence>
  <level>END</level>
  <class>com.kms.katalon.core.logging.XmlKeywordLogger</class>
  <method>endKeyword</method>
  <thread>1</thread>
  <message>End action : closeBrowser()</message>
  <nestedLevel>1</nestedLevel>
  <escapedJava>false</escapedJava>
</record>
<record>
  <date>2026-06-07T23:00:42.193524600Z</date>
  <millis>1780873242193</millis>
  <nanos>524600</nanos>
  <sequence>1891</sequence>
  <level>FAILED</level>
  <class>com.kms.katalon.core.logging.XmlKeywordLogger</class>
  <method>logMessage</method>
  <thread>1</thread>
  <message>Test Cases/Ordine/TC_6.2_5 FAILED.
Reason:
com.kms.katalon.core.exception.StepFailedException: Unable to verify match between actual text &amp;apos;25&amp;apos; and expected text &amp;apos;24&amp;apos; (Root cause: com.kms.katalon.core.exception.StepFailedException: Actual text &amp;apos;25&amp;apos; and expected text &amp;apos;24&amp;apos; are not matched
	at com.kms.katalon.core.keyword.builtin.VerifyMatchKeyword$_verifyMatch_closure1.doCall(VerifyMatchKeyword.groovy:57)
	at com.kms.katalon.core.keyword.builtin.VerifyMatchKeyword$_verifyMatch_closure1.call(VerifyMatchKeyword.groovy)
	at com.kms.katalon.core.keyword.internal.KeywordMain.runKeyword(KeywordMain.groovy:75)
	at com.kms.katalon.core.keyword.builtin.VerifyMatchKeyword.verifyMatch(VerifyMatchKeyword.groovy:60)
	at com.kms.katalon.core.keyword.builtin.VerifyMatchKeyword.execute(VerifyMatchKeyword.groovy:45)
	at com.kms.katalon.core.keyword.internal.KeywordExecutor.executeKeywordForPlatform(KeywordExecutor.groovy:103)
	at com.kms.katalon.core.keyword.BuiltinKeywords.verifyMatch(BuiltinKeywords.groovy:44)
	at java.base/jdk.internal.reflect.DirectMethodHandleAccessor.invoke(DirectMethodHandleAccessor.java:103)
	at Script178070060205.run(Script178070060205.groovy:44)
	at com.kms.katalon.core.main.ScriptEngine.run(ScriptEngine.java:203)
	at com.kms.katalon.core.main.ScriptEngine.runScriptAsRawText(ScriptEngine.java:115)
	at com.kms.katalon.core.main.TestCaseExecutor.runScript(TestCaseExecutor.java:506)
	at com.kms.katalon.core.main.TestCaseExecutor.doExecute(TestCaseExecutor.java:497)
	at com.kms.katalon.core.main.TestCaseExecutor.processExecutionPhase(TestCaseExecutor.java:476)
	at com.kms.katalon.core.main.TestCaseExecutor.accessMainPhase(TestCaseExecutor.java:468)
	at com.kms.katalon.core.main.TestCaseExecutor.execute(TestCaseExecutor.java:334)
	at com.kms.katalon.core.common.CommonExecutor.accessTestCaseMainPhase(CommonExecutor.java:71)
	at com.kms.katalon.core.main.TestSuiteExecutor.accessTestSuiteMainPhase(TestSuiteExecutor.java:153)
	at com.kms.katalon.core.main.TestSuiteExecutor.execute(TestSuiteExecutor.java:110)
	at com.kms.katalon.core.main.TestCaseMain.startTestSuite(TestCaseMain.java:206)
	at S0608_0.run(S0608_0.groovy:40)
	at java.base/jdk.internal.reflect.DirectMethodHandleAccessor.invoke(DirectMethodHandleAccessor.java:103)
)
	at com.kms.katalon.core.keyword.internal.KeywordMain.stepFailed(KeywordMain.groovy:39)
	at com.kms.katalon.core.keyword.internal.KeywordMain.stepFailed(KeywordMain.groovy)
	at com.kms.katalon.core.keyword.internal.KeywordMain.runKeyword(KeywordMain.groovy:77)
	at com.kms.katalon.core.keyword.builtin.VerifyMatchKeyword.verifyMatch(VerifyMatchKeyword.groovy:60)
	at com.kms.katalon.core.keyword.builtin.VerifyMatchKeyword.execute(VerifyMatchKeyword.groovy:45)
	at com.kms.katalon.core.keyword.internal.KeywordExecutor.executeKeywordForPlatform(KeywordExecutor.groovy:103)
	at com.kms.katalon.core.keyword.BuiltinKeywords.verifyMatch(BuiltinKeywords.groovy:44)
	at java.base/jdk.internal.reflect.DirectMethodHandleAccessor.invoke(DirectMethodHandleAccessor.java:103)
	at Script178070060205.run(Script178070060205.groovy:44)
	at com.kms.katalon.core.main.ScriptEngine.run(ScriptEngine.java:203)
	at com.kms.katalon.core.main.ScriptEngine.runScriptAsRawText(ScriptEngine.java:115)
	at com.kms.katalon.core.main.TestCaseExecutor.runScript(TestCaseExecutor.java:506)
	at com.kms.katalon.core.main.TestCaseExecutor.doExecute(TestCaseExecutor.java:497)
	at com.kms.katalon.core.main.TestCaseExecutor.processExecutionPhase(TestCaseExecutor.java:476)
	at com.kms.katalon.core.main.TestCaseExecutor.accessMainPhase(TestCaseExecutor.java:468)
	at com.kms.katalon.core.main.TestCaseExecutor.execute(TestCaseExecutor.java:334)
	at com.kms.katalon.core.common.CommonExecutor.accessTestCaseMainPhase(CommonExecutor.java:71)
	at com.kms.katalon.core.main.TestSuiteExecutor.accessTestSuiteMainPhase(TestSuiteExecutor.java:153)
	at com.kms.katalon.core.main.TestSuiteExecutor.execute(TestSuiteExecutor.java:110)
	at com.kms.katalon.core.main.TestCaseMain.startTestSuite(TestCaseMain.java:206)
	at S0608_0.run(S0608_0.groovy:40)
	at java.base/jdk.internal.reflect.DirectMethodHandleAccessor.invoke(DirectMethodHandleAccessor.java:103)
Caused by: com.kms.katalon.core.exception.StepFailedException: Actual text &amp;apos;25&amp;apos; and expected text &amp;apos;24&amp;apos; are not matched
	at com.kms.katalon.core.keyword.builtin.VerifyMatchKeyword$_verifyMatch_closure1.doCall(VerifyMatchKeyword.groovy:57)
	at com.kms.katalon.core.keyword.builtin.VerifyMatchKeyword$_verifyMatch_closure1.call(VerifyMatchKeyword.groovy)
	at com.kms.katalon.core.keyword.internal.KeywordMain.runKeyword(KeywordMain.groovy:75)
	... 19 more
</message>
  <exception>
    <message>com.kms.katalon.core.exception.StepFailedException: Unable to verify match between actual text '25' and expected text '24' (Root cause: com.kms.katalon.core.exception.StepFailedException: Actual text '25' and expected text '24' are not matched
	at com.kms.katalon.core.keyword.builtin.VerifyMatchKeyword$_verifyMatch_closure1.doCall(VerifyMatchKeyword.groovy:57)
	at com.kms.katalon.core.keyword.builtin.VerifyMatchKeyword$_verifyMatch_closure1.call(VerifyMatchKeyword.groovy)
	at com.kms.katalon.core.keyword.internal.KeywordMain.runKeyword(KeywordMain.groovy:75)
	at com.kms.katalon.core.keyword.builtin.VerifyMatchKeyword.verifyMatch(VerifyMatchKeyword.groovy:60)
	at com.kms.katalon.core.keyword.builtin.VerifyMatchKeyword.execute(VerifyMatchKeyword.groovy:45)
	at com.kms.katalon.core.keyword.internal.KeywordExecutor.executeKeywordForPlatform(KeywordExecutor.groovy:103)
	at com.kms.katalon.core.keyword.BuiltinKeywords.verifyMatch(BuiltinKeywords.groovy:44)
	at java.base/jdk.internal.reflect.DirectMethodHandleAccessor.invoke(DirectMethodHandleAccessor.java:103)
	at Script178070060205.run(Script178070060205.groovy:44)
	at com.kms.katalon.core.main.ScriptEngine.run(ScriptEngine.java:203)
	at com.kms.katalon.core.main.ScriptEngine.runScriptAsRawText(ScriptEngine.java:115)
	at com.kms.katalon.core.main.TestCaseExecutor.runScript(TestCaseExecutor.java:506)
	at com.kms.katalon.core.main.TestCaseExecutor.doExecute(TestCaseExecutor.java:497)
	at com.kms.katalon.core.main.TestCaseExecutor.processExecutionPhase(TestCaseExecutor.java:476)
	at com.kms.katalon.core.main.TestCaseExecutor.accessMainPhase(TestCaseExecutor.java:468)
	at com.kms.katalon.core.main.TestCaseExecutor.execute(TestCaseExecutor.java:334)
	at com.kms.katalon.core.common.CommonExecutor.accessTestCaseMainPhase(CommonExecutor.java:71)
	at com.kms.katalon.core.main.TestSuiteExecutor.accessTestSuiteMainPhase(TestSuiteExecutor.java:153)
	at com.kms.katalon.core.main.TestSuiteExecutor.execute(TestSuiteExecutor.java:110)
	at com.kms.katalon.core.main.TestCaseMain.startTestSuite(TestCaseMain.java:206)
	at S0608_0.run(S0608_0.groovy:40)
	at java.base/jdk.internal.reflect.DirectMethodHandleAccessor.invoke(DirectMethodHandleAccessor.java:103)
)</message>
    <frame>
      <class>com.kms.katalon.core.logging.XmlKeywordLogger</class>
      <method>logMessage</method>
      <line>516</line>
    </frame>
    <frame>
      <class>com.kms.katalon.core.logging.KeywordLogger</class>
      <method>logMessage</method>
      <line>475</line>
    </frame>
    <frame>
      <class>com.kms.katalon.core.main.TestCaseExecutor</class>
      <method>logError</method>
      <line>619</line>
    </frame>
    <frame>
      <class>com.kms.katalon.core.main.TestCaseExecutor</class>
      <method>onExecutionError</method>
      <line>189</line>
    </frame>
    <frame>
      <class>com.kms.katalon.core.main.TestCaseExecutor</class>
      <method>processExecutionPhase</method>
      <line>486</line>
    </frame>
    <frame>
      <class>com.kms.katalon.core.main.TestCaseExecutor</class>
      <method>accessMainPhase</method>
      <line>468</line>
    </frame>
    <frame>
      <class>com.kms.katalon.core.main.TestCaseExecutor</class>
      <method>execute</method>
      <line>334</line>
    </frame>
    <frame>
      <class>com.kms.katalon.core.common.CommonExecutor</class>
      <method>accessTestCaseMainPhase</method>
      <line>71</line>
    </frame>
    <frame>
      <class>com.kms.katalon.core.main.TestSuiteExecutor</class>
      <method>accessTestSuiteMainPhase</method>
      <line>153</line>
    </frame>
    <frame>
      <class>com.kms.katalon.core.main.TestSuiteExecutor</class>
      <method>execute</method>
      <line>110</line>
    </frame>
    <frame>
      <class>com.kms.katalon.core.main.TestCaseMain</class>
      <method>startTestSuite</method>
      <line>206</line>
    </frame>
    <frame>
      <class>org.codehaus.groovy.vmplugin.v8.IndyInterface</class>
      <method>fromCache</method>
      <line>318</line>
    </frame>
    <frame>
      <class>S0608_0</class>
      <method>run</method>
      <line>40</line>
    </frame>
    <frame>
      <class>groovy.lang.GroovyShell</class>
      <method>runScriptOrMainOrTestOrRunnable</method>
      <line>254</line>
    </frame>
    <frame>
      <class>groovy.lang.GroovyShell</class>
      <method>run</method>
      <line>360</line>
    </frame>
    <frame>
      <class>groovy.lang.GroovyShell</class>
      <method>run</method>
      <line>349</line>
    </frame>
    <frame>
      <class>groovy.ui.GroovyMain</class>
      <method>processOnce</method>
      <line>652</line>
    </frame>
    <frame>
      <class>groovy.ui.GroovyMain</class>
      <method>run</method>
      <line>398</line>
    </frame>
    <frame>
      <class>groovy.ui.GroovyMain</class>
      <method>access$1400</method>
      <line>68</line>
    </frame>
    <frame>
      <class>groovy.ui.GroovyMain$GroovyCommand</class>
      <method>process</method>
      <line>322</line>
    </frame>
    <frame>
      <class>groovy.ui.GroovyMain</class>
      <method>processArgs</method>
      <line>142</line>
    </frame>
    <frame>
      <class>groovy.ui.GroovyMain</class>
      <method>main</method>
      <line>115</line>
    </frame>
    <frame>
      <class>jdk.internal.reflect.DirectMethodHandleAccessor</class>
      <method>invoke</method>
      <line>103</line>
    </frame>
    <frame>
      <class>java.lang.reflect.Method</class>
      <method>invoke</method>
      <line>580</line>
    </frame>
    <frame>
      <class>org.codehaus.groovy.tools.GroovyStarter</class>
      <method>rootLoader</method>
      <line>117</line>
    </frame>
    <frame>
      <class>org.codehaus.groovy.tools.GroovyStarter</class>
      <method>main</method>
      <line>39</line>
    </frame>
  </exception>
  <nestedLevel>0</nestedLevel>
  <escapedJava>false</escapedJava>
  <property name="failed.exception.stacktrace">com.kms.katalon.core.exception.StepFailedException: Actual text &apos;25&apos; and expected text &apos;24&apos; are not matched
	at com.kms.katalon.core.keyword.builtin.VerifyMatchKeyword$_verifyMatch_closure1.doCall(VerifyMatchKeyword.groovy:57)
	at com.kms.katalon.core.keyword.builtin.VerifyMatchKeyword$_verifyMatch_closure1.call(VerifyMatchKeyword.groovy)
	at com.kms.katalon.core.keyword.internal.KeywordMain.runKeyword(KeywordMain.groovy:75)
	at com.kms.katalon.core.keyword.builtin.VerifyMatchKeyword.verifyMatch(VerifyMatchKeyword.groovy:60)
	at com.kms.katalon.core.keyword.builtin.VerifyMatchKeyword.execute(VerifyMatchKeyword.groovy:45)
	at com.kms.katalon.core.keyword.internal.KeywordExecutor.executeKeywordForPlatform(KeywordExecutor.groovy:103)
	at com.kms.katalon.core.keyword.BuiltinKeywords.verifyMatch(BuiltinKeywords.groovy:44)
	at java.base/jdk.internal.reflect.DirectMethodHandleAccessor.invoke(DirectMethodHandleAccessor.java:103)
	at Script178070060205.run(Script178070060205.groovy:44)
	at com.kms.katalon.core.main.ScriptEngine.run(ScriptEngine.java:203)
	at com.kms.katalon.core.main.ScriptEngine.runScriptAsRawText(ScriptEngine.java:115)
	at com.kms.katalon.core.main.TestCaseExecutor.runScript(TestCaseExecutor.java:506)
	at com.kms.katalon.core.main.TestCaseExecutor.doExecute(TestCaseExecutor.java:497)
	at com.kms.katalon.core.main.TestCaseExecutor.processExecutionPhase(TestCaseExecutor.java:476)
	at com.kms.katalon.core.main.TestCaseExecutor.accessMainPhase(TestCaseExecutor.java:468)
	at com.kms.katalon.core.main.TestCaseExecutor.execute(TestCaseExecutor.java:334)
	at com.kms.katalon.core.common.CommonExecutor.accessTestCaseMainPhase(CommonExecutor.java:71)
	at com.kms.katalon.core.main.TestSuiteExecutor.accessTestSuiteMainPhase(TestSuiteExecutor.java:153)
	at com.kms.katalon.core.main.TestSuiteExecutor.execute(TestSuiteExecutor.java:110)
	at com.kms.katalon.core.main.TestCaseMain.startTestSuite(TestCaseMain.java:206)
	at S0608_0.run(S0608_0.groovy:40)
	at java.base/jdk.internal.reflect.DirectMethodHandleAccessor.invoke(DirectMethodHandleAccessor.java:103)
</property>
  <property name="failed.exception.class">com.kms.katalon.core.exception.StepFailedException</property>
  <property name="failed.exception.message">Actual text &apos;25&apos; and expected text &apos;24&apos; are not matched</property>
</record>
<record>
  <date>2026-06-07T23:00:42.194525Z</date>
  <millis>1780873242194</millis>
  <nanos>525000</nanos>
  <sequence>1893</sequence>
  <level>END</level>
  <class>com.kms.katalon.core.logging.XmlKeywordLogger</class>
  <method>endTest</method>
  <thread>1</thread>
  <message>End Test Case : Test Cases/Ordine/TC_6.2_5</message>
  <nestedLevel>0</nestedLevel>
  <escapedJava>false</escapedJava>
  <property name="executionBindingVariables">[]</property>
  <property name="applitools">false</property>
  <property name="executedKeywords">{
  &quot;WebUI.closeBrowser&quot;: 1,
  &quot;WebUI.click&quot;: 3,
  &quot;WebUI.executeJavaScript&quot;: 1,
  &quot;WebUI.takeScreenshot&quot;: 1,
  &quot;WebUI.navigateToUrl&quot;: 5,
  &quot;WebUI.selectOptionByValue&quot;: 2,
  &quot;BuiltIn.verifyMatch&quot;: 1,
  &quot;WebUI.openBrowser&quot;: 1,
  &quot;BuiltIn.delay&quot;: 6,
  &quot;WebUI.setText&quot;: 2
}</property>
  <property name="keywordsUsage">{
  &quot;web_ui&quot;: true,
  &quot;web_service&quot;: false,
  &quot;cucumber&quot;: false,
  &quot;builtin&quot;: true,
  &quot;mobile&quot;: false,
  &quot;windows&quot;: false,
  &quot;testng&quot;: false
}</property>
</record>
<record>
  <date>2026-06-07T23:00:42.196542Z</date>
  <millis>1780873242196</millis>
  <nanos>542000</nanos>
  <sequence>1894</sequence>
  <level>START</level>
  <class>com.kms.katalon.core.logging.XmlKeywordLogger</class>
  <method>startTest</method>
  <thread>1</thread>
  <message>Start Test Case : Test Cases/Ordine/TC_6.3_1</message>
  <nestedLevel>1</nestedLevel>
  <escapedJava>false</escapedJava>
  <property name="origin"></property>
  <property name="name">Test Cases/Ordine/TC_6.3_1</property>
  <property name="description">Visualizzare il riepilogo dopo un acquisto</property>
  <property name="iteration"></property>
  <property name="id">Test Cases/Ordine/TC_6.3_1</property>
  <property name="source">C:\Users\gianf\Documents\Vaporant-IGES\StorageSession\testing\katalon\Vaporant-Baseline\Test Cases\Ordine\TC_6.3_1.tc</property>
  <property name="tag"></property>
  <property name="isOptional">false</property>
  <property name="uuid">78dc4ad2-fa55-42b9-9dab-18adc39d9b0b</property>
</record>
<record>
  <date>2026-06-07T23:00:42.199539100Z</date>
  <millis>1780873242199</millis>
  <nanos>539100</nanos>
  <sequence>1896</sequence>
  <level>RUN_DATA</level>
  <class>com.kms.katalon.core.logging.XmlKeywordLogger</class>
  <method>logMessage</method>
  <thread>1</thread>
  <message>executionBindingVariables = []</message>
  <nestedLevel>1</nestedLevel>
  <escapedJava>false</escapedJava>
  <property name="executionBindingVariables">[]</property>
</record>
<record>
  <date>2026-06-07T23:00:42.201050800Z</date>
  <millis>1780873242201</millis>
  <nanos>50800</nanos>
  <sequence>1897</sequence>
  <level>START</level>
  <class>com.kms.katalon.core.logging.XmlKeywordLogger</class>
  <method>startKeyword</method>
  <thread>1</thread>
  <message>Start listener action : resetSeedBeforeTestCase</message>
  <nestedLevel>1</nestedLevel>
  <escapedJava>false</escapedJava>
</record>
<record>
  <date>2026-06-07T23:00:42.201050800Z</date>
  <millis>1780873242201</millis>
  <nanos>50800</nanos>
  <sequence>1899</sequence>
  <level>START</level>
  <class>com.kms.katalon.core.logging.XmlKeywordLogger</class>
  <method>startKeyword</method>
  <thread>1</thread>
  <message>Start action : if (resetSeed == false)</message>
  <nestedLevel>1</nestedLevel>
  <escapedJava>false</escapedJava>
  <property name="startLine">26</property>
  <property name="stepIndex">1</property>
</record>
<record>
  <date>2026-06-07T23:00:42.201050800Z</date>
  <millis>1780873242201</millis>
  <nanos>50800</nanos>
  <sequence>1900</sequence>
  <level>END</level>
  <class>com.kms.katalon.core.logging.XmlKeywordLogger</class>
  <method>endKeyword</method>
  <thread>1</thread>
  <message>End action : if (resetSeed == false)</message>
  <nestedLevel>1</nestedLevel>
  <escapedJava>false</escapedJava>
</record>
<record>
  <date>2026-06-07T23:00:42.201050800Z</date>
  <millis>1780873242201</millis>
  <nanos>50800</nanos>
  <sequence>1901</sequence>
  <level>START</level>
  <class>com.kms.katalon.core.logging.XmlKeywordLogger</class>
  <method>startKeyword</method>
  <thread>1</thread>
  <message>Start action : projectDir = getProjectDir()</message>
  <nestedLevel>1</nestedLevel>
  <escapedJava>false</escapedJava>
  <property name="startLine">30</property>
  <property name="stepIndex">2</property>
</record>
<record>
  <date>2026-06-07T23:00:42.201050800Z</date>
  <millis>1780873242201</millis>
  <nanos>50800</nanos>
  <sequence>1902</sequence>
  <level>END</level>
  <class>com.kms.katalon.core.logging.XmlKeywordLogger</class>
  <method>endKeyword</method>
  <thread>1</thread>
  <message>End action : projectDir = getProjectDir()</message>
  <nestedLevel>1</nestedLevel>
  <escapedJava>false</escapedJava>
</record>
<record>
  <date>2026-06-07T23:00:42.201050800Z</date>
  <millis>1780873242201</millis>
  <nanos>50800</nanos>
  <sequence>1903</sequence>
  <level>START</level>
  <class>com.kms.katalon.core.logging.XmlKeywordLogger</class>
  <method>startKeyword</method>
  <thread>1</thread>
  <message>Start action : script = new java.io.File(projectDir, Data Files/reset-seed.sql)</message>
  <nestedLevel>1</nestedLevel>
  <escapedJava>false</escapedJava>
  <property name="startLine">31</property>
  <property name="stepIndex">3</property>
</record>
<record>
  <date>2026-06-07T23:00:42.201050800Z</date>
  <millis>1780873242201</millis>
  <nanos>50800</nanos>
  <sequence>1904</sequence>
  <level>END</level>
  <class>com.kms.katalon.core.logging.XmlKeywordLogger</class>
  <method>endKeyword</method>
  <thread>1</thread>
  <message>End action : script = new java.io.File(projectDir, Data Files/reset-seed.sql)</message>
  <nestedLevel>1</nestedLevel>
  <escapedJava>false</escapedJava>
</record>
<record>
  <date>2026-06-07T23:00:42.201050800Z</date>
  <millis>1780873242201</millis>
  <nanos>50800</nanos>
  <sequence>1905</sequence>
  <level>START</level>
  <class>com.kms.katalon.core.logging.XmlKeywordLogger</class>
  <method>startKeyword</method>
  <thread>1</thread>
  <message>Start action : if (!(script.exists()))</message>
  <nestedLevel>1</nestedLevel>
  <escapedJava>false</escapedJava>
  <property name="startLine">33</property>
  <property name="stepIndex">4</property>
</record>
<record>
  <date>2026-06-07T23:00:42.201050800Z</date>
  <millis>1780873242201</millis>
  <nanos>50800</nanos>
  <sequence>1906</sequence>
  <level>END</level>
  <class>com.kms.katalon.core.logging.XmlKeywordLogger</class>
  <method>endKeyword</method>
  <thread>1</thread>
  <message>End action : if (!(script.exists()))</message>
  <nestedLevel>1</nestedLevel>
  <escapedJava>false</escapedJava>
</record>
<record>
  <date>2026-06-07T23:00:42.201050800Z</date>
  <millis>1780873242201</millis>
  <nanos>50800</nanos>
  <sequence>1907</sequence>
  <level>START</level>
  <class>com.kms.katalon.core.logging.XmlKeywordLogger</class>
  <method>startKeyword</method>
  <thread>1</thread>
  <message>Start action : cmd = [mysqlExe, &amp;quot;--user=&amp;quot; + dbUser, &amp;quot;--password=&amp;quot; + dbPass, dbName]</message>
  <nestedLevel>1</nestedLevel>
  <escapedJava>false</escapedJava>
  <property name="startLine">39</property>
  <property name="stepIndex">5</property>
</record>
<record>
  <date>2026-06-07T23:00:42.201050800Z</date>
  <millis>1780873242201</millis>
  <nanos>50800</nanos>
  <sequence>1908</sequence>
  <level>END</level>
  <class>com.kms.katalon.core.logging.XmlKeywordLogger</class>
  <method>endKeyword</method>
  <thread>1</thread>
  <message>End action : cmd = [mysqlExe, &amp;quot;--user=&amp;quot; + dbUser, &amp;quot;--password=&amp;quot; + dbPass, dbName]</message>
  <nestedLevel>1</nestedLevel>
  <escapedJava>false</escapedJava>
</record>
<record>
  <date>2026-06-07T23:00:42.201050800Z</date>
  <millis>1780873242201</millis>
  <nanos>50800</nanos>
  <sequence>1909</sequence>
  <level>START</level>
  <class>com.kms.katalon.core.logging.XmlKeywordLogger</class>
  <method>startKeyword</method>
  <thread>1</thread>
  <message>Start action : log = new java.io.File(java.lang.System.getProperty(java.io.tmpdir), seedreset.log)</message>
  <nestedLevel>1</nestedLevel>
  <escapedJava>false</escapedJava>
  <property name="startLine">46</property>
  <property name="stepIndex">6</property>
</record>
<record>
  <date>2026-06-07T23:00:42.201050800Z</date>
  <millis>1780873242201</millis>
  <nanos>50800</nanos>
  <sequence>1910</sequence>
  <level>END</level>
  <class>com.kms.katalon.core.logging.XmlKeywordLogger</class>
  <method>endKeyword</method>
  <thread>1</thread>
  <message>End action : log = new java.io.File(java.lang.System.getProperty(java.io.tmpdir), seedreset.log)</message>
  <nestedLevel>1</nestedLevel>
  <escapedJava>false</escapedJava>
</record>
<record>
  <date>2026-06-07T23:00:42.201050800Z</date>
  <millis>1780873242201</millis>
  <nanos>50800</nanos>
  <sequence>1911</sequence>
  <level>START</level>
  <class>com.kms.katalon.core.logging.XmlKeywordLogger</class>
  <method>startKeyword</method>
  <thread>1</thread>
  <message>Start action : pb = new java.lang.ProcessBuilder(cmd)</message>
  <nestedLevel>1</nestedLevel>
  <escapedJava>false</escapedJava>
  <property name="startLine">48</property>
  <property name="stepIndex">7</property>
</record>
<record>
  <date>2026-06-07T23:00:42.202066800Z</date>
  <millis>1780873242202</millis>
  <nanos>66800</nanos>
  <sequence>1912</sequence>
  <level>END</level>
  <class>com.kms.katalon.core.logging.XmlKeywordLogger</class>
  <method>endKeyword</method>
  <thread>1</thread>
  <message>End action : pb = new java.lang.ProcessBuilder(cmd)</message>
  <nestedLevel>1</nestedLevel>
  <escapedJava>false</escapedJava>
</record>
<record>
  <date>2026-06-07T23:00:42.202066800Z</date>
  <millis>1780873242202</millis>
  <nanos>66800</nanos>
  <sequence>1913</sequence>
  <level>START</level>
  <class>com.kms.katalon.core.logging.XmlKeywordLogger</class>
  <method>startKeyword</method>
  <thread>1</thread>
  <message>Start action : pb.redirectInput(script)</message>
  <nestedLevel>1</nestedLevel>
  <escapedJava>false</escapedJava>
  <property name="startLine">49</property>
  <property name="stepIndex">8</property>
</record>
<record>
  <date>2026-06-07T23:00:42.202066800Z</date>
  <millis>1780873242202</millis>
  <nanos>66800</nanos>
  <sequence>1914</sequence>
  <level>END</level>
  <class>com.kms.katalon.core.logging.XmlKeywordLogger</class>
  <method>endKeyword</method>
  <thread>1</thread>
  <message>End action : pb.redirectInput(script)</message>
  <nestedLevel>1</nestedLevel>
  <escapedJava>false</escapedJava>
</record>
<record>
  <date>2026-06-07T23:00:42.202066800Z</date>
  <millis>1780873242202</millis>
  <nanos>66800</nanos>
  <sequence>1915</sequence>
  <level>START</level>
  <class>com.kms.katalon.core.logging.XmlKeywordLogger</class>
  <method>startKeyword</method>
  <thread>1</thread>
  <message>Start action : pb.redirectErrorStream(true)</message>
  <nestedLevel>1</nestedLevel>
  <escapedJava>false</escapedJava>
  <property name="startLine">50</property>
  <property name="stepIndex">9</property>
</record>
<record>
  <date>2026-06-07T23:00:42.202066800Z</date>
  <millis>1780873242202</millis>
  <nanos>66800</nanos>
  <sequence>1916</sequence>
  <level>END</level>
  <class>com.kms.katalon.core.logging.XmlKeywordLogger</class>
  <method>endKeyword</method>
  <thread>1</thread>
  <message>End action : pb.redirectErrorStream(true)</message>
  <nestedLevel>1</nestedLevel>
  <escapedJava>false</escapedJava>
</record>
<record>
  <date>2026-06-07T23:00:42.202066800Z</date>
  <millis>1780873242202</millis>
  <nanos>66800</nanos>
  <sequence>1917</sequence>
  <level>START</level>
  <class>com.kms.katalon.core.logging.XmlKeywordLogger</class>
  <method>startKeyword</method>
  <thread>1</thread>
  <message>Start action : pb.redirectOutput(log)</message>
  <nestedLevel>1</nestedLevel>
  <escapedJava>false</escapedJava>
  <property name="startLine">51</property>
  <property name="stepIndex">10</property>
</record>
<record>
  <date>2026-06-07T23:00:42.202066800Z</date>
  <millis>1780873242202</millis>
  <nanos>66800</nanos>
  <sequence>1918</sequence>
  <level>END</level>
  <class>com.kms.katalon.core.logging.XmlKeywordLogger</class>
  <method>endKeyword</method>
  <thread>1</thread>
  <message>End action : pb.redirectOutput(log)</message>
  <nestedLevel>1</nestedLevel>
  <escapedJava>false</escapedJava>
</record>
<record>
  <date>2026-06-07T23:00:42.202066800Z</date>
  <millis>1780873242202</millis>
  <nanos>66800</nanos>
  <sequence>1919</sequence>
  <level>START</level>
  <class>com.kms.katalon.core.logging.XmlKeywordLogger</class>
  <method>startKeyword</method>
  <thread>1</thread>
  <message>Start action : p = pb.start()</message>
  <nestedLevel>1</nestedLevel>
  <escapedJava>false</escapedJava>
  <property name="startLine">53</property>
  <property name="stepIndex">11</property>
</record>
<record>
  <date>2026-06-07T23:00:42.204111700Z</date>
  <millis>1780873242204</millis>
  <nanos>111700</nanos>
  <sequence>1920</sequence>
  <level>END</level>
  <class>com.kms.katalon.core.logging.XmlKeywordLogger</class>
  <method>endKeyword</method>
  <thread>1</thread>
  <message>End action : p = pb.start()</message>
  <nestedLevel>1</nestedLevel>
  <escapedJava>false</escapedJava>
</record>
<record>
  <date>2026-06-07T23:00:42.204111700Z</date>
  <millis>1780873242204</millis>
  <nanos>111700</nanos>
  <sequence>1921</sequence>
  <level>START</level>
  <class>com.kms.katalon.core.logging.XmlKeywordLogger</class>
  <method>startKeyword</method>
  <thread>1</thread>
  <message>Start action : finished = p.waitFor(20, SECONDS)</message>
  <nestedLevel>1</nestedLevel>
  <escapedJava>false</escapedJava>
  <property name="startLine">55</property>
  <property name="stepIndex">12</property>
</record>
<record>
  <date>2026-06-07T23:00:42.265831900Z</date>
  <millis>1780873242265</millis>
  <nanos>831900</nanos>
  <sequence>1922</sequence>
  <level>END</level>
  <class>com.kms.katalon.core.logging.XmlKeywordLogger</class>
  <method>endKeyword</method>
  <thread>1</thread>
  <message>End action : finished = p.waitFor(20, SECONDS)</message>
  <nestedLevel>1</nestedLevel>
  <escapedJava>false</escapedJava>
</record>
<record>
  <date>2026-06-07T23:00:42.265831900Z</date>
  <millis>1780873242265</millis>
  <nanos>831900</nanos>
  <sequence>1923</sequence>
  <level>START</level>
  <class>com.kms.katalon.core.logging.XmlKeywordLogger</class>
  <method>startKeyword</method>
  <thread>1</thread>
  <message>Start action : if (!(finished))</message>
  <nestedLevel>1</nestedLevel>
  <escapedJava>false</escapedJava>
  <property name="startLine">56</property>
  <property name="stepIndex">13</property>
</record>
<record>
  <date>2026-06-07T23:00:42.265831900Z</date>
  <millis>1780873242265</millis>
  <nanos>831900</nanos>
  <sequence>1924</sequence>
  <level>END</level>
  <class>com.kms.katalon.core.logging.XmlKeywordLogger</class>
  <method>endKeyword</method>
  <thread>1</thread>
  <message>End action : if (!(finished))</message>
  <nestedLevel>1</nestedLevel>
  <escapedJava>false</escapedJava>
</record>
<record>
  <date>2026-06-07T23:00:42.265831900Z</date>
  <millis>1780873242265</millis>
  <nanos>831900</nanos>
  <sequence>1925</sequence>
  <level>START</level>
  <class>com.kms.katalon.core.logging.XmlKeywordLogger</class>
  <method>startKeyword</method>
  <thread>1</thread>
  <message>Start action : code = p.exitValue()</message>
  <nestedLevel>1</nestedLevel>
  <escapedJava>false</escapedJava>
  <property name="startLine">62</property>
  <property name="stepIndex">14</property>
</record>
<record>
  <date>2026-06-07T23:00:42.265831900Z</date>
  <millis>1780873242265</millis>
  <nanos>831900</nanos>
  <sequence>1926</sequence>
  <level>END</level>
  <class>com.kms.katalon.core.logging.XmlKeywordLogger</class>
  <method>endKeyword</method>
  <thread>1</thread>
  <message>End action : code = p.exitValue()</message>
  <nestedLevel>1</nestedLevel>
  <escapedJava>false</escapedJava>
</record>
<record>
  <date>2026-06-07T23:00:42.267203900Z</date>
  <millis>1780873242267</millis>
  <nanos>203900</nanos>
  <sequence>1927</sequence>
  <level>START</level>
  <class>com.kms.katalon.core.logging.XmlKeywordLogger</class>
  <method>startKeyword</method>
  <thread>1</thread>
  <message>Start action : if (code != 0)</message>
  <nestedLevel>1</nestedLevel>
  <escapedJava>false</escapedJava>
  <property name="startLine">63</property>
  <property name="stepIndex">15</property>
</record>
<record>
  <date>2026-06-07T23:00:42.267203900Z</date>
  <millis>1780873242267</millis>
  <nanos>203900</nanos>
  <sequence>1928</sequence>
  <level>END</level>
  <class>com.kms.katalon.core.logging.XmlKeywordLogger</class>
  <method>endKeyword</method>
  <thread>1</thread>
  <message>End action : if (code != 0)</message>
  <nestedLevel>1</nestedLevel>
  <escapedJava>false</escapedJava>
</record>
<record>
  <date>2026-06-07T23:00:42.267203900Z</date>
  <millis>1780873242267</millis>
  <nanos>203900</nanos>
  <sequence>1929</sequence>
  <level>START</level>
  <class>com.kms.katalon.core.logging.XmlKeywordLogger</class>
  <method>startKeyword</method>
  <thread>1</thread>
  <message>Start action : else</message>
  <nestedLevel>1</nestedLevel>
  <escapedJava>false</escapedJava>
  <property name="startLine">67</property>
  <property name="stepIndex">16</property>
</record>
<record>
  <date>2026-06-07T23:00:42.267203900Z</date>
  <millis>1780873242267</millis>
  <nanos>203900</nanos>
  <sequence>1930</sequence>
  <level>START</level>
  <class>com.kms.katalon.core.logging.XmlKeywordLogger</class>
  <method>startKeyword</method>
  <thread>1</thread>
  <message>Start action : logInfo(&amp;quot;Seed ripristinato prima di: &amp;quot; + context.getTestCaseId())</message>
  <nestedLevel>2</nestedLevel>
  <escapedJava>false</escapedJava>
  <property name="startLine">68</property>
  <property name="stepIndex">1</property>
</record>
<record>
  <date>2026-06-07T23:00:42.267203900Z</date>
  <millis>1780873242267</millis>
  <nanos>203900</nanos>
  <sequence>1931</sequence>
  <level>INFO</level>
  <class>com.kms.katalon.core.logging.XmlKeywordLogger</class>
  <method>logMessage</method>
  <thread>1</thread>
  <message>Seed ripristinato prima di: Test Cases/Ordine/TC_6.3_1</message>
  <nestedLevel>1</nestedLevel>
  <escapedJava>false</escapedJava>
</record>
<record>
  <date>2026-06-07T23:00:42.267203900Z</date>
  <millis>1780873242267</millis>
  <nanos>203900</nanos>
  <sequence>1933</sequence>
  <level>END</level>
  <class>com.kms.katalon.core.logging.XmlKeywordLogger</class>
  <method>endKeyword</method>
  <thread>1</thread>
  <message>End action : logInfo(&amp;quot;Seed ripristinato prima di: &amp;quot; + context.getTestCaseId())</message>
  <nestedLevel>2</nestedLevel>
  <escapedJava>false</escapedJava>
</record>
<record>
  <date>2026-06-07T23:00:42.267203900Z</date>
  <millis>1780873242267</millis>
  <nanos>203900</nanos>
  <sequence>1934</sequence>
  <level>END</level>
  <class>com.kms.katalon.core.logging.XmlKeywordLogger</class>
  <method>endKeyword</method>
  <thread>1</thread>
  <message>End action : else</message>
  <nestedLevel>1</nestedLevel>
  <escapedJava>false</escapedJava>
</record>
<record>
  <date>2026-06-07T23:00:42.267203900Z</date>
  <millis>1780873242267</millis>
  <nanos>203900</nanos>
  <sequence>1935</sequence>
  <level>END</level>
  <class>com.kms.katalon.core.logging.XmlKeywordLogger</class>
  <method>endKeyword</method>
  <thread>1</thread>
  <message>End listener action : resetSeedBeforeTestCase</message>
  <nestedLevel>1</nestedLevel>
  <escapedJava>false</escapedJava>
</record>
<record>
  <date>2026-06-07T23:00:42.302237200Z</date>
  <millis>1780873242302</millis>
  <nanos>237200</nanos>
  <sequence>1936</sequence>
  <level>START</level>
  <class>com.kms.katalon.core.logging.XmlKeywordLogger</class>
  <method>startKeyword</method>
  <thread>1</thread>
  <message>Start action : openBrowser(&amp;quot;&amp;quot;)</message>
  <nestedLevel>1</nestedLevel>
  <escapedJava>false</escapedJava>
  <property name="startLine">14</property>
  <property name="stepIndex">1</property>
</record>
<record>
  <date>2026-06-07T23:00:42.302743100Z</date>
  <millis>1780873242302</millis>
  <nanos>743100</nanos>
  <sequence>1939</sequence>
  <level>INFO</level>
  <class>com.kms.katalon.core.logging.XmlKeywordLogger</class>
  <method>logMessage</method>
  <thread>1</thread>
  <message>Starting &amp;apos;Chrome&amp;apos; driver</message>
  <nestedLevel>1</nestedLevel>
  <escapedJava>false</escapedJava>
</record>
<record>
  <date>2026-06-07T23:00:42.303747Z</date>
  <millis>1780873242303</millis>
  <nanos>747000</nanos>
  <sequence>1940</sequence>
  <level>INFO</level>
  <class>com.kms.katalon.core.logging.XmlKeywordLogger</class>
  <method>logMessage</method>
  <thread>1</thread>
  <message>Action delay is set to 0 milliseconds</message>
  <nestedLevel>1</nestedLevel>
  <escapedJava>false</escapedJava>
</record>
<record>
  <date>2026-06-07T23:00:42.984605400Z</date>
  <millis>1780873242984</millis>
  <nanos>605400</nanos>
  <sequence>1942</sequence>
  <level>RUN_DATA</level>
  <class>com.kms.katalon.core.logging.XmlKeywordLogger</class>
  <method>logMessage</method>
  <thread>1</thread>
  <message>sessionId = 94a7354f7f26c80dedf9b7029a58fb8f</message>
  <nestedLevel>1</nestedLevel>
  <escapedJava>false</escapedJava>
  <property name="sessionId">94a7354f7f26c80dedf9b7029a58fb8f</property>
</record>
<record>
  <date>2026-06-07T23:00:42.984605400Z</date>
  <millis>1780873242984</millis>
  <nanos>605400</nanos>
  <sequence>1943</sequence>
  <level>RUN_DATA</level>
  <class>com.kms.katalon.core.logging.XmlKeywordLogger</class>
  <method>logMessage</method>
  <thread>1</thread>
  <message>browser = Chrome 148.0.7778.179</message>
  <nestedLevel>1</nestedLevel>
  <escapedJava>false</escapedJava>
  <property name="browser">Chrome 148.0.7778.179</property>
</record>
<record>
  <date>2026-06-07T23:00:42.984605400Z</date>
  <millis>1780873242984</millis>
  <nanos>605400</nanos>
  <sequence>1944</sequence>
  <level>RUN_DATA</level>
  <class>com.kms.katalon.core.logging.XmlKeywordLogger</class>
  <method>logMessage</method>
  <thread>1</thread>
  <message>platform = Windows 11</message>
  <nestedLevel>1</nestedLevel>
  <escapedJava>false</escapedJava>
  <property name="platform">Windows 11</property>
</record>
<record>
  <date>2026-06-07T23:00:42.984605400Z</date>
  <millis>1780873242984</millis>
  <nanos>605400</nanos>
  <sequence>1945</sequence>
  <level>RUN_DATA</level>
  <class>com.kms.katalon.core.logging.XmlKeywordLogger</class>
  <method>logMessage</method>
  <thread>1</thread>
  <message>seleniumVersion = 4.39.0</message>
  <nestedLevel>1</nestedLevel>
  <escapedJava>false</escapedJava>
  <property name="seleniumVersion">4.39.0</property>
</record>
<record>
  <date>2026-06-07T23:00:42.984605400Z</date>
  <millis>1780873242984</millis>
  <nanos>605400</nanos>
  <sequence>1946</sequence>
  <level>RUN_DATA</level>
  <class>com.kms.katalon.core.logging.XmlKeywordLogger</class>
  <method>logMessage</method>
  <thread>1</thread>
  <message>proxyInformation = ProxyInformation { proxyOption=NO_PROXY, proxyServerType=HTTP, username=, password=********, proxyServerAddress=, proxyServerPort=0, executionList=&amp;quot;&amp;quot;, isApplyToDesiredCapabilities=true }</message>
  <nestedLevel>1</nestedLevel>
  <escapedJava>false</escapedJava>
  <property name="proxyInformation">ProxyInformation { proxyOption=NO_PROXY, proxyServerType=HTTP, username=, password=********, proxyServerAddress=, proxyServerPort=0, executionList=&quot;&quot;, isApplyToDesiredCapabilities=true }</property>
</record>
<record>
  <date>2026-06-07T23:00:42.991124600Z</date>
  <millis>1780873242991</millis>
  <nanos>124600</nanos>
  <sequence>1947</sequence>
  <level>PASSED</level>
  <class>com.kms.katalon.core.logging.XmlKeywordLogger</class>
  <method>logMessage</method>
  <thread>1</thread>
  <message>Browser is opened with url: &amp;apos;&amp;apos;</message>
  <nestedLevel>1</nestedLevel>
  <escapedJava>false</escapedJava>
  <property name="testops-method-name">com.kms.katalon.core.webui.keyword.builtin.OpenBrowserKeyword.openBrowser</property>
  <property name="testops-execution-stacktrace"></property>
</record>
<record>
  <date>2026-06-07T23:00:42.992131500Z</date>
  <millis>1780873242992</millis>
  <nanos>131500</nanos>
  <sequence>1948</sequence>
  <level>END</level>
  <class>com.kms.katalon.core.logging.XmlKeywordLogger</class>
  <method>endKeyword</method>
  <thread>1</thread>
  <message>End action : openBrowser(&amp;quot;&amp;quot;)</message>
  <nestedLevel>1</nestedLevel>
  <escapedJava>false</escapedJava>
</record>
<record>
  <date>2026-06-07T23:00:42.992131500Z</date>
  <millis>1780873242992</millis>
  <nanos>131500</nanos>
  <sequence>1949</sequence>
  <level>START</level>
  <class>com.kms.katalon.core.logging.XmlKeywordLogger</class>
  <method>startKeyword</method>
  <thread>1</thread>
  <message>Start action : navigateToUrl(base + &amp;quot;loginForm.jsp&amp;quot;)</message>
  <nestedLevel>1</nestedLevel>
  <escapedJava>false</escapedJava>
  <property name="startLine">15</property>
  <property name="stepIndex">2</property>
</record>
<record>
  <date>2026-06-07T23:00:43.421117300Z</date>
  <millis>1780873243421</millis>
  <nanos>117300</nanos>
  <sequence>1953</sequence>
  <level>PASSED</level>
  <class>com.kms.katalon.core.logging.XmlKeywordLogger</class>
  <method>logMessage</method>
  <thread>1</thread>
  <message>Navigate to &amp;apos;http://localhost:8080/Vaporant_IGES_war_exploded/loginForm.jsp&amp;apos; successfully</message>
  <nestedLevel>1</nestedLevel>
  <escapedJava>false</escapedJava>
  <property name="testops-method-name">com.kms.katalon.core.webui.keyword.builtin.NavigateToUrlKeyword.navigateToUrl</property>
  <property name="testops-execution-stacktrace"></property>
</record>
<record>
  <date>2026-06-07T23:00:43.422124Z</date>
  <millis>1780873243422</millis>
  <nanos>124000</nanos>
  <sequence>1954</sequence>
  <level>END</level>
  <class>com.kms.katalon.core.logging.XmlKeywordLogger</class>
  <method>endKeyword</method>
  <thread>1</thread>
  <message>End action : navigateToUrl(base + &amp;quot;loginForm.jsp&amp;quot;)</message>
  <nestedLevel>1</nestedLevel>
  <escapedJava>false</escapedJava>
</record>
<record>
  <date>2026-06-07T23:00:43.422124Z</date>
  <millis>1780873243422</millis>
  <nanos>124000</nanos>
  <sequence>1955</sequence>
  <level>START</level>
  <class>com.kms.katalon.core.logging.XmlKeywordLogger</class>
  <method>startKeyword</method>
  <thread>1</thread>
  <message>Start action : setText(css(&amp;quot;#email&amp;quot;), &amp;quot;t.mansi@studenti.unisa.it&amp;quot;)</message>
  <nestedLevel>1</nestedLevel>
  <escapedJava>false</escapedJava>
  <property name="startLine">16</property>
  <property name="stepIndex">3</property>
</record>
<record>
  <date>2026-06-07T23:00:43.422124Z</date>
  <millis>1780873243422</millis>
  <nanos>124000</nanos>
  <sequence>1956</sequence>
  <level>END</level>
  <class>com.kms.katalon.core.logging.XmlKeywordLogger</class>
  <method>endKeyword</method>
  <thread>1</thread>
  <message>End action : setText(css(&amp;quot;#email&amp;quot;), &amp;quot;t.mansi@studenti.unisa.it&amp;quot;)</message>
  <nestedLevel>1</nestedLevel>
  <escapedJava>false</escapedJava>
</record>
<record>
  <date>2026-06-07T23:00:43.422124Z</date>
  <millis>1780873243422</millis>
  <nanos>124000</nanos>
  <sequence>1957</sequence>
  <level>START</level>
  <class>com.kms.katalon.core.logging.XmlKeywordLogger</class>
  <method>startKeyword</method>
  <thread>1</thread>
  <message>Start action : t = new com.kms.katalon.core.testobject.TestObject(sel)</message>
  <nestedLevel>1</nestedLevel>
  <escapedJava>false</escapedJava>
  <property name="startLine">8</property>
  <property name="stepIndex">1</property>
</record>
<record>
  <date>2026-06-07T23:00:43.423460300Z</date>
  <millis>1780873243423</millis>
  <nanos>460300</nanos>
  <sequence>1958</sequence>
  <level>END</level>
  <class>com.kms.katalon.core.logging.XmlKeywordLogger</class>
  <method>endKeyword</method>
  <thread>1</thread>
  <message>End action : t = new com.kms.katalon.core.testobject.TestObject(sel)</message>
  <nestedLevel>1</nestedLevel>
  <escapedJava>false</escapedJava>
</record>
<record>
  <date>2026-06-07T23:00:43.423460300Z</date>
  <millis>1780873243423</millis>
  <nanos>460300</nanos>
  <sequence>1959</sequence>
  <level>START</level>
  <class>com.kms.katalon.core.logging.XmlKeywordLogger</class>
  <method>startKeyword</method>
  <thread>1</thread>
  <message>Start action : t.addProperty(&amp;quot;css&amp;quot;, EQUALS, sel)</message>
  <nestedLevel>1</nestedLevel>
  <escapedJava>false</escapedJava>
  <property name="startLine">9</property>
  <property name="stepIndex">2</property>
</record>
<record>
  <date>2026-06-07T23:00:43.424459400Z</date>
  <millis>1780873243424</millis>
  <nanos>459400</nanos>
  <sequence>1960</sequence>
  <level>END</level>
  <class>com.kms.katalon.core.logging.XmlKeywordLogger</class>
  <method>endKeyword</method>
  <thread>1</thread>
  <message>End action : t.addProperty(&amp;quot;css&amp;quot;, EQUALS, sel)</message>
  <nestedLevel>1</nestedLevel>
  <escapedJava>false</escapedJava>
</record>
<record>
  <date>2026-06-07T23:00:43.424459400Z</date>
  <millis>1780873243424</millis>
  <nanos>459400</nanos>
  <sequence>1961</sequence>
  <level>START</level>
  <class>com.kms.katalon.core.logging.XmlKeywordLogger</class>
  <method>startKeyword</method>
  <thread>1</thread>
  <message>Start action : return t</message>
  <nestedLevel>1</nestedLevel>
  <escapedJava>false</escapedJava>
  <property name="startLine">10</property>
  <property name="stepIndex">3</property>
</record>
<record>
  <date>2026-06-07T23:00:43.984981Z</date>
  <millis>1780873243984</millis>
  <nanos>981000</nanos>
  <sequence>1974</sequence>
  <level>PASSED</level>
  <class>com.kms.katalon.core.logging.XmlKeywordLogger</class>
  <method>logMessage</method>
  <thread>1</thread>
  <message>Text &amp;apos;t.mansi@studenti.unisa.it&amp;apos; is set on object &amp;apos;#email&amp;apos;</message>
  <nestedLevel>1</nestedLevel>
  <escapedJava>false</escapedJava>
  <property name="testops-method-name">com.kms.katalon.core.webui.keyword.internal.WebUIKeywordMain.runKeywordUntilTimeout</property>
  <property name="testops-execution-stacktrace">com.kms.katalon.core.logging.KeywordLogger.logPassed(KeywordLogger.java:350)
com.kms.katalon.core.logging.KeywordLogger.logPassed(KeywordLogger.java:345)
com.kms.katalon.core.webui.keyword.builtin.SetTextKeyword$_setText_closure1.doCall(SetTextKeyword.groovy:99)
java.base/jdk.internal.reflect.DirectMethodHandleAccessor.invoke(DirectMethodHandleAccessor.java:103)
jdk.proxy2/jdk.proxy2.$Proxy57.execute(Unknown Source)
com.kms.katalon.core.webui.model.SeleniumActionRetryController.performAction(SeleniumActionRetryController.java:96)
com.kms.katalon.core.webui.model.SeleniumActionRetryController.performAction(SeleniumActionRetryController.java:83)
com.kms.katalon.core.webui.keyword.internal.WebUIKeywordMain$_runKeywordUntilTimeout_closure1.doCall(WebUIKeywordMain.groovy:135)
com.kms.katalon.core.webui.keyword.internal.WebUIKeywordMain$_runKeywordUntilTimeout_closure1.call(WebUIKeywordMain.groovy)
com.kms.katalon.core.webui.keyword.internal.WebUIKeywordMain.runKeyword(WebUIKeywordMain.groovy:41)
com.kms.katalon.core.webui.keyword.internal.WebUIKeywordMain.runKeywordUntilTimeout(WebUIKeywordMain.groovy:133)
com.kms.katalon.core.webui.keyword.builtin.SetTextKeyword.setText(SetTextKeyword.groovy:106)
com.kms.katalon.core.webui.keyword.builtin.SetTextKeyword.execute(SetTextKeyword.groovy:49)
com.kms.katalon.core.keyword.internal.KeywordExecutor.executeKeywordForPlatform(KeywordExecutor.groovy:103)
com.kms.katalon.core.webui.keyword.WebUiBuiltInKeywords.setText(WebUiBuiltInKeywords.groovy:1082)
Script178070060301.run(Script178070060301.groovy:16)
</property>
</record>
<record>
  <date>2026-06-07T23:00:43.985984600Z</date>
  <millis>1780873243985</millis>
  <nanos>984600</nanos>
  <sequence>1975</sequence>
  <level>END</level>
  <class>com.kms.katalon.core.logging.XmlKeywordLogger</class>
  <method>endKeyword</method>
  <thread>1</thread>
  <message>End action : return t</message>
  <nestedLevel>1</nestedLevel>
  <escapedJava>false</escapedJava>
</record>
<record>
  <date>2026-06-07T23:00:43.985984600Z</date>
  <millis>1780873243985</millis>
  <nanos>984600</nanos>
  <sequence>1976</sequence>
  <level>START</level>
  <class>com.kms.katalon.core.logging.XmlKeywordLogger</class>
  <method>startKeyword</method>
  <thread>1</thread>
  <message>Start action : setText(css(&amp;quot;#password&amp;quot;), &amp;quot;321CBA.&amp;quot;)</message>
  <nestedLevel>1</nestedLevel>
  <escapedJava>false</escapedJava>
  <property name="startLine">17</property>
  <property name="stepIndex">4</property>
</record>
<record>
  <date>2026-06-07T23:00:43.985984600Z</date>
  <millis>1780873243985</millis>
  <nanos>984600</nanos>
  <sequence>1977</sequence>
  <level>END</level>
  <class>com.kms.katalon.core.logging.XmlKeywordLogger</class>
  <method>endKeyword</method>
  <thread>1</thread>
  <message>End action : setText(css(&amp;quot;#password&amp;quot;), &amp;quot;321CBA.&amp;quot;)</message>
  <nestedLevel>1</nestedLevel>
  <escapedJava>false</escapedJava>
</record>
<record>
  <date>2026-06-07T23:00:43.985984600Z</date>
  <millis>1780873243985</millis>
  <nanos>984600</nanos>
  <sequence>1978</sequence>
  <level>START</level>
  <class>com.kms.katalon.core.logging.XmlKeywordLogger</class>
  <method>startKeyword</method>
  <thread>1</thread>
  <message>Start action : t = new com.kms.katalon.core.testobject.TestObject(sel)</message>
  <nestedLevel>1</nestedLevel>
  <escapedJava>false</escapedJava>
  <property name="startLine">8</property>
  <property name="stepIndex">1</property>
</record>
<record>
  <date>2026-06-07T23:00:43.985984600Z</date>
  <millis>1780873243985</millis>
  <nanos>984600</nanos>
  <sequence>1979</sequence>
  <level>END</level>
  <class>com.kms.katalon.core.logging.XmlKeywordLogger</class>
  <method>endKeyword</method>
  <thread>1</thread>
  <message>End action : t = new com.kms.katalon.core.testobject.TestObject(sel)</message>
  <nestedLevel>1</nestedLevel>
  <escapedJava>false</escapedJava>
</record>
<record>
  <date>2026-06-07T23:00:43.985984600Z</date>
  <millis>1780873243985</millis>
  <nanos>984600</nanos>
  <sequence>1980</sequence>
  <level>START</level>
  <class>com.kms.katalon.core.logging.XmlKeywordLogger</class>
  <method>startKeyword</method>
  <thread>1</thread>
  <message>Start action : t.addProperty(&amp;quot;css&amp;quot;, EQUALS, sel)</message>
  <nestedLevel>1</nestedLevel>
  <escapedJava>false</escapedJava>
  <property name="startLine">9</property>
  <property name="stepIndex">2</property>
</record>
<record>
  <date>2026-06-07T23:00:43.985984600Z</date>
  <millis>1780873243985</millis>
  <nanos>984600</nanos>
  <sequence>1981</sequence>
  <level>END</level>
  <class>com.kms.katalon.core.logging.XmlKeywordLogger</class>
  <method>endKeyword</method>
  <thread>1</thread>
  <message>End action : t.addProperty(&amp;quot;css&amp;quot;, EQUALS, sel)</message>
  <nestedLevel>1</nestedLevel>
  <escapedJava>false</escapedJava>
</record>
<record>
  <date>2026-06-07T23:00:43.985984600Z</date>
  <millis>1780873243985</millis>
  <nanos>984600</nanos>
  <sequence>1982</sequence>
  <level>START</level>
  <class>com.kms.katalon.core.logging.XmlKeywordLogger</class>
  <method>startKeyword</method>
  <thread>1</thread>
  <message>Start action : return t</message>
  <nestedLevel>1</nestedLevel>
  <escapedJava>false</escapedJava>
  <property name="startLine">10</property>
  <property name="stepIndex">3</property>
</record>
<record>
  <date>2026-06-07T23:00:44.504226200Z</date>
  <millis>1780873244504</millis>
  <nanos>226200</nanos>
  <sequence>1995</sequence>
  <level>PASSED</level>
  <class>com.kms.katalon.core.logging.XmlKeywordLogger</class>
  <method>logMessage</method>
  <thread>1</thread>
  <message>Text &amp;apos;321CBA.&amp;apos; is set on object &amp;apos;#password&amp;apos;</message>
  <nestedLevel>1</nestedLevel>
  <escapedJava>false</escapedJava>
  <property name="testops-method-name">com.kms.katalon.core.webui.keyword.internal.WebUIKeywordMain.runKeywordUntilTimeout</property>
  <property name="testops-execution-stacktrace">com.kms.katalon.core.logging.KeywordLogger.logPassed(KeywordLogger.java:350)
com.kms.katalon.core.logging.KeywordLogger.logPassed(KeywordLogger.java:345)
com.kms.katalon.core.webui.keyword.builtin.SetTextKeyword$_setText_closure1.doCall(SetTextKeyword.groovy:99)
java.base/jdk.internal.reflect.DirectMethodHandleAccessor.invoke(DirectMethodHandleAccessor.java:103)
jdk.proxy2/jdk.proxy2.$Proxy57.execute(Unknown Source)
com.kms.katalon.core.webui.model.SeleniumActionRetryController.performAction(SeleniumActionRetryController.java:96)
com.kms.katalon.core.webui.model.SeleniumActionRetryController.performAction(SeleniumActionRetryController.java:83)
com.kms.katalon.core.webui.keyword.internal.WebUIKeywordMain$_runKeywordUntilTimeout_closure1.doCall(WebUIKeywordMain.groovy:135)
com.kms.katalon.core.webui.keyword.internal.WebUIKeywordMain$_runKeywordUntilTimeout_closure1.call(WebUIKeywordMain.groovy)
com.kms.katalon.core.webui.keyword.internal.WebUIKeywordMain.runKeyword(WebUIKeywordMain.groovy:41)
com.kms.katalon.core.webui.keyword.internal.WebUIKeywordMain.runKeywordUntilTimeout(WebUIKeywordMain.groovy:133)
com.kms.katalon.core.webui.keyword.builtin.SetTextKeyword.setText(SetTextKeyword.groovy:106)
com.kms.katalon.core.webui.keyword.builtin.SetTextKeyword.execute(SetTextKeyword.groovy:49)
com.kms.katalon.core.keyword.internal.KeywordExecutor.executeKeywordForPlatform(KeywordExecutor.groovy:103)
com.kms.katalon.core.webui.keyword.WebUiBuiltInKeywords.setText(WebUiBuiltInKeywords.groovy:1082)
Script178070060301.run(Script178070060301.groovy:17)
</property>
</record>
<record>
  <date>2026-06-07T23:00:44.505226800Z</date>
  <millis>1780873244505</millis>
  <nanos>226800</nanos>
  <sequence>1996</sequence>
  <level>END</level>
  <class>com.kms.katalon.core.logging.XmlKeywordLogger</class>
  <method>endKeyword</method>
  <thread>1</thread>
  <message>End action : return t</message>
  <nestedLevel>1</nestedLevel>
  <escapedJava>false</escapedJava>
</record>
<record>
  <date>2026-06-07T23:00:44.505226800Z</date>
  <millis>1780873244505</millis>
  <nanos>226800</nanos>
  <sequence>1997</sequence>
  <level>START</level>
  <class>com.kms.katalon.core.logging.XmlKeywordLogger</class>
  <method>startKeyword</method>
  <thread>1</thread>
  <message>Start action : click(css(&amp;quot;#submit&amp;quot;))</message>
  <nestedLevel>1</nestedLevel>
  <escapedJava>false</escapedJava>
  <property name="startLine">18</property>
  <property name="stepIndex">5</property>
</record>
<record>
  <date>2026-06-07T23:00:44.505226800Z</date>
  <millis>1780873244505</millis>
  <nanos>226800</nanos>
  <sequence>1998</sequence>
  <level>END</level>
  <class>com.kms.katalon.core.logging.XmlKeywordLogger</class>
  <method>endKeyword</method>
  <thread>1</thread>
  <message>End action : click(css(&amp;quot;#submit&amp;quot;))</message>
  <nestedLevel>1</nestedLevel>
  <escapedJava>false</escapedJava>
</record>
<record>
  <date>2026-06-07T23:00:44.505226800Z</date>
  <millis>1780873244505</millis>
  <nanos>226800</nanos>
  <sequence>1999</sequence>
  <level>START</level>
  <class>com.kms.katalon.core.logging.XmlKeywordLogger</class>
  <method>startKeyword</method>
  <thread>1</thread>
  <message>Start action : t = new com.kms.katalon.core.testobject.TestObject(sel)</message>
  <nestedLevel>1</nestedLevel>
  <escapedJava>false</escapedJava>
  <property name="startLine">8</property>
  <property name="stepIndex">1</property>
</record>
<record>
  <date>2026-06-07T23:00:44.505226800Z</date>
  <millis>1780873244505</millis>
  <nanos>226800</nanos>
  <sequence>2000</sequence>
  <level>END</level>
  <class>com.kms.katalon.core.logging.XmlKeywordLogger</class>
  <method>endKeyword</method>
  <thread>1</thread>
  <message>End action : t = new com.kms.katalon.core.testobject.TestObject(sel)</message>
  <nestedLevel>1</nestedLevel>
  <escapedJava>false</escapedJava>
</record>
<record>
  <date>2026-06-07T23:00:44.506225800Z</date>
  <millis>1780873244506</millis>
  <nanos>225800</nanos>
  <sequence>2001</sequence>
  <level>START</level>
  <class>com.kms.katalon.core.logging.XmlKeywordLogger</class>
  <method>startKeyword</method>
  <thread>1</thread>
  <message>Start action : t.addProperty(&amp;quot;css&amp;quot;, EQUALS, sel)</message>
  <nestedLevel>1</nestedLevel>
  <escapedJava>false</escapedJava>
  <property name="startLine">9</property>
  <property name="stepIndex">2</property>
</record>
<record>
  <date>2026-06-07T23:00:44.506225800Z</date>
  <millis>1780873244506</millis>
  <nanos>225800</nanos>
  <sequence>2002</sequence>
  <level>END</level>
  <class>com.kms.katalon.core.logging.XmlKeywordLogger</class>
  <method>endKeyword</method>
  <thread>1</thread>
  <message>End action : t.addProperty(&amp;quot;css&amp;quot;, EQUALS, sel)</message>
  <nestedLevel>1</nestedLevel>
  <escapedJava>false</escapedJava>
</record>
<record>
  <date>2026-06-07T23:00:44.506225800Z</date>
  <millis>1780873244506</millis>
  <nanos>225800</nanos>
  <sequence>2003</sequence>
  <level>START</level>
  <class>com.kms.katalon.core.logging.XmlKeywordLogger</class>
  <method>startKeyword</method>
  <thread>1</thread>
  <message>Start action : return t</message>
  <nestedLevel>1</nestedLevel>
  <escapedJava>false</escapedJava>
  <property name="startLine">10</property>
  <property name="stepIndex">3</property>
</record>
<record>
  <date>2026-06-07T23:00:44.813840300Z</date>
  <millis>1780873244813</millis>
  <nanos>840300</nanos>
  <sequence>2013</sequence>
  <level>PASSED</level>
  <class>com.kms.katalon.core.logging.XmlKeywordLogger</class>
  <method>logMessage</method>
  <thread>1</thread>
  <message>Object: &amp;apos;#submit&amp;apos; is clicked on</message>
  <nestedLevel>1</nestedLevel>
  <escapedJava>false</escapedJava>
  <property name="testops-method-name">com.kms.katalon.core.webui.keyword.internal.WebUIKeywordMain.runKeywordUntilTimeout</property>
  <property name="testops-execution-stacktrace">com.kms.katalon.core.logging.KeywordLogger.logPassed(KeywordLogger.java:350)
com.kms.katalon.core.logging.KeywordLogger.logPassed(KeywordLogger.java:345)
com.kms.katalon.core.webui.keyword.builtin.ClickKeyword$_click_closure1.doCall(ClickKeyword.groovy:66)
java.base/jdk.internal.reflect.DirectMethodHandleAccessor.invoke(DirectMethodHandleAccessor.java:103)
jdk.proxy2/jdk.proxy2.$Proxy57.execute(Unknown Source)
com.kms.katalon.core.webui.model.SeleniumActionRetryController.performAction(SeleniumActionRetryController.java:96)
com.kms.katalon.core.webui.model.SeleniumActionRetryController.performAction(SeleniumActionRetryController.java:83)
com.kms.katalon.core.webui.keyword.internal.WebUIKeywordMain$_runKeywordUntilTimeout_closure1.doCall(WebUIKeywordMain.groovy:135)
com.kms.katalon.core.webui.keyword.internal.WebUIKeywordMain$_runKeywordUntilTimeout_closure1.call(WebUIKeywordMain.groovy)
com.kms.katalon.core.webui.keyword.internal.WebUIKeywordMain.runKeyword(WebUIKeywordMain.groovy:41)
com.kms.katalon.core.webui.keyword.internal.WebUIKeywordMain.runKeywordUntilTimeout(WebUIKeywordMain.groovy:133)
com.kms.katalon.core.webui.keyword.builtin.ClickKeyword.click(ClickKeyword.groovy:72)
com.kms.katalon.core.webui.keyword.builtin.ClickKeyword.execute(ClickKeyword.groovy:38)
com.kms.katalon.core.keyword.internal.KeywordExecutor.executeKeywordForPlatform(KeywordExecutor.groovy:103)
com.kms.katalon.core.webui.keyword.WebUiBuiltInKeywords.click(WebUiBuiltInKeywords.groovy:722)
Script178070060301.run(Script178070060301.groovy:18)
</property>
</record>
<record>
  <date>2026-06-07T23:00:44.814845200Z</date>
  <millis>1780873244814</millis>
  <nanos>845200</nanos>
  <sequence>2014</sequence>
  <level>END</level>
  <class>com.kms.katalon.core.logging.XmlKeywordLogger</class>
  <method>endKeyword</method>
  <thread>1</thread>
  <message>End action : return t</message>
  <nestedLevel>1</nestedLevel>
  <escapedJava>false</escapedJava>
</record>
<record>
  <date>2026-06-07T23:00:44.814845200Z</date>
  <millis>1780873244814</millis>
  <nanos>845200</nanos>
  <sequence>2015</sequence>
  <level>START</level>
  <class>com.kms.katalon.core.logging.XmlKeywordLogger</class>
  <method>startKeyword</method>
  <thread>1</thread>
  <message>Start action : delay(2)</message>
  <nestedLevel>1</nestedLevel>
  <escapedJava>false</escapedJava>
  <property name="startLine">19</property>
  <property name="stepIndex">6</property>
</record>
<record>
  <date>2026-06-07T23:00:46.818603Z</date>
  <millis>1780873246818</millis>
  <nanos>603000</nanos>
  <sequence>2018</sequence>
  <level>PASSED</level>
  <class>com.kms.katalon.core.logging.XmlKeywordLogger</class>
  <method>logMessage</method>
  <thread>1</thread>
  <message>Delayed 2 second(s)</message>
  <nestedLevel>1</nestedLevel>
  <escapedJava>false</escapedJava>
  <property name="testops-method-name">com.kms.katalon.core.keyword.builtin.DelayKeyword.delay</property>
  <property name="testops-execution-stacktrace"></property>
</record>
<record>
  <date>2026-06-07T23:00:46.819597200Z</date>
  <millis>1780873246819</millis>
  <nanos>597200</nanos>
  <sequence>2019</sequence>
  <level>END</level>
  <class>com.kms.katalon.core.logging.XmlKeywordLogger</class>
  <method>endKeyword</method>
  <thread>1</thread>
  <message>End action : delay(2)</message>
  <nestedLevel>1</nestedLevel>
  <escapedJava>false</escapedJava>
</record>
<record>
  <date>2026-06-07T23:00:46.819597200Z</date>
  <millis>1780873246819</millis>
  <nanos>597200</nanos>
  <sequence>2020</sequence>
  <level>START</level>
  <class>com.kms.katalon.core.logging.XmlKeywordLogger</class>
  <method>startKeyword</method>
  <thread>1</thread>
  <message>Start action : navigateToUrl(base + &amp;quot;cart?action=addC&amp;amp;id=2&amp;quot;)</message>
  <nestedLevel>1</nestedLevel>
  <escapedJava>false</escapedJava>
  <property name="startLine">20</property>
  <property name="stepIndex">7</property>
</record>
<record>
  <date>2026-06-07T23:00:46.927370100Z</date>
  <millis>1780873246927</millis>
  <nanos>370100</nanos>
  <sequence>2024</sequence>
  <level>PASSED</level>
  <class>com.kms.katalon.core.logging.XmlKeywordLogger</class>
  <method>logMessage</method>
  <thread>1</thread>
  <message>Navigate to &amp;apos;http://localhost:8080/Vaporant_IGES_war_exploded/cart?action=addC&amp;amp;id=2&amp;apos; successfully</message>
  <nestedLevel>1</nestedLevel>
  <escapedJava>false</escapedJava>
  <property name="testops-method-name">com.kms.katalon.core.webui.keyword.builtin.NavigateToUrlKeyword.navigateToUrl</property>
  <property name="testops-execution-stacktrace"></property>
</record>
<record>
  <date>2026-06-07T23:00:46.928876500Z</date>
  <millis>1780873246928</millis>
  <nanos>876500</nanos>
  <sequence>2025</sequence>
  <level>END</level>
  <class>com.kms.katalon.core.logging.XmlKeywordLogger</class>
  <method>endKeyword</method>
  <thread>1</thread>
  <message>End action : navigateToUrl(base + &amp;quot;cart?action=addC&amp;amp;id=2&amp;quot;)</message>
  <nestedLevel>1</nestedLevel>
  <escapedJava>false</escapedJava>
</record>
<record>
  <date>2026-06-07T23:00:46.928876500Z</date>
  <millis>1780873246928</millis>
  <nanos>876500</nanos>
  <sequence>2026</sequence>
  <level>START</level>
  <class>com.kms.katalon.core.logging.XmlKeywordLogger</class>
  <method>startKeyword</method>
  <thread>1</thread>
  <message>Start action : delay(1)</message>
  <nestedLevel>1</nestedLevel>
  <escapedJava>false</escapedJava>
  <property name="startLine">21</property>
  <property name="stepIndex">8</property>
</record>
<record>
  <date>2026-06-07T23:00:47.943250400Z</date>
  <millis>1780873247943</millis>
  <nanos>250400</nanos>
  <sequence>2029</sequence>
  <level>PASSED</level>
  <class>com.kms.katalon.core.logging.XmlKeywordLogger</class>
  <method>logMessage</method>
  <thread>1</thread>
  <message>Delayed 1 second(s)</message>
  <nestedLevel>1</nestedLevel>
  <escapedJava>false</escapedJava>
  <property name="testops-method-name">com.kms.katalon.core.keyword.builtin.DelayKeyword.delay</property>
  <property name="testops-execution-stacktrace"></property>
</record>
<record>
  <date>2026-06-07T23:00:47.944254400Z</date>
  <millis>1780873247944</millis>
  <nanos>254400</nanos>
  <sequence>2030</sequence>
  <level>END</level>
  <class>com.kms.katalon.core.logging.XmlKeywordLogger</class>
  <method>endKeyword</method>
  <thread>1</thread>
  <message>End action : delay(1)</message>
  <nestedLevel>1</nestedLevel>
  <escapedJava>false</escapedJava>
</record>
<record>
  <date>2026-06-07T23:00:47.944254400Z</date>
  <millis>1780873247944</millis>
  <nanos>254400</nanos>
  <sequence>2031</sequence>
  <level>START</level>
  <class>com.kms.katalon.core.logging.XmlKeywordLogger</class>
  <method>startKeyword</method>
  <thread>1</thread>
  <message>Start action : navigateToUrl(base + &amp;quot;checkout.jsp&amp;quot;)</message>
  <nestedLevel>1</nestedLevel>
  <escapedJava>false</escapedJava>
  <property name="startLine">22</property>
  <property name="stepIndex">9</property>
</record>
<record>
  <date>2026-06-07T23:00:47.986201900Z</date>
  <millis>1780873247986</millis>
  <nanos>201900</nanos>
  <sequence>2035</sequence>
  <level>PASSED</level>
  <class>com.kms.katalon.core.logging.XmlKeywordLogger</class>
  <method>logMessage</method>
  <thread>1</thread>
  <message>Navigate to &amp;apos;http://localhost:8080/Vaporant_IGES_war_exploded/checkout.jsp&amp;apos; successfully</message>
  <nestedLevel>1</nestedLevel>
  <escapedJava>false</escapedJava>
  <property name="testops-method-name">com.kms.katalon.core.webui.keyword.builtin.NavigateToUrlKeyword.navigateToUrl</property>
  <property name="testops-execution-stacktrace"></property>
</record>
<record>
  <date>2026-06-07T23:00:47.987202500Z</date>
  <millis>1780873247987</millis>
  <nanos>202500</nanos>
  <sequence>2036</sequence>
  <level>END</level>
  <class>com.kms.katalon.core.logging.XmlKeywordLogger</class>
  <method>endKeyword</method>
  <thread>1</thread>
  <message>End action : navigateToUrl(base + &amp;quot;checkout.jsp&amp;quot;)</message>
  <nestedLevel>1</nestedLevel>
  <escapedJava>false</escapedJava>
</record>
<record>
  <date>2026-06-07T23:00:47.987202500Z</date>
  <millis>1780873247987</millis>
  <nanos>202500</nanos>
  <sequence>2037</sequence>
  <level>START</level>
  <class>com.kms.katalon.core.logging.XmlKeywordLogger</class>
  <method>startKeyword</method>
  <thread>1</thread>
  <message>Start action : delay(2)</message>
  <nestedLevel>1</nestedLevel>
  <escapedJava>false</escapedJava>
  <property name="startLine">23</property>
  <property name="stepIndex">10</property>
</record>
<record>
  <date>2026-06-07T23:00:49.994048200Z</date>
  <millis>1780873249994</millis>
  <nanos>48200</nanos>
  <sequence>2040</sequence>
  <level>PASSED</level>
  <class>com.kms.katalon.core.logging.XmlKeywordLogger</class>
  <method>logMessage</method>
  <thread>1</thread>
  <message>Delayed 2 second(s)</message>
  <nestedLevel>1</nestedLevel>
  <escapedJava>false</escapedJava>
  <property name="testops-method-name">com.kms.katalon.core.keyword.builtin.DelayKeyword.delay</property>
  <property name="testops-execution-stacktrace"></property>
</record>
<record>
  <date>2026-06-07T23:00:49.995130900Z</date>
  <millis>1780873249995</millis>
  <nanos>130900</nanos>
  <sequence>2041</sequence>
  <level>END</level>
  <class>com.kms.katalon.core.logging.XmlKeywordLogger</class>
  <method>endKeyword</method>
  <thread>1</thread>
  <message>End action : delay(2)</message>
  <nestedLevel>1</nestedLevel>
  <escapedJava>false</escapedJava>
</record>
<record>
  <date>2026-06-07T23:00:49.995130900Z</date>
  <millis>1780873249995</millis>
  <nanos>130900</nanos>
  <sequence>2042</sequence>
  <level>START</level>
  <class>com.kms.katalon.core.logging.XmlKeywordLogger</class>
  <method>startKeyword</method>
  <thread>1</thread>
  <message>Start action : selectOptionByValue(css(&amp;quot;#addressDropdown&amp;quot;), &amp;quot;4&amp;quot;, false)</message>
  <nestedLevel>1</nestedLevel>
  <escapedJava>false</escapedJava>
  <property name="startLine">24</property>
  <property name="stepIndex">11</property>
</record>
<record>
  <date>2026-06-07T23:00:49.996146600Z</date>
  <millis>1780873249996</millis>
  <nanos>146600</nanos>
  <sequence>2043</sequence>
  <level>END</level>
  <class>com.kms.katalon.core.logging.XmlKeywordLogger</class>
  <method>endKeyword</method>
  <thread>1</thread>
  <message>End action : selectOptionByValue(css(&amp;quot;#addressDropdown&amp;quot;), &amp;quot;4&amp;quot;, false)</message>
  <nestedLevel>1</nestedLevel>
  <escapedJava>false</escapedJava>
</record>
<record>
  <date>2026-06-07T23:00:49.996146600Z</date>
  <millis>1780873249996</millis>
  <nanos>146600</nanos>
  <sequence>2044</sequence>
  <level>START</level>
  <class>com.kms.katalon.core.logging.XmlKeywordLogger</class>
  <method>startKeyword</method>
  <thread>1</thread>
  <message>Start action : t = new com.kms.katalon.core.testobject.TestObject(sel)</message>
  <nestedLevel>1</nestedLevel>
  <escapedJava>false</escapedJava>
  <property name="startLine">8</property>
  <property name="stepIndex">1</property>
</record>
<record>
  <date>2026-06-07T23:00:49.996146600Z</date>
  <millis>1780873249996</millis>
  <nanos>146600</nanos>
  <sequence>2045</sequence>
  <level>END</level>
  <class>com.kms.katalon.core.logging.XmlKeywordLogger</class>
  <method>endKeyword</method>
  <thread>1</thread>
  <message>End action : t = new com.kms.katalon.core.testobject.TestObject(sel)</message>
  <nestedLevel>1</nestedLevel>
  <escapedJava>false</escapedJava>
</record>
<record>
  <date>2026-06-07T23:00:49.996146600Z</date>
  <millis>1780873249996</millis>
  <nanos>146600</nanos>
  <sequence>2046</sequence>
  <level>START</level>
  <class>com.kms.katalon.core.logging.XmlKeywordLogger</class>
  <method>startKeyword</method>
  <thread>1</thread>
  <message>Start action : t.addProperty(&amp;quot;css&amp;quot;, EQUALS, sel)</message>
  <nestedLevel>1</nestedLevel>
  <escapedJava>false</escapedJava>
  <property name="startLine">9</property>
  <property name="stepIndex">2</property>
</record>
<record>
  <date>2026-06-07T23:00:49.997144600Z</date>
  <millis>1780873249997</millis>
  <nanos>144600</nanos>
  <sequence>2047</sequence>
  <level>END</level>
  <class>com.kms.katalon.core.logging.XmlKeywordLogger</class>
  <method>endKeyword</method>
  <thread>1</thread>
  <message>End action : t.addProperty(&amp;quot;css&amp;quot;, EQUALS, sel)</message>
  <nestedLevel>1</nestedLevel>
  <escapedJava>false</escapedJava>
</record>
<record>
  <date>2026-06-07T23:00:49.997144600Z</date>
  <millis>1780873249997</millis>
  <nanos>144600</nanos>
  <sequence>2048</sequence>
  <level>START</level>
  <class>com.kms.katalon.core.logging.XmlKeywordLogger</class>
  <method>startKeyword</method>
  <thread>1</thread>
  <message>Start action : return t</message>
  <nestedLevel>1</nestedLevel>
  <escapedJava>false</escapedJava>
  <property name="startLine">10</property>
  <property name="stepIndex">3</property>
</record>
<record>
  <date>2026-06-07T23:00:50.500288300Z</date>
  <millis>1780873250500</millis>
  <nanos>288300</nanos>
  <sequence>2059</sequence>
  <level>PASSED</level>
  <class>com.kms.katalon.core.logging.XmlKeywordLogger</class>
  <method>logMessage</method>
  <thread>1</thread>
  <message>All options with value &amp;apos;4&amp;apos; are selected in object &amp;apos;#addressDropdown&amp;apos; </message>
  <nestedLevel>1</nestedLevel>
  <escapedJava>false</escapedJava>
  <property name="testops-method-name">com.kms.katalon.core.webui.keyword.internal.WebUIKeywordMain.runKeywordUntilTimeout</property>
  <property name="testops-execution-stacktrace">com.kms.katalon.core.logging.KeywordLogger.logPassed(KeywordLogger.java:350)
com.kms.katalon.core.logging.KeywordLogger.logPassed(KeywordLogger.java:345)
com.kms.katalon.core.webui.keyword.builtin.SelectOptionByValueKeyword$_selectOptionByValue_closure1.doCall(SelectOptionByValueKeyword.groovy:70)
java.base/jdk.internal.reflect.DirectMethodHandleAccessor.invoke(DirectMethodHandleAccessor.java:103)
jdk.proxy2/jdk.proxy2.$Proxy57.execute(Unknown Source)
com.kms.katalon.core.webui.model.SeleniumActionRetryController.performAction(SeleniumActionRetryController.java:96)
com.kms.katalon.core.webui.model.SeleniumActionRetryController.performAction(SeleniumActionRetryController.java:83)
com.kms.katalon.core.webui.keyword.internal.WebUIKeywordMain$_runKeywordUntilTimeout_closure1.doCall(WebUIKeywordMain.groovy:135)
com.kms.katalon.core.webui.keyword.internal.WebUIKeywordMain$_runKeywordUntilTimeout_closure1.call(WebUIKeywordMain.groovy)
com.kms.katalon.core.webui.keyword.internal.WebUIKeywordMain.runKeyword(WebUIKeywordMain.groovy:41)
com.kms.katalon.core.webui.keyword.internal.WebUIKeywordMain.runKeywordUntilTimeout(WebUIKeywordMain.groovy:133)
com.kms.katalon.core.webui.keyword.builtin.SelectOptionByValueKeyword.selectOptionByValue(SelectOptionByValueKeyword.groovy:79)
com.kms.katalon.core.webui.keyword.builtin.SelectOptionByValueKeyword.execute(SelectOptionByValueKeyword.groovy:44)
com.kms.katalon.core.keyword.internal.KeywordExecutor.executeKeywordForPlatform(KeywordExecutor.groovy:103)
com.kms.katalon.core.webui.keyword.WebUiBuiltInKeywords.selectOptionByValue(WebUiBuiltInKeywords.groovy:1270)
Script178070060301.run(Script178070060301.groovy:24)
</property>
</record>
<record>
  <date>2026-06-07T23:00:50.501287800Z</date>
  <millis>1780873250501</millis>
  <nanos>287800</nanos>
  <sequence>2060</sequence>
  <level>END</level>
  <class>com.kms.katalon.core.logging.XmlKeywordLogger</class>
  <method>endKeyword</method>
  <thread>1</thread>
  <message>End action : return t</message>
  <nestedLevel>1</nestedLevel>
  <escapedJava>false</escapedJava>
</record>
<record>
  <date>2026-06-07T23:00:50.501287800Z</date>
  <millis>1780873250501</millis>
  <nanos>287800</nanos>
  <sequence>2061</sequence>
  <level>START</level>
  <class>com.kms.katalon.core.logging.XmlKeywordLogger</class>
  <method>startKeyword</method>
  <thread>1</thread>
  <message>Start action : selectOptionByValue(css(&amp;quot;#addressDropdown2&amp;quot;), &amp;quot;4&amp;quot;, false)</message>
  <nestedLevel>1</nestedLevel>
  <escapedJava>false</escapedJava>
  <property name="startLine">25</property>
  <property name="stepIndex">12</property>
</record>
<record>
  <date>2026-06-07T23:00:50.501287800Z</date>
  <millis>1780873250501</millis>
  <nanos>287800</nanos>
  <sequence>2062</sequence>
  <level>END</level>
  <class>com.kms.katalon.core.logging.XmlKeywordLogger</class>
  <method>endKeyword</method>
  <thread>1</thread>
  <message>End action : selectOptionByValue(css(&amp;quot;#addressDropdown2&amp;quot;), &amp;quot;4&amp;quot;, false)</message>
  <nestedLevel>1</nestedLevel>
  <escapedJava>false</escapedJava>
</record>
<record>
  <date>2026-06-07T23:00:50.501287800Z</date>
  <millis>1780873250501</millis>
  <nanos>287800</nanos>
  <sequence>2063</sequence>
  <level>START</level>
  <class>com.kms.katalon.core.logging.XmlKeywordLogger</class>
  <method>startKeyword</method>
  <thread>1</thread>
  <message>Start action : t = new com.kms.katalon.core.testobject.TestObject(sel)</message>
  <nestedLevel>1</nestedLevel>
  <escapedJava>false</escapedJava>
  <property name="startLine">8</property>
  <property name="stepIndex">1</property>
</record>
<record>
  <date>2026-06-07T23:00:50.501287800Z</date>
  <millis>1780873250501</millis>
  <nanos>287800</nanos>
  <sequence>2064</sequence>
  <level>END</level>
  <class>com.kms.katalon.core.logging.XmlKeywordLogger</class>
  <method>endKeyword</method>
  <thread>1</thread>
  <message>End action : t = new com.kms.katalon.core.testobject.TestObject(sel)</message>
  <nestedLevel>1</nestedLevel>
  <escapedJava>false</escapedJava>
</record>
<record>
  <date>2026-06-07T23:00:50.501287800Z</date>
  <millis>1780873250501</millis>
  <nanos>287800</nanos>
  <sequence>2065</sequence>
  <level>START</level>
  <class>com.kms.katalon.core.logging.XmlKeywordLogger</class>
  <method>startKeyword</method>
  <thread>1</thread>
  <message>Start action : t.addProperty(&amp;quot;css&amp;quot;, EQUALS, sel)</message>
  <nestedLevel>1</nestedLevel>
  <escapedJava>false</escapedJava>
  <property name="startLine">9</property>
  <property name="stepIndex">2</property>
</record>
<record>
  <date>2026-06-07T23:00:50.501287800Z</date>
  <millis>1780873250501</millis>
  <nanos>287800</nanos>
  <sequence>2066</sequence>
  <level>END</level>
  <class>com.kms.katalon.core.logging.XmlKeywordLogger</class>
  <method>endKeyword</method>
  <thread>1</thread>
  <message>End action : t.addProperty(&amp;quot;css&amp;quot;, EQUALS, sel)</message>
  <nestedLevel>1</nestedLevel>
  <escapedJava>false</escapedJava>
</record>
<record>
  <date>2026-06-07T23:00:50.502311500Z</date>
  <millis>1780873250502</millis>
  <nanos>311500</nanos>
  <sequence>2067</sequence>
  <level>START</level>
  <class>com.kms.katalon.core.logging.XmlKeywordLogger</class>
  <method>startKeyword</method>
  <thread>1</thread>
  <message>Start action : return t</message>
  <nestedLevel>1</nestedLevel>
  <escapedJava>false</escapedJava>
  <property name="startLine">10</property>
  <property name="stepIndex">3</property>
</record>
<record>
  <date>2026-06-07T23:00:51.027534600Z</date>
  <millis>1780873251027</millis>
  <nanos>534600</nanos>
  <sequence>2078</sequence>
  <level>PASSED</level>
  <class>com.kms.katalon.core.logging.XmlKeywordLogger</class>
  <method>logMessage</method>
  <thread>1</thread>
  <message>All options with value &amp;apos;4&amp;apos; are selected in object &amp;apos;#addressDropdown2&amp;apos; </message>
  <nestedLevel>1</nestedLevel>
  <escapedJava>false</escapedJava>
  <property name="testops-method-name">com.kms.katalon.core.webui.keyword.internal.WebUIKeywordMain.runKeywordUntilTimeout</property>
  <property name="testops-execution-stacktrace">com.kms.katalon.core.logging.KeywordLogger.logPassed(KeywordLogger.java:350)
com.kms.katalon.core.logging.KeywordLogger.logPassed(KeywordLogger.java:345)
com.kms.katalon.core.webui.keyword.builtin.SelectOptionByValueKeyword$_selectOptionByValue_closure1.doCall(SelectOptionByValueKeyword.groovy:70)
java.base/jdk.internal.reflect.DirectMethodHandleAccessor.invoke(DirectMethodHandleAccessor.java:103)
jdk.proxy2/jdk.proxy2.$Proxy57.execute(Unknown Source)
com.kms.katalon.core.webui.model.SeleniumActionRetryController.performAction(SeleniumActionRetryController.java:96)
com.kms.katalon.core.webui.model.SeleniumActionRetryController.performAction(SeleniumActionRetryController.java:83)
com.kms.katalon.core.webui.keyword.internal.WebUIKeywordMain$_runKeywordUntilTimeout_closure1.doCall(WebUIKeywordMain.groovy:135)
com.kms.katalon.core.webui.keyword.internal.WebUIKeywordMain$_runKeywordUntilTimeout_closure1.call(WebUIKeywordMain.groovy)
com.kms.katalon.core.webui.keyword.internal.WebUIKeywordMain.runKeyword(WebUIKeywordMain.groovy:41)
com.kms.katalon.core.webui.keyword.internal.WebUIKeywordMain.runKeywordUntilTimeout(WebUIKeywordMain.groovy:133)
com.kms.katalon.core.webui.keyword.builtin.SelectOptionByValueKeyword.selectOptionByValue(SelectOptionByValueKeyword.groovy:79)
com.kms.katalon.core.webui.keyword.builtin.SelectOptionByValueKeyword.execute(SelectOptionByValueKeyword.groovy:44)
com.kms.katalon.core.keyword.internal.KeywordExecutor.executeKeywordForPlatform(KeywordExecutor.groovy:103)
com.kms.katalon.core.webui.keyword.WebUiBuiltInKeywords.selectOptionByValue(WebUiBuiltInKeywords.groovy:1270)
Script178070060301.run(Script178070060301.groovy:25)
</property>
</record>
<record>
  <date>2026-06-07T23:00:51.027534600Z</date>
  <millis>1780873251027</millis>
  <nanos>534600</nanos>
  <sequence>2079</sequence>
  <level>END</level>
  <class>com.kms.katalon.core.logging.XmlKeywordLogger</class>
  <method>endKeyword</method>
  <thread>1</thread>
  <message>End action : return t</message>
  <nestedLevel>1</nestedLevel>
  <escapedJava>false</escapedJava>
</record>
<record>
  <date>2026-06-07T23:00:51.027534600Z</date>
  <millis>1780873251027</millis>
  <nanos>534600</nanos>
  <sequence>2080</sequence>
  <level>START</level>
  <class>com.kms.katalon.core.logging.XmlKeywordLogger</class>
  <method>startKeyword</method>
  <thread>1</thread>
  <message>Start action : click(css(&amp;quot;#paypal&amp;quot;))</message>
  <nestedLevel>1</nestedLevel>
  <escapedJava>false</escapedJava>
  <property name="startLine">26</property>
  <property name="stepIndex">13</property>
</record>
<record>
  <date>2026-06-07T23:00:51.027534600Z</date>
  <millis>1780873251027</millis>
  <nanos>534600</nanos>
  <sequence>2081</sequence>
  <level>END</level>
  <class>com.kms.katalon.core.logging.XmlKeywordLogger</class>
  <method>endKeyword</method>
  <thread>1</thread>
  <message>End action : click(css(&amp;quot;#paypal&amp;quot;))</message>
  <nestedLevel>1</nestedLevel>
  <escapedJava>false</escapedJava>
</record>
<record>
  <date>2026-06-07T23:00:51.027534600Z</date>
  <millis>1780873251027</millis>
  <nanos>534600</nanos>
  <sequence>2082</sequence>
  <level>START</level>
  <class>com.kms.katalon.core.logging.XmlKeywordLogger</class>
  <method>startKeyword</method>
  <thread>1</thread>
  <message>Start action : t = new com.kms.katalon.core.testobject.TestObject(sel)</message>
  <nestedLevel>1</nestedLevel>
  <escapedJava>false</escapedJava>
  <property name="startLine">8</property>
  <property name="stepIndex">1</property>
</record>
<record>
  <date>2026-06-07T23:00:51.028533600Z</date>
  <millis>1780873251028</millis>
  <nanos>533600</nanos>
  <sequence>2083</sequence>
  <level>END</level>
  <class>com.kms.katalon.core.logging.XmlKeywordLogger</class>
  <method>endKeyword</method>
  <thread>1</thread>
  <message>End action : t = new com.kms.katalon.core.testobject.TestObject(sel)</message>
  <nestedLevel>1</nestedLevel>
  <escapedJava>false</escapedJava>
</record>
<record>
  <date>2026-06-07T23:00:51.028533600Z</date>
  <millis>1780873251028</millis>
  <nanos>533600</nanos>
  <sequence>2084</sequence>
  <level>START</level>
  <class>com.kms.katalon.core.logging.XmlKeywordLogger</class>
  <method>startKeyword</method>
  <thread>1</thread>
  <message>Start action : t.addProperty(&amp;quot;css&amp;quot;, EQUALS, sel)</message>
  <nestedLevel>1</nestedLevel>
  <escapedJava>false</escapedJava>
  <property name="startLine">9</property>
  <property name="stepIndex">2</property>
</record>
<record>
  <date>2026-06-07T23:00:51.028533600Z</date>
  <millis>1780873251028</millis>
  <nanos>533600</nanos>
  <sequence>2085</sequence>
  <level>END</level>
  <class>com.kms.katalon.core.logging.XmlKeywordLogger</class>
  <method>endKeyword</method>
  <thread>1</thread>
  <message>End action : t.addProperty(&amp;quot;css&amp;quot;, EQUALS, sel)</message>
  <nestedLevel>1</nestedLevel>
  <escapedJava>false</escapedJava>
</record>
<record>
  <date>2026-06-07T23:00:51.028533600Z</date>
  <millis>1780873251028</millis>
  <nanos>533600</nanos>
  <sequence>2086</sequence>
  <level>START</level>
  <class>com.kms.katalon.core.logging.XmlKeywordLogger</class>
  <method>startKeyword</method>
  <thread>1</thread>
  <message>Start action : return t</message>
  <nestedLevel>1</nestedLevel>
  <escapedJava>false</escapedJava>
  <property name="startLine">10</property>
  <property name="stepIndex">3</property>
</record>
<record>
  <date>2026-06-07T23:00:51.306635600Z</date>
  <millis>1780873251306</millis>
  <nanos>635600</nanos>
  <sequence>2096</sequence>
  <level>PASSED</level>
  <class>com.kms.katalon.core.logging.XmlKeywordLogger</class>
  <method>logMessage</method>
  <thread>1</thread>
  <message>Object: &amp;apos;#paypal&amp;apos; is clicked on</message>
  <nestedLevel>1</nestedLevel>
  <escapedJava>false</escapedJava>
  <property name="testops-method-name">com.kms.katalon.core.webui.keyword.internal.WebUIKeywordMain.runKeywordUntilTimeout</property>
  <property name="testops-execution-stacktrace">com.kms.katalon.core.logging.KeywordLogger.logPassed(KeywordLogger.java:350)
com.kms.katalon.core.logging.KeywordLogger.logPassed(KeywordLogger.java:345)
com.kms.katalon.core.webui.keyword.builtin.ClickKeyword$_click_closure1.doCall(ClickKeyword.groovy:66)
java.base/jdk.internal.reflect.DirectMethodHandleAccessor.invoke(DirectMethodHandleAccessor.java:103)
jdk.proxy2/jdk.proxy2.$Proxy57.execute(Unknown Source)
com.kms.katalon.core.webui.model.SeleniumActionRetryController.performAction(SeleniumActionRetryController.java:96)
com.kms.katalon.core.webui.model.SeleniumActionRetryController.performAction(SeleniumActionRetryController.java:83)
com.kms.katalon.core.webui.keyword.internal.WebUIKeywordMain$_runKeywordUntilTimeout_closure1.doCall(WebUIKeywordMain.groovy:135)
com.kms.katalon.core.webui.keyword.internal.WebUIKeywordMain$_runKeywordUntilTimeout_closure1.call(WebUIKeywordMain.groovy)
com.kms.katalon.core.webui.keyword.internal.WebUIKeywordMain.runKeyword(WebUIKeywordMain.groovy:41)
com.kms.katalon.core.webui.keyword.internal.WebUIKeywordMain.runKeywordUntilTimeout(WebUIKeywordMain.groovy:133)
com.kms.katalon.core.webui.keyword.builtin.ClickKeyword.click(ClickKeyword.groovy:72)
com.kms.katalon.core.webui.keyword.builtin.ClickKeyword.execute(ClickKeyword.groovy:38)
com.kms.katalon.core.keyword.internal.KeywordExecutor.executeKeywordForPlatform(KeywordExecutor.groovy:103)
com.kms.katalon.core.webui.keyword.WebUiBuiltInKeywords.click(WebUiBuiltInKeywords.groovy:722)
Script178070060301.run(Script178070060301.groovy:26)
</property>
</record>
<record>
  <date>2026-06-07T23:00:51.306635600Z</date>
  <millis>1780873251306</millis>
  <nanos>635600</nanos>
  <sequence>2097</sequence>
  <level>END</level>
  <class>com.kms.katalon.core.logging.XmlKeywordLogger</class>
  <method>endKeyword</method>
  <thread>1</thread>
  <message>End action : return t</message>
  <nestedLevel>1</nestedLevel>
  <escapedJava>false</escapedJava>
</record>
<record>
  <date>2026-06-07T23:00:51.306635600Z</date>
  <millis>1780873251306</millis>
  <nanos>635600</nanos>
  <sequence>2098</sequence>
  <level>START</level>
  <class>com.kms.katalon.core.logging.XmlKeywordLogger</class>
  <method>startKeyword</method>
  <thread>1</thread>
  <message>Start action : click(css(&amp;quot;form[action=&amp;apos;Ordine&amp;apos;] .checkout-btn&amp;quot;))</message>
  <nestedLevel>1</nestedLevel>
  <escapedJava>false</escapedJava>
  <property name="startLine">28</property>
  <property name="stepIndex">14</property>
</record>
<record>
  <date>2026-06-07T23:00:51.307642300Z</date>
  <millis>1780873251307</millis>
  <nanos>642300</nanos>
  <sequence>2099</sequence>
  <level>END</level>
  <class>com.kms.katalon.core.logging.XmlKeywordLogger</class>
  <method>endKeyword</method>
  <thread>1</thread>
  <message>End action : click(css(&amp;quot;form[action=&amp;apos;Ordine&amp;apos;] .checkout-btn&amp;quot;))</message>
  <nestedLevel>1</nestedLevel>
  <escapedJava>false</escapedJava>
</record>
<record>
  <date>2026-06-07T23:00:51.307642300Z</date>
  <millis>1780873251307</millis>
  <nanos>642300</nanos>
  <sequence>2100</sequence>
  <level>START</level>
  <class>com.kms.katalon.core.logging.XmlKeywordLogger</class>
  <method>startKeyword</method>
  <thread>1</thread>
  <message>Start action : t = new com.kms.katalon.core.testobject.TestObject(sel)</message>
  <nestedLevel>1</nestedLevel>
  <escapedJava>false</escapedJava>
  <property name="startLine">8</property>
  <property name="stepIndex">1</property>
</record>
<record>
  <date>2026-06-07T23:00:51.307642300Z</date>
  <millis>1780873251307</millis>
  <nanos>642300</nanos>
  <sequence>2101</sequence>
  <level>END</level>
  <class>com.kms.katalon.core.logging.XmlKeywordLogger</class>
  <method>endKeyword</method>
  <thread>1</thread>
  <message>End action : t = new com.kms.katalon.core.testobject.TestObject(sel)</message>
  <nestedLevel>1</nestedLevel>
  <escapedJava>false</escapedJava>
</record>
<record>
  <date>2026-06-07T23:00:51.307642300Z</date>
  <millis>1780873251307</millis>
  <nanos>642300</nanos>
  <sequence>2102</sequence>
  <level>START</level>
  <class>com.kms.katalon.core.logging.XmlKeywordLogger</class>
  <method>startKeyword</method>
  <thread>1</thread>
  <message>Start action : t.addProperty(&amp;quot;css&amp;quot;, EQUALS, sel)</message>
  <nestedLevel>1</nestedLevel>
  <escapedJava>false</escapedJava>
  <property name="startLine">9</property>
  <property name="stepIndex">2</property>
</record>
<record>
  <date>2026-06-07T23:00:51.307642300Z</date>
  <millis>1780873251307</millis>
  <nanos>642300</nanos>
  <sequence>2103</sequence>
  <level>END</level>
  <class>com.kms.katalon.core.logging.XmlKeywordLogger</class>
  <method>endKeyword</method>
  <thread>1</thread>
  <message>End action : t.addProperty(&amp;quot;css&amp;quot;, EQUALS, sel)</message>
  <nestedLevel>1</nestedLevel>
  <escapedJava>false</escapedJava>
</record>
<record>
  <date>2026-06-07T23:00:51.307642300Z</date>
  <millis>1780873251307</millis>
  <nanos>642300</nanos>
  <sequence>2104</sequence>
  <level>START</level>
  <class>com.kms.katalon.core.logging.XmlKeywordLogger</class>
  <method>startKeyword</method>
  <thread>1</thread>
  <message>Start action : return t</message>
  <nestedLevel>1</nestedLevel>
  <escapedJava>false</escapedJava>
  <property name="startLine">10</property>
  <property name="stepIndex">3</property>
</record>
<record>
  <date>2026-06-07T23:00:51.637260100Z</date>
  <millis>1780873251637</millis>
  <nanos>260100</nanos>
  <sequence>2114</sequence>
  <level>PASSED</level>
  <class>com.kms.katalon.core.logging.XmlKeywordLogger</class>
  <method>logMessage</method>
  <thread>1</thread>
  <message>Object: &amp;apos;form[action=&amp;apos;Ordine&amp;apos;] .checkout-btn&amp;apos; is clicked on</message>
  <nestedLevel>1</nestedLevel>
  <escapedJava>false</escapedJava>
  <property name="testops-method-name">com.kms.katalon.core.webui.keyword.internal.WebUIKeywordMain.runKeywordUntilTimeout</property>
  <property name="testops-execution-stacktrace">com.kms.katalon.core.logging.KeywordLogger.logPassed(KeywordLogger.java:350)
com.kms.katalon.core.logging.KeywordLogger.logPassed(KeywordLogger.java:345)
com.kms.katalon.core.webui.keyword.builtin.ClickKeyword$_click_closure1.doCall(ClickKeyword.groovy:66)
java.base/jdk.internal.reflect.DirectMethodHandleAccessor.invoke(DirectMethodHandleAccessor.java:103)
jdk.proxy2/jdk.proxy2.$Proxy57.execute(Unknown Source)
com.kms.katalon.core.webui.model.SeleniumActionRetryController.performAction(SeleniumActionRetryController.java:96)
com.kms.katalon.core.webui.model.SeleniumActionRetryController.performAction(SeleniumActionRetryController.java:83)
com.kms.katalon.core.webui.keyword.internal.WebUIKeywordMain$_runKeywordUntilTimeout_closure1.doCall(WebUIKeywordMain.groovy:135)
com.kms.katalon.core.webui.keyword.internal.WebUIKeywordMain$_runKeywordUntilTimeout_closure1.call(WebUIKeywordMain.groovy)
com.kms.katalon.core.webui.keyword.internal.WebUIKeywordMain.runKeyword(WebUIKeywordMain.groovy:41)
com.kms.katalon.core.webui.keyword.internal.WebUIKeywordMain.runKeywordUntilTimeout(WebUIKeywordMain.groovy:133)
com.kms.katalon.core.webui.keyword.builtin.ClickKeyword.click(ClickKeyword.groovy:72)
com.kms.katalon.core.webui.keyword.builtin.ClickKeyword.execute(ClickKeyword.groovy:38)
com.kms.katalon.core.keyword.internal.KeywordExecutor.executeKeywordForPlatform(KeywordExecutor.groovy:103)
com.kms.katalon.core.webui.keyword.WebUiBuiltInKeywords.click(WebUiBuiltInKeywords.groovy:722)
Script178070060301.run(Script178070060301.groovy:28)
</property>
</record>
<record>
  <date>2026-06-07T23:00:51.637260100Z</date>
  <millis>1780873251637</millis>
  <nanos>260100</nanos>
  <sequence>2115</sequence>
  <level>END</level>
  <class>com.kms.katalon.core.logging.XmlKeywordLogger</class>
  <method>endKeyword</method>
  <thread>1</thread>
  <message>End action : return t</message>
  <nestedLevel>1</nestedLevel>
  <escapedJava>false</escapedJava>
</record>
<record>
  <date>2026-06-07T23:00:51.638764600Z</date>
  <millis>1780873251638</millis>
  <nanos>764600</nanos>
  <sequence>2116</sequence>
  <level>START</level>
  <class>com.kms.katalon.core.logging.XmlKeywordLogger</class>
  <method>startKeyword</method>
  <thread>1</thread>
  <message>Start action : delay(3)</message>
  <nestedLevel>1</nestedLevel>
  <escapedJava>false</escapedJava>
  <property name="startLine">29</property>
  <property name="stepIndex">15</property>
</record>
<record>
  <date>2026-06-07T23:00:54.652546400Z</date>
  <millis>1780873254652</millis>
  <nanos>546400</nanos>
  <sequence>2119</sequence>
  <level>PASSED</level>
  <class>com.kms.katalon.core.logging.XmlKeywordLogger</class>
  <method>logMessage</method>
  <thread>1</thread>
  <message>Delayed 3 second(s)</message>
  <nestedLevel>1</nestedLevel>
  <escapedJava>false</escapedJava>
  <property name="testops-method-name">com.kms.katalon.core.keyword.builtin.DelayKeyword.delay</property>
  <property name="testops-execution-stacktrace"></property>
</record>
<record>
  <date>2026-06-07T23:00:54.653052900Z</date>
  <millis>1780873254653</millis>
  <nanos>52900</nanos>
  <sequence>2120</sequence>
  <level>END</level>
  <class>com.kms.katalon.core.logging.XmlKeywordLogger</class>
  <method>endKeyword</method>
  <thread>1</thread>
  <message>End action : delay(3)</message>
  <nestedLevel>1</nestedLevel>
  <escapedJava>false</escapedJava>
</record>
<record>
  <date>2026-06-07T23:00:54.653576900Z</date>
  <millis>1780873254653</millis>
  <nanos>576900</nanos>
  <sequence>2121</sequence>
  <level>START</level>
  <class>com.kms.katalon.core.logging.XmlKeywordLogger</class>
  <method>startKeyword</method>
  <thread>1</thread>
  <message>Start action : takeScreenshot()</message>
  <nestedLevel>1</nestedLevel>
  <escapedJava>false</escapedJava>
  <property name="startLine">30</property>
  <property name="stepIndex">16</property>
</record>
<record>
  <date>2026-06-07T23:00:54.924050700Z</date>
  <millis>1780873254924</millis>
  <nanos>50700</nanos>
  <sequence>2124</sequence>
  <level>PASSED</level>
  <class>com.kms.katalon.core.logging.XmlKeywordLogger</class>
  <method>logMessage</method>
  <thread>1</thread>
  <message>Taking screenshot successfully</message>
  <nestedLevel>1</nestedLevel>
  <escapedJava>false</escapedJava>
  <property name="attachment">1780873254653.png</property>
  <property name="testops-method-name">com.kms.katalon.core.webui.keyword.builtin.TakeScreenshotKeyword.takeScreenshot</property>
  <property name="testops-execution-stacktrace"></property>
</record>
<record>
  <date>2026-06-07T23:00:54.924631800Z</date>
  <millis>1780873254924</millis>
  <nanos>631800</nanos>
  <sequence>2125</sequence>
  <level>END</level>
  <class>com.kms.katalon.core.logging.XmlKeywordLogger</class>
  <method>endKeyword</method>
  <thread>1</thread>
  <message>End action : takeScreenshot()</message>
  <nestedLevel>1</nestedLevel>
  <escapedJava>false</escapedJava>
</record>
<record>
  <date>2026-06-07T23:00:54.924631800Z</date>
  <millis>1780873254924</millis>
  <nanos>631800</nanos>
  <sequence>2126</sequence>
  <level>START</level>
  <class>com.kms.katalon.core.logging.XmlKeywordLogger</class>
  <method>startKeyword</method>
  <thread>1</thread>
  <message>Start action : verifyTextPresent(&amp;quot;(?i)Acquisto effettuato&amp;quot;, true)</message>
  <nestedLevel>1</nestedLevel>
  <escapedJava>false</escapedJava>
  <property name="startLine">33</property>
  <property name="stepIndex">17</property>
</record>
<record>
  <date>2026-06-07T23:00:55.170021400Z</date>
  <millis>1780873255170</millis>
  <nanos>21400</nanos>
  <sequence>2130</sequence>
  <level>PASSED</level>
  <class>com.kms.katalon.core.logging.XmlKeywordLogger</class>
  <method>logMessage</method>
  <thread>1</thread>
  <message>Text &amp;apos;(?i)Acquisto effettuato&amp;apos; is present on page  using regular expression</message>
  <nestedLevel>1</nestedLevel>
  <escapedJava>false</escapedJava>
  <property name="testops-is-assertion">true</property>
  <property name="testops-method-name">com.kms.katalon.core.webui.keyword.builtin.VerifyTextPresentKeyword.verifyTextPresent</property>
  <property name="testops-execution-stacktrace"></property>
</record>
<record>
  <date>2026-06-07T23:00:55.170021400Z</date>
  <millis>1780873255170</millis>
  <nanos>21400</nanos>
  <sequence>2131</sequence>
  <level>END</level>
  <class>com.kms.katalon.core.logging.XmlKeywordLogger</class>
  <method>endKeyword</method>
  <thread>1</thread>
  <message>End action : verifyTextPresent(&amp;quot;(?i)Acquisto effettuato&amp;quot;, true)</message>
  <nestedLevel>1</nestedLevel>
  <escapedJava>false</escapedJava>
</record>
<record>
  <date>2026-06-07T23:00:55.171012200Z</date>
  <millis>1780873255171</millis>
  <nanos>12200</nanos>
  <sequence>2132</sequence>
  <level>START</level>
  <class>com.kms.katalon.core.logging.XmlKeywordLogger</class>
  <method>startKeyword</method>
  <thread>1</thread>
  <message>Start action : verifyTextPresent(&amp;quot;(?i)kiwi&amp;quot;, true)</message>
  <nestedLevel>1</nestedLevel>
  <escapedJava>false</escapedJava>
  <property name="startLine">34</property>
  <property name="stepIndex">18</property>
</record>
<record>
  <date>2026-06-07T23:00:55.398531900Z</date>
  <millis>1780873255398</millis>
  <nanos>531900</nanos>
  <sequence>2136</sequence>
  <level>PASSED</level>
  <class>com.kms.katalon.core.logging.XmlKeywordLogger</class>
  <method>logMessage</method>
  <thread>1</thread>
  <message>Text &amp;apos;(?i)kiwi&amp;apos; is present on page  using regular expression</message>
  <nestedLevel>1</nestedLevel>
  <escapedJava>false</escapedJava>
  <property name="testops-is-assertion">true</property>
  <property name="testops-method-name">com.kms.katalon.core.webui.keyword.builtin.VerifyTextPresentKeyword.verifyTextPresent</property>
  <property name="testops-execution-stacktrace"></property>
</record>
<record>
  <date>2026-06-07T23:00:55.399795Z</date>
  <millis>1780873255399</millis>
  <nanos>795000</nanos>
  <sequence>2137</sequence>
  <level>END</level>
  <class>com.kms.katalon.core.logging.XmlKeywordLogger</class>
  <method>endKeyword</method>
  <thread>1</thread>
  <message>End action : verifyTextPresent(&amp;quot;(?i)kiwi&amp;quot;, true)</message>
  <nestedLevel>1</nestedLevel>
  <escapedJava>false</escapedJava>
</record>
<record>
  <date>2026-06-07T23:00:55.399795Z</date>
  <millis>1780873255399</millis>
  <nanos>795000</nanos>
  <sequence>2138</sequence>
  <level>START</level>
  <class>com.kms.katalon.core.logging.XmlKeywordLogger</class>
  <method>startKeyword</method>
  <thread>1</thread>
  <message>Start action : closeBrowser()</message>
  <nestedLevel>1</nestedLevel>
  <escapedJava>false</escapedJava>
  <property name="startLine">35</property>
  <property name="stepIndex">19</property>
</record>
<record>
  <date>2026-06-07T23:00:55.555775900Z</date>
  <millis>1780873255555</millis>
  <nanos>775900</nanos>
  <sequence>2141</sequence>
  <level>PASSED</level>
  <class>com.kms.katalon.core.logging.XmlKeywordLogger</class>
  <method>logMessage</method>
  <thread>1</thread>
  <message>Browser is closed</message>
  <nestedLevel>1</nestedLevel>
  <escapedJava>false</escapedJava>
  <property name="testops-method-name">com.kms.katalon.core.webui.keyword.builtin.CloseBrowserKeyword.closeBrowser</property>
  <property name="testops-execution-stacktrace"></property>
</record>
<record>
  <date>2026-06-07T23:00:55.555775900Z</date>
  <millis>1780873255555</millis>
  <nanos>775900</nanos>
  <sequence>2142</sequence>
  <level>END</level>
  <class>com.kms.katalon.core.logging.XmlKeywordLogger</class>
  <method>endKeyword</method>
  <thread>1</thread>
  <message>End action : closeBrowser()</message>
  <nestedLevel>1</nestedLevel>
  <escapedJava>false</escapedJava>
</record>
<record>
  <date>2026-06-07T23:00:55.556792200Z</date>
  <millis>1780873255556</millis>
  <nanos>792200</nanos>
  <sequence>2143</sequence>
  <level>PASSED</level>
  <class>com.kms.katalon.core.logging.XmlKeywordLogger</class>
  <method>logMessage</method>
  <thread>1</thread>
  <message>Test Cases/Ordine/TC_6.3_1</message>
  <nestedLevel>1</nestedLevel>
  <escapedJava>false</escapedJava>
</record>
<record>
  <date>2026-06-07T23:00:55.556792200Z</date>
  <millis>1780873255556</millis>
  <nanos>792200</nanos>
  <sequence>2144</sequence>
  <level>END</level>
  <class>com.kms.katalon.core.logging.XmlKeywordLogger</class>
  <method>endTest</method>
  <thread>1</thread>
  <message>End Test Case : Test Cases/Ordine/TC_6.3_1</message>
  <nestedLevel>0</nestedLevel>
  <escapedJava>false</escapedJava>
  <property name="executionBindingVariables">[]</property>
  <property name="applitools">false</property>
  <property name="executedKeywords">{
  &quot;WebUI.closeBrowser&quot;: 1,
  &quot;WebUI.click&quot;: 3,
  &quot;WebUI.takeScreenshot&quot;: 1,
  &quot;WebUI.verifyTextPresent&quot;: 2,
  &quot;WebUI.navigateToUrl&quot;: 3,
  &quot;WebUI.selectOptionByValue&quot;: 2,
  &quot;WebUI.openBrowser&quot;: 1,
  &quot;BuiltIn.delay&quot;: 4,
  &quot;WebUI.setText&quot;: 2
}</property>
  <property name="keywordsUsage">{
  &quot;web_ui&quot;: true,
  &quot;web_service&quot;: false,
  &quot;cucumber&quot;: false,
  &quot;builtin&quot;: true,
  &quot;mobile&quot;: false,
  &quot;windows&quot;: false,
  &quot;testng&quot;: false
}</property>
</record>
<record>
  <date>2026-06-07T23:00:55.558893800Z</date>
  <millis>1780873255558</millis>
  <nanos>893800</nanos>
  <sequence>2145</sequence>
  <level>START</level>
  <class>com.kms.katalon.core.logging.XmlKeywordLogger</class>
  <method>startTest</method>
  <thread>1</thread>
  <message>Start Test Case : Test Cases/Ordine/TC_6.4_1</message>
  <nestedLevel>1</nestedLevel>
  <escapedJava>false</escapedJava>
  <property name="origin"></property>
  <property name="name">Test Cases/Ordine/TC_6.4_1</property>
  <property name="description">Scaricare la fattura PDF relativa a un acquisto</property>
  <property name="iteration"></property>
  <property name="id">Test Cases/Ordine/TC_6.4_1</property>
  <property name="source">C:\Users\gianf\Documents\Vaporant-IGES\StorageSession\testing\katalon\Vaporant-Baseline\Test Cases\Ordine\TC_6.4_1.tc</property>
  <property name="tag"></property>
  <property name="isOptional">false</property>
  <property name="uuid">c02723f4-c5fa-4ae5-90d6-851d05633150</property>
</record>
<record>
  <date>2026-06-07T23:00:55.565961300Z</date>
  <millis>1780873255565</millis>
  <nanos>961300</nanos>
  <sequence>2147</sequence>
  <level>RUN_DATA</level>
  <class>com.kms.katalon.core.logging.XmlKeywordLogger</class>
  <method>logMessage</method>
  <thread>1</thread>
  <message>executionBindingVariables = []</message>
  <nestedLevel>1</nestedLevel>
  <escapedJava>false</escapedJava>
  <property name="executionBindingVariables">[]</property>
</record>
<record>
  <date>2026-06-07T23:00:55.565961300Z</date>
  <millis>1780873255565</millis>
  <nanos>961300</nanos>
  <sequence>2148</sequence>
  <level>START</level>
  <class>com.kms.katalon.core.logging.XmlKeywordLogger</class>
  <method>startKeyword</method>
  <thread>1</thread>
  <message>Start listener action : resetSeedBeforeTestCase</message>
  <nestedLevel>1</nestedLevel>
  <escapedJava>false</escapedJava>
</record>
<record>
  <date>2026-06-07T23:00:55.566969800Z</date>
  <millis>1780873255566</millis>
  <nanos>969800</nanos>
  <sequence>2150</sequence>
  <level>START</level>
  <class>com.kms.katalon.core.logging.XmlKeywordLogger</class>
  <method>startKeyword</method>
  <thread>1</thread>
  <message>Start action : if (resetSeed == false)</message>
  <nestedLevel>1</nestedLevel>
  <escapedJava>false</escapedJava>
  <property name="startLine">26</property>
  <property name="stepIndex">1</property>
</record>
<record>
  <date>2026-06-07T23:00:55.566969800Z</date>
  <millis>1780873255566</millis>
  <nanos>969800</nanos>
  <sequence>2151</sequence>
  <level>END</level>
  <class>com.kms.katalon.core.logging.XmlKeywordLogger</class>
  <method>endKeyword</method>
  <thread>1</thread>
  <message>End action : if (resetSeed == false)</message>
  <nestedLevel>1</nestedLevel>
  <escapedJava>false</escapedJava>
</record>
<record>
  <date>2026-06-07T23:00:55.566969800Z</date>
  <millis>1780873255566</millis>
  <nanos>969800</nanos>
  <sequence>2152</sequence>
  <level>START</level>
  <class>com.kms.katalon.core.logging.XmlKeywordLogger</class>
  <method>startKeyword</method>
  <thread>1</thread>
  <message>Start action : projectDir = getProjectDir()</message>
  <nestedLevel>1</nestedLevel>
  <escapedJava>false</escapedJava>
  <property name="startLine">30</property>
  <property name="stepIndex">2</property>
</record>
<record>
  <date>2026-06-07T23:00:55.566969800Z</date>
  <millis>1780873255566</millis>
  <nanos>969800</nanos>
  <sequence>2153</sequence>
  <level>END</level>
  <class>com.kms.katalon.core.logging.XmlKeywordLogger</class>
  <method>endKeyword</method>
  <thread>1</thread>
  <message>End action : projectDir = getProjectDir()</message>
  <nestedLevel>1</nestedLevel>
  <escapedJava>false</escapedJava>
</record>
<record>
  <date>2026-06-07T23:00:55.566969800Z</date>
  <millis>1780873255566</millis>
  <nanos>969800</nanos>
  <sequence>2154</sequence>
  <level>START</level>
  <class>com.kms.katalon.core.logging.XmlKeywordLogger</class>
  <method>startKeyword</method>
  <thread>1</thread>
  <message>Start action : script = new java.io.File(projectDir, Data Files/reset-seed.sql)</message>
  <nestedLevel>1</nestedLevel>
  <escapedJava>false</escapedJava>
  <property name="startLine">31</property>
  <property name="stepIndex">3</property>
</record>
<record>
  <date>2026-06-07T23:00:55.566969800Z</date>
  <millis>1780873255566</millis>
  <nanos>969800</nanos>
  <sequence>2155</sequence>
  <level>END</level>
  <class>com.kms.katalon.core.logging.XmlKeywordLogger</class>
  <method>endKeyword</method>
  <thread>1</thread>
  <message>End action : script = new java.io.File(projectDir, Data Files/reset-seed.sql)</message>
  <nestedLevel>1</nestedLevel>
  <escapedJava>false</escapedJava>
</record>
<record>
  <date>2026-06-07T23:00:55.567962900Z</date>
  <millis>1780873255567</millis>
  <nanos>962900</nanos>
  <sequence>2156</sequence>
  <level>START</level>
  <class>com.kms.katalon.core.logging.XmlKeywordLogger</class>
  <method>startKeyword</method>
  <thread>1</thread>
  <message>Start action : if (!(script.exists()))</message>
  <nestedLevel>1</nestedLevel>
  <escapedJava>false</escapedJava>
  <property name="startLine">33</property>
  <property name="stepIndex">4</property>
</record>
<record>
  <date>2026-06-07T23:00:55.567962900Z</date>
  <millis>1780873255567</millis>
  <nanos>962900</nanos>
  <sequence>2157</sequence>
  <level>END</level>
  <class>com.kms.katalon.core.logging.XmlKeywordLogger</class>
  <method>endKeyword</method>
  <thread>1</thread>
  <message>End action : if (!(script.exists()))</message>
  <nestedLevel>1</nestedLevel>
  <escapedJava>false</escapedJava>
</record>
<record>
  <date>2026-06-07T23:00:55.567962900Z</date>
  <millis>1780873255567</millis>
  <nanos>962900</nanos>
  <sequence>2158</sequence>
  <level>START</level>
  <class>com.kms.katalon.core.logging.XmlKeywordLogger</class>
  <method>startKeyword</method>
  <thread>1</thread>
  <message>Start action : cmd = [mysqlExe, &amp;quot;--user=&amp;quot; + dbUser, &amp;quot;--password=&amp;quot; + dbPass, dbName]</message>
  <nestedLevel>1</nestedLevel>
  <escapedJava>false</escapedJava>
  <property name="startLine">39</property>
  <property name="stepIndex">5</property>
</record>
<record>
  <date>2026-06-07T23:00:55.567962900Z</date>
  <millis>1780873255567</millis>
  <nanos>962900</nanos>
  <sequence>2159</sequence>
  <level>END</level>
  <class>com.kms.katalon.core.logging.XmlKeywordLogger</class>
  <method>endKeyword</method>
  <thread>1</thread>
  <message>End action : cmd = [mysqlExe, &amp;quot;--user=&amp;quot; + dbUser, &amp;quot;--password=&amp;quot; + dbPass, dbName]</message>
  <nestedLevel>1</nestedLevel>
  <escapedJava>false</escapedJava>
</record>
<record>
  <date>2026-06-07T23:00:55.567962900Z</date>
  <millis>1780873255567</millis>
  <nanos>962900</nanos>
  <sequence>2160</sequence>
  <level>START</level>
  <class>com.kms.katalon.core.logging.XmlKeywordLogger</class>
  <method>startKeyword</method>
  <thread>1</thread>
  <message>Start action : log = new java.io.File(java.lang.System.getProperty(java.io.tmpdir), seedreset.log)</message>
  <nestedLevel>1</nestedLevel>
  <escapedJava>false</escapedJava>
  <property name="startLine">46</property>
  <property name="stepIndex">6</property>
</record>
<record>
  <date>2026-06-07T23:00:55.567962900Z</date>
  <millis>1780873255567</millis>
  <nanos>962900</nanos>
  <sequence>2161</sequence>
  <level>END</level>
  <class>com.kms.katalon.core.logging.XmlKeywordLogger</class>
  <method>endKeyword</method>
  <thread>1</thread>
  <message>End action : log = new java.io.File(java.lang.System.getProperty(java.io.tmpdir), seedreset.log)</message>
  <nestedLevel>1</nestedLevel>
  <escapedJava>false</escapedJava>
</record>
<record>
  <date>2026-06-07T23:00:55.567962900Z</date>
  <millis>1780873255567</millis>
  <nanos>962900</nanos>
  <sequence>2162</sequence>
  <level>START</level>
  <class>com.kms.katalon.core.logging.XmlKeywordLogger</class>
  <method>startKeyword</method>
  <thread>1</thread>
  <message>Start action : pb = new java.lang.ProcessBuilder(cmd)</message>
  <nestedLevel>1</nestedLevel>
  <escapedJava>false</escapedJava>
  <property name="startLine">48</property>
  <property name="stepIndex">7</property>
</record>
<record>
  <date>2026-06-07T23:00:55.567962900Z</date>
  <millis>1780873255567</millis>
  <nanos>962900</nanos>
  <sequence>2163</sequence>
  <level>END</level>
  <class>com.kms.katalon.core.logging.XmlKeywordLogger</class>
  <method>endKeyword</method>
  <thread>1</thread>
  <message>End action : pb = new java.lang.ProcessBuilder(cmd)</message>
  <nestedLevel>1</nestedLevel>
  <escapedJava>false</escapedJava>
</record>
<record>
  <date>2026-06-07T23:00:55.567962900Z</date>
  <millis>1780873255567</millis>
  <nanos>962900</nanos>
  <sequence>2164</sequence>
  <level>START</level>
  <class>com.kms.katalon.core.logging.XmlKeywordLogger</class>
  <method>startKeyword</method>
  <thread>1</thread>
  <message>Start action : pb.redirectInput(script)</message>
  <nestedLevel>1</nestedLevel>
  <escapedJava>false</escapedJava>
  <property name="startLine">49</property>
  <property name="stepIndex">8</property>
</record>
<record>
  <date>2026-06-07T23:00:55.567962900Z</date>
  <millis>1780873255567</millis>
  <nanos>962900</nanos>
  <sequence>2165</sequence>
  <level>END</level>
  <class>com.kms.katalon.core.logging.XmlKeywordLogger</class>
  <method>endKeyword</method>
  <thread>1</thread>
  <message>End action : pb.redirectInput(script)</message>
  <nestedLevel>1</nestedLevel>
  <escapedJava>false</escapedJava>
</record>
<record>
  <date>2026-06-07T23:00:55.567962900Z</date>
  <millis>1780873255567</millis>
  <nanos>962900</nanos>
  <sequence>2166</sequence>
  <level>START</level>
  <class>com.kms.katalon.core.logging.XmlKeywordLogger</class>
  <method>startKeyword</method>
  <thread>1</thread>
  <message>Start action : pb.redirectErrorStream(true)</message>
  <nestedLevel>1</nestedLevel>
  <escapedJava>false</escapedJava>
  <property name="startLine">50</property>
  <property name="stepIndex">9</property>
</record>
<record>
  <date>2026-06-07T23:00:55.567962900Z</date>
  <millis>1780873255567</millis>
  <nanos>962900</nanos>
  <sequence>2167</sequence>
  <level>END</level>
  <class>com.kms.katalon.core.logging.XmlKeywordLogger</class>
  <method>endKeyword</method>
  <thread>1</thread>
  <message>End action : pb.redirectErrorStream(true)</message>
  <nestedLevel>1</nestedLevel>
  <escapedJava>false</escapedJava>
</record>
<record>
  <date>2026-06-07T23:00:55.567962900Z</date>
  <millis>1780873255567</millis>
  <nanos>962900</nanos>
  <sequence>2168</sequence>
  <level>START</level>
  <class>com.kms.katalon.core.logging.XmlKeywordLogger</class>
  <method>startKeyword</method>
  <thread>1</thread>
  <message>Start action : pb.redirectOutput(log)</message>
  <nestedLevel>1</nestedLevel>
  <escapedJava>false</escapedJava>
  <property name="startLine">51</property>
  <property name="stepIndex">10</property>
</record>
<record>
  <date>2026-06-07T23:00:55.567962900Z</date>
  <millis>1780873255567</millis>
  <nanos>962900</nanos>
  <sequence>2169</sequence>
  <level>END</level>
  <class>com.kms.katalon.core.logging.XmlKeywordLogger</class>
  <method>endKeyword</method>
  <thread>1</thread>
  <message>End action : pb.redirectOutput(log)</message>
  <nestedLevel>1</nestedLevel>
  <escapedJava>false</escapedJava>
</record>
<record>
  <date>2026-06-07T23:00:55.567962900Z</date>
  <millis>1780873255567</millis>
  <nanos>962900</nanos>
  <sequence>2170</sequence>
  <level>START</level>
  <class>com.kms.katalon.core.logging.XmlKeywordLogger</class>
  <method>startKeyword</method>
  <thread>1</thread>
  <message>Start action : p = pb.start()</message>
  <nestedLevel>1</nestedLevel>
  <escapedJava>false</escapedJava>
  <property name="startLine">53</property>
  <property name="stepIndex">11</property>
</record>
<record>
  <date>2026-06-07T23:00:55.569962Z</date>
  <millis>1780873255569</millis>
  <nanos>962000</nanos>
  <sequence>2171</sequence>
  <level>END</level>
  <class>com.kms.katalon.core.logging.XmlKeywordLogger</class>
  <method>endKeyword</method>
  <thread>1</thread>
  <message>End action : p = pb.start()</message>
  <nestedLevel>1</nestedLevel>
  <escapedJava>false</escapedJava>
</record>
<record>
  <date>2026-06-07T23:00:55.571464600Z</date>
  <millis>1780873255571</millis>
  <nanos>464600</nanos>
  <sequence>2172</sequence>
  <level>START</level>
  <class>com.kms.katalon.core.logging.XmlKeywordLogger</class>
  <method>startKeyword</method>
  <thread>1</thread>
  <message>Start action : finished = p.waitFor(20, SECONDS)</message>
  <nestedLevel>1</nestedLevel>
  <escapedJava>false</escapedJava>
  <property name="startLine">55</property>
  <property name="stepIndex">12</property>
</record>
<record>
  <date>2026-06-07T23:00:55.632494300Z</date>
  <millis>1780873255632</millis>
  <nanos>494300</nanos>
  <sequence>2173</sequence>
  <level>END</level>
  <class>com.kms.katalon.core.logging.XmlKeywordLogger</class>
  <method>endKeyword</method>
  <thread>1</thread>
  <message>End action : finished = p.waitFor(20, SECONDS)</message>
  <nestedLevel>1</nestedLevel>
  <escapedJava>false</escapedJava>
</record>
<record>
  <date>2026-06-07T23:00:55.632494300Z</date>
  <millis>1780873255632</millis>
  <nanos>494300</nanos>
  <sequence>2174</sequence>
  <level>START</level>
  <class>com.kms.katalon.core.logging.XmlKeywordLogger</class>
  <method>startKeyword</method>
  <thread>1</thread>
  <message>Start action : if (!(finished))</message>
  <nestedLevel>1</nestedLevel>
  <escapedJava>false</escapedJava>
  <property name="startLine">56</property>
  <property name="stepIndex">13</property>
</record>
<record>
  <date>2026-06-07T23:00:55.632494300Z</date>
  <millis>1780873255632</millis>
  <nanos>494300</nanos>
  <sequence>2175</sequence>
  <level>END</level>
  <class>com.kms.katalon.core.logging.XmlKeywordLogger</class>
  <method>endKeyword</method>
  <thread>1</thread>
  <message>End action : if (!(finished))</message>
  <nestedLevel>1</nestedLevel>
  <escapedJava>false</escapedJava>
</record>
<record>
  <date>2026-06-07T23:00:55.632494300Z</date>
  <millis>1780873255632</millis>
  <nanos>494300</nanos>
  <sequence>2176</sequence>
  <level>START</level>
  <class>com.kms.katalon.core.logging.XmlKeywordLogger</class>
  <method>startKeyword</method>
  <thread>1</thread>
  <message>Start action : code = p.exitValue()</message>
  <nestedLevel>1</nestedLevel>
  <escapedJava>false</escapedJava>
  <property name="startLine">62</property>
  <property name="stepIndex">14</property>
</record>
<record>
  <date>2026-06-07T23:00:55.632494300Z</date>
  <millis>1780873255632</millis>
  <nanos>494300</nanos>
  <sequence>2177</sequence>
  <level>END</level>
  <class>com.kms.katalon.core.logging.XmlKeywordLogger</class>
  <method>endKeyword</method>
  <thread>1</thread>
  <message>End action : code = p.exitValue()</message>
  <nestedLevel>1</nestedLevel>
  <escapedJava>false</escapedJava>
</record>
<record>
  <date>2026-06-07T23:00:55.632494300Z</date>
  <millis>1780873255632</millis>
  <nanos>494300</nanos>
  <sequence>2178</sequence>
  <level>START</level>
  <class>com.kms.katalon.core.logging.XmlKeywordLogger</class>
  <method>startKeyword</method>
  <thread>1</thread>
  <message>Start action : if (code != 0)</message>
  <nestedLevel>1</nestedLevel>
  <escapedJava>false</escapedJava>
  <property name="startLine">63</property>
  <property name="stepIndex">15</property>
</record>
<record>
  <date>2026-06-07T23:00:55.632494300Z</date>
  <millis>1780873255632</millis>
  <nanos>494300</nanos>
  <sequence>2179</sequence>
  <level>END</level>
  <class>com.kms.katalon.core.logging.XmlKeywordLogger</class>
  <method>endKeyword</method>
  <thread>1</thread>
  <message>End action : if (code != 0)</message>
  <nestedLevel>1</nestedLevel>
  <escapedJava>false</escapedJava>
</record>
<record>
  <date>2026-06-07T23:00:55.632494300Z</date>
  <millis>1780873255632</millis>
  <nanos>494300</nanos>
  <sequence>2180</sequence>
  <level>START</level>
  <class>com.kms.katalon.core.logging.XmlKeywordLogger</class>
  <method>startKeyword</method>
  <thread>1</thread>
  <message>Start action : else</message>
  <nestedLevel>1</nestedLevel>
  <escapedJava>false</escapedJava>
  <property name="startLine">67</property>
  <property name="stepIndex">16</property>
</record>
<record>
  <date>2026-06-07T23:00:55.632494300Z</date>
  <millis>1780873255632</millis>
  <nanos>494300</nanos>
  <sequence>2181</sequence>
  <level>START</level>
  <class>com.kms.katalon.core.logging.XmlKeywordLogger</class>
  <method>startKeyword</method>
  <thread>1</thread>
  <message>Start action : logInfo(&amp;quot;Seed ripristinato prima di: &amp;quot; + context.getTestCaseId())</message>
  <nestedLevel>2</nestedLevel>
  <escapedJava>false</escapedJava>
  <property name="startLine">68</property>
  <property name="stepIndex">1</property>
</record>
<record>
  <date>2026-06-07T23:00:55.632494300Z</date>
  <millis>1780873255632</millis>
  <nanos>494300</nanos>
  <sequence>2182</sequence>
  <level>INFO</level>
  <class>com.kms.katalon.core.logging.XmlKeywordLogger</class>
  <method>logMessage</method>
  <thread>1</thread>
  <message>Seed ripristinato prima di: Test Cases/Ordine/TC_6.4_1</message>
  <nestedLevel>1</nestedLevel>
  <escapedJava>false</escapedJava>
</record>
<record>
  <date>2026-06-07T23:00:55.633498500Z</date>
  <millis>1780873255633</millis>
  <nanos>498500</nanos>
  <sequence>2184</sequence>
  <level>END</level>
  <class>com.kms.katalon.core.logging.XmlKeywordLogger</class>
  <method>endKeyword</method>
  <thread>1</thread>
  <message>End action : logInfo(&amp;quot;Seed ripristinato prima di: &amp;quot; + context.getTestCaseId())</message>
  <nestedLevel>2</nestedLevel>
  <escapedJava>false</escapedJava>
</record>
<record>
  <date>2026-06-07T23:00:55.633498500Z</date>
  <millis>1780873255633</millis>
  <nanos>498500</nanos>
  <sequence>2185</sequence>
  <level>END</level>
  <class>com.kms.katalon.core.logging.XmlKeywordLogger</class>
  <method>endKeyword</method>
  <thread>1</thread>
  <message>End action : else</message>
  <nestedLevel>1</nestedLevel>
  <escapedJava>false</escapedJava>
</record>
<record>
  <date>2026-06-07T23:00:55.633498500Z</date>
  <millis>1780873255633</millis>
  <nanos>498500</nanos>
  <sequence>2186</sequence>
  <level>END</level>
  <class>com.kms.katalon.core.logging.XmlKeywordLogger</class>
  <method>endKeyword</method>
  <thread>1</thread>
  <message>End listener action : resetSeedBeforeTestCase</message>
  <nestedLevel>1</nestedLevel>
  <escapedJava>false</escapedJava>
</record>
<record>
  <date>2026-06-07T23:00:55.673428600Z</date>
  <millis>1780873255673</millis>
  <nanos>428600</nanos>
  <sequence>2187</sequence>
  <level>START</level>
  <class>com.kms.katalon.core.logging.XmlKeywordLogger</class>
  <method>startKeyword</method>
  <thread>1</thread>
  <message>Start action : openBrowser(&amp;quot;&amp;quot;)</message>
  <nestedLevel>1</nestedLevel>
  <escapedJava>false</escapedJava>
  <property name="startLine">15</property>
  <property name="stepIndex">1</property>
</record>
<record>
  <date>2026-06-07T23:00:55.673428600Z</date>
  <millis>1780873255673</millis>
  <nanos>428600</nanos>
  <sequence>2190</sequence>
  <level>INFO</level>
  <class>com.kms.katalon.core.logging.XmlKeywordLogger</class>
  <method>logMessage</method>
  <thread>1</thread>
  <message>Starting &amp;apos;Chrome&amp;apos; driver</message>
  <nestedLevel>1</nestedLevel>
  <escapedJava>false</escapedJava>
</record>
<record>
  <date>2026-06-07T23:00:55.674944400Z</date>
  <millis>1780873255674</millis>
  <nanos>944400</nanos>
  <sequence>2191</sequence>
  <level>INFO</level>
  <class>com.kms.katalon.core.logging.XmlKeywordLogger</class>
  <method>logMessage</method>
  <thread>1</thread>
  <message>Action delay is set to 0 milliseconds</message>
  <nestedLevel>1</nestedLevel>
  <escapedJava>false</escapedJava>
</record>
<record>
  <date>2026-06-07T23:00:56.372486800Z</date>
  <millis>1780873256372</millis>
  <nanos>486800</nanos>
  <sequence>2193</sequence>
  <level>RUN_DATA</level>
  <class>com.kms.katalon.core.logging.XmlKeywordLogger</class>
  <method>logMessage</method>
  <thread>1</thread>
  <message>sessionId = 6a8821534ee45f567c6e13cfe34aa085</message>
  <nestedLevel>1</nestedLevel>
  <escapedJava>false</escapedJava>
  <property name="sessionId">6a8821534ee45f567c6e13cfe34aa085</property>
</record>
<record>
  <date>2026-06-07T23:00:56.372486800Z</date>
  <millis>1780873256372</millis>
  <nanos>486800</nanos>
  <sequence>2194</sequence>
  <level>RUN_DATA</level>
  <class>com.kms.katalon.core.logging.XmlKeywordLogger</class>
  <method>logMessage</method>
  <thread>1</thread>
  <message>browser = Chrome 148.0.7778.179</message>
  <nestedLevel>1</nestedLevel>
  <escapedJava>false</escapedJava>
  <property name="browser">Chrome 148.0.7778.179</property>
</record>
<record>
  <date>2026-06-07T23:00:56.372486800Z</date>
  <millis>1780873256372</millis>
  <nanos>486800</nanos>
  <sequence>2195</sequence>
  <level>RUN_DATA</level>
  <class>com.kms.katalon.core.logging.XmlKeywordLogger</class>
  <method>logMessage</method>
  <thread>1</thread>
  <message>platform = Windows 11</message>
  <nestedLevel>1</nestedLevel>
  <escapedJava>false</escapedJava>
  <property name="platform">Windows 11</property>
</record>
<record>
  <date>2026-06-07T23:00:56.372486800Z</date>
  <millis>1780873256372</millis>
  <nanos>486800</nanos>
  <sequence>2196</sequence>
  <level>RUN_DATA</level>
  <class>com.kms.katalon.core.logging.XmlKeywordLogger</class>
  <method>logMessage</method>
  <thread>1</thread>
  <message>seleniumVersion = 4.39.0</message>
  <nestedLevel>1</nestedLevel>
  <escapedJava>false</escapedJava>
  <property name="seleniumVersion">4.39.0</property>
</record>
<record>
  <date>2026-06-07T23:00:56.373496700Z</date>
  <millis>1780873256373</millis>
  <nanos>496700</nanos>
  <sequence>2197</sequence>
  <level>RUN_DATA</level>
  <class>com.kms.katalon.core.logging.XmlKeywordLogger</class>
  <method>logMessage</method>
  <thread>1</thread>
  <message>proxyInformation = ProxyInformation { proxyOption=NO_PROXY, proxyServerType=HTTP, username=, password=********, proxyServerAddress=, proxyServerPort=0, executionList=&amp;quot;&amp;quot;, isApplyToDesiredCapabilities=true }</message>
  <nestedLevel>1</nestedLevel>
  <escapedJava>false</escapedJava>
  <property name="proxyInformation">ProxyInformation { proxyOption=NO_PROXY, proxyServerType=HTTP, username=, password=********, proxyServerAddress=, proxyServerPort=0, executionList=&quot;&quot;, isApplyToDesiredCapabilities=true }</property>
</record>
<record>
  <date>2026-06-07T23:00:56.381342200Z</date>
  <millis>1780873256381</millis>
  <nanos>342200</nanos>
  <sequence>2198</sequence>
  <level>PASSED</level>
  <class>com.kms.katalon.core.logging.XmlKeywordLogger</class>
  <method>logMessage</method>
  <thread>1</thread>
  <message>Browser is opened with url: &amp;apos;&amp;apos;</message>
  <nestedLevel>1</nestedLevel>
  <escapedJava>false</escapedJava>
  <property name="testops-method-name">com.kms.katalon.core.webui.keyword.builtin.OpenBrowserKeyword.openBrowser</property>
  <property name="testops-execution-stacktrace"></property>
</record>
<record>
  <date>2026-06-07T23:00:56.382345800Z</date>
  <millis>1780873256382</millis>
  <nanos>345800</nanos>
  <sequence>2199</sequence>
  <level>END</level>
  <class>com.kms.katalon.core.logging.XmlKeywordLogger</class>
  <method>endKeyword</method>
  <thread>1</thread>
  <message>End action : openBrowser(&amp;quot;&amp;quot;)</message>
  <nestedLevel>1</nestedLevel>
  <escapedJava>false</escapedJava>
</record>
<record>
  <date>2026-06-07T23:00:56.382345800Z</date>
  <millis>1780873256382</millis>
  <nanos>345800</nanos>
  <sequence>2200</sequence>
  <level>START</level>
  <class>com.kms.katalon.core.logging.XmlKeywordLogger</class>
  <method>startKeyword</method>
  <thread>1</thread>
  <message>Start action : navigateToUrl(base + &amp;quot;loginForm.jsp&amp;quot;)</message>
  <nestedLevel>1</nestedLevel>
  <escapedJava>false</escapedJava>
  <property name="startLine">16</property>
  <property name="stepIndex">2</property>
</record>
<record>
  <date>2026-06-07T23:00:56.759488900Z</date>
  <millis>1780873256759</millis>
  <nanos>488900</nanos>
  <sequence>2204</sequence>
  <level>PASSED</level>
  <class>com.kms.katalon.core.logging.XmlKeywordLogger</class>
  <method>logMessage</method>
  <thread>1</thread>
  <message>Navigate to &amp;apos;http://localhost:8080/Vaporant_IGES_war_exploded/loginForm.jsp&amp;apos; successfully</message>
  <nestedLevel>1</nestedLevel>
  <escapedJava>false</escapedJava>
  <property name="testops-method-name">com.kms.katalon.core.webui.keyword.builtin.NavigateToUrlKeyword.navigateToUrl</property>
  <property name="testops-execution-stacktrace"></property>
</record>
<record>
  <date>2026-06-07T23:00:56.760992500Z</date>
  <millis>1780873256760</millis>
  <nanos>992500</nanos>
  <sequence>2205</sequence>
  <level>END</level>
  <class>com.kms.katalon.core.logging.XmlKeywordLogger</class>
  <method>endKeyword</method>
  <thread>1</thread>
  <message>End action : navigateToUrl(base + &amp;quot;loginForm.jsp&amp;quot;)</message>
  <nestedLevel>1</nestedLevel>
  <escapedJava>false</escapedJava>
</record>
<record>
  <date>2026-06-07T23:00:56.760992500Z</date>
  <millis>1780873256760</millis>
  <nanos>992500</nanos>
  <sequence>2206</sequence>
  <level>START</level>
  <class>com.kms.katalon.core.logging.XmlKeywordLogger</class>
  <method>startKeyword</method>
  <thread>1</thread>
  <message>Start action : setText(css(&amp;quot;#email&amp;quot;), &amp;quot;t.mansi@studenti.unisa.it&amp;quot;)</message>
  <nestedLevel>1</nestedLevel>
  <escapedJava>false</escapedJava>
  <property name="startLine">17</property>
  <property name="stepIndex">3</property>
</record>
<record>
  <date>2026-06-07T23:00:56.761510Z</date>
  <millis>1780873256761</millis>
  <nanos>510000</nanos>
  <sequence>2207</sequence>
  <level>END</level>
  <class>com.kms.katalon.core.logging.XmlKeywordLogger</class>
  <method>endKeyword</method>
  <thread>1</thread>
  <message>End action : setText(css(&amp;quot;#email&amp;quot;), &amp;quot;t.mansi@studenti.unisa.it&amp;quot;)</message>
  <nestedLevel>1</nestedLevel>
  <escapedJava>false</escapedJava>
</record>
<record>
  <date>2026-06-07T23:00:56.761510Z</date>
  <millis>1780873256761</millis>
  <nanos>510000</nanos>
  <sequence>2208</sequence>
  <level>START</level>
  <class>com.kms.katalon.core.logging.XmlKeywordLogger</class>
  <method>startKeyword</method>
  <thread>1</thread>
  <message>Start action : t = new com.kms.katalon.core.testobject.TestObject(sel)</message>
  <nestedLevel>1</nestedLevel>
  <escapedJava>false</escapedJava>
  <property name="startLine">9</property>
  <property name="stepIndex">1</property>
</record>
<record>
  <date>2026-06-07T23:00:56.762012900Z</date>
  <millis>1780873256762</millis>
  <nanos>12900</nanos>
  <sequence>2209</sequence>
  <level>END</level>
  <class>com.kms.katalon.core.logging.XmlKeywordLogger</class>
  <method>endKeyword</method>
  <thread>1</thread>
  <message>End action : t = new com.kms.katalon.core.testobject.TestObject(sel)</message>
  <nestedLevel>1</nestedLevel>
  <escapedJava>false</escapedJava>
</record>
<record>
  <date>2026-06-07T23:00:56.762012900Z</date>
  <millis>1780873256762</millis>
  <nanos>12900</nanos>
  <sequence>2210</sequence>
  <level>START</level>
  <class>com.kms.katalon.core.logging.XmlKeywordLogger</class>
  <method>startKeyword</method>
  <thread>1</thread>
  <message>Start action : t.addProperty(&amp;quot;css&amp;quot;, EQUALS, sel)</message>
  <nestedLevel>1</nestedLevel>
  <escapedJava>false</escapedJava>
  <property name="startLine">10</property>
  <property name="stepIndex">2</property>
</record>
<record>
  <date>2026-06-07T23:00:56.762012900Z</date>
  <millis>1780873256762</millis>
  <nanos>12900</nanos>
  <sequence>2211</sequence>
  <level>END</level>
  <class>com.kms.katalon.core.logging.XmlKeywordLogger</class>
  <method>endKeyword</method>
  <thread>1</thread>
  <message>End action : t.addProperty(&amp;quot;css&amp;quot;, EQUALS, sel)</message>
  <nestedLevel>1</nestedLevel>
  <escapedJava>false</escapedJava>
</record>
<record>
  <date>2026-06-07T23:00:56.762012900Z</date>
  <millis>1780873256762</millis>
  <nanos>12900</nanos>
  <sequence>2212</sequence>
  <level>START</level>
  <class>com.kms.katalon.core.logging.XmlKeywordLogger</class>
  <method>startKeyword</method>
  <thread>1</thread>
  <message>Start action : return t</message>
  <nestedLevel>1</nestedLevel>
  <escapedJava>false</escapedJava>
  <property name="startLine">11</property>
  <property name="stepIndex">3</property>
</record>
<record>
  <date>2026-06-07T23:00:57.316346100Z</date>
  <millis>1780873257316</millis>
  <nanos>346100</nanos>
  <sequence>2225</sequence>
  <level>PASSED</level>
  <class>com.kms.katalon.core.logging.XmlKeywordLogger</class>
  <method>logMessage</method>
  <thread>1</thread>
  <message>Text &amp;apos;t.mansi@studenti.unisa.it&amp;apos; is set on object &amp;apos;#email&amp;apos;</message>
  <nestedLevel>1</nestedLevel>
  <escapedJava>false</escapedJava>
  <property name="testops-method-name">com.kms.katalon.core.webui.keyword.internal.WebUIKeywordMain.runKeywordUntilTimeout</property>
  <property name="testops-execution-stacktrace">com.kms.katalon.core.logging.KeywordLogger.logPassed(KeywordLogger.java:350)
com.kms.katalon.core.logging.KeywordLogger.logPassed(KeywordLogger.java:345)
com.kms.katalon.core.webui.keyword.builtin.SetTextKeyword$_setText_closure1.doCall(SetTextKeyword.groovy:99)
java.base/jdk.internal.reflect.DirectMethodHandleAccessor.invoke(DirectMethodHandleAccessor.java:103)
jdk.proxy2/jdk.proxy2.$Proxy57.execute(Unknown Source)
com.kms.katalon.core.webui.model.SeleniumActionRetryController.performAction(SeleniumActionRetryController.java:96)
com.kms.katalon.core.webui.model.SeleniumActionRetryController.performAction(SeleniumActionRetryController.java:83)
com.kms.katalon.core.webui.keyword.internal.WebUIKeywordMain$_runKeywordUntilTimeout_closure1.doCall(WebUIKeywordMain.groovy:135)
com.kms.katalon.core.webui.keyword.internal.WebUIKeywordMain$_runKeywordUntilTimeout_closure1.call(WebUIKeywordMain.groovy)
com.kms.katalon.core.webui.keyword.internal.WebUIKeywordMain.runKeyword(WebUIKeywordMain.groovy:41)
com.kms.katalon.core.webui.keyword.internal.WebUIKeywordMain.runKeywordUntilTimeout(WebUIKeywordMain.groovy:133)
com.kms.katalon.core.webui.keyword.builtin.SetTextKeyword.setText(SetTextKeyword.groovy:106)
com.kms.katalon.core.webui.keyword.builtin.SetTextKeyword.execute(SetTextKeyword.groovy:49)
com.kms.katalon.core.keyword.internal.KeywordExecutor.executeKeywordForPlatform(KeywordExecutor.groovy:103)
com.kms.katalon.core.webui.keyword.WebUiBuiltInKeywords.setText(WebUiBuiltInKeywords.groovy:1082)
Script178070060401.run(Script178070060401.groovy:17)
</property>
</record>
<record>
  <date>2026-06-07T23:00:57.316346100Z</date>
  <millis>1780873257316</millis>
  <nanos>346100</nanos>
  <sequence>2226</sequence>
  <level>END</level>
  <class>com.kms.katalon.core.logging.XmlKeywordLogger</class>
  <method>endKeyword</method>
  <thread>1</thread>
  <message>End action : return t</message>
  <nestedLevel>1</nestedLevel>
  <escapedJava>false</escapedJava>
</record>
<record>
  <date>2026-06-07T23:00:57.316346100Z</date>
  <millis>1780873257316</millis>
  <nanos>346100</nanos>
  <sequence>2227</sequence>
  <level>START</level>
  <class>com.kms.katalon.core.logging.XmlKeywordLogger</class>
  <method>startKeyword</method>
  <thread>1</thread>
  <message>Start action : setText(css(&amp;quot;#password&amp;quot;), &amp;quot;321CBA.&amp;quot;)</message>
  <nestedLevel>1</nestedLevel>
  <escapedJava>false</escapedJava>
  <property name="startLine">18</property>
  <property name="stepIndex">4</property>
</record>
<record>
  <date>2026-06-07T23:00:57.316346100Z</date>
  <millis>1780873257316</millis>
  <nanos>346100</nanos>
  <sequence>2228</sequence>
  <level>END</level>
  <class>com.kms.katalon.core.logging.XmlKeywordLogger</class>
  <method>endKeyword</method>
  <thread>1</thread>
  <message>End action : setText(css(&amp;quot;#password&amp;quot;), &amp;quot;321CBA.&amp;quot;)</message>
  <nestedLevel>1</nestedLevel>
  <escapedJava>false</escapedJava>
</record>
<record>
  <date>2026-06-07T23:00:57.316346100Z</date>
  <millis>1780873257316</millis>
  <nanos>346100</nanos>
  <sequence>2229</sequence>
  <level>START</level>
  <class>com.kms.katalon.core.logging.XmlKeywordLogger</class>
  <method>startKeyword</method>
  <thread>1</thread>
  <message>Start action : t = new com.kms.katalon.core.testobject.TestObject(sel)</message>
  <nestedLevel>1</nestedLevel>
  <escapedJava>false</escapedJava>
  <property name="startLine">9</property>
  <property name="stepIndex">1</property>
</record>
<record>
  <date>2026-06-07T23:00:57.316346100Z</date>
  <millis>1780873257316</millis>
  <nanos>346100</nanos>
  <sequence>2230</sequence>
  <level>END</level>
  <class>com.kms.katalon.core.logging.XmlKeywordLogger</class>
  <method>endKeyword</method>
  <thread>1</thread>
  <message>End action : t = new com.kms.katalon.core.testobject.TestObject(sel)</message>
  <nestedLevel>1</nestedLevel>
  <escapedJava>false</escapedJava>
</record>
<record>
  <date>2026-06-07T23:00:57.316346100Z</date>
  <millis>1780873257316</millis>
  <nanos>346100</nanos>
  <sequence>2231</sequence>
  <level>START</level>
  <class>com.kms.katalon.core.logging.XmlKeywordLogger</class>
  <method>startKeyword</method>
  <thread>1</thread>
  <message>Start action : t.addProperty(&amp;quot;css&amp;quot;, EQUALS, sel)</message>
  <nestedLevel>1</nestedLevel>
  <escapedJava>false</escapedJava>
  <property name="startLine">10</property>
  <property name="stepIndex">2</property>
</record>
<record>
  <date>2026-06-07T23:00:57.316346100Z</date>
  <millis>1780873257316</millis>
  <nanos>346100</nanos>
  <sequence>2232</sequence>
  <level>END</level>
  <class>com.kms.katalon.core.logging.XmlKeywordLogger</class>
  <method>endKeyword</method>
  <thread>1</thread>
  <message>End action : t.addProperty(&amp;quot;css&amp;quot;, EQUALS, sel)</message>
  <nestedLevel>1</nestedLevel>
  <escapedJava>false</escapedJava>
</record>
<record>
  <date>2026-06-07T23:00:57.316346100Z</date>
  <millis>1780873257316</millis>
  <nanos>346100</nanos>
  <sequence>2233</sequence>
  <level>START</level>
  <class>com.kms.katalon.core.logging.XmlKeywordLogger</class>
  <method>startKeyword</method>
  <thread>1</thread>
  <message>Start action : return t</message>
  <nestedLevel>1</nestedLevel>
  <escapedJava>false</escapedJava>
  <property name="startLine">11</property>
  <property name="stepIndex">3</property>
</record>
<record>
  <date>2026-06-07T23:00:57.826647900Z</date>
  <millis>1780873257826</millis>
  <nanos>647900</nanos>
  <sequence>2246</sequence>
  <level>PASSED</level>
  <class>com.kms.katalon.core.logging.XmlKeywordLogger</class>
  <method>logMessage</method>
  <thread>1</thread>
  <message>Text &amp;apos;321CBA.&amp;apos; is set on object &amp;apos;#password&amp;apos;</message>
  <nestedLevel>1</nestedLevel>
  <escapedJava>false</escapedJava>
  <property name="testops-method-name">com.kms.katalon.core.webui.keyword.internal.WebUIKeywordMain.runKeywordUntilTimeout</property>
  <property name="testops-execution-stacktrace">com.kms.katalon.core.logging.KeywordLogger.logPassed(KeywordLogger.java:350)
com.kms.katalon.core.logging.KeywordLogger.logPassed(KeywordLogger.java:345)
com.kms.katalon.core.webui.keyword.builtin.SetTextKeyword$_setText_closure1.doCall(SetTextKeyword.groovy:99)
java.base/jdk.internal.reflect.DirectMethodHandleAccessor.invoke(DirectMethodHandleAccessor.java:103)
jdk.proxy2/jdk.proxy2.$Proxy57.execute(Unknown Source)
com.kms.katalon.core.webui.model.SeleniumActionRetryController.performAction(SeleniumActionRetryController.java:96)
com.kms.katalon.core.webui.model.SeleniumActionRetryController.performAction(SeleniumActionRetryController.java:83)
com.kms.katalon.core.webui.keyword.internal.WebUIKeywordMain$_runKeywordUntilTimeout_closure1.doCall(WebUIKeywordMain.groovy:135)
com.kms.katalon.core.webui.keyword.internal.WebUIKeywordMain$_runKeywordUntilTimeout_closure1.call(WebUIKeywordMain.groovy)
com.kms.katalon.core.webui.keyword.internal.WebUIKeywordMain.runKeyword(WebUIKeywordMain.groovy:41)
com.kms.katalon.core.webui.keyword.internal.WebUIKeywordMain.runKeywordUntilTimeout(WebUIKeywordMain.groovy:133)
com.kms.katalon.core.webui.keyword.builtin.SetTextKeyword.setText(SetTextKeyword.groovy:106)
com.kms.katalon.core.webui.keyword.builtin.SetTextKeyword.execute(SetTextKeyword.groovy:49)
com.kms.katalon.core.keyword.internal.KeywordExecutor.executeKeywordForPlatform(KeywordExecutor.groovy:103)
com.kms.katalon.core.webui.keyword.WebUiBuiltInKeywords.setText(WebUiBuiltInKeywords.groovy:1082)
Script178070060401.run(Script178070060401.groovy:18)
</property>
</record>
<record>
  <date>2026-06-07T23:00:57.826647900Z</date>
  <millis>1780873257826</millis>
  <nanos>647900</nanos>
  <sequence>2247</sequence>
  <level>END</level>
  <class>com.kms.katalon.core.logging.XmlKeywordLogger</class>
  <method>endKeyword</method>
  <thread>1</thread>
  <message>End action : return t</message>
  <nestedLevel>1</nestedLevel>
  <escapedJava>false</escapedJava>
</record>
<record>
  <date>2026-06-07T23:00:57.826647900Z</date>
  <millis>1780873257826</millis>
  <nanos>647900</nanos>
  <sequence>2248</sequence>
  <level>START</level>
  <class>com.kms.katalon.core.logging.XmlKeywordLogger</class>
  <method>startKeyword</method>
  <thread>1</thread>
  <message>Start action : click(css(&amp;quot;#submit&amp;quot;))</message>
  <nestedLevel>1</nestedLevel>
  <escapedJava>false</escapedJava>
  <property name="startLine">19</property>
  <property name="stepIndex">5</property>
</record>
<record>
  <date>2026-06-07T23:00:57.826647900Z</date>
  <millis>1780873257826</millis>
  <nanos>647900</nanos>
  <sequence>2249</sequence>
  <level>END</level>
  <class>com.kms.katalon.core.logging.XmlKeywordLogger</class>
  <method>endKeyword</method>
  <thread>1</thread>
  <message>End action : click(css(&amp;quot;#submit&amp;quot;))</message>
  <nestedLevel>1</nestedLevel>
  <escapedJava>false</escapedJava>
</record>
<record>
  <date>2026-06-07T23:00:57.827648Z</date>
  <millis>1780873257827</millis>
  <nanos>648000</nanos>
  <sequence>2250</sequence>
  <level>START</level>
  <class>com.kms.katalon.core.logging.XmlKeywordLogger</class>
  <method>startKeyword</method>
  <thread>1</thread>
  <message>Start action : t = new com.kms.katalon.core.testobject.TestObject(sel)</message>
  <nestedLevel>1</nestedLevel>
  <escapedJava>false</escapedJava>
  <property name="startLine">9</property>
  <property name="stepIndex">1</property>
</record>
<record>
  <date>2026-06-07T23:00:57.827648Z</date>
  <millis>1780873257827</millis>
  <nanos>648000</nanos>
  <sequence>2251</sequence>
  <level>END</level>
  <class>com.kms.katalon.core.logging.XmlKeywordLogger</class>
  <method>endKeyword</method>
  <thread>1</thread>
  <message>End action : t = new com.kms.katalon.core.testobject.TestObject(sel)</message>
  <nestedLevel>1</nestedLevel>
  <escapedJava>false</escapedJava>
</record>
<record>
  <date>2026-06-07T23:00:57.827648Z</date>
  <millis>1780873257827</millis>
  <nanos>648000</nanos>
  <sequence>2252</sequence>
  <level>START</level>
  <class>com.kms.katalon.core.logging.XmlKeywordLogger</class>
  <method>startKeyword</method>
  <thread>1</thread>
  <message>Start action : t.addProperty(&amp;quot;css&amp;quot;, EQUALS, sel)</message>
  <nestedLevel>1</nestedLevel>
  <escapedJava>false</escapedJava>
  <property name="startLine">10</property>
  <property name="stepIndex">2</property>
</record>
<record>
  <date>2026-06-07T23:00:57.827648Z</date>
  <millis>1780873257827</millis>
  <nanos>648000</nanos>
  <sequence>2253</sequence>
  <level>END</level>
  <class>com.kms.katalon.core.logging.XmlKeywordLogger</class>
  <method>endKeyword</method>
  <thread>1</thread>
  <message>End action : t.addProperty(&amp;quot;css&amp;quot;, EQUALS, sel)</message>
  <nestedLevel>1</nestedLevel>
  <escapedJava>false</escapedJava>
</record>
<record>
  <date>2026-06-07T23:00:57.827648Z</date>
  <millis>1780873257827</millis>
  <nanos>648000</nanos>
  <sequence>2254</sequence>
  <level>START</level>
  <class>com.kms.katalon.core.logging.XmlKeywordLogger</class>
  <method>startKeyword</method>
  <thread>1</thread>
  <message>Start action : return t</message>
  <nestedLevel>1</nestedLevel>
  <escapedJava>false</escapedJava>
  <property name="startLine">11</property>
  <property name="stepIndex">3</property>
</record>
<record>
  <date>2026-06-07T23:00:58.135367Z</date>
  <millis>1780873258135</millis>
  <nanos>367000</nanos>
  <sequence>2264</sequence>
  <level>PASSED</level>
  <class>com.kms.katalon.core.logging.XmlKeywordLogger</class>
  <method>logMessage</method>
  <thread>1</thread>
  <message>Object: &amp;apos;#submit&amp;apos; is clicked on</message>
  <nestedLevel>1</nestedLevel>
  <escapedJava>false</escapedJava>
  <property name="testops-method-name">com.kms.katalon.core.webui.keyword.internal.WebUIKeywordMain.runKeywordUntilTimeout</property>
  <property name="testops-execution-stacktrace">com.kms.katalon.core.logging.KeywordLogger.logPassed(KeywordLogger.java:350)
com.kms.katalon.core.logging.KeywordLogger.logPassed(KeywordLogger.java:345)
com.kms.katalon.core.webui.keyword.builtin.ClickKeyword$_click_closure1.doCall(ClickKeyword.groovy:66)
java.base/jdk.internal.reflect.DirectMethodHandleAccessor.invoke(DirectMethodHandleAccessor.java:103)
jdk.proxy2/jdk.proxy2.$Proxy57.execute(Unknown Source)
com.kms.katalon.core.webui.model.SeleniumActionRetryController.performAction(SeleniumActionRetryController.java:96)
com.kms.katalon.core.webui.model.SeleniumActionRetryController.performAction(SeleniumActionRetryController.java:83)
com.kms.katalon.core.webui.keyword.internal.WebUIKeywordMain$_runKeywordUntilTimeout_closure1.doCall(WebUIKeywordMain.groovy:135)
com.kms.katalon.core.webui.keyword.internal.WebUIKeywordMain$_runKeywordUntilTimeout_closure1.call(WebUIKeywordMain.groovy)
com.kms.katalon.core.webui.keyword.internal.WebUIKeywordMain.runKeyword(WebUIKeywordMain.groovy:41)
com.kms.katalon.core.webui.keyword.internal.WebUIKeywordMain.runKeywordUntilTimeout(WebUIKeywordMain.groovy:133)
com.kms.katalon.core.webui.keyword.builtin.ClickKeyword.click(ClickKeyword.groovy:72)
com.kms.katalon.core.webui.keyword.builtin.ClickKeyword.execute(ClickKeyword.groovy:38)
com.kms.katalon.core.keyword.internal.KeywordExecutor.executeKeywordForPlatform(KeywordExecutor.groovy:103)
com.kms.katalon.core.webui.keyword.WebUiBuiltInKeywords.click(WebUiBuiltInKeywords.groovy:722)
Script178070060401.run(Script178070060401.groovy:19)
</property>
</record>
<record>
  <date>2026-06-07T23:00:58.136367600Z</date>
  <millis>1780873258136</millis>
  <nanos>367600</nanos>
  <sequence>2265</sequence>
  <level>END</level>
  <class>com.kms.katalon.core.logging.XmlKeywordLogger</class>
  <method>endKeyword</method>
  <thread>1</thread>
  <message>End action : return t</message>
  <nestedLevel>1</nestedLevel>
  <escapedJava>false</escapedJava>
</record>
<record>
  <date>2026-06-07T23:00:58.136367600Z</date>
  <millis>1780873258136</millis>
  <nanos>367600</nanos>
  <sequence>2266</sequence>
  <level>START</level>
  <class>com.kms.katalon.core.logging.XmlKeywordLogger</class>
  <method>startKeyword</method>
  <thread>1</thread>
  <message>Start action : delay(2)</message>
  <nestedLevel>1</nestedLevel>
  <escapedJava>false</escapedJava>
  <property name="startLine">20</property>
  <property name="stepIndex">6</property>
</record>
<record>
  <date>2026-06-07T23:01:00.145306700Z</date>
  <millis>1780873260145</millis>
  <nanos>306700</nanos>
  <sequence>2269</sequence>
  <level>PASSED</level>
  <class>com.kms.katalon.core.logging.XmlKeywordLogger</class>
  <method>logMessage</method>
  <thread>1</thread>
  <message>Delayed 2 second(s)</message>
  <nestedLevel>1</nestedLevel>
  <escapedJava>false</escapedJava>
  <property name="testops-method-name">com.kms.katalon.core.keyword.builtin.DelayKeyword.delay</property>
  <property name="testops-execution-stacktrace"></property>
</record>
<record>
  <date>2026-06-07T23:01:00.146032Z</date>
  <millis>1780873260146</millis>
  <nanos>32000</nanos>
  <sequence>2270</sequence>
  <level>END</level>
  <class>com.kms.katalon.core.logging.XmlKeywordLogger</class>
  <method>endKeyword</method>
  <thread>1</thread>
  <message>End action : delay(2)</message>
  <nestedLevel>1</nestedLevel>
  <escapedJava>false</escapedJava>
</record>
<record>
  <date>2026-06-07T23:01:00.146032Z</date>
  <millis>1780873260146</millis>
  <nanos>32000</nanos>
  <sequence>2271</sequence>
  <level>START</level>
  <class>com.kms.katalon.core.logging.XmlKeywordLogger</class>
  <method>startKeyword</method>
  <thread>1</thread>
  <message>Start action : navigateToUrl(base + &amp;quot;cart?action=addC&amp;amp;id=2&amp;quot;)</message>
  <nestedLevel>1</nestedLevel>
  <escapedJava>false</escapedJava>
  <property name="startLine">21</property>
  <property name="stepIndex">7</property>
</record>
<record>
  <date>2026-06-07T23:01:00.269906100Z</date>
  <millis>1780873260269</millis>
  <nanos>906100</nanos>
  <sequence>2275</sequence>
  <level>PASSED</level>
  <class>com.kms.katalon.core.logging.XmlKeywordLogger</class>
  <method>logMessage</method>
  <thread>1</thread>
  <message>Navigate to &amp;apos;http://localhost:8080/Vaporant_IGES_war_exploded/cart?action=addC&amp;amp;id=2&amp;apos; successfully</message>
  <nestedLevel>1</nestedLevel>
  <escapedJava>false</escapedJava>
  <property name="testops-method-name">com.kms.katalon.core.webui.keyword.builtin.NavigateToUrlKeyword.navigateToUrl</property>
  <property name="testops-execution-stacktrace"></property>
</record>
<record>
  <date>2026-06-07T23:01:00.270850100Z</date>
  <millis>1780873260270</millis>
  <nanos>850100</nanos>
  <sequence>2276</sequence>
  <level>END</level>
  <class>com.kms.katalon.core.logging.XmlKeywordLogger</class>
  <method>endKeyword</method>
  <thread>1</thread>
  <message>End action : navigateToUrl(base + &amp;quot;cart?action=addC&amp;amp;id=2&amp;quot;)</message>
  <nestedLevel>1</nestedLevel>
  <escapedJava>false</escapedJava>
</record>
<record>
  <date>2026-06-07T23:01:00.270850100Z</date>
  <millis>1780873260270</millis>
  <nanos>850100</nanos>
  <sequence>2277</sequence>
  <level>START</level>
  <class>com.kms.katalon.core.logging.XmlKeywordLogger</class>
  <method>startKeyword</method>
  <thread>1</thread>
  <message>Start action : delay(1)</message>
  <nestedLevel>1</nestedLevel>
  <escapedJava>false</escapedJava>
  <property name="startLine">22</property>
  <property name="stepIndex">8</property>
</record>
<record>
  <date>2026-06-07T23:01:01.279807Z</date>
  <millis>1780873261279</millis>
  <nanos>807000</nanos>
  <sequence>2280</sequence>
  <level>PASSED</level>
  <class>com.kms.katalon.core.logging.XmlKeywordLogger</class>
  <method>logMessage</method>
  <thread>1</thread>
  <message>Delayed 1 second(s)</message>
  <nestedLevel>1</nestedLevel>
  <escapedJava>false</escapedJava>
  <property name="testops-method-name">com.kms.katalon.core.keyword.builtin.DelayKeyword.delay</property>
  <property name="testops-execution-stacktrace"></property>
</record>
<record>
  <date>2026-06-07T23:01:01.279807Z</date>
  <millis>1780873261279</millis>
  <nanos>807000</nanos>
  <sequence>2281</sequence>
  <level>END</level>
  <class>com.kms.katalon.core.logging.XmlKeywordLogger</class>
  <method>endKeyword</method>
  <thread>1</thread>
  <message>End action : delay(1)</message>
  <nestedLevel>1</nestedLevel>
  <escapedJava>false</escapedJava>
</record>
<record>
  <date>2026-06-07T23:01:01.279807Z</date>
  <millis>1780873261279</millis>
  <nanos>807000</nanos>
  <sequence>2282</sequence>
  <level>START</level>
  <class>com.kms.katalon.core.logging.XmlKeywordLogger</class>
  <method>startKeyword</method>
  <thread>1</thread>
  <message>Start action : navigateToUrl(base + &amp;quot;checkout.jsp&amp;quot;)</message>
  <nestedLevel>1</nestedLevel>
  <escapedJava>false</escapedJava>
  <property name="startLine">23</property>
  <property name="stepIndex">9</property>
</record>
<record>
  <date>2026-06-07T23:01:01.327930400Z</date>
  <millis>1780873261327</millis>
  <nanos>930400</nanos>
  <sequence>2286</sequence>
  <level>PASSED</level>
  <class>com.kms.katalon.core.logging.XmlKeywordLogger</class>
  <method>logMessage</method>
  <thread>1</thread>
  <message>Navigate to &amp;apos;http://localhost:8080/Vaporant_IGES_war_exploded/checkout.jsp&amp;apos; successfully</message>
  <nestedLevel>1</nestedLevel>
  <escapedJava>false</escapedJava>
  <property name="testops-method-name">com.kms.katalon.core.webui.keyword.builtin.NavigateToUrlKeyword.navigateToUrl</property>
  <property name="testops-execution-stacktrace"></property>
</record>
<record>
  <date>2026-06-07T23:01:01.327930400Z</date>
  <millis>1780873261327</millis>
  <nanos>930400</nanos>
  <sequence>2287</sequence>
  <level>END</level>
  <class>com.kms.katalon.core.logging.XmlKeywordLogger</class>
  <method>endKeyword</method>
  <thread>1</thread>
  <message>End action : navigateToUrl(base + &amp;quot;checkout.jsp&amp;quot;)</message>
  <nestedLevel>1</nestedLevel>
  <escapedJava>false</escapedJava>
</record>
<record>
  <date>2026-06-07T23:01:01.327930400Z</date>
  <millis>1780873261327</millis>
  <nanos>930400</nanos>
  <sequence>2288</sequence>
  <level>START</level>
  <class>com.kms.katalon.core.logging.XmlKeywordLogger</class>
  <method>startKeyword</method>
  <thread>1</thread>
  <message>Start action : delay(2)</message>
  <nestedLevel>1</nestedLevel>
  <escapedJava>false</escapedJava>
  <property name="startLine">24</property>
  <property name="stepIndex">10</property>
</record>
<record>
  <date>2026-06-07T23:01:03.332183200Z</date>
  <millis>1780873263332</millis>
  <nanos>183200</nanos>
  <sequence>2291</sequence>
  <level>PASSED</level>
  <class>com.kms.katalon.core.logging.XmlKeywordLogger</class>
  <method>logMessage</method>
  <thread>1</thread>
  <message>Delayed 2 second(s)</message>
  <nestedLevel>1</nestedLevel>
  <escapedJava>false</escapedJava>
  <property name="testops-method-name">com.kms.katalon.core.keyword.builtin.DelayKeyword.delay</property>
  <property name="testops-execution-stacktrace"></property>
</record>
<record>
  <date>2026-06-07T23:01:03.332183200Z</date>
  <millis>1780873263332</millis>
  <nanos>183200</nanos>
  <sequence>2292</sequence>
  <level>END</level>
  <class>com.kms.katalon.core.logging.XmlKeywordLogger</class>
  <method>endKeyword</method>
  <thread>1</thread>
  <message>End action : delay(2)</message>
  <nestedLevel>1</nestedLevel>
  <escapedJava>false</escapedJava>
</record>
<record>
  <date>2026-06-07T23:01:03.332183200Z</date>
  <millis>1780873263332</millis>
  <nanos>183200</nanos>
  <sequence>2293</sequence>
  <level>START</level>
  <class>com.kms.katalon.core.logging.XmlKeywordLogger</class>
  <method>startKeyword</method>
  <thread>1</thread>
  <message>Start action : selectOptionByValue(css(&amp;quot;#addressDropdown&amp;quot;), &amp;quot;4&amp;quot;, false)</message>
  <nestedLevel>1</nestedLevel>
  <escapedJava>false</escapedJava>
  <property name="startLine">25</property>
  <property name="stepIndex">11</property>
</record>
<record>
  <date>2026-06-07T23:01:03.333633600Z</date>
  <millis>1780873263333</millis>
  <nanos>633600</nanos>
  <sequence>2294</sequence>
  <level>END</level>
  <class>com.kms.katalon.core.logging.XmlKeywordLogger</class>
  <method>endKeyword</method>
  <thread>1</thread>
  <message>End action : selectOptionByValue(css(&amp;quot;#addressDropdown&amp;quot;), &amp;quot;4&amp;quot;, false)</message>
  <nestedLevel>1</nestedLevel>
  <escapedJava>false</escapedJava>
</record>
<record>
  <date>2026-06-07T23:01:03.333633600Z</date>
  <millis>1780873263333</millis>
  <nanos>633600</nanos>
  <sequence>2295</sequence>
  <level>START</level>
  <class>com.kms.katalon.core.logging.XmlKeywordLogger</class>
  <method>startKeyword</method>
  <thread>1</thread>
  <message>Start action : t = new com.kms.katalon.core.testobject.TestObject(sel)</message>
  <nestedLevel>1</nestedLevel>
  <escapedJava>false</escapedJava>
  <property name="startLine">9</property>
  <property name="stepIndex">1</property>
</record>
<record>
  <date>2026-06-07T23:01:03.333633600Z</date>
  <millis>1780873263333</millis>
  <nanos>633600</nanos>
  <sequence>2296</sequence>
  <level>END</level>
  <class>com.kms.katalon.core.logging.XmlKeywordLogger</class>
  <method>endKeyword</method>
  <thread>1</thread>
  <message>End action : t = new com.kms.katalon.core.testobject.TestObject(sel)</message>
  <nestedLevel>1</nestedLevel>
  <escapedJava>false</escapedJava>
</record>
<record>
  <date>2026-06-07T23:01:03.334634100Z</date>
  <millis>1780873263334</millis>
  <nanos>634100</nanos>
  <sequence>2297</sequence>
  <level>START</level>
  <class>com.kms.katalon.core.logging.XmlKeywordLogger</class>
  <method>startKeyword</method>
  <thread>1</thread>
  <message>Start action : t.addProperty(&amp;quot;css&amp;quot;, EQUALS, sel)</message>
  <nestedLevel>1</nestedLevel>
  <escapedJava>false</escapedJava>
  <property name="startLine">10</property>
  <property name="stepIndex">2</property>
</record>
<record>
  <date>2026-06-07T23:01:03.334634100Z</date>
  <millis>1780873263334</millis>
  <nanos>634100</nanos>
  <sequence>2298</sequence>
  <level>END</level>
  <class>com.kms.katalon.core.logging.XmlKeywordLogger</class>
  <method>endKeyword</method>
  <thread>1</thread>
  <message>End action : t.addProperty(&amp;quot;css&amp;quot;, EQUALS, sel)</message>
  <nestedLevel>1</nestedLevel>
  <escapedJava>false</escapedJava>
</record>
<record>
  <date>2026-06-07T23:01:03.334634100Z</date>
  <millis>1780873263334</millis>
  <nanos>634100</nanos>
  <sequence>2299</sequence>
  <level>START</level>
  <class>com.kms.katalon.core.logging.XmlKeywordLogger</class>
  <method>startKeyword</method>
  <thread>1</thread>
  <message>Start action : return t</message>
  <nestedLevel>1</nestedLevel>
  <escapedJava>false</escapedJava>
  <property name="startLine">11</property>
  <property name="stepIndex">3</property>
</record>
<record>
  <date>2026-06-07T23:01:03.846088400Z</date>
  <millis>1780873263846</millis>
  <nanos>88400</nanos>
  <sequence>2310</sequence>
  <level>PASSED</level>
  <class>com.kms.katalon.core.logging.XmlKeywordLogger</class>
  <method>logMessage</method>
  <thread>1</thread>
  <message>All options with value &amp;apos;4&amp;apos; are selected in object &amp;apos;#addressDropdown&amp;apos; </message>
  <nestedLevel>1</nestedLevel>
  <escapedJava>false</escapedJava>
  <property name="testops-method-name">com.kms.katalon.core.webui.keyword.internal.WebUIKeywordMain.runKeywordUntilTimeout</property>
  <property name="testops-execution-stacktrace">com.kms.katalon.core.logging.KeywordLogger.logPassed(KeywordLogger.java:350)
com.kms.katalon.core.logging.KeywordLogger.logPassed(KeywordLogger.java:345)
com.kms.katalon.core.webui.keyword.builtin.SelectOptionByValueKeyword$_selectOptionByValue_closure1.doCall(SelectOptionByValueKeyword.groovy:70)
java.base/jdk.internal.reflect.DirectMethodHandleAccessor.invoke(DirectMethodHandleAccessor.java:103)
jdk.proxy2/jdk.proxy2.$Proxy57.execute(Unknown Source)
com.kms.katalon.core.webui.model.SeleniumActionRetryController.performAction(SeleniumActionRetryController.java:96)
com.kms.katalon.core.webui.model.SeleniumActionRetryController.performAction(SeleniumActionRetryController.java:83)
com.kms.katalon.core.webui.keyword.internal.WebUIKeywordMain$_runKeywordUntilTimeout_closure1.doCall(WebUIKeywordMain.groovy:135)
com.kms.katalon.core.webui.keyword.internal.WebUIKeywordMain$_runKeywordUntilTimeout_closure1.call(WebUIKeywordMain.groovy)
com.kms.katalon.core.webui.keyword.internal.WebUIKeywordMain.runKeyword(WebUIKeywordMain.groovy:41)
com.kms.katalon.core.webui.keyword.internal.WebUIKeywordMain.runKeywordUntilTimeout(WebUIKeywordMain.groovy:133)
com.kms.katalon.core.webui.keyword.builtin.SelectOptionByValueKeyword.selectOptionByValue(SelectOptionByValueKeyword.groovy:79)
com.kms.katalon.core.webui.keyword.builtin.SelectOptionByValueKeyword.execute(SelectOptionByValueKeyword.groovy:44)
com.kms.katalon.core.keyword.internal.KeywordExecutor.executeKeywordForPlatform(KeywordExecutor.groovy:103)
com.kms.katalon.core.webui.keyword.WebUiBuiltInKeywords.selectOptionByValue(WebUiBuiltInKeywords.groovy:1270)
Script178070060401.run(Script178070060401.groovy:25)
</property>
</record>
<record>
  <date>2026-06-07T23:01:03.846088400Z</date>
  <millis>1780873263846</millis>
  <nanos>88400</nanos>
  <sequence>2311</sequence>
  <level>END</level>
  <class>com.kms.katalon.core.logging.XmlKeywordLogger</class>
  <method>endKeyword</method>
  <thread>1</thread>
  <message>End action : return t</message>
  <nestedLevel>1</nestedLevel>
  <escapedJava>false</escapedJava>
</record>
<record>
  <date>2026-06-07T23:01:03.847093600Z</date>
  <millis>1780873263847</millis>
  <nanos>93600</nanos>
  <sequence>2312</sequence>
  <level>START</level>
  <class>com.kms.katalon.core.logging.XmlKeywordLogger</class>
  <method>startKeyword</method>
  <thread>1</thread>
  <message>Start action : selectOptionByValue(css(&amp;quot;#addressDropdown2&amp;quot;), &amp;quot;4&amp;quot;, false)</message>
  <nestedLevel>1</nestedLevel>
  <escapedJava>false</escapedJava>
  <property name="startLine">26</property>
  <property name="stepIndex">12</property>
</record>
<record>
  <date>2026-06-07T23:01:03.847093600Z</date>
  <millis>1780873263847</millis>
  <nanos>93600</nanos>
  <sequence>2313</sequence>
  <level>END</level>
  <class>com.kms.katalon.core.logging.XmlKeywordLogger</class>
  <method>endKeyword</method>
  <thread>1</thread>
  <message>End action : selectOptionByValue(css(&amp;quot;#addressDropdown2&amp;quot;), &amp;quot;4&amp;quot;, false)</message>
  <nestedLevel>1</nestedLevel>
  <escapedJava>false</escapedJava>
</record>
<record>
  <date>2026-06-07T23:01:03.847093600Z</date>
  <millis>1780873263847</millis>
  <nanos>93600</nanos>
  <sequence>2314</sequence>
  <level>START</level>
  <class>com.kms.katalon.core.logging.XmlKeywordLogger</class>
  <method>startKeyword</method>
  <thread>1</thread>
  <message>Start action : t = new com.kms.katalon.core.testobject.TestObject(sel)</message>
  <nestedLevel>1</nestedLevel>
  <escapedJava>false</escapedJava>
  <property name="startLine">9</property>
  <property name="stepIndex">1</property>
</record>
<record>
  <date>2026-06-07T23:01:03.847093600Z</date>
  <millis>1780873263847</millis>
  <nanos>93600</nanos>
  <sequence>2315</sequence>
  <level>END</level>
  <class>com.kms.katalon.core.logging.XmlKeywordLogger</class>
  <method>endKeyword</method>
  <thread>1</thread>
  <message>End action : t = new com.kms.katalon.core.testobject.TestObject(sel)</message>
  <nestedLevel>1</nestedLevel>
  <escapedJava>false</escapedJava>
</record>
<record>
  <date>2026-06-07T23:01:03.847093600Z</date>
  <millis>1780873263847</millis>
  <nanos>93600</nanos>
  <sequence>2316</sequence>
  <level>START</level>
  <class>com.kms.katalon.core.logging.XmlKeywordLogger</class>
  <method>startKeyword</method>
  <thread>1</thread>
  <message>Start action : t.addProperty(&amp;quot;css&amp;quot;, EQUALS, sel)</message>
  <nestedLevel>1</nestedLevel>
  <escapedJava>false</escapedJava>
  <property name="startLine">10</property>
  <property name="stepIndex">2</property>
</record>
<record>
  <date>2026-06-07T23:01:03.847093600Z</date>
  <millis>1780873263847</millis>
  <nanos>93600</nanos>
  <sequence>2317</sequence>
  <level>END</level>
  <class>com.kms.katalon.core.logging.XmlKeywordLogger</class>
  <method>endKeyword</method>
  <thread>1</thread>
  <message>End action : t.addProperty(&amp;quot;css&amp;quot;, EQUALS, sel)</message>
  <nestedLevel>1</nestedLevel>
  <escapedJava>false</escapedJava>
</record>
<record>
  <date>2026-06-07T23:01:03.847093600Z</date>
  <millis>1780873263847</millis>
  <nanos>93600</nanos>
  <sequence>2318</sequence>
  <level>START</level>
  <class>com.kms.katalon.core.logging.XmlKeywordLogger</class>
  <method>startKeyword</method>
  <thread>1</thread>
  <message>Start action : return t</message>
  <nestedLevel>1</nestedLevel>
  <escapedJava>false</escapedJava>
  <property name="startLine">11</property>
  <property name="stepIndex">3</property>
</record>
<record>
  <date>2026-06-07T23:01:04.355399700Z</date>
  <millis>1780873264355</millis>
  <nanos>399700</nanos>
  <sequence>2329</sequence>
  <level>PASSED</level>
  <class>com.kms.katalon.core.logging.XmlKeywordLogger</class>
  <method>logMessage</method>
  <thread>1</thread>
  <message>All options with value &amp;apos;4&amp;apos; are selected in object &amp;apos;#addressDropdown2&amp;apos; </message>
  <nestedLevel>1</nestedLevel>
  <escapedJava>false</escapedJava>
  <property name="testops-method-name">com.kms.katalon.core.webui.keyword.internal.WebUIKeywordMain.runKeywordUntilTimeout</property>
  <property name="testops-execution-stacktrace">com.kms.katalon.core.logging.KeywordLogger.logPassed(KeywordLogger.java:350)
com.kms.katalon.core.logging.KeywordLogger.logPassed(KeywordLogger.java:345)
com.kms.katalon.core.webui.keyword.builtin.SelectOptionByValueKeyword$_selectOptionByValue_closure1.doCall(SelectOptionByValueKeyword.groovy:70)
java.base/jdk.internal.reflect.DirectMethodHandleAccessor.invoke(DirectMethodHandleAccessor.java:103)
jdk.proxy2/jdk.proxy2.$Proxy57.execute(Unknown Source)
com.kms.katalon.core.webui.model.SeleniumActionRetryController.performAction(SeleniumActionRetryController.java:96)
com.kms.katalon.core.webui.model.SeleniumActionRetryController.performAction(SeleniumActionRetryController.java:83)
com.kms.katalon.core.webui.keyword.internal.WebUIKeywordMain$_runKeywordUntilTimeout_closure1.doCall(WebUIKeywordMain.groovy:135)
com.kms.katalon.core.webui.keyword.internal.WebUIKeywordMain$_runKeywordUntilTimeout_closure1.call(WebUIKeywordMain.groovy)
com.kms.katalon.core.webui.keyword.internal.WebUIKeywordMain.runKeyword(WebUIKeywordMain.groovy:41)
com.kms.katalon.core.webui.keyword.internal.WebUIKeywordMain.runKeywordUntilTimeout(WebUIKeywordMain.groovy:133)
com.kms.katalon.core.webui.keyword.builtin.SelectOptionByValueKeyword.selectOptionByValue(SelectOptionByValueKeyword.groovy:79)
com.kms.katalon.core.webui.keyword.builtin.SelectOptionByValueKeyword.execute(SelectOptionByValueKeyword.groovy:44)
com.kms.katalon.core.keyword.internal.KeywordExecutor.executeKeywordForPlatform(KeywordExecutor.groovy:103)
com.kms.katalon.core.webui.keyword.WebUiBuiltInKeywords.selectOptionByValue(WebUiBuiltInKeywords.groovy:1270)
Script178070060401.run(Script178070060401.groovy:26)
</property>
</record>
<record>
  <date>2026-06-07T23:01:04.355399700Z</date>
  <millis>1780873264355</millis>
  <nanos>399700</nanos>
  <sequence>2330</sequence>
  <level>END</level>
  <class>com.kms.katalon.core.logging.XmlKeywordLogger</class>
  <method>endKeyword</method>
  <thread>1</thread>
  <message>End action : return t</message>
  <nestedLevel>1</nestedLevel>
  <escapedJava>false</escapedJava>
</record>
<record>
  <date>2026-06-07T23:01:04.355399700Z</date>
  <millis>1780873264355</millis>
  <nanos>399700</nanos>
  <sequence>2331</sequence>
  <level>START</level>
  <class>com.kms.katalon.core.logging.XmlKeywordLogger</class>
  <method>startKeyword</method>
  <thread>1</thread>
  <message>Start action : click(css(&amp;quot;#paypal&amp;quot;))</message>
  <nestedLevel>1</nestedLevel>
  <escapedJava>false</escapedJava>
  <property name="startLine">27</property>
  <property name="stepIndex">13</property>
</record>
<record>
  <date>2026-06-07T23:01:04.356398900Z</date>
  <millis>1780873264356</millis>
  <nanos>398900</nanos>
  <sequence>2332</sequence>
  <level>END</level>
  <class>com.kms.katalon.core.logging.XmlKeywordLogger</class>
  <method>endKeyword</method>
  <thread>1</thread>
  <message>End action : click(css(&amp;quot;#paypal&amp;quot;))</message>
  <nestedLevel>1</nestedLevel>
  <escapedJava>false</escapedJava>
</record>
<record>
  <date>2026-06-07T23:01:04.356398900Z</date>
  <millis>1780873264356</millis>
  <nanos>398900</nanos>
  <sequence>2333</sequence>
  <level>START</level>
  <class>com.kms.katalon.core.logging.XmlKeywordLogger</class>
  <method>startKeyword</method>
  <thread>1</thread>
  <message>Start action : t = new com.kms.katalon.core.testobject.TestObject(sel)</message>
  <nestedLevel>1</nestedLevel>
  <escapedJava>false</escapedJava>
  <property name="startLine">9</property>
  <property name="stepIndex">1</property>
</record>
<record>
  <date>2026-06-07T23:01:04.356398900Z</date>
  <millis>1780873264356</millis>
  <nanos>398900</nanos>
  <sequence>2334</sequence>
  <level>END</level>
  <class>com.kms.katalon.core.logging.XmlKeywordLogger</class>
  <method>endKeyword</method>
  <thread>1</thread>
  <message>End action : t = new com.kms.katalon.core.testobject.TestObject(sel)</message>
  <nestedLevel>1</nestedLevel>
  <escapedJava>false</escapedJava>
</record>
<record>
  <date>2026-06-07T23:01:04.356398900Z</date>
  <millis>1780873264356</millis>
  <nanos>398900</nanos>
  <sequence>2335</sequence>
  <level>START</level>
  <class>com.kms.katalon.core.logging.XmlKeywordLogger</class>
  <method>startKeyword</method>
  <thread>1</thread>
  <message>Start action : t.addProperty(&amp;quot;css&amp;quot;, EQUALS, sel)</message>
  <nestedLevel>1</nestedLevel>
  <escapedJava>false</escapedJava>
  <property name="startLine">10</property>
  <property name="stepIndex">2</property>
</record>
<record>
  <date>2026-06-07T23:01:04.356398900Z</date>
  <millis>1780873264356</millis>
  <nanos>398900</nanos>
  <sequence>2336</sequence>
  <level>END</level>
  <class>com.kms.katalon.core.logging.XmlKeywordLogger</class>
  <method>endKeyword</method>
  <thread>1</thread>
  <message>End action : t.addProperty(&amp;quot;css&amp;quot;, EQUALS, sel)</message>
  <nestedLevel>1</nestedLevel>
  <escapedJava>false</escapedJava>
</record>
<record>
  <date>2026-06-07T23:01:04.356398900Z</date>
  <millis>1780873264356</millis>
  <nanos>398900</nanos>
  <sequence>2337</sequence>
  <level>START</level>
  <class>com.kms.katalon.core.logging.XmlKeywordLogger</class>
  <method>startKeyword</method>
  <thread>1</thread>
  <message>Start action : return t</message>
  <nestedLevel>1</nestedLevel>
  <escapedJava>false</escapedJava>
  <property name="startLine">11</property>
  <property name="stepIndex">3</property>
</record>
<record>
  <date>2026-06-07T23:01:04.673481700Z</date>
  <millis>1780873264673</millis>
  <nanos>481700</nanos>
  <sequence>2347</sequence>
  <level>PASSED</level>
  <class>com.kms.katalon.core.logging.XmlKeywordLogger</class>
  <method>logMessage</method>
  <thread>1</thread>
  <message>Object: &amp;apos;#paypal&amp;apos; is clicked on</message>
  <nestedLevel>1</nestedLevel>
  <escapedJava>false</escapedJava>
  <property name="testops-method-name">com.kms.katalon.core.webui.keyword.internal.WebUIKeywordMain.runKeywordUntilTimeout</property>
  <property name="testops-execution-stacktrace">com.kms.katalon.core.logging.KeywordLogger.logPassed(KeywordLogger.java:350)
com.kms.katalon.core.logging.KeywordLogger.logPassed(KeywordLogger.java:345)
com.kms.katalon.core.webui.keyword.builtin.ClickKeyword$_click_closure1.doCall(ClickKeyword.groovy:66)
java.base/jdk.internal.reflect.DirectMethodHandleAccessor.invoke(DirectMethodHandleAccessor.java:103)
jdk.proxy2/jdk.proxy2.$Proxy57.execute(Unknown Source)
com.kms.katalon.core.webui.model.SeleniumActionRetryController.performAction(SeleniumActionRetryController.java:96)
com.kms.katalon.core.webui.model.SeleniumActionRetryController.performAction(SeleniumActionRetryController.java:83)
com.kms.katalon.core.webui.keyword.internal.WebUIKeywordMain$_runKeywordUntilTimeout_closure1.doCall(WebUIKeywordMain.groovy:135)
com.kms.katalon.core.webui.keyword.internal.WebUIKeywordMain$_runKeywordUntilTimeout_closure1.call(WebUIKeywordMain.groovy)
com.kms.katalon.core.webui.keyword.internal.WebUIKeywordMain.runKeyword(WebUIKeywordMain.groovy:41)
com.kms.katalon.core.webui.keyword.internal.WebUIKeywordMain.runKeywordUntilTimeout(WebUIKeywordMain.groovy:133)
com.kms.katalon.core.webui.keyword.builtin.ClickKeyword.click(ClickKeyword.groovy:72)
com.kms.katalon.core.webui.keyword.builtin.ClickKeyword.execute(ClickKeyword.groovy:38)
com.kms.katalon.core.keyword.internal.KeywordExecutor.executeKeywordForPlatform(KeywordExecutor.groovy:103)
com.kms.katalon.core.webui.keyword.WebUiBuiltInKeywords.click(WebUiBuiltInKeywords.groovy:722)
Script178070060401.run(Script178070060401.groovy:27)
</property>
</record>
<record>
  <date>2026-06-07T23:01:04.674320100Z</date>
  <millis>1780873264674</millis>
  <nanos>320100</nanos>
  <sequence>2348</sequence>
  <level>END</level>
  <class>com.kms.katalon.core.logging.XmlKeywordLogger</class>
  <method>endKeyword</method>
  <thread>1</thread>
  <message>End action : return t</message>
  <nestedLevel>1</nestedLevel>
  <escapedJava>false</escapedJava>
</record>
<record>
  <date>2026-06-07T23:01:04.674320100Z</date>
  <millis>1780873264674</millis>
  <nanos>320100</nanos>
  <sequence>2349</sequence>
  <level>START</level>
  <class>com.kms.katalon.core.logging.XmlKeywordLogger</class>
  <method>startKeyword</method>
  <thread>1</thread>
  <message>Start action : click(css(&amp;quot;form[action=&amp;apos;Ordine&amp;apos;] .checkout-btn&amp;quot;))</message>
  <nestedLevel>1</nestedLevel>
  <escapedJava>false</escapedJava>
  <property name="startLine">29</property>
  <property name="stepIndex">14</property>
</record>
<record>
  <date>2026-06-07T23:01:04.674320100Z</date>
  <millis>1780873264674</millis>
  <nanos>320100</nanos>
  <sequence>2350</sequence>
  <level>END</level>
  <class>com.kms.katalon.core.logging.XmlKeywordLogger</class>
  <method>endKeyword</method>
  <thread>1</thread>
  <message>End action : click(css(&amp;quot;form[action=&amp;apos;Ordine&amp;apos;] .checkout-btn&amp;quot;))</message>
  <nestedLevel>1</nestedLevel>
  <escapedJava>false</escapedJava>
</record>
<record>
  <date>2026-06-07T23:01:04.674320100Z</date>
  <millis>1780873264674</millis>
  <nanos>320100</nanos>
  <sequence>2351</sequence>
  <level>START</level>
  <class>com.kms.katalon.core.logging.XmlKeywordLogger</class>
  <method>startKeyword</method>
  <thread>1</thread>
  <message>Start action : t = new com.kms.katalon.core.testobject.TestObject(sel)</message>
  <nestedLevel>1</nestedLevel>
  <escapedJava>false</escapedJava>
  <property name="startLine">9</property>
  <property name="stepIndex">1</property>
</record>
<record>
  <date>2026-06-07T23:01:04.674320100Z</date>
  <millis>1780873264674</millis>
  <nanos>320100</nanos>
  <sequence>2352</sequence>
  <level>END</level>
  <class>com.kms.katalon.core.logging.XmlKeywordLogger</class>
  <method>endKeyword</method>
  <thread>1</thread>
  <message>End action : t = new com.kms.katalon.core.testobject.TestObject(sel)</message>
  <nestedLevel>1</nestedLevel>
  <escapedJava>false</escapedJava>
</record>
<record>
  <date>2026-06-07T23:01:04.675483200Z</date>
  <millis>1780873264675</millis>
  <nanos>483200</nanos>
  <sequence>2353</sequence>
  <level>START</level>
  <class>com.kms.katalon.core.logging.XmlKeywordLogger</class>
  <method>startKeyword</method>
  <thread>1</thread>
  <message>Start action : t.addProperty(&amp;quot;css&amp;quot;, EQUALS, sel)</message>
  <nestedLevel>1</nestedLevel>
  <escapedJava>false</escapedJava>
  <property name="startLine">10</property>
  <property name="stepIndex">2</property>
</record>
<record>
  <date>2026-06-07T23:01:04.675483200Z</date>
  <millis>1780873264675</millis>
  <nanos>483200</nanos>
  <sequence>2354</sequence>
  <level>END</level>
  <class>com.kms.katalon.core.logging.XmlKeywordLogger</class>
  <method>endKeyword</method>
  <thread>1</thread>
  <message>End action : t.addProperty(&amp;quot;css&amp;quot;, EQUALS, sel)</message>
  <nestedLevel>1</nestedLevel>
  <escapedJava>false</escapedJava>
</record>
<record>
  <date>2026-06-07T23:01:04.675483200Z</date>
  <millis>1780873264675</millis>
  <nanos>483200</nanos>
  <sequence>2355</sequence>
  <level>START</level>
  <class>com.kms.katalon.core.logging.XmlKeywordLogger</class>
  <method>startKeyword</method>
  <thread>1</thread>
  <message>Start action : return t</message>
  <nestedLevel>1</nestedLevel>
  <escapedJava>false</escapedJava>
  <property name="startLine">11</property>
  <property name="stepIndex">3</property>
</record>
<record>
  <date>2026-06-07T23:01:04.988800Z</date>
  <millis>1780873264988</millis>
  <nanos>800000</nanos>
  <sequence>2365</sequence>
  <level>PASSED</level>
  <class>com.kms.katalon.core.logging.XmlKeywordLogger</class>
  <method>logMessage</method>
  <thread>1</thread>
  <message>Object: &amp;apos;form[action=&amp;apos;Ordine&amp;apos;] .checkout-btn&amp;apos; is clicked on</message>
  <nestedLevel>1</nestedLevel>
  <escapedJava>false</escapedJava>
  <property name="testops-method-name">com.kms.katalon.core.webui.keyword.internal.WebUIKeywordMain.runKeywordUntilTimeout</property>
  <property name="testops-execution-stacktrace">com.kms.katalon.core.logging.KeywordLogger.logPassed(KeywordLogger.java:350)
com.kms.katalon.core.logging.KeywordLogger.logPassed(KeywordLogger.java:345)
com.kms.katalon.core.webui.keyword.builtin.ClickKeyword$_click_closure1.doCall(ClickKeyword.groovy:66)
java.base/jdk.internal.reflect.DirectMethodHandleAccessor.invoke(DirectMethodHandleAccessor.java:103)
jdk.proxy2/jdk.proxy2.$Proxy57.execute(Unknown Source)
com.kms.katalon.core.webui.model.SeleniumActionRetryController.performAction(SeleniumActionRetryController.java:96)
com.kms.katalon.core.webui.model.SeleniumActionRetryController.performAction(SeleniumActionRetryController.java:83)
com.kms.katalon.core.webui.keyword.internal.WebUIKeywordMain$_runKeywordUntilTimeout_closure1.doCall(WebUIKeywordMain.groovy:135)
com.kms.katalon.core.webui.keyword.internal.WebUIKeywordMain$_runKeywordUntilTimeout_closure1.call(WebUIKeywordMain.groovy)
com.kms.katalon.core.webui.keyword.internal.WebUIKeywordMain.runKeyword(WebUIKeywordMain.groovy:41)
com.kms.katalon.core.webui.keyword.internal.WebUIKeywordMain.runKeywordUntilTimeout(WebUIKeywordMain.groovy:133)
com.kms.katalon.core.webui.keyword.builtin.ClickKeyword.click(ClickKeyword.groovy:72)
com.kms.katalon.core.webui.keyword.builtin.ClickKeyword.execute(ClickKeyword.groovy:38)
com.kms.katalon.core.keyword.internal.KeywordExecutor.executeKeywordForPlatform(KeywordExecutor.groovy:103)
com.kms.katalon.core.webui.keyword.WebUiBuiltInKeywords.click(WebUiBuiltInKeywords.groovy:722)
Script178070060401.run(Script178070060401.groovy:29)
</property>
</record>
<record>
  <date>2026-06-07T23:01:04.988800Z</date>
  <millis>1780873264988</millis>
  <nanos>800000</nanos>
  <sequence>2366</sequence>
  <level>END</level>
  <class>com.kms.katalon.core.logging.XmlKeywordLogger</class>
  <method>endKeyword</method>
  <thread>1</thread>
  <message>End action : return t</message>
  <nestedLevel>1</nestedLevel>
  <escapedJava>false</escapedJava>
</record>
<record>
  <date>2026-06-07T23:01:04.988800Z</date>
  <millis>1780873264988</millis>
  <nanos>800000</nanos>
  <sequence>2367</sequence>
  <level>START</level>
  <class>com.kms.katalon.core.logging.XmlKeywordLogger</class>
  <method>startKeyword</method>
  <thread>1</thread>
  <message>Start action : delay(3)</message>
  <nestedLevel>1</nestedLevel>
  <escapedJava>false</escapedJava>
  <property name="startLine">30</property>
  <property name="stepIndex">15</property>
</record>
<record>
  <date>2026-06-07T23:01:08.001489900Z</date>
  <millis>1780873268001</millis>
  <nanos>489900</nanos>
  <sequence>2370</sequence>
  <level>PASSED</level>
  <class>com.kms.katalon.core.logging.XmlKeywordLogger</class>
  <method>logMessage</method>
  <thread>1</thread>
  <message>Delayed 3 second(s)</message>
  <nestedLevel>1</nestedLevel>
  <escapedJava>false</escapedJava>
  <property name="testops-method-name">com.kms.katalon.core.keyword.builtin.DelayKeyword.delay</property>
  <property name="testops-execution-stacktrace"></property>
</record>
<record>
  <date>2026-06-07T23:01:08.002510600Z</date>
  <millis>1780873268002</millis>
  <nanos>510600</nanos>
  <sequence>2371</sequence>
  <level>END</level>
  <class>com.kms.katalon.core.logging.XmlKeywordLogger</class>
  <method>endKeyword</method>
  <thread>1</thread>
  <message>End action : delay(3)</message>
  <nestedLevel>1</nestedLevel>
  <escapedJava>false</escapedJava>
</record>
<record>
  <date>2026-06-07T23:01:08.002510600Z</date>
  <millis>1780873268002</millis>
  <nanos>510600</nanos>
  <sequence>2372</sequence>
  <level>START</level>
  <class>com.kms.katalon.core.logging.XmlKeywordLogger</class>
  <method>startKeyword</method>
  <thread>1</thread>
  <message>Start action : click(css(&amp;quot;form[action=&amp;apos;fattura&amp;apos;] button&amp;quot;))</message>
  <nestedLevel>1</nestedLevel>
  <escapedJava>false</escapedJava>
  <property name="startLine">32</property>
  <property name="stepIndex">16</property>
</record>
<record>
  <date>2026-06-07T23:01:08.002510600Z</date>
  <millis>1780873268002</millis>
  <nanos>510600</nanos>
  <sequence>2373</sequence>
  <level>END</level>
  <class>com.kms.katalon.core.logging.XmlKeywordLogger</class>
  <method>endKeyword</method>
  <thread>1</thread>
  <message>End action : click(css(&amp;quot;form[action=&amp;apos;fattura&amp;apos;] button&amp;quot;))</message>
  <nestedLevel>1</nestedLevel>
  <escapedJava>false</escapedJava>
</record>
<record>
  <date>2026-06-07T23:01:08.002510600Z</date>
  <millis>1780873268002</millis>
  <nanos>510600</nanos>
  <sequence>2374</sequence>
  <level>START</level>
  <class>com.kms.katalon.core.logging.XmlKeywordLogger</class>
  <method>startKeyword</method>
  <thread>1</thread>
  <message>Start action : t = new com.kms.katalon.core.testobject.TestObject(sel)</message>
  <nestedLevel>1</nestedLevel>
  <escapedJava>false</escapedJava>
  <property name="startLine">9</property>
  <property name="stepIndex">1</property>
</record>
<record>
  <date>2026-06-07T23:01:08.002510600Z</date>
  <millis>1780873268002</millis>
  <nanos>510600</nanos>
  <sequence>2375</sequence>
  <level>END</level>
  <class>com.kms.katalon.core.logging.XmlKeywordLogger</class>
  <method>endKeyword</method>
  <thread>1</thread>
  <message>End action : t = new com.kms.katalon.core.testobject.TestObject(sel)</message>
  <nestedLevel>1</nestedLevel>
  <escapedJava>false</escapedJava>
</record>
<record>
  <date>2026-06-07T23:01:08.004024200Z</date>
  <millis>1780873268004</millis>
  <nanos>24200</nanos>
  <sequence>2376</sequence>
  <level>START</level>
  <class>com.kms.katalon.core.logging.XmlKeywordLogger</class>
  <method>startKeyword</method>
  <thread>1</thread>
  <message>Start action : t.addProperty(&amp;quot;css&amp;quot;, EQUALS, sel)</message>
  <nestedLevel>1</nestedLevel>
  <escapedJava>false</escapedJava>
  <property name="startLine">10</property>
  <property name="stepIndex">2</property>
</record>
<record>
  <date>2026-06-07T23:01:08.004024200Z</date>
  <millis>1780873268004</millis>
  <nanos>24200</nanos>
  <sequence>2377</sequence>
  <level>END</level>
  <class>com.kms.katalon.core.logging.XmlKeywordLogger</class>
  <method>endKeyword</method>
  <thread>1</thread>
  <message>End action : t.addProperty(&amp;quot;css&amp;quot;, EQUALS, sel)</message>
  <nestedLevel>1</nestedLevel>
  <escapedJava>false</escapedJava>
</record>
<record>
  <date>2026-06-07T23:01:08.004024200Z</date>
  <millis>1780873268004</millis>
  <nanos>24200</nanos>
  <sequence>2378</sequence>
  <level>START</level>
  <class>com.kms.katalon.core.logging.XmlKeywordLogger</class>
  <method>startKeyword</method>
  <thread>1</thread>
  <message>Start action : return t</message>
  <nestedLevel>1</nestedLevel>
  <escapedJava>false</escapedJava>
  <property name="startLine">11</property>
  <property name="stepIndex">3</property>
</record>
<record>
  <date>2026-06-07T23:01:09.241184200Z</date>
  <millis>1780873269241</millis>
  <nanos>184200</nanos>
  <sequence>2388</sequence>
  <level>PASSED</level>
  <class>com.kms.katalon.core.logging.XmlKeywordLogger</class>
  <method>logMessage</method>
  <thread>1</thread>
  <message>Object: &amp;apos;form[action=&amp;apos;fattura&amp;apos;] button&amp;apos; is clicked on</message>
  <nestedLevel>1</nestedLevel>
  <escapedJava>false</escapedJava>
  <property name="testops-method-name">com.kms.katalon.core.webui.keyword.internal.WebUIKeywordMain.runKeywordUntilTimeout</property>
  <property name="testops-execution-stacktrace">com.kms.katalon.core.logging.KeywordLogger.logPassed(KeywordLogger.java:350)
com.kms.katalon.core.logging.KeywordLogger.logPassed(KeywordLogger.java:345)
com.kms.katalon.core.webui.keyword.builtin.ClickKeyword$_click_closure1.doCall(ClickKeyword.groovy:66)
java.base/jdk.internal.reflect.DirectMethodHandleAccessor.invoke(DirectMethodHandleAccessor.java:103)
jdk.proxy2/jdk.proxy2.$Proxy57.execute(Unknown Source)
com.kms.katalon.core.webui.model.SeleniumActionRetryController.performAction(SeleniumActionRetryController.java:96)
com.kms.katalon.core.webui.model.SeleniumActionRetryController.performAction(SeleniumActionRetryController.java:83)
com.kms.katalon.core.webui.keyword.internal.WebUIKeywordMain$_runKeywordUntilTimeout_closure1.doCall(WebUIKeywordMain.groovy:135)
com.kms.katalon.core.webui.keyword.internal.WebUIKeywordMain$_runKeywordUntilTimeout_closure1.call(WebUIKeywordMain.groovy)
com.kms.katalon.core.webui.keyword.internal.WebUIKeywordMain.runKeyword(WebUIKeywordMain.groovy:41)
com.kms.katalon.core.webui.keyword.internal.WebUIKeywordMain.runKeywordUntilTimeout(WebUIKeywordMain.groovy:133)
com.kms.katalon.core.webui.keyword.builtin.ClickKeyword.click(ClickKeyword.groovy:72)
com.kms.katalon.core.webui.keyword.builtin.ClickKeyword.execute(ClickKeyword.groovy:38)
com.kms.katalon.core.keyword.internal.KeywordExecutor.executeKeywordForPlatform(KeywordExecutor.groovy:103)
com.kms.katalon.core.webui.keyword.WebUiBuiltInKeywords.click(WebUiBuiltInKeywords.groovy:722)
Script178070060401.run(Script178070060401.groovy:32)
</property>
</record>
<record>
  <date>2026-06-07T23:01:09.241724600Z</date>
  <millis>1780873269241</millis>
  <nanos>724600</nanos>
  <sequence>2389</sequence>
  <level>END</level>
  <class>com.kms.katalon.core.logging.XmlKeywordLogger</class>
  <method>endKeyword</method>
  <thread>1</thread>
  <message>End action : return t</message>
  <nestedLevel>1</nestedLevel>
  <escapedJava>false</escapedJava>
</record>
<record>
  <date>2026-06-07T23:01:09.242232100Z</date>
  <millis>1780873269242</millis>
  <nanos>232100</nanos>
  <sequence>2390</sequence>
  <level>START</level>
  <class>com.kms.katalon.core.logging.XmlKeywordLogger</class>
  <method>startKeyword</method>
  <thread>1</thread>
  <message>Start action : delay(3)</message>
  <nestedLevel>1</nestedLevel>
  <escapedJava>false</escapedJava>
  <property name="startLine">33</property>
  <property name="stepIndex">17</property>
</record>
<record>
  <date>2026-06-07T23:01:12.252479600Z</date>
  <millis>1780873272252</millis>
  <nanos>479600</nanos>
  <sequence>2393</sequence>
  <level>PASSED</level>
  <class>com.kms.katalon.core.logging.XmlKeywordLogger</class>
  <method>logMessage</method>
  <thread>1</thread>
  <message>Delayed 3 second(s)</message>
  <nestedLevel>1</nestedLevel>
  <escapedJava>false</escapedJava>
  <property name="testops-method-name">com.kms.katalon.core.keyword.builtin.DelayKeyword.delay</property>
  <property name="testops-execution-stacktrace"></property>
</record>
<record>
  <date>2026-06-07T23:01:12.253491600Z</date>
  <millis>1780873272253</millis>
  <nanos>491600</nanos>
  <sequence>2394</sequence>
  <level>END</level>
  <class>com.kms.katalon.core.logging.XmlKeywordLogger</class>
  <method>endKeyword</method>
  <thread>1</thread>
  <message>End action : delay(3)</message>
  <nestedLevel>1</nestedLevel>
  <escapedJava>false</escapedJava>
</record>
<record>
  <date>2026-06-07T23:01:12.253491600Z</date>
  <millis>1780873272253</millis>
  <nanos>491600</nanos>
  <sequence>2395</sequence>
  <level>START</level>
  <class>com.kms.katalon.core.logging.XmlKeywordLogger</class>
  <method>startKeyword</method>
  <thread>1</thread>
  <message>Start action : takeScreenshot()</message>
  <nestedLevel>1</nestedLevel>
  <escapedJava>false</escapedJava>
  <property name="startLine">34</property>
  <property name="stepIndex">18</property>
</record>
<record>
  <date>2026-06-07T23:01:12.524233300Z</date>
  <millis>1780873272524</millis>
  <nanos>233300</nanos>
  <sequence>2398</sequence>
  <level>PASSED</level>
  <class>com.kms.katalon.core.logging.XmlKeywordLogger</class>
  <method>logMessage</method>
  <thread>1</thread>
  <message>Taking screenshot successfully</message>
  <nestedLevel>1</nestedLevel>
  <escapedJava>false</escapedJava>
  <property name="attachment">1780873272254.png</property>
  <property name="testops-method-name">com.kms.katalon.core.webui.keyword.builtin.TakeScreenshotKeyword.takeScreenshot</property>
  <property name="testops-execution-stacktrace"></property>
</record>
<record>
  <date>2026-06-07T23:01:12.524924Z</date>
  <millis>1780873272524</millis>
  <nanos>924000</nanos>
  <sequence>2399</sequence>
  <level>END</level>
  <class>com.kms.katalon.core.logging.XmlKeywordLogger</class>
  <method>endKeyword</method>
  <thread>1</thread>
  <message>End action : takeScreenshot()</message>
  <nestedLevel>1</nestedLevel>
  <escapedJava>false</escapedJava>
</record>
<record>
  <date>2026-06-07T23:01:12.525429400Z</date>
  <millis>1780873272525</millis>
  <nanos>429400</nanos>
  <sequence>2400</sequence>
  <level>START</level>
  <class>com.kms.katalon.core.logging.XmlKeywordLogger</class>
  <method>startKeyword</method>
  <thread>1</thread>
  <message>Start action : verifyTextNotPresent(&amp;quot;(?i)Si.*verificato un errore&amp;quot;, true, CONTINUE_ON_FAILURE)</message>
  <nestedLevel>1</nestedLevel>
  <escapedJava>false</escapedJava>
  <property name="startLine">39</property>
  <property name="stepIndex">19</property>
</record>
<record>
  <date>2026-06-07T23:01:12.774404600Z</date>
  <millis>1780873272774</millis>
  <nanos>404600</nanos>
  <sequence>2404</sequence>
  <level>PASSED</level>
  <class>com.kms.katalon.core.logging.XmlKeywordLogger</class>
  <method>logMessage</method>
  <thread>1</thread>
  <message>Text &amp;apos;(?i)Si.*verificato un errore&amp;apos; is not present on page using regular expression</message>
  <nestedLevel>1</nestedLevel>
  <escapedJava>false</escapedJava>
  <property name="testops-is-assertion">true</property>
  <property name="testops-method-name">com.kms.katalon.core.webui.keyword.builtin.VerifyTextNotPresentKeyword.verifyTextNotPresent</property>
  <property name="testops-execution-stacktrace"></property>
</record>
<record>
  <date>2026-06-07T23:01:12.775406200Z</date>
  <millis>1780873272775</millis>
  <nanos>406200</nanos>
  <sequence>2405</sequence>
  <level>END</level>
  <class>com.kms.katalon.core.logging.XmlKeywordLogger</class>
  <method>endKeyword</method>
  <thread>1</thread>
  <message>End action : verifyTextNotPresent(&amp;quot;(?i)Si.*verificato un errore&amp;quot;, true, CONTINUE_ON_FAILURE)</message>
  <nestedLevel>1</nestedLevel>
  <escapedJava>false</escapedJava>
</record>
<record>
  <date>2026-06-07T23:01:12.775406200Z</date>
  <millis>1780873272775</millis>
  <nanos>406200</nanos>
  <sequence>2406</sequence>
  <level>START</level>
  <class>com.kms.katalon.core.logging.XmlKeywordLogger</class>
  <method>startKeyword</method>
  <thread>1</thread>
  <message>Start action : closeBrowser()</message>
  <nestedLevel>1</nestedLevel>
  <escapedJava>false</escapedJava>
  <property name="startLine">40</property>
  <property name="stepIndex">20</property>
</record>
<record>
  <date>2026-06-07T23:01:12.921164800Z</date>
  <millis>1780873272921</millis>
  <nanos>164800</nanos>
  <sequence>2409</sequence>
  <level>PASSED</level>
  <class>com.kms.katalon.core.logging.XmlKeywordLogger</class>
  <method>logMessage</method>
  <thread>1</thread>
  <message>Browser is closed</message>
  <nestedLevel>1</nestedLevel>
  <escapedJava>false</escapedJava>
  <property name="testops-method-name">com.kms.katalon.core.webui.keyword.builtin.CloseBrowserKeyword.closeBrowser</property>
  <property name="testops-execution-stacktrace"></property>
</record>
<record>
  <date>2026-06-07T23:01:12.921164800Z</date>
  <millis>1780873272921</millis>
  <nanos>164800</nanos>
  <sequence>2410</sequence>
  <level>END</level>
  <class>com.kms.katalon.core.logging.XmlKeywordLogger</class>
  <method>endKeyword</method>
  <thread>1</thread>
  <message>End action : closeBrowser()</message>
  <nestedLevel>1</nestedLevel>
  <escapedJava>false</escapedJava>
</record>
<record>
  <date>2026-06-07T23:01:12.921164800Z</date>
  <millis>1780873272921</millis>
  <nanos>164800</nanos>
  <sequence>2411</sequence>
  <level>PASSED</level>
  <class>com.kms.katalon.core.logging.XmlKeywordLogger</class>
  <method>logMessage</method>
  <thread>1</thread>
  <message>Test Cases/Ordine/TC_6.4_1</message>
  <nestedLevel>1</nestedLevel>
  <escapedJava>false</escapedJava>
</record>
<record>
  <date>2026-06-07T23:01:12.921164800Z</date>
  <millis>1780873272921</millis>
  <nanos>164800</nanos>
  <sequence>2412</sequence>
  <level>END</level>
  <class>com.kms.katalon.core.logging.XmlKeywordLogger</class>
  <method>endTest</method>
  <thread>1</thread>
  <message>End Test Case : Test Cases/Ordine/TC_6.4_1</message>
  <nestedLevel>0</nestedLevel>
  <escapedJava>false</escapedJava>
  <property name="executionBindingVariables">[]</property>
  <property name="applitools">false</property>
  <property name="executedKeywords">{
  &quot;WebUI.closeBrowser&quot;: 1,
  &quot;WebUI.click&quot;: 4,
  &quot;WebUI.verifyTextNotPresent&quot;: 1,
  &quot;WebUI.takeScreenshot&quot;: 1,
  &quot;WebUI.navigateToUrl&quot;: 3,
  &quot;WebUI.selectOptionByValue&quot;: 2,
  &quot;WebUI.openBrowser&quot;: 1,
  &quot;BuiltIn.delay&quot;: 5,
  &quot;WebUI.setText&quot;: 2
}</property>
  <property name="keywordsUsage">{
  &quot;web_ui&quot;: true,
  &quot;web_service&quot;: false,
  &quot;cucumber&quot;: false,
  &quot;builtin&quot;: true,
  &quot;mobile&quot;: false,
  &quot;windows&quot;: false,
  &quot;testng&quot;: false
}</property>
</record>
<record>
  <date>2026-06-07T23:01:12.945411900Z</date>
  <millis>1780873272945</millis>
  <nanos>411900</nanos>
  <sequence>2413</sequence>
  <level>END</level>
  <class>com.kms.katalon.core.logging.XmlKeywordLogger</class>
  <method>endSuite</method>
  <thread>1</thread>
  <message>End Test Suite : Test Suites/Ordine</message>
  <nestedLevel>0</nestedLevel>
  <escapedJava>false</escapedJava>
</record>
</log>
